,0,1,2,3
0,0.0,0.0,0.0,1.1866057663719811
1,0.0,0.0,0.0,9.492846130975849
2,0.0,0.0,2.7259599714426277,8.306240364603866
3,31.062100965168906,16.85800900854683,29.985559685868903,26.10532686018358
4,176.01857213595713,151.72208107692148,96.77157898621327,79.50258634692273
5,15.531050482584453,50.574027025640504,14.992779842934452,10.679451897347828
6,15.531050482584453,0.0,42.252379557360726,35.59817299115943
7,25.885084137640757,0.0,17.71873981437708,14.23926919646377
8,72.47823558539412,50.574027025640504,68.14899928606569,70.00974021594688
9,31.062100965168906,0.0,27.259599714426276,29.665144159299523
10,0.0,0.0,0.0,2.3732115327439622
11,0.0,0.0,8.177879914327884,9.492846130975849
12,0.0,16.85800900854683,27.259599714426276,22.54550956106764
13,0.0,0.0,1.3629799857213138,0.0
14,196.72663944606975,236.01212611965568,125.39415868636087,83.06240364603867
15,0.0,0.0,1.3629799857213138,1.1866057663719811
16,67.30121875786597,33.71601801709366,36.80045961447547,56.95707678585508
17,0.0,0.0,5.451919942885255,4.7464230654879245
18,0.0,0.0,13.629799857213138,9.492846130975849
19,0.0,0.0,4.088939957163942,1.1866057663719811
20,25.885084137640757,16.85800900854683,28.62257970014759,21.358903794695657
21,20.708067310112604,0.0,16.355759828655767,14.23926919646377
22,25.885084137640757,50.574027025640504,53.15621944313124,33.224961458415464
23,0.0,0.0,0.0,8.306240364603866
24,124.24840386067562,101.14805405128101,122.66819871491823,104.42130744073432
25,0.0,0.0,0.0,1.1866057663719811
26,41.41613462022521,16.85800900854683,27.259599714426276,16.612480729207732
27,0.0,0.0,4.088939957163942,0.0
28,56.94718510280967,67.43203603418732,42.252379557360726,35.59817299115943
29,20.708067310112604,16.85800900854683,16.355759828655767,27.291932626555564
30,0.0,0.0,4.088939957163942,2.3732115327439622
31,98.36331972303488,16.85800900854683,59.97111937173781,100.86149014161838
32,0.0,16.85800900854683,8.177879914327884,24.918721093811598
33,15.531050482584453,16.85800900854683,16.355759828655767,13.05266343009179
34,144.95647117078823,134.86407206837464,100.86051894337723,78.31598058055074
35,0.0,0.0,1.3629799857213138,0.0
36,0.0,16.85800900854683,2.7259599714426277,0.0
37,41.41613462022521,16.85800900854683,16.355759828655767,7.119634598231885
38,5.177016827528151,16.85800900854683,61.33409935745912,56.95707678585508
39,0.0,0.0,2.7259599714426277,8.306240364603866
40,20.708067310112604,67.43203603418732,25.896619728704962,37.971384523903396
41,10.354033655056302,0.0,143.11289850073794,174.43104765668122
42,20.708067310112604,0.0,17.71873981437708,15.425874962835751
43,0.0,16.85800900854683,1.3629799857213138,8.306240364603866
44,0.0,0.0,1.3629799857213138,0.0
45,0.0,0.0,1.3629799857213138,0.0
46,0.0,0.0,1.3629799857213138,3.5598172991159425
47,0.0,16.85800900854683,6.814899928606569,18.985692261951698
48,56.94718510280967,134.86407206837464,125.39415868636087,145.95250926375365
49,0.0,0.0,1.3629799857213138,0.0
50,0.0,0.0,1.3629799857213138,0.0
51,15.531050482584453,16.85800900854683,17.71873981437708,8.306240364603866
52,248.49680772135125,286.5861531452962,147.20183845790189,118.66057663719809
53,0.0,33.71601801709366,5.451919942885255,0.0
54,56.94718510280967,84.29004504273416,50.430259471688615,56.95707678585508
55,0.0,16.85800900854683,4.088939957163942,3.5598172991159425
56,0.0,0.0,1.3629799857213138,4.7464230654879245
57,0.0,0.0,0.0,2.3732115327439622
58,0.0,0.0,1.3629799857213138,2.3732115327439622
59,129.4254206882038,101.14805405128101,53.15621944313124,56.95707678585508
60,10.354033655056302,33.71601801709366,6.814899928606569,4.7464230654879245
61,41.41613462022521,0.0,24.53363974298365,37.971384523903396
62,5.177016827528151,0.0,20.444699785819708,60.51689408497103
63,0.0,16.85800900854683,31.348539671590217,23.73211532743962
64,10.354033655056302,0.0,23.170659757262335,11.86605766371981
65,0.0,0.0,0.0,1.1866057663719811
66,320.97504330674536,236.01212611965568,230.343617586902,243.25418210625608
67,0.0,0.0,0.0,1.1866057663719811
68,5.177016827528151,0.0,5.451919942885255,1.1866057663719811
69,10.354033655056302,0.0,14.992779842934452,40.34459605664735
70,0.0,0.0,6.814899928606569,16.612480729207732
71,15.531050482584453,0.0,10.90383988577051,17.799086495579715
72,5.177016827528151,0.0,35.43747962875416,26.10532686018358
73,0.0,0.0,5.451919942885255,13.05266343009179
74,0.0,0.0,2.7259599714426277,1.1866057663719811
75,0.0,0.0,1.3629799857213138,2.3732115327439622
76,0.0,0.0,34.074499643032844,26.10532686018358
77,5.177016827528151,16.85800900854683,19.081719800098394,13.05266343009179
78,5.177016827528151,0.0,10.90383988577051,5.933028831859905
79,1268.3691227443971,691.1783693504201,2401.570734840955,2376.771350043078
80,5.177016827528151,0.0,0.0,0.0
81,31.062100965168906,16.85800900854683,28.62257970014759,36.784778757531406
82,0.0,0.0,4.088939957163942,5.933028831859905
83,93.18630289550673,84.29004504273416,595.6222537602141,494.81460457711603
84,0.0,0.0,2.7259599714426277,0.0
85,5.177016827528151,0.0,4.088939957163942,1.1866057663719811
86,222.6117235837105,134.86407206837464,65.42303931462307,32.03835569204349
87,5.177016827528151,0.0,8.177879914327884,10.679451897347828
88,20.708067310112604,0.0,6.814899928606569,7.119634598231885
89,10.354033655056302,16.85800900854683,27.259599714426276,26.10532686018358
90,20.708067310112604,50.574027025640504,20.444699785819708,21.358903794695657
91,15.531050482584453,16.85800900854683,29.985559685868903,22.54550956106764
92,155.31050482584453,50.574027025640504,62.697079343180434,68.82313444957491
93,0.0,0.0,1.3629799857213138,1.1866057663719811
94,0.0,0.0,8.177879914327884,7.119634598231885
95,0.0,0.0,0.0,1.1866057663719811
96,46.593151447753364,50.574027025640504,50.430259471688615,53.39725948673914
97,88.00928606797856,0.0,27.259599714426276,27.291932626555564
98,72.47823558539412,50.574027025640504,31.348539671590217,30.851749925671502
99,10.354033655056302,0.0,5.451919942885255,0.0
100,5.177016827528151,0.0,2.7259599714426277,0.0
101,41.41613462022521,33.71601801709366,14.992779842934452,20.172298028323674
102,113.89437020561934,134.86407206837464,95.40859900049196,83.06240364603867
103,129.4254206882038,134.86407206837464,121.30521872919692,148.32572079649762
104,51.77016827528151,16.85800900854683,28.62257970014759,45.09101912213528
105,0.0,0.0,1.3629799857213138,3.5598172991159425
106,186.37260579101346,354.0181891794835,156.74269835795107,156.6319611611015
107,51.77016827528151,33.71601801709366,35.43747962875416,41.53120182301934
108,0.0,16.85800900854683,2.7259599714426277,4.7464230654879245
109,5.177016827528151,0.0,6.814899928606569,20.172298028323674
110,0.0,0.0,35.43747962875416,37.971384523903396
111,98.36331972303488,101.14805405128101,152.65375840078715,163.75159575933338
112,36.23911779269706,33.71601801709366,55.88217941457387,66.44992291683093
113,0.0,0.0,1.3629799857213138,2.3732115327439622
114,15.531050482584453,0.0,1.3629799857213138,13.05266343009179
115,0.0,0.0,0.0,2.3732115327439622
116,0.0,0.0,1.3629799857213138,2.3732115327439622
117,31.062100965168906,16.85800900854683,16.355759828655767,27.291932626555564
118,62.12420193033781,67.43203603418732,69.511979271787,74.7561632814348
119,10.354033655056302,16.85800900854683,5.451919942885255,7.119634598231885
120,25.885084137640757,33.71601801709366,44.97833952880335,37.971384523903396
121,144.95647117078823,101.14805405128101,40.889399571639416,23.73211532743962
122,36.23911779269706,16.85800900854683,20.444699785819708,26.10532686018358
123,10.354033655056302,16.85800900854683,10.90383988577051,5.933028831859905
124,0.0,0.0,1.3629799857213138,3.5598172991159425
125,0.0,0.0,1.3629799857213138,0.0
126,5.177016827528151,50.574027025640504,4.088939957163942,15.425874962835751
127,15.531050482584453,16.85800900854683,14.992779842934452,16.612480729207732
128,5.177016827528151,16.85800900854683,1.3629799857213138,3.5598172991159425
129,5.177016827528151,0.0,2.7259599714426277,10.679451897347828
130,5.177016827528151,0.0,9.540859900049197,10.679451897347828
131,5.177016827528151,33.71601801709366,19.081719800098394,10.679451897347828
132,31.062100965168906,0.0,12.266819871491824,15.425874962835751
133,0.0,16.85800900854683,1.3629799857213138,4.7464230654879245
134,0.0,0.0,1.3629799857213138,4.7464230654879245
135,119.07138703314749,67.43203603418732,28.62257970014759,29.665144159299523
136,20.708067310112604,0.0,12.266819871491824,10.679451897347828
137,10.354033655056302,33.71601801709366,28.62257970014759,39.15799029027537
138,10.354033655056302,0.0,8.177879914327884,4.7464230654879245
139,15.531050482584453,16.85800900854683,25.896619728704962,43.90441335576329
140,5.177016827528151,0.0,19.081719800098394,14.23926919646377
141,5.177016827528151,16.85800900854683,1.3629799857213138,0.0
142,20.708067310112604,33.71601801709366,13.629799857213138,14.23926919646377
143,0.0,0.0,0.0,16.612480729207732
144,0.0,0.0,1.3629799857213138,5.933028831859905
145,0.0,16.85800900854683,9.540859900049197,9.492846130975849
146,5.177016827528151,0.0,9.540859900049197,10.679451897347828
147,0.0,0.0,8.177879914327884,7.119634598231885
148,77.65525241292227,50.574027025640504,55.88217941457387,55.770471019483104
149,36.23911779269706,33.71601801709366,36.80045961447547,36.784778757531406
150,5.177016827528151,16.85800900854683,2.7259599714426277,3.5598172991159425
151,15.531050482584453,16.85800900854683,9.540859900049197,13.05266343009179
152,0.0,0.0,1.3629799857213138,2.3732115327439622
153,51.77016827528151,0.0,34.074499643032844,43.90441335576329
154,5.177016827528151,0.0,5.451919942885255,0.0
155,98.36331972303488,101.14805405128101,62.697079343180434,45.09101912213528
156,5.177016827528151,0.0,10.90383988577051,17.799086495579715
157,62.12420193033781,16.85800900854683,17.71873981437708,8.306240364603866
158,15.531050482584453,0.0,21.80767977154102,17.799086495579715
159,134.60243751573194,67.43203603418732,114.49031880059036,109.16773050622226
160,0.0,0.0,0.0,1.1866057663719811
161,20.708067310112604,0.0,9.540859900049197,11.86605766371981
162,160.48752165337268,16.85800900854683,64.06005932890174,145.95250926375365
163,0.0,0.0,0.0,3.5598172991159425
164,5.177016827528151,50.574027025640504,51.793239457409925,53.39725948673914
165,5.177016827528151,0.0,14.992779842934452,14.23926919646377
166,10.354033655056302,0.0,4.088939957163942,0.0
167,0.0,0.0,35.43747962875416,91.36864401064253
168,0.0,0.0,0.0,1.1866057663719811
169,186.37260579101346,84.29004504273416,132.20905861496746,98.48827860887442
170,62.12420193033781,101.14805405128101,84.50475911472145,70.00974021594688
171,5.177016827528151,0.0,1.3629799857213138,2.3732115327439622
172,5.177016827528151,0.0,0.0,1.1866057663719811
173,72.47823558539412,33.71601801709366,87.23071908616409,94.92846130975848
174,56.94718510280967,0.0,51.793239457409925,60.51689408497103
175,0.0,0.0,2.7259599714426277,4.7464230654879245
176,25.885084137640757,16.85800900854683,76.32687920039358,77.12937481417876
177,0.0,0.0,1.3629799857213138,4.7464230654879245
178,0.0,0.0,1.3629799857213138,2.3732115327439622
179,31.062100965168906,0.0,21.80767977154102,21.358903794695657
180,647.1271034410189,286.5861531452962,175.82441815804947,97.30167284250244
181,36.23911779269706,50.574027025640504,1.3629799857213138,2.3732115327439622
182,5.177016827528151,0.0,2.7259599714426277,1.1866057663719811
183,15.531050482584453,0.0,4.088939957163942,21.358903794695657
184,1972.4434112882257,1736.3749278803236,1166.7108677774445,735.6955751506282
185,20.708067310112604,16.85800900854683,5.451919942885255,9.492846130975849
186,0.0,0.0,5.451919942885255,2.3732115327439622
187,0.0,0.0,1.3629799857213138,0.0
188,0.0,0.0,1.3629799857213138,0.0
189,31.062100965168906,67.43203603418732,24.53363974298365,26.10532686018358
190,191.5496226185416,84.29004504273416,154.01673838650845,188.67031685314498
191,269.20487503146387,236.01212611965568,228.98063760118072,306.14428772397105
192,0.0,0.0,0.0,1.1866057663719811
193,10.354033655056302,0.0,34.074499643032844,36.784778757531406
194,191.5496226185416,236.01212611965568,1376.609785578527,1508.175929058788
195,72.47823558539412,50.574027025640504,58.6081393860165,41.53120182301934
196,41.41613462022521,0.0,19.081719800098394,21.358903794695657
197,10.354033655056302,33.71601801709366,6.814899928606569,0.0
198,0.0,0.0,1.3629799857213138,0.0
199,274.381891858992,134.86407206837464,49.0672794859673,36.784778757531406
200,0.0,0.0,1.3629799857213138,2.3732115327439622
201,0.0,0.0,0.0,4.7464230654879245
202,10.354033655056302,50.574027025640504,164.92057827227896,335.8094318832706
203,5.177016827528151,0.0,1.3629799857213138,2.3732115327439622
204,10.354033655056302,33.71601801709366,16.355759828655767,20.172298028323674
205,25.885084137640757,67.43203603418732,29.985559685868903,46.277624888507255
206,36.23911779269706,16.85800900854683,27.259599714426276,32.03835569204349
207,5.177016827528151,0.0,4.088939957163942,7.119634598231885
208,20.708067310112604,33.71601801709366,27.259599714426276,29.665144159299523
209,300.26697599663277,286.5861531452962,234.432557544066,252.74702823723194
210,5.177016827528151,0.0,8.177879914327884,23.73211532743962
211,36.23911779269706,33.71601801709366,31.348539671590217,37.971384523903396
212,5.177016827528151,16.85800900854683,0.0,0.0
213,36.23911779269706,33.71601801709366,27.259599714426276,20.172298028323674
214,15.531050482584453,67.43203603418732,8.177879914327884,16.612480729207732
215,56.94718510280967,84.29004504273416,40.889399571639416,33.224961458415464
216,10.354033655056302,0.0,17.71873981437708,11.86605766371981
217,10.354033655056302,16.85800900854683,1.3629799857213138,0.0
218,5.177016827528151,0.0,4.088939957163942,0.0
219,0.0,0.0,0.0,1.1866057663719811
220,0.0,0.0,1.3629799857213138,1.1866057663719811
221,0.0,0.0,1.3629799857213138,1.1866057663719811
222,357.21416109944244,202.29610810256202,250.78831737272174,280.0389608637875
223,15.531050482584453,0.0,17.71873981437708,11.86605766371981
224,0.0,0.0,4.088939957163942,3.5598172991159425
225,5.177016827528151,0.0,0.0,3.5598172991159425
226,0.0,0.0,1.3629799857213138,3.5598172991159425
227,5.177016827528151,0.0,8.177879914327884,14.23926919646377
228,5.177016827528151,0.0,1.3629799857213138,1.1866057663719811
229,0.0,0.0,4.088939957163942,4.7464230654879245
230,0.0,0.0,1.3629799857213138,1.1866057663719811
231,5.177016827528151,16.85800900854683,10.90383988577051,7.119634598231885
232,0.0,0.0,1.3629799857213138,0.0
233,10.354033655056302,50.574027025640504,5.451919942885255,4.7464230654879245
234,10.354033655056302,33.71601801709366,6.814899928606569,7.119634598231885
235,5.177016827528151,0.0,1.3629799857213138,10.679451897347828
236,0.0,0.0,1.3629799857213138,3.5598172991159425
237,20.708067310112604,16.85800900854683,5.451919942885255,3.5598172991159425
238,5.177016827528151,0.0,21.80767977154102,30.851749925671502
239,5.177016827528151,16.85800900854683,8.177879914327884,7.119634598231885
240,0.0,16.85800900854683,8.177879914327884,5.933028831859905
241,0.0,0.0,1.3629799857213138,4.7464230654879245
242,15.531050482584453,0.0,5.451919942885255,5.933028831859905
243,20.708067310112604,16.85800900854683,34.074499643032844,14.23926919646377
244,5.177016827528151,0.0,16.355759828655767,15.425874962835751
245,62.12420193033781,0.0,28.62257970014759,21.358903794695657
246,201.9036562735979,67.43203603418732,215.35083774396756,185.11049955402902
247,0.0,0.0,1.3629799857213138,2.3732115327439622
248,0.0,0.0,2.7259599714426277,7.119634598231885
249,10.354033655056302,16.85800900854683,42.252379557360726,36.784778757531406
250,10.354033655056302,0.0,13.629799857213138,3.5598172991159425
251,5.177016827528151,0.0,1.3629799857213138,0.0
252,5.177016827528151,16.85800900854683,9.540859900049197,5.933028831859905
253,196.72663944606975,236.01212611965568,268.50705718709884,175.61765342305316
254,150.13348799831638,101.14805405128101,200.35805790103313,220.70867254518845
255,77.65525241292227,16.85800900854683,104.94945890054116,134.08645160003385
256,15.531050482584453,0.0,13.629799857213138,10.679451897347828
257,10.354033655056302,0.0,9.540859900049197,13.05266343009179
258,5.177016827528151,0.0,0.0,0.0
259,0.0,0.0,4.088939957163942,4.7464230654879245
260,528.0557164078714,337.16018017093666,1127.1844481915264,1281.5342276817394
261,25.885084137640757,0.0,9.540859900049197,13.05266343009179
262,25.885084137640757,33.71601801709366,12.266819871491824,17.799086495579715
263,5.177016827528151,0.0,4.088939957163942,10.679451897347828
264,0.0,0.0,0.0,4.7464230654879245
265,5.177016827528151,0.0,0.0,0.0
266,25.885084137640757,0.0,5.451919942885255,11.86605766371981
267,0.0,0.0,4.088939957163942,2.3732115327439622
268,5.177016827528151,0.0,0.0,0.0
269,0.0,0.0,9.540859900049197,3.5598172991159425
270,0.0,0.0,2.7259599714426277,1.1866057663719811
271,0.0,0.0,1.3629799857213138,1.1866057663719811
272,0.0,0.0,10.90383988577051,10.679451897347828
273,5.177016827528151,16.85800900854683,2.7259599714426277,8.306240364603866
274,5.177016827528151,0.0,1.3629799857213138,4.7464230654879245
275,0.0,0.0,0.0,2.3732115327439622
276,62.12420193033781,101.14805405128101,43.61535954308204,58.14368255222707
277,0.0,0.0,8.177879914327884,1.1866057663719811
278,0.0,0.0,1.3629799857213138,1.1866057663719811
279,5.177016827528151,0.0,1.3629799857213138,0.0
280,0.0,0.0,1.3629799857213138,1.1866057663719811
281,0.0,0.0,4.088939957163942,1.1866057663719811
282,20.708067310112604,33.71601801709366,9.540859900049197,8.306240364603866
283,15.531050482584453,0.0,16.355759828655767,13.05266343009179
284,20.708067310112604,67.43203603418732,51.793239457409925,51.024047953995186
285,77.65525241292227,33.71601801709366,58.6081393860165,78.31598058055074
286,5.177016827528151,0.0,2.7259599714426277,14.23926919646377
287,25.885084137640757,0.0,16.355759828655767,42.71780758939131
288,0.0,0.0,6.814899928606569,8.306240364603866
289,25.885084137640757,0.0,27.259599714426276,23.73211532743962
290,20.708067310112604,0.0,24.53363974298365,22.54550956106764
291,0.0,0.0,17.71873981437708,20.172298028323674
292,5.177016827528151,101.14805405128101,21.80767977154102,29.665144159299523
293,5.177016827528151,50.574027025640504,129.4830986435248,115.10075933808216
294,15.531050482584453,16.85800900854683,10.90383988577051,13.05266343009179
295,0.0,33.71601801709366,4.088939957163942,8.306240364603866
296,41.41613462022521,0.0,31.348539671590217,34.411567224787454
297,5.177016827528151,0.0,29.985559685868903,27.291932626555564
298,0.0,16.85800900854683,2.7259599714426277,7.119634598231885
299,88.00928606797856,16.85800900854683,64.06005932890174,37.971384523903396
300,1138.9437020561932,606.8883243076859,2024.0252787961508,2132.33056217045
301,31.062100965168906,0.0,5.451919942885255,15.425874962835751
302,0.0,0.0,4.088939957163942,15.425874962835751
303,15.531050482584453,16.85800900854683,14.992779842934452,22.54550956106764
304,0.0,0.0,1.3629799857213138,3.5598172991159425
305,25.885084137640757,16.85800900854683,23.170659757262335,20.172298028323674
306,77.65525241292227,33.71601801709366,46.34131951452467,58.14368255222707
307,15.531050482584453,118.00606305982784,72.23793924322963,84.24900941241064
308,0.0,0.0,0.0,1.1866057663719811
309,5.177016827528151,0.0,0.0,0.0
310,0.0,0.0,5.451919942885255,11.86605766371981
311,0.0,0.0,5.451919942885255,7.119634598231885
312,0.0,0.0,1.3629799857213138,0.0
313,0.0,0.0,13.629799857213138,10.679451897347828
314,25.885084137640757,84.29004504273416,55.88217941457387,43.90441335576329
315,0.0,0.0,154.01673838650845,280.0389608637875
316,0.0,0.0,38.16343960019679,17.799086495579715
317,0.0,0.0,2.7259599714426277,2.3732115327439622
318,0.0,0.0,12.266819871491824,13.05266343009179
319,0.0,0.0,10.90383988577051,8.306240364603866
320,15.531050482584453,33.71601801709366,36.80045961447547,34.411567224787454
321,310.62100965168906,539.4562882734986,312.1224167301809,225.45509561067638
322,0.0,0.0,0.0,1.1866057663719811
323,0.0,0.0,1.3629799857213138,7.119634598231885
324,0.0,0.0,1.3629799857213138,1.1866057663719811
325,0.0,0.0,1.3629799857213138,0.0
326,10.354033655056302,33.71601801709366,4.088939957163942,0.0
327,5.177016827528151,50.574027025640504,114.49031880059036,73.56955751506281
328,5.177016827528151,16.85800900854683,17.71873981437708,22.54550956106764
329,88.00928606797856,50.574027025640504,167.64653824372158,142.39269196463772
330,0.0,16.85800900854683,2.7259599714426277,5.933028831859905
331,5.177016827528151,0.0,25.896619728704962,17.799086495579715
332,191.5496226185416,118.00606305982784,152.65375840078715,144.7659034973817
333,5.177016827528151,16.85800900854683,53.15621944313124,83.06240364603867
334,15.531050482584453,0.0,9.540859900049197,10.679451897347828
335,0.0,0.0,29.985559685868903,27.291932626555564
336,0.0,0.0,12.266819871491824,9.492846130975849
337,25.885084137640757,16.85800900854683,16.355759828655767,24.918721093811598
338,0.0,0.0,0.0,7.119634598231885
339,25.885084137640757,16.85800900854683,14.992779842934452,21.358903794695657
340,46.593151447753364,50.574027025640504,68.14899928606569,48.65083642125122
341,20.708067310112604,0.0,28.62257970014759,24.918721093811598
342,113.89437020561934,50.574027025640504,143.11289850073794,100.86149014161838
343,119.07138703314749,67.43203603418732,46.34131951452467,68.82313444957491
344,41.41613462022521,16.85800900854683,24.53363974298365,26.10532686018358
345,165.66453848090083,101.14805405128101,178.55037812949212,188.67031685314498
346,31.062100965168906,16.85800900854683,34.074499643032844,11.86605766371981
347,93.18630289550673,16.85800900854683,25.896619728704962,26.10532686018358
348,93.18630289550673,101.14805405128101,62.697079343180434,79.50258634692273
349,10.354033655056302,0.0,9.540859900049197,3.5598172991159425
350,243.31979089382313,84.29004504273416,61.33409935745912,29.665144159299523
351,181.1955889634853,185.43809909401514,54.51919942885255,16.612480729207732
352,761.0214736466382,505.740270256405,399.35313581634495,271.73272049918364
353,5.177016827528151,0.0,1.3629799857213138,8.306240364603866
354,62.12420193033781,101.14805405128101,54.51919942885255,39.15799029027537
355,0.0,0.0,0.0,2.3732115327439622
356,0.0,16.85800900854683,6.814899928606569,9.492846130975849
357,10.354033655056302,0.0,4.088939957163942,2.3732115327439622
358,0.0,33.71601801709366,5.451919942885255,9.492846130975849
359,77.65525241292227,33.71601801709366,32.711519657311534,30.851749925671502
360,46.593151447753364,67.43203603418732,35.43747962875416,33.224961458415464
361,31.062100965168906,16.85800900854683,28.62257970014759,36.784778757531406
362,51.77016827528151,0.0,31.348539671590217,15.425874962835751
363,10.354033655056302,0.0,1.3629799857213138,7.119634598231885
364,10.354033655056302,0.0,8.177879914327884,2.3732115327439622
365,20.708067310112604,50.574027025640504,13.629799857213138,13.05266343009179
366,253.67382454887942,151.72208107692148,249.42533738700038,306.14428772397105
367,20.708067310112604,0.0,4.088939957163942,1.1866057663719811
368,134.60243751573194,33.71601801709366,27.259599714426276,20.172298028323674
369,25.885084137640757,16.85800900854683,9.540859900049197,2.3732115327439622
370,10.354033655056302,0.0,1.3629799857213138,1.1866057663719811
371,0.0,0.0,1.3629799857213138,1.1866057663719811
372,20.708067310112604,33.71601801709366,95.40859900049196,85.43561517878263
373,0.0,0.0,9.540859900049197,9.492846130975849
374,0.0,0.0,8.177879914327884,3.5598172991159425
375,20.708067310112604,0.0,43.61535954308204,48.65083642125122
376,5.177016827528151,0.0,16.355759828655767,8.306240364603866
377,5.177016827528151,16.85800900854683,6.814899928606569,11.86605766371981
378,20.708067310112604,16.85800900854683,12.266819871491824,15.425874962835751
379,20.708067310112604,33.71601801709366,21.80767977154102,9.492846130975849
380,0.0,0.0,1.3629799857213138,1.1866057663719811
381,67.30121875786597,16.85800900854683,43.61535954308204,58.14368255222707
382,41.41613462022521,118.00606305982784,61.33409935745912,43.90441335576329
383,0.0,0.0,1.3629799857213138,0.0
384,41.41613462022521,33.71601801709366,19.081719800098394,28.47853839292754
385,31.062100965168906,16.85800900854683,16.355759828655767,27.291932626555564
386,5.177016827528151,0.0,0.0,0.0
387,46.593151447753364,16.85800900854683,13.629799857213138,14.23926919646377
388,0.0,16.85800900854683,13.629799857213138,21.358903794695657
389,191.5496226185416,151.72208107692148,184.00229807237736,145.95250926375365
390,0.0,0.0,21.80767977154102,36.784778757531406
391,0.0,0.0,81.77879914327883,80.6891921132947
392,2883.59837293318,5158.550756615331,49776.02907854238,69987.19470638581
393,72.47823558539412,134.86407206837464,44.97833952880335,59.330288318599045
394,88.00928606797856,33.71601801709366,49.0672794859673,37.971384523903396
395,25.885084137640757,0.0,20.444699785819708,16.612480729207732
396,5.177016827528151,16.85800900854683,9.540859900049197,14.23926919646377
397,0.0,0.0,0.0,2.3732115327439622
398,5.177016827528151,0.0,4.088939957163942,4.7464230654879245
399,0.0,0.0,0.0,2.3732115327439622
400,82.83226924045042,118.00606305982784,61.33409935745912,46.277624888507255
401,5.177016827528151,0.0,10.90383988577051,3.5598172991159425
402,0.0,0.0,6.814899928606569,3.5598172991159425
403,10.354033655056302,16.85800900854683,21.80767977154102,32.03835569204349
404,0.0,0.0,4.088939957163942,5.933028831859905
405,0.0,16.85800900854683,12.266819871491824,16.612480729207732
406,0.0,0.0,1.3629799857213138,2.3732115327439622
407,10.354033655056302,16.85800900854683,13.629799857213138,16.612480729207732
408,10.354033655056302,16.85800900854683,4.088939957163942,4.7464230654879245
409,0.0,0.0,0.0,3.5598172991159425
410,0.0,0.0,2.7259599714426277,2.3732115327439622
411,0.0,0.0,28.62257970014759,34.411567224787454
412,31.062100965168906,33.71601801709366,39.5264195859181,35.59817299115943
413,0.0,0.0,1.3629799857213138,1.1866057663719811
414,0.0,0.0,23.170659757262335,33.224961458415464
415,5.177016827528151,0.0,2.7259599714426277,4.7464230654879245
416,56.94718510280967,0.0,10.90383988577051,16.612480729207732
417,0.0,16.85800900854683,17.71873981437708,8.306240364603866
418,56.94718510280967,16.85800900854683,36.80045961447547,48.65083642125122
419,0.0,0.0,4.088939957163942,0.0
420,41.41613462022521,33.71601801709366,38.16343960019679,43.90441335576329
421,0.0,0.0,2.7259599714426277,1.1866057663719811
422,0.0,0.0,1.3629799857213138,1.1866057663719811
423,5.177016827528151,0.0,10.90383988577051,3.5598172991159425
424,51.77016827528151,67.43203603418732,55.88217941457387,85.43561517878263
425,398.63029571966763,168.58009008546833,264.4181172299349,263.4264801345798
426,25.885084137640757,50.574027025640504,59.97111937173781,47.46423065487924
427,62.12420193033781,33.71601801709366,28.62257970014759,37.971384523903396
428,10.354033655056302,0.0,10.90383988577051,16.612480729207732
429,0.0,0.0,2.7259599714426277,0.0
430,0.0,0.0,2.7259599714426277,1.1866057663719811
431,5.177016827528151,0.0,21.80767977154102,15.425874962835751
432,46.593151447753364,16.85800900854683,68.14899928606569,68.82313444957491
433,5.177016827528151,0.0,27.259599714426276,37.971384523903396
434,67.30121875786597,134.86407206837464,80.41581915755751,102.04809590799037
435,5.177016827528151,0.0,10.90383988577051,18.985692261951698
436,5.177016827528151,0.0,4.088939957163942,5.933028831859905
437,0.0,0.0,42.252379557360726,39.15799029027537
438,56.94718510280967,50.574027025640504,31.348539671590217,11.86605766371981
439,0.0,0.0,17.71873981437708,5.933028831859905
440,5.177016827528151,16.85800900854683,8.177879914327884,1.1866057663719811
441,15.531050482584453,0.0,21.80767977154102,33.224961458415464
442,170.84155530842898,151.72208107692148,76.32687920039358,77.12937481417876
443,67.30121875786597,67.43203603418732,51.793239457409925,43.90441335576329
444,5.177016827528151,0.0,0.0,3.5598172991159425
445,20.708067310112604,0.0,4.088939957163942,14.23926919646377
446,10.354033655056302,33.71601801709366,70.87495925750832,36.784778757531406
447,46.593151447753364,67.43203603418732,38.16343960019679,51.024047953995186
448,93.18630289550673,33.71601801709366,99.4975389576559,90.18203824427056
449,0.0,0.0,1.3629799857213138,1.1866057663719811
450,0.0,0.0,6.814899928606569,2.3732115327439622
451,15.531050482584453,0.0,21.80767977154102,18.985692261951698
452,0.0,0.0,1.3629799857213138,1.1866057663719811
453,103.54033655056303,67.43203603418732,72.23793924322963,81.87579787966669
454,150.13348799831638,50.574027025640504,66.78601930034436,81.87579787966669
455,10.354033655056302,0.0,2.7259599714426277,3.5598172991159425
456,0.0,16.85800900854683,25.896619728704962,23.73211532743962
457,5.177016827528151,0.0,9.540859900049197,9.492846130975849
458,0.0,0.0,13.629799857213138,8.306240364603866
459,36.23911779269706,50.574027025640504,27.259599714426276,33.224961458415464
460,5.177016827528151,16.85800900854683,13.629799857213138,11.86605766371981
461,15.531050482584453,33.71601801709366,21.80767977154102,51.024047953995186
462,10.354033655056302,0.0,16.355759828655767,22.54550956106764
463,5.177016827528151,33.71601801709366,5.451919942885255,16.612480729207732
464,5.177016827528151,16.85800900854683,28.62257970014759,46.277624888507255
465,10.354033655056302,0.0,9.540859900049197,4.7464230654879245
466,20.708067310112604,0.0,24.53363974298365,22.54550956106764
467,10.354033655056302,0.0,2.7259599714426277,5.933028831859905
468,77.65525241292227,84.29004504273416,733.2832323180669,911.3132285736813
469,0.0,0.0,10.90383988577051,15.425874962835751
470,41.41613462022521,16.85800900854683,40.889399571639416,61.703499851343004
471,0.0,16.85800900854683,5.451919942885255,18.985692261951698
472,15.531050482584453,16.85800900854683,5.451919942885255,9.492846130975849
473,5.177016827528151,0.0,4.088939957163942,2.3732115327439622
474,0.0,0.0,8.177879914327884,4.7464230654879245
475,0.0,0.0,2.7259599714426277,1.1866057663719811
476,5.177016827528151,0.0,0.0,0.0
477,0.0,0.0,1.3629799857213138,1.1866057663719811
478,0.0,0.0,5.451919942885255,0.0
479,0.0,0.0,1.3629799857213138,0.0
480,5.177016827528151,0.0,2.7259599714426277,3.5598172991159425
481,93.18630289550673,0.0,85.86773910044276,72.38295174869084
482,5.177016827528151,16.85800900854683,4.088939957163942,4.7464230654879245
483,41.41613462022521,67.43203603418732,69.511979271787,90.18203824427056
484,10.354033655056302,0.0,12.266819871491824,15.425874962835751
485,10.354033655056302,0.0,23.170659757262335,22.54550956106764
486,0.0,0.0,1.3629799857213138,0.0
487,0.0,0.0,4.088939957163942,2.3732115327439622
488,15.531050482584453,33.71601801709366,91.31965904332802,97.30167284250244
489,20.708067310112604,16.85800900854683,100.86051894337723,78.31598058055074
490,67.30121875786597,118.00606305982784,91.31965904332802,74.7561632814348
491,98.36331972303488,33.71601801709366,89.9566790576067,62.89010561771499
492,5.177016827528151,0.0,19.081719800098394,27.291932626555564
493,5.177016827528151,16.85800900854683,4.088939957163942,8.306240364603866
494,1428.8566443977697,741.7523963760606,2438.37119445543,2335.2401482200585
495,77.65525241292227,84.29004504273416,91.31965904332802,91.36864401064253
496,67.30121875786597,67.43203603418732,53.15621944313124,43.90441335576329
497,10.354033655056302,0.0,2.7259599714426277,16.612480729207732
498,10.354033655056302,0.0,13.629799857213138,10.679451897347828
499,0.0,0.0,1.3629799857213138,0.0
500,5.177016827528151,16.85800900854683,4.088939957163942,3.5598172991159425
501,0.0,0.0,0.0,1.1866057663719811
502,51.77016827528151,33.71601801709366,57.24515940029518,73.56955751506281
503,0.0,0.0,1.3629799857213138,7.119634598231885
504,31.062100965168906,0.0,21.80767977154102,47.46423065487924
505,1258.0150890893408,1062.0545675384506,725.1053524037388,1151.0075933808216
506,0.0,0.0,2.7259599714426277,3.5598172991159425
507,320.97504330674536,151.72208107692148,216.71381772968888,206.46940334872468
508,248.49680772135125,84.29004504273416,238.5214975012299,161.3783842265894
509,0.0,0.0,1.3629799857213138,1.1866057663719811
510,134.60243751573194,134.86407206837464,143.11289850073794,130.5266343009179
511,15.531050482584453,16.85800900854683,10.90383988577051,5.933028831859905
512,15.531050482584453,50.574027025640504,68.14899928606569,70.00974021594688
513,2127.75391611407,724.8943873675138,483.8578949310664,210.02922064784065
514,5.177016827528151,0.0,2.7259599714426277,10.679451897347828
515,0.0,16.85800900854683,17.71873981437708,9.492846130975849
516,0.0,16.85800900854683,14.992779842934452,16.612480729207732
517,20.708067310112604,0.0,2.7259599714426277,4.7464230654879245
518,0.0,0.0,4.088939957163942,1.1866057663719811
519,191.5496226185416,134.86407206837464,200.35805790103313,226.64170137704838
520,0.0,0.0,29.985559685868903,33.224961458415464
521,0.0,0.0,0.0,1.1866057663719811
522,15.531050482584453,50.574027025640504,14.992779842934452,27.291932626555564
523,0.0,0.0,8.177879914327884,2.3732115327439622
524,144.95647117078823,84.29004504273416,129.4830986435248,121.03378816994206
525,0.0,0.0,0.0,1.1866057663719811
526,0.0,0.0,1.3629799857213138,3.5598172991159425
527,0.0,0.0,0.0,3.5598172991159425
528,51.77016827528151,0.0,36.80045961447547,29.665144159299523
529,10.354033655056302,16.85800900854683,14.992779842934452,20.172298028323674
530,0.0,0.0,0.0,1.1866057663719811
531,0.0,0.0,1.3629799857213138,1.1866057663719811
532,5.177016827528151,0.0,1.3629799857213138,2.3732115327439622
533,0.0,0.0,0.0,1.1866057663719811
534,0.0,0.0,10.90383988577051,7.119634598231885
535,207.08067310112605,421.4502252136708,2043.1069985962495,2185.727821657189
536,0.0,0.0,27.259599714426276,28.47853839292754
537,0.0,0.0,1.3629799857213138,2.3732115327439622
538,4053.6041759545424,1281.2086846495592,1458.3885847218055,1077.4380358657588
539,0.0,0.0,6.814899928606569,9.492846130975849
540,5.177016827528151,0.0,6.814899928606569,10.679451897347828
541,10.354033655056302,50.574027025640504,20.444699785819708,29.665144159299523
542,46.593151447753364,0.0,21.80767977154102,20.172298028323674
543,326.15206013427354,118.00606305982784,177.1873981437708,193.41673991863289
544,124.24840386067562,50.574027025640504,51.793239457409925,51.024047953995186
545,15.531050482584453,33.71601801709366,23.170659757262335,26.10532686018358
546,533.2327332353996,472.02425223931135,562.9107341029027,628.9010561771499
547,160.48752165337268,50.574027025640504,114.49031880059036,98.48827860887442
548,15.531050482584453,0.0,8.177879914327884,9.492846130975849
549,67.30121875786597,0.0,88.5936990718854,102.04809590799037
550,0.0,0.0,0.0,1.1866057663719811
551,0.0,0.0,4.088939957163942,14.23926919646377
552,0.0,0.0,0.0,1.1866057663719811
553,0.0,0.0,29.985559685868903,9.492846130975849
554,0.0,0.0,0.0,1.1866057663719811
555,2453.9059762483434,1028.3385495213568,1078.1171687055592,1022.8541706126476
556,0.0,0.0,1.3629799857213138,1.1866057663719811
557,67.30121875786597,67.43203603418732,169.0095182294429,172.05783612393725
558,10.354033655056302,16.85800900854683,16.355759828655767,4.7464230654879245
559,31.062100965168906,33.71601801709366,284.86281701575456,269.3595089664397
560,67.30121875786597,84.29004504273416,9.540859900049197,34.411567224787454
561,67.30121875786597,0.0,246.69937741555782,215.96224947970055
562,181.1955889634853,118.00606305982784,113.12733881486903,67.63652868320291
563,0.0,0.0,5.451919942885255,2.3732115327439622
564,0.0,16.85800900854683,1.3629799857213138,2.3732115327439622
565,108.71735337809118,84.29004504273416,104.94945890054116,49.837442187623196
566,41.41613462022521,50.574027025640504,29.985559685868903,47.46423065487924
567,15.531050482584453,16.85800900854683,40.889399571639416,41.53120182301934
568,88.00928606797856,33.71601801709366,64.06005932890174,66.44992291683093
569,20.708067310112604,0.0,21.80767977154102,17.799086495579715
570,243.31979089382313,236.01212611965568,261.6921572584923,249.18721093811598
571,62.12420193033781,16.85800900854683,27.259599714426276,35.59817299115943
572,51.77016827528151,84.29004504273416,107.67541887198378,81.87579787966669
573,10.354033655056302,0.0,12.266819871491824,7.119634598231885
574,51.77016827528151,16.85800900854683,9.540859900049197,2.3732115327439622
575,72.47823558539412,118.00606305982784,271.23301715854143,275.29253779829963
576,10.354033655056302,50.574027025640504,20.444699785819708,7.119634598231885
577,98.36331972303488,0.0,62.697079343180434,48.65083642125122
578,5.177016827528151,33.71601801709366,9.540859900049197,1.1866057663719811
579,0.0,0.0,0.0,2.3732115327439622
580,41.41613462022521,101.14805405128101,77.68985918611489,93.74185554338649
581,10.354033655056302,16.85800900854683,107.67541887198378,162.5649899929614
582,5.177016827528151,16.85800900854683,6.814899928606569,2.3732115327439622
583,20.708067310112604,16.85800900854683,20.444699785819708,13.05266343009179
584,15.531050482584453,16.85800900854683,13.629799857213138,10.679451897347828
585,36.23911779269706,33.71601801709366,58.6081393860165,39.15799029027537
586,36.23911779269706,0.0,16.355759828655767,13.05266343009179
587,5.177016827528151,16.85800900854683,4.088939957163942,2.3732115327439622
588,5.177016827528151,33.71601801709366,14.992779842934452,13.05266343009179
589,0.0,0.0,1.3629799857213138,3.5598172991159425
590,15.531050482584453,33.71601801709366,34.074499643032844,23.73211532743962
591,0.0,0.0,1.3629799857213138,0.0
592,0.0,67.43203603418732,32.711519657311534,24.918721093811598
593,0.0,0.0,5.451919942885255,4.7464230654879245
594,0.0,0.0,0.0,1.1866057663719811
595,10.354033655056302,16.85800900854683,31.348539671590217,16.612480729207732
596,20.708067310112604,0.0,28.62257970014759,11.86605766371981
597,20.708067310112604,16.85800900854683,35.43747962875416,15.425874962835751
598,5.177016827528151,0.0,2.7259599714426277,3.5598172991159425
599,31.062100965168906,33.71601801709366,31.348539671590217,51.024047953995186
600,31.062100965168906,33.71601801709366,21.80767977154102,22.54550956106764
601,67.30121875786597,16.85800900854683,38.16343960019679,33.224961458415464
602,5.177016827528151,0.0,0.0,0.0
603,10.354033655056302,0.0,0.0,3.5598172991159425
604,0.0,0.0,0.0,1.1866057663719811
605,5.177016827528151,16.85800900854683,2.7259599714426277,10.679451897347828
606,0.0,0.0,2.7259599714426277,4.7464230654879245
607,0.0,0.0,1.3629799857213138,1.1866057663719811
608,15.531050482584453,0.0,14.992779842934452,11.86605766371981
609,20.708067310112604,67.43203603418732,154.01673838650845,143.5792977310097
610,0.0,16.85800900854683,1.3629799857213138,3.5598172991159425
611,5.177016827528151,0.0,16.355759828655767,33.224961458415464
612,62.12420193033781,50.574027025640504,100.86051894337723,98.48827860887442
613,0.0,0.0,16.355759828655767,3.5598172991159425
614,0.0,0.0,23.170659757262335,21.358903794695657
615,15.531050482584453,16.85800900854683,20.444699785819708,17.799086495579715
616,0.0,0.0,9.540859900049197,9.492846130975849
617,0.0,0.0,1.3629799857213138,8.306240364603866
618,5.177016827528151,0.0,0.0,2.3732115327439622
619,0.0,0.0,1.3629799857213138,3.5598172991159425
620,0.0,0.0,9.540859900049197,13.05266343009179
621,1791.2478223247404,488.88226124785814,789.1654117326407,269.3595089664397
622,10.354033655056302,33.71601801709366,13.629799857213138,22.54550956106764
623,0.0,0.0,0.0,1.1866057663719811
624,10.354033655056302,0.0,6.814899928606569,3.5598172991159425
625,160.48752165337268,33.71601801709366,29.985559685868903,14.23926919646377
626,5.177016827528151,0.0,6.814899928606569,1.1866057663719811
627,165.66453848090083,101.14805405128101,126.75713867208219,111.54094203896621
628,0.0,0.0,5.451919942885255,4.7464230654879245
629,693.7202548887723,168.58009008546833,234.432557544066,198.16316298412082
630,0.0,0.0,1.3629799857213138,2.3732115327439622
631,284.7359255140483,252.8701351282025,273.9589771299841,250.37381670448798
632,5.177016827528151,0.0,4.088939957163942,4.7464230654879245
633,20.708067310112604,0.0,5.451919942885255,13.05266343009179
634,56.94718510280967,33.71601801709366,68.14899928606569,81.87579787966669
635,0.0,0.0,8.177879914327884,4.7464230654879245
636,0.0,0.0,8.177879914327884,11.86605766371981
637,67.30121875786597,151.72208107692148,55.88217941457387,28.47853839292754
638,51.77016827528151,50.574027025640504,43.61535954308204,51.024047953995186
639,124.24840386067562,118.00606305982784,121.30521872919692,75.94276904780679
640,15.531050482584453,0.0,25.896619728704962,45.09101912213528
641,0.0,0.0,9.540859900049197,11.86605766371981
642,103.54033655056303,118.00606305982784,57.24515940029518,53.39725948673914
643,108.71735337809118,84.29004504273416,61.33409935745912,58.14368255222707
644,15.531050482584453,33.71601801709366,17.71873981437708,17.799086495579715
645,269.20487503146387,134.86407206837464,171.73547820088552,182.73728802128505
646,25.885084137640757,50.574027025640504,47.70429950024598,68.82313444957491
647,25.885084137640757,33.71601801709366,12.266819871491824,9.492846130975849
648,72.47823558539412,50.574027025640504,72.23793924322963,64.07671138408698
649,25.885084137640757,50.574027025640504,23.170659757262335,21.358903794695657
650,108.71735337809118,33.71601801709366,83.14177912900014,64.07671138408698
651,0.0,0.0,17.71873981437708,18.985692261951698
652,51.77016827528151,50.574027025640504,64.06005932890174,90.18203824427056
653,51.77016827528151,0.0,32.711519657311534,43.90441335576329
654,31.062100965168906,16.85800900854683,44.97833952880335,48.65083642125122
655,5.177016827528151,16.85800900854683,19.081719800098394,23.73211532743962
656,5.177016827528151,0.0,4.088939957163942,3.5598172991159425
657,56.94718510280967,50.574027025640504,89.9566790576067,66.44992291683093
658,5.177016827528151,16.85800900854683,19.081719800098394,68.82313444957491
659,31.062100965168906,50.574027025640504,134.93501858641005,130.5266343009179
660,585.0029015106811,303.44416215384297,1735.0735218232323,1836.8657263438265
661,1858.5490410826064,1264.3506756410125,3222.084686245186,3178.916848110537
662,0.0,0.0,8.177879914327884,5.933028831859905
663,31.062100965168906,0.0,49.0672794859673,52.21065372036716
664,36.23911779269706,50.574027025640504,28.62257970014759,18.985692261951698
665,10.354033655056302,0.0,4.088939957163942,9.492846130975849
666,0.0,0.0,2.7259599714426277,4.7464230654879245
667,10.354033655056302,33.71601801709366,89.9566790576067,111.54094203896621
668,0.0,0.0,2.7259599714426277,7.119634598231885
669,0.0,0.0,10.90383988577051,3.5598172991159425
670,0.0,0.0,4.088939957163942,0.0
671,82.83226924045042,84.29004504273416,91.31965904332802,96.11506707613046
672,41.41613462022521,0.0,31.348539671590217,33.224961458415464
673,15.531050482584453,16.85800900854683,17.71873981437708,17.799086495579715
674,1687.7074857741773,488.88226124785814,5839.006258830108,7524.2671645647315
675,56.94718510280967,50.574027025640504,85.86773910044276,107.98112473985027
676,160.48752165337268,168.58009008546833,208.535937815361,223.08188407793241
677,15.531050482584453,0.0,16.355759828655767,30.851749925671502
678,0.0,0.0,8.177879914327884,18.985692261951698
679,10.354033655056302,33.71601801709366,28.62257970014759,30.851749925671502
680,15.531050482584453,16.85800900854683,13.629799857213138,7.119634598231885
681,0.0,0.0,1.3629799857213138,1.1866057663719811
682,20.708067310112604,0.0,16.355759828655767,40.34459605664735
683,82.83226924045042,0.0,54.51919942885255,28.47853839292754
684,46.593151447753364,84.29004504273416,39.5264195859181,41.53120182301934
685,771.3755073016946,438.30823422221766,1138.088288077297,1436.979583076469
686,0.0,0.0,1.3629799857213138,1.1866057663719811
687,0.0,0.0,0.0,2.3732115327439622
688,51.77016827528151,0.0,81.77879914327883,87.80882671152658
689,0.0,0.0,2.7259599714426277,4.7464230654879245
690,20.708067310112604,16.85800900854683,10.90383988577051,14.23926919646377
691,0.0,16.85800900854683,8.177879914327884,2.3732115327439622
692,98.36331972303488,67.43203603418732,163.55759828655766,164.93820152570535
693,0.0,0.0,1.3629799857213138,0.0
694,5.177016827528151,16.85800900854683,8.177879914327884,16.612480729207732
695,25.885084137640757,33.71601801709366,152.65375840078715,149.5123265628696
696,0.0,0.0,0.0,1.1866057663719811
697,41.41613462022521,16.85800900854683,54.51919942885255,71.19634598231886
698,5.177016827528151,0.0,2.7259599714426277,3.5598172991159425
699,15.531050482584453,0.0,9.540859900049197,2.3732115327439622
700,0.0,0.0,1.3629799857213138,0.0
701,0.0,16.85800900854683,4.088939957163942,2.3732115327439622
702,25.885084137640757,50.574027025640504,21.80767977154102,22.54550956106764
703,0.0,0.0,1.3629799857213138,1.1866057663719811
704,5.177016827528151,0.0,13.629799857213138,13.05266343009179
705,5.177016827528151,0.0,13.629799857213138,20.172298028323674
706,36.23911779269706,0.0,34.074499643032844,37.971384523903396
707,88.00928606797856,168.58009008546833,279.4108970728693,268.1729032000677
708,119.07138703314749,118.00606305982784,115.85329878631167,116.28736510445414
709,0.0,0.0,4.088939957163942,0.0
710,0.0,0.0,2.7259599714426277,0.0
711,25.885084137640757,16.85800900854683,114.49031880059036,188.67031685314498
712,5.177016827528151,0.0,1.3629799857213138,8.306240364603866
713,5.177016827528151,0.0,16.355759828655767,17.799086495579715
714,10.354033655056302,0.0,9.540859900049197,18.985692261951698
715,5.177016827528151,0.0,0.0,1.1866057663719811
716,0.0,16.85800900854683,17.71873981437708,28.47853839292754
717,5.177016827528151,0.0,13.629799857213138,20.172298028323674
718,5.177016827528151,0.0,9.540859900049197,10.679451897347828
719,5.177016827528151,16.85800900854683,4.088939957163942,1.1866057663719811
720,0.0,0.0,1.3629799857213138,11.86605766371981
721,0.0,0.0,2.7259599714426277,7.119634598231885
722,5.177016827528151,0.0,8.177879914327884,8.306240364603866
723,15.531050482584453,16.85800900854683,13.629799857213138,5.933028831859905
724,5.177016827528151,16.85800900854683,2.7259599714426277,0.0
725,253.67382454887942,67.43203603418732,34.074499643032844,20.172298028323674
726,0.0,0.0,2.7259599714426277,2.3732115327439622
727,393.4532788921395,202.29610810256202,128.1201186578035,59.330288318599045
728,20.708067310112604,33.71601801709366,10.90383988577051,13.05266343009179
729,25.885084137640757,50.574027025640504,124.03117870063956,134.08645160003385
730,25.885084137640757,50.574027025640504,59.97111937173781,72.38295174869084
731,0.0,0.0,1.3629799857213138,0.0
732,67.30121875786597,16.85800900854683,12.266819871491824,11.86605766371981
733,15.531050482584453,0.0,0.0,1.1866057663719811
734,72.47823558539412,16.85800900854683,39.5264195859181,43.90441335576329
735,41.41613462022521,50.574027025640504,12.266819871491824,2.3732115327439622
736,5.177016827528151,33.71601801709366,2.7259599714426277,18.985692261951698
737,10.354033655056302,50.574027025640504,32.711519657311534,26.10532686018358
738,31.062100965168906,0.0,27.259599714426276,35.59817299115943
739,5.177016827528151,0.0,2.7259599714426277,4.7464230654879245
740,5.177016827528151,0.0,1.3629799857213138,0.0
741,0.0,0.0,1.3629799857213138,10.679451897347828
742,0.0,0.0,27.259599714426276,35.59817299115943
743,0.0,0.0,0.0,1.1866057663719811
744,0.0,0.0,4.088939957163942,3.5598172991159425
745,0.0,0.0,1.3629799857213138,1.1866057663719811
746,0.0,0.0,1.3629799857213138,0.0
747,0.0,16.85800900854683,0.0,1.1866057663719811
748,15.531050482584453,33.71601801709366,4.088939957163942,5.933028831859905
749,5.177016827528151,0.0,1.3629799857213138,3.5598172991159425
750,0.0,0.0,0.0,1.1866057663719811
751,0.0,0.0,0.0,1.1866057663719811
752,139.77945434326008,101.14805405128101,89.9566790576067,51.024047953995186
753,25.885084137640757,0.0,4.088939957163942,2.3732115327439622
754,10.354033655056302,0.0,13.629799857213138,22.54550956106764
755,119.07138703314749,33.71601801709366,40.889399571639416,43.90441335576329
756,20.708067310112604,0.0,10.90383988577051,7.119634598231885
757,0.0,0.0,1.3629799857213138,1.1866057663719811
758,41.41613462022521,33.71601801709366,17.71873981437708,29.665144159299523
759,160.48752165337268,134.86407206837464,145.83885847218056,115.10075933808216
760,0.0,0.0,4.088939957163942,2.3732115327439622
761,5.177016827528151,0.0,0.0,1.1866057663719811
762,134.60243751573194,50.574027025640504,54.51919942885255,22.54550956106764
763,31.062100965168906,0.0,28.62257970014759,56.95707678585508
764,160.48752165337268,168.58009008546833,95.40859900049196,121.03378816994206
765,10.354033655056302,16.85800900854683,31.348539671590217,42.71780758939131
766,0.0,0.0,6.814899928606569,3.5598172991159425
767,0.0,0.0,0.0,2.3732115327439622
768,5.177016827528151,16.85800900854683,21.80767977154102,27.291932626555564
769,5.177016827528151,0.0,12.266819871491824,13.05266343009179
770,0.0,0.0,0.0,7.119634598231885
771,0.0,0.0,1.3629799857213138,0.0
772,15.531050482584453,0.0,4.088939957163942,21.358903794695657
773,56.94718510280967,50.574027025640504,92.68263902904934,84.24900941241064
774,46.593151447753364,0.0,19.081719800098394,16.612480729207732
775,5.177016827528151,0.0,5.451919942885255,2.3732115327439622
776,10.354033655056302,33.71601801709366,32.711519657311534,37.971384523903396
777,36.23911779269706,67.43203603418732,27.259599714426276,23.73211532743962
778,0.0,0.0,2.7259599714426277,0.0
779,5.177016827528151,0.0,23.170659757262335,14.23926919646377
780,0.0,0.0,1.3629799857213138,2.3732115327439622
781,5.177016827528151,0.0,21.80767977154102,29.665144159299523
782,0.0,0.0,1.3629799857213138,2.3732115327439622
783,0.0,0.0,2.7259599714426277,3.5598172991159425
784,20.708067310112604,50.574027025640504,36.80045961447547,33.224961458415464
785,51.77016827528151,16.85800900854683,32.711519657311534,30.851749925671502
786,36.23911779269706,33.71601801709366,42.252379557360726,55.770471019483104
787,0.0,0.0,0.0,1.1866057663719811
788,0.0,0.0,0.0,1.1866057663719811
789,0.0,0.0,0.0,1.1866057663719811
790,150.13348799831638,84.29004504273416,32.711519657311534,20.172298028323674
791,0.0,16.85800900854683,8.177879914327884,1.1866057663719811
792,20.708067310112604,67.43203603418732,53.15621944313124,55.770471019483104
793,5.177016827528151,0.0,9.540859900049197,7.119634598231885
794,0.0,0.0,0.0,2.3732115327439622
795,10.354033655056302,33.71601801709366,8.177879914327884,14.23926919646377
796,41.41613462022521,0.0,24.53363974298365,42.71780758939131
797,62.12420193033781,16.85800900854683,68.14899928606569,59.330288318599045
798,5.177016827528151,0.0,6.814899928606569,9.492846130975849
799,0.0,0.0,9.540859900049197,22.54550956106764
800,0.0,0.0,2.7259599714426277,4.7464230654879245
801,5.177016827528151,16.85800900854683,4.088939957163942,0.0
802,5.177016827528151,0.0,0.0,0.0
803,103.54033655056303,101.14805405128101,87.23071908616409,66.44992291683093
804,0.0,33.71601801709366,27.259599714426276,11.86605766371981
805,5.177016827528151,0.0,10.90383988577051,13.05266343009179
806,56.94718510280967,134.86407206837464,39.5264195859181,52.21065372036716
807,0.0,0.0,1.3629799857213138,3.5598172991159425
808,20.708067310112604,0.0,28.62257970014759,41.53120182301934
809,10.354033655056302,0.0,10.90383988577051,17.799086495579715
810,0.0,0.0,1.3629799857213138,1.1866057663719811
811,5.177016827528151,0.0,4.088939957163942,10.679451897347828
812,46.593151447753364,0.0,17.71873981437708,5.933028831859905
813,0.0,0.0,1.3629799857213138,0.0
814,10.354033655056302,0.0,1.3629799857213138,0.0
815,0.0,0.0,88.5936990718854,200.53637451686478
816,77.65525241292227,101.14805405128101,51.793239457409925,36.784778757531406
817,5.177016827528151,33.71601801709366,10.90383988577051,14.23926919646377
818,20.708067310112604,33.71601801709366,28.62257970014759,26.10532686018358
819,0.0,0.0,1.3629799857213138,1.1866057663719811
820,46.593151447753364,50.574027025640504,136.29799857213138,116.28736510445414
821,15.531050482584453,0.0,16.355759828655767,27.291932626555564
822,41.41613462022521,50.574027025640504,139.023958543574,160.19177846021742
823,0.0,0.0,0.0,3.5598172991159425
824,5.177016827528151,0.0,2.7259599714426277,7.119634598231885
825,5.177016827528151,0.0,0.0,0.0
826,93.18630289550673,101.14805405128101,47.70429950024598,46.277624888507255
827,10.354033655056302,50.574027025640504,6.814899928606569,14.23926919646377
828,0.0,0.0,2.7259599714426277,7.119634598231885
829,5.177016827528151,0.0,2.7259599714426277,1.1866057663719811
830,41.41613462022521,16.85800900854683,32.711519657311534,40.34459605664735
831,243.31979089382313,134.86407206837464,59.97111937173781,60.51689408497103
832,36.23911779269706,101.14805405128101,118.57925875775429,70.00974021594688
833,0.0,50.574027025640504,27.259599714426276,32.03835569204349
834,5.177016827528151,0.0,1.3629799857213138,0.0
835,36.23911779269706,16.85800900854683,79.0528391718362,106.79451897347828
836,0.0,0.0,5.451919942885255,2.3732115327439622
837,5.177016827528151,0.0,10.90383988577051,8.306240364603866
838,5.177016827528151,0.0,1.3629799857213138,5.933028831859905
839,0.0,33.71601801709366,5.451919942885255,8.306240364603866
840,5.177016827528151,0.0,1.3629799857213138,0.0
841,56.94718510280967,84.29004504273416,104.94945890054116,93.74185554338649
842,20.708067310112604,0.0,13.629799857213138,29.665144159299523
843,10.354033655056302,16.85800900854683,32.711519657311534,23.73211532743962
844,103.54033655056303,33.71601801709366,47.70429950024598,36.784778757531406
845,641.9500866134907,556.3142972820455,1128.5474281772476,1260.1753238870438
846,62.12420193033781,33.71601801709366,51.793239457409925,23.73211532743962
847,10.354033655056302,50.574027025640504,17.71873981437708,20.172298028323674
848,41.41613462022521,16.85800900854683,19.081719800098394,28.47853839292754
849,10.354033655056302,0.0,10.90383988577051,7.119634598231885
850,0.0,0.0,1.3629799857213138,1.1866057663719811
851,36.23911779269706,16.85800900854683,31.348539671590217,23.73211532743962
852,25.885084137640757,16.85800900854683,8.177879914327884,9.492846130975849
853,165.66453848090083,101.14805405128101,103.58647891481985,98.48827860887442
854,31.062100965168906,16.85800900854683,36.80045961447547,39.15799029027537
855,0.0,0.0,0.0,2.3732115327439622
856,25.885084137640757,16.85800900854683,28.62257970014759,27.291932626555564
857,155.31050482584453,151.72208107692148,119.94223874347561,153.07214386198552
858,0.0,0.0,5.451919942885255,10.679451897347828
859,0.0,0.0,1.3629799857213138,0.0
860,5.177016827528151,33.71601801709366,12.266819871491824,9.492846130975849
861,25.885084137640757,0.0,21.80767977154102,22.54550956106764
862,36.23911779269706,0.0,6.814899928606569,7.119634598231885
863,15.531050482584453,16.85800900854683,9.540859900049197,11.86605766371981
864,0.0,0.0,0.0,1.1866057663719811
865,51.77016827528151,0.0,21.80767977154102,26.10532686018358
866,88.00928606797856,0.0,80.41581915755751,87.80882671152658
867,0.0,0.0,6.814899928606569,14.23926919646377
868,15.531050482584453,16.85800900854683,43.61535954308204,28.47853839292754
869,56.94718510280967,84.29004504273416,43.61535954308204,23.73211532743962
870,0.0,16.85800900854683,2.7259599714426277,3.5598172991159425
871,217.43470675618235,185.43809909401514,81.77879914327883,65.26331715045895
872,103.54033655056303,84.29004504273416,137.66097855785267,94.92846130975848
873,25.885084137640757,50.574027025640504,47.70429950024598,32.03835569204349
874,207.08067310112605,118.00606305982784,117.216278772033,138.83287466552176
875,77.65525241292227,16.85800900854683,96.77157898621327,111.54094203896621
876,5.177016827528151,33.71601801709366,12.266819871491824,2.3732115327439622
877,0.0,0.0,1.3629799857213138,0.0
878,0.0,0.0,1.3629799857213138,0.0
879,15.531050482584453,0.0,74.96389921467225,78.31598058055074
880,5.177016827528151,0.0,0.0,0.0
881,62.12420193033781,50.574027025640504,44.97833952880335,28.47853839292754
882,0.0,0.0,0.0,2.3732115327439622
883,5.177016827528151,16.85800900854683,12.266819871491824,49.837442187623196
884,5.177016827528151,0.0,1.3629799857213138,2.3732115327439622
885,0.0,0.0,4.088939957163942,11.86605766371981
886,0.0,16.85800900854683,1.3629799857213138,0.0
887,56.94718510280967,50.574027025640504,76.32687920039358,73.56955751506281
888,0.0,16.85800900854683,42.252379557360726,24.918721093811598
889,10.354033655056302,16.85800900854683,8.177879914327884,20.172298028323674
890,305.44399282416094,168.58009008546833,346.1969163732137,277.6657493310435
891,0.0,0.0,9.540859900049197,0.0
892,0.0,16.85800900854683,20.444699785819708,13.05266343009179
893,41.41613462022521,16.85800900854683,24.53363974298365,24.918721093811598
894,41.41613462022521,50.574027025640504,32.711519657311534,22.54550956106764
895,31.062100965168906,33.71601801709366,31.348539671590217,49.837442187623196
896,0.0,0.0,1.3629799857213138,0.0
897,20.708067310112604,50.574027025640504,47.70429950024598,41.53120182301934
898,5.177016827528151,0.0,5.451919942885255,2.3732115327439622
899,46.593151447753364,50.574027025640504,32.711519657311534,53.39725948673914
900,10.354033655056302,0.0,6.814899928606569,5.933028831859905
901,82.83226924045042,50.574027025640504,27.259599714426276,17.799086495579715
902,25.885084137640757,33.71601801709366,91.31965904332802,67.63652868320291
903,31.062100965168906,0.0,9.540859900049197,5.933028831859905
904,31.062100965168906,16.85800900854683,14.992779842934452,24.918721093811598
905,5.177016827528151,0.0,14.992779842934452,17.799086495579715
906,20.708067310112604,0.0,34.074499643032844,34.411567224787454
907,15.531050482584453,16.85800900854683,6.814899928606569,4.7464230654879245
908,15.531050482584453,0.0,4.088939957163942,5.933028831859905
909,0.0,0.0,1.3629799857213138,0.0
910,10.354033655056302,0.0,12.266819871491824,11.86605766371981
911,377.92222840955503,84.29004504273416,177.1873981437708,202.90958604960875
912,46.593151447753364,0.0,1.3629799857213138,1.1866057663719811
913,10.354033655056302,0.0,8.177879914327884,7.119634598231885
914,46.593151447753364,16.85800900854683,36.80045961447547,30.851749925671502
915,67.30121875786597,33.71601801709366,25.896619728704962,22.54550956106764
916,20.708067310112604,0.0,24.53363974298365,30.851749925671502
917,67.30121875786597,16.85800900854683,61.33409935745912,66.44992291683093
918,5.177016827528151,33.71601801709366,4.088939957163942,1.1866057663719811
919,160.48752165337268,50.574027025640504,73.60091922895094,59.330288318599045
920,5.177016827528151,16.85800900854683,28.62257970014759,33.224961458415464
921,25.885084137640757,0.0,20.444699785819708,29.665144159299523
922,67.30121875786597,0.0,59.97111937173781,39.15799029027537
923,15.531050482584453,33.71601801709366,20.444699785819708,18.985692261951698
924,0.0,0.0,5.451919942885255,15.425874962835751
925,0.0,0.0,1.3629799857213138,11.86605766371981
926,36.23911779269706,33.71601801709366,31.348539671590217,37.971384523903396
927,10.354033655056302,33.71601801709366,40.889399571639416,36.784778757531406
928,31.062100965168906,101.14805405128101,102.22349892909853,74.7561632814348
929,0.0,0.0,2.7259599714426277,3.5598172991159425
930,36.23911779269706,50.574027025640504,39.5264195859181,39.15799029027537
931,25.885084137640757,33.71601801709366,106.31243888626248,223.08188407793241
932,56.94718510280967,33.71601801709366,42.252379557360726,30.851749925671502
933,15.531050482584453,0.0,2.7259599714426277,13.05266343009179
934,957.748113092708,691.1783693504201,1342.535285935494,1458.3384868711646
935,31.062100965168906,50.574027025640504,88.5936990718854,61.703499851343004
936,0.0,16.85800900854683,16.355759828655767,16.612480729207732
937,5.177016827528151,67.43203603418732,61.33409935745912,68.82313444957491
938,0.0,0.0,2.7259599714426277,2.3732115327439622
939,238.14277406629498,168.58009008546833,173.09845818660685,170.87123035756525
940,10.354033655056302,0.0,13.629799857213138,7.119634598231885
941,0.0,0.0,2.7259599714426277,2.3732115327439622
942,10.354033655056302,0.0,20.444699785819708,15.425874962835751
943,5.177016827528151,16.85800900854683,10.90383988577051,13.05266343009179
944,0.0,0.0,1.3629799857213138,11.86605766371981
945,15.531050482584453,0.0,39.5264195859181,37.971384523903396
946,5.177016827528151,16.85800900854683,12.266819871491824,11.86605766371981
947,31.062100965168906,33.71601801709366,204.44699785819705,347.67548954699043
948,0.0,0.0,5.451919942885255,3.5598172991159425
949,0.0,0.0,0.0,1.1866057663719811
950,31.062100965168906,50.574027025640504,24.53363974298365,32.03835569204349
951,227.78874041123868,168.58009008546833,125.39415868636087,124.59360546905799
952,10.354033655056302,0.0,4.088939957163942,9.492846130975849
953,295.0899591691046,303.44416215384297,282.1368570443119,220.70867254518845
954,2277.8874041123863,3304.169765675179,898.2038105903458,244.4407878726281
955,129.4254206882038,67.43203603418732,53.15621944313124,51.024047953995186
956,10.354033655056302,0.0,10.90383988577051,16.612480729207732
957,0.0,33.71601801709366,39.5264195859181,52.21065372036716
958,0.0,0.0,5.451919942885255,10.679451897347828
959,10.354033655056302,16.85800900854683,32.711519657311534,39.15799029027537
960,5.177016827528151,0.0,12.266819871491824,10.679451897347828
961,10.354033655056302,0.0,1.3629799857213138,14.23926919646377
962,15.531050482584453,0.0,13.629799857213138,9.492846130975849
963,41.41613462022521,50.574027025640504,47.70429950024598,91.36864401064253
964,25.885084137640757,33.71601801709366,4.088939957163942,3.5598172991159425
965,10.354033655056302,16.85800900854683,17.71873981437708,18.985692261951698
966,0.0,0.0,0.0,1.1866057663719811
967,51.77016827528151,16.85800900854683,68.14899928606569,87.80882671152658
968,0.0,0.0,89.9566790576067,140.01948043189375
969,0.0,0.0,5.451919942885255,3.5598172991159425
970,46.593151447753364,33.71601801709366,47.70429950024598,62.89010561771499
971,15.531050482584453,33.71601801709366,31.348539671590217,16.612480729207732
972,5.177016827528151,0.0,12.266819871491824,21.358903794695657
973,62.12420193033781,16.85800900854683,50.430259471688615,54.58386525311113
974,15.531050482584453,33.71601801709366,40.889399571639416,45.09101912213528
975,0.0,33.71601801709366,8.177879914327884,14.23926919646377
976,5.177016827528151,16.85800900854683,10.90383988577051,2.3732115327439622
977,10.354033655056302,33.71601801709366,31.348539671590217,36.784778757531406
978,20.708067310112604,16.85800900854683,44.97833952880335,34.411567224787454
979,450.4004639949492,252.8701351282025,287.5887769871972,231.38812444253628
980,31.062100965168906,0.0,25.896619728704962,32.03835569204349
981,36.23911779269706,67.43203603418732,40.889399571639416,41.53120182301934
982,5.177016827528151,0.0,19.081719800098394,9.492846130975849
983,0.0,0.0,1.3629799857213138,0.0
984,15.531050482584453,0.0,0.0,0.0
985,5.177016827528151,0.0,14.992779842934452,4.7464230654879245
986,10.354033655056302,0.0,34.074499643032844,21.358903794695657
987,0.0,0.0,2.7259599714426277,5.933028831859905
988,10.354033655056302,0.0,13.629799857213138,10.679451897347828
989,0.0,0.0,2.7259599714426277,0.0
990,0.0,16.85800900854683,32.711519657311534,66.44992291683093
991,150.13348799831638,50.574027025640504,126.75713867208219,128.15342276817395
992,838.6767260595606,438.30823422221766,312.1224167301809,176.80425918942515
993,77.65525241292227,33.71601801709366,47.70429950024598,30.851749925671502
994,98.36331972303488,50.574027025640504,36.80045961447547,64.07671138408698
995,51.77016827528151,67.43203603418732,34.074499643032844,60.51689408497103
996,0.0,0.0,1.3629799857213138,3.5598172991159425
997,0.0,0.0,1.3629799857213138,0.0
998,124.24840386067562,134.86407206837464,179.9133581152134,202.90958604960875
999,165.66453848090083,168.58009008546833,155.37971837222977,210.02922064784065
1000,77.65525241292227,0.0,287.5887769871972,304.9576819575991
1001,15.531050482584453,16.85800900854683,36.80045961447547,49.837442187623196
1002,134.60243751573194,50.574027025640504,185.36527805809868,138.83287466552176
1003,15.531050482584453,0.0,13.629799857213138,8.306240364603866
1004,41.41613462022521,16.85800900854683,9.540859900049197,37.971384523903396
1005,36.23911779269706,33.71601801709366,17.71873981437708,24.918721093811598
1006,274.381891858992,252.8701351282025,388.44929593057446,443.7905566231209
1007,10.354033655056302,0.0,6.814899928606569,9.492846130975849
1008,0.0,0.0,4.088939957163942,7.119634598231885
1009,10.354033655056302,0.0,10.90383988577051,10.679451897347828
1010,10.354033655056302,0.0,12.266819871491824,11.86605766371981
1011,1542.7510146033892,691.1783693504201,2262.546776297381,2622.398743682078
1012,56.94718510280967,50.574027025640504,27.259599714426276,14.23926919646377
1013,41.41613462022521,33.71601801709366,21.80767977154102,40.34459605664735
1014,0.0,0.0,1.3629799857213138,0.0
1015,0.0,0.0,1.3629799857213138,0.0
1016,315.79802647921724,134.86407206837464,192.18017798670522,218.3354610124445
1017,5.177016827528151,33.71601801709366,6.814899928606569,8.306240364603866
1018,776.5525241292227,472.02425223931135,411.61995568783675,471.0824892496764
1019,103.54033655056303,0.0,55.88217941457387,81.87579787966669
1020,31.062100965168906,33.71601801709366,87.23071908616409,88.99543247789858
1021,10.354033655056302,16.85800900854683,1.3629799857213138,9.492846130975849
1022,10.354033655056302,16.85800900854683,6.814899928606569,15.425874962835751
1023,15.531050482584453,16.85800900854683,35.43747962875416,39.15799029027537
1024,36.23911779269706,16.85800900854683,46.34131951452467,74.7561632814348
1025,0.0,0.0,12.266819871491824,17.799086495579715
1026,0.0,0.0,0.0,2.3732115327439622
1027,25.885084137640757,84.29004504273416,58.6081393860165,77.12937481417876
1028,129.4254206882038,185.43809909401514,104.94945890054116,97.30167284250244
1029,0.0,0.0,12.266819871491824,4.7464230654879245
1030,0.0,0.0,5.451919942885255,3.5598172991159425
1031,25.885084137640757,0.0,66.78601930034436,47.46423065487924
1032,0.0,0.0,1.3629799857213138,3.5598172991159425
1033,548.763783717984,724.8943873675138,825.9658713471161,849.6097287223383
1034,0.0,0.0,2.7259599714426277,0.0
1035,0.0,0.0,17.71873981437708,10.679451897347828
1036,0.0,0.0,1.3629799857213138,3.5598172991159425
1037,77.65525241292227,168.58009008546833,62.697079343180434,60.51689408497103
1038,15.531050482584453,50.574027025640504,19.081719800098394,47.46423065487924
1039,10.354033655056302,16.85800900854683,5.451919942885255,5.933028831859905
1040,25.885084137640757,16.85800900854683,24.53363974298365,33.224961458415464
1041,15.531050482584453,0.0,35.43747962875416,24.918721093811598
1042,5.177016827528151,0.0,12.266819871491824,28.47853839292754
1043,10.354033655056302,0.0,19.081719800098394,18.985692261951698
1044,36.23911779269706,16.85800900854683,38.16343960019679,23.73211532743962
1045,139.77945434326008,101.14805405128101,76.32687920039358,58.14368255222707
1046,15.531050482584453,50.574027025640504,50.430259471688615,48.65083642125122
1047,10.354033655056302,16.85800900854683,59.97111937173781,97.30167284250244
1048,36.23911779269706,50.574027025640504,16.355759828655767,22.54550956106764
1049,41.41613462022521,0.0,57.24515940029518,75.94276904780679
1050,98.36331972303488,101.14805405128101,122.66819871491823,100.86149014161838
1051,0.0,0.0,12.266819871491824,8.306240364603866
1052,0.0,0.0,1.3629799857213138,2.3732115327439622
1053,0.0,0.0,0.0,5.933028831859905
1054,0.0,0.0,2.7259599714426277,48.65083642125122
1055,51.77016827528151,0.0,17.71873981437708,17.799086495579715
1056,10.354033655056302,0.0,119.94223874347561,91.36864401064253
1057,41.41613462022521,33.71601801709366,46.34131951452467,30.851749925671502
1058,1030.226348678102,556.3142972820455,1196.6964274633135,1364.5966313277781
1059,113.89437020561934,151.72208107692148,140.38693852929532,161.3783842265894
1060,0.0,16.85800900854683,5.451919942885255,4.7464230654879245
1061,1304.6082405370942,539.4562882734986,1680.5543223943798,1663.6212844535173
1062,326.15206013427354,236.01212611965568,288.95175697291853,229.01491290979232
1063,62.12420193033781,50.574027025640504,38.16343960019679,42.71780758939131
1064,0.0,0.0,5.451919942885255,4.7464230654879245
1065,0.0,0.0,1.3629799857213138,0.0
1066,0.0,0.0,1.3629799857213138,0.0
1067,77.65525241292227,50.574027025640504,17.71873981437708,24.918721093811598
1068,5.177016827528151,0.0,9.540859900049197,18.985692261951698
1069,0.0,0.0,1.3629799857213138,1.1866057663719811
1070,108.71735337809118,67.43203603418732,24.53363974298365,43.90441335576329
1071,36.23911779269706,33.71601801709366,47.70429950024598,40.34459605664735
1072,0.0,0.0,5.451919942885255,2.3732115327439622
1073,5.177016827528151,0.0,8.177879914327884,7.119634598231885
1074,352.03714427191426,488.88226124785814,193.54315797242654,86.62222094515461
1075,5.177016827528151,16.85800900854683,5.451919942885255,3.5598172991159425
1076,41.41613462022521,50.574027025640504,16.355759828655767,21.358903794695657
1077,0.0,16.85800900854683,2.7259599714426277,4.7464230654879245
1078,5.177016827528151,0.0,6.814899928606569,5.933028831859905
1079,0.0,0.0,1.3629799857213138,3.5598172991159425
1080,5.177016827528151,33.71601801709366,8.177879914327884,15.425874962835751
1081,5.177016827528151,0.0,0.0,0.0
1082,103.54033655056303,67.43203603418732,23.170659757262335,24.918721093811598
1083,5.177016827528151,16.85800900854683,1.3629799857213138,0.0
1084,0.0,0.0,51.793239457409925,17.799086495579715
1085,5.177016827528151,0.0,0.0,5.933028831859905
1086,253.67382454887942,101.14805405128101,122.66819871491823,149.5123265628696
1087,0.0,0.0,0.0,1.1866057663719811
1088,10.354033655056302,0.0,4.088939957163942,1.1866057663719811
1089,0.0,0.0,1.3629799857213138,0.0
1090,5.177016827528151,0.0,23.170659757262335,33.224961458415464
1091,36.23911779269706,16.85800900854683,24.53363974298365,30.851749925671502
1092,20.708067310112604,67.43203603418732,21.80767977154102,28.47853839292754
1093,119.07138703314749,84.29004504273416,178.55037812949212,174.43104765668122
1094,0.0,0.0,8.177879914327884,11.86605766371981
1095,0.0,0.0,0.0,1.1866057663719811
1096,0.0,0.0,0.0,1.1866057663719811
1097,20.708067310112604,16.85800900854683,16.355759828655767,26.10532686018358
1098,41.41613462022521,16.85800900854683,77.68985918611489,70.00974021594688
1099,5.177016827528151,16.85800900854683,28.62257970014759,27.291932626555564
1100,155.31050482584453,118.00606305982784,151.29077841506583,136.45966313277782
1101,5.177016827528151,0.0,0.0,2.3732115327439622
1102,67.30121875786597,0.0,43.61535954308204,70.00974021594688
1103,5.177016827528151,0.0,2.7259599714426277,1.1866057663719811
1104,15.531050482584453,0.0,36.80045961447547,40.34459605664735
1105,31.062100965168906,50.574027025640504,44.97833952880335,37.971384523903396
1106,15.531050482584453,33.71601801709366,40.889399571639416,39.15799029027537
1107,170.84155530842898,50.574027025640504,10.90383988577051,2.3732115327439622
1108,5.177016827528151,33.71601801709366,62.697079343180434,43.90441335576329
1109,56.94718510280967,50.574027025640504,34.074499643032844,30.851749925671502
1110,0.0,0.0,0.0,1.1866057663719811
1111,0.0,0.0,1.3629799857213138,0.0
1112,0.0,16.85800900854683,0.0,2.3732115327439622
1113,0.0,0.0,1.3629799857213138,0.0
1114,15.531050482584453,0.0,5.451919942885255,4.7464230654879245
1115,72.47823558539412,50.574027025640504,39.5264195859181,45.09101912213528
1116,15.531050482584453,0.0,42.252379557360726,33.224961458415464
1117,0.0,16.85800900854683,5.451919942885255,2.3732115327439622
1118,82.83226924045042,33.71601801709366,42.252379557360726,54.58386525311113
1119,10.354033655056302,0.0,9.540859900049197,7.119634598231885
1120,0.0,0.0,8.177879914327884,0.0
1121,25.885084137640757,16.85800900854683,28.62257970014759,21.358903794695657
1122,0.0,0.0,2.7259599714426277,2.3732115327439622
1123,67.30121875786597,101.14805405128101,73.60091922895094,85.43561517878263
1124,5.177016827528151,16.85800900854683,17.71873981437708,22.54550956106764
1125,0.0,0.0,0.0,1.1866057663719811
1126,36.23911779269706,50.574027025640504,35.43747962875416,40.34459605664735
1127,72.47823558539412,67.43203603418732,88.5936990718854,87.80882671152658
1128,62.12420193033781,50.574027025640504,55.88217941457387,75.94276904780679
1129,160.48752165337268,151.72208107692148,213.98785775824624,213.58903794695655
1130,15.531050482584453,0.0,31.348539671590217,37.971384523903396
1131,10.354033655056302,16.85800900854683,10.90383988577051,14.23926919646377
1132,31.062100965168906,0.0,20.444699785819708,18.985692261951698
1133,5.177016827528151,0.0,8.177879914327884,9.492846130975849
1134,51.77016827528151,0.0,31.348539671590217,27.291932626555564
1135,310.62100965168906,286.5861531452962,438.879555402263,529.2261718019034
1136,77.65525241292227,67.43203603418732,181.2763381009347,138.83287466552176
1137,797.2605914393353,488.88226124785814,407.53101573067283,378.52723947266196
1138,305.44399282416094,134.86407206837464,107.67541887198378,186.29710532040102
1139,0.0,0.0,1.3629799857213138,0.0
1140,5.177016827528151,0.0,38.16343960019679,68.82313444957491
1141,1081.9965169533837,1045.1965585299038,1252.5786068778875,1109.4763915578021
1142,0.0,16.85800900854683,2.7259599714426277,2.3732115327439622
1143,0.0,0.0,1.3629799857213138,2.3732115327439622
1144,36.23911779269706,16.85800900854683,44.97833952880335,42.71780758939131
1145,0.0,16.85800900854683,12.266819871491824,10.679451897347828
1146,41.41613462022521,84.29004504273416,70.87495925750832,55.770471019483104
1147,0.0,0.0,2.7259599714426277,1.1866057663719811
1148,62.12420193033781,16.85800900854683,47.70429950024598,59.330288318599045
1149,0.0,0.0,4.088939957163942,1.1866057663719811
1150,0.0,33.71601801709366,14.992779842934452,15.425874962835751
1151,72.47823558539412,50.574027025640504,62.697079343180434,84.24900941241064
1152,41.41613462022521,50.574027025640504,110.40137884342641,107.98112473985027
1153,31.062100965168906,0.0,32.711519657311534,48.65083642125122
1154,0.0,0.0,0.0,8.306240364603866
1155,0.0,16.85800900854683,12.266819871491824,42.71780758939131
1156,10.354033655056302,0.0,4.088939957163942,10.679451897347828
1157,5.177016827528151,16.85800900854683,5.451919942885255,8.306240364603866
1158,0.0,0.0,1.3629799857213138,0.0
1159,82.83226924045042,16.85800900854683,76.32687920039358,52.21065372036716
1160,129.4254206882038,84.29004504273416,58.6081393860165,46.277624888507255
1161,0.0,0.0,1.3629799857213138,1.1866057663719811
1162,0.0,0.0,1.3629799857213138,4.7464230654879245
1163,0.0,33.71601801709366,9.540859900049197,11.86605766371981
1164,103.54033655056303,50.574027025640504,58.6081393860165,58.14368255222707
1165,36.23911779269706,16.85800900854683,25.896619728704962,35.59817299115943
1166,150.13348799831638,67.43203603418732,91.31965904332802,119.84718240357007
1167,0.0,0.0,5.451919942885255,0.0
1168,15.531050482584453,0.0,10.90383988577051,10.679451897347828
1169,10.354033655056302,0.0,1.3629799857213138,9.492846130975849
1170,5.177016827528151,16.85800900854683,5.451919942885255,2.3732115327439622
1171,25.885084137640757,0.0,14.992779842934452,14.23926919646377
1172,0.0,0.0,4.088939957163942,8.306240364603866
1173,72.47823558539412,0.0,40.889399571639416,33.224961458415464
1174,0.0,0.0,16.355759828655767,8.306240364603866
1175,15.531050482584453,0.0,6.814899928606569,15.425874962835751
1176,36.23911779269706,16.85800900854683,39.5264195859181,54.58386525311113
1177,5.177016827528151,0.0,1.3629799857213138,1.1866057663719811
1178,10.354033655056302,16.85800900854683,17.71873981437708,10.679451897347828
1179,0.0,0.0,8.177879914327884,8.306240364603866
1180,31.062100965168906,50.574027025640504,58.6081393860165,87.80882671152658
1181,0.0,0.0,2.7259599714426277,4.7464230654879245
1182,0.0,0.0,8.177879914327884,10.679451897347828
1183,20.708067310112604,16.85800900854683,38.16343960019679,27.291932626555564
1184,25.885084137640757,0.0,24.53363974298365,37.971384523903396
1185,5.177016827528151,16.85800900854683,34.074499643032844,23.73211532743962
1186,15.531050482584453,16.85800900854683,19.081719800098394,17.799086495579715
1187,0.0,0.0,0.0,1.1866057663719811
1188,93.18630289550673,84.29004504273416,98.1345589719346,86.62222094515461
1189,10.354033655056302,33.71601801709366,8.177879914327884,9.492846130975849
1190,15.531050482584453,0.0,19.081719800098394,17.799086495579715
1191,0.0,33.71601801709366,4.088939957163942,5.933028831859905
1192,170.84155530842898,134.86407206837464,128.1201186578035,132.89984583366186
1193,36.23911779269706,50.574027025640504,62.697079343180434,83.06240364603867
1194,36.23911779269706,33.71601801709366,16.355759828655767,24.918721093811598
1195,0.0,0.0,2.7259599714426277,0.0
1196,113.89437020561934,67.43203603418732,139.023958543574,130.5266343009179
1197,46.593151447753364,0.0,81.77879914327883,70.00974021594688
1198,10.354033655056302,0.0,122.66819871491823,128.15342276817395
1199,0.0,0.0,29.985559685868903,34.411567224787454
1200,0.0,0.0,0.0,1.1866057663719811
1201,46.593151447753364,50.574027025640504,27.259599714426276,37.971384523903396
1202,0.0,16.85800900854683,1.3629799857213138,3.5598172991159425
1203,25.885084137640757,33.71601801709366,54.51919942885255,48.65083642125122
1204,10.354033655056302,16.85800900854683,17.71873981437708,22.54550956106764
1205,20.708067310112604,50.574027025640504,13.629799857213138,15.425874962835751
1206,93.18630289550673,168.58009008546833,382.99737598768917,415.3120182301933
1207,41.41613462022521,16.85800900854683,42.252379557360726,47.46423065487924
1208,15.531050482584453,33.71601801709366,43.61535954308204,46.277624888507255
1209,46.593151447753364,101.14805405128101,57.24515940029518,49.837442187623196
1210,20.708067310112604,16.85800900854683,27.259599714426276,27.291932626555564
1211,15.531050482584453,33.71601801709366,32.711519657311534,37.971384523903396
1212,434.8694135123647,118.00606305982784,248.06235740127912,104.42130744073432
1213,5.177016827528151,16.85800900854683,9.540859900049197,1.1866057663719811
1214,0.0,0.0,0.0,1.1866057663719811
1215,5.177016827528151,0.0,0.0,0.0
1216,0.0,0.0,0.0,2.3732115327439622
1217,31.062100965168906,67.43203603418732,20.444699785819708,27.291932626555564
1218,134.60243751573194,67.43203603418732,189.45421801526263,249.18721093811598
1219,264.0278582039357,134.86407206837464,185.36527805809868,185.11049955402902
1220,0.0,0.0,6.814899928606569,1.1866057663719811
1221,10.354033655056302,16.85800900854683,13.629799857213138,15.425874962835751
1222,20.708067310112604,16.85800900854683,21.80767977154102,17.799086495579715
1223,10.354033655056302,16.85800900854683,6.814899928606569,7.119634598231885
1224,67.30121875786597,16.85800900854683,36.80045961447547,36.784778757531406
1225,67.30121875786597,50.574027025640504,76.32687920039358,60.51689408497103
1226,0.0,50.574027025640504,2.7259599714426277,8.306240364603866
1227,0.0,16.85800900854683,4.088939957163942,11.86605766371981
1228,25.885084137640757,101.14805405128101,70.87495925750832,62.89010561771499
1229,103.54033655056303,101.14805405128101,51.793239457409925,59.330288318599045
1230,15.531050482584453,16.85800900854683,31.348539671590217,24.918721093811598
1231,20.708067310112604,16.85800900854683,9.540859900049197,20.172298028323674
1232,15.531050482584453,0.0,19.081719800098394,24.918721093811598
1233,20.708067310112604,84.29004504273416,14.992779842934452,24.918721093811598
1234,5.177016827528151,33.71601801709366,19.081719800098394,16.612480729207732
1235,0.0,0.0,1.3629799857213138,2.3732115327439622
1236,10.354033655056302,16.85800900854683,6.814899928606569,9.492846130975849
1237,10.354033655056302,0.0,6.814899928606569,1.1866057663719811
1238,51.77016827528151,33.71601801709366,42.252379557360726,41.53120182301934
1239,5.177016827528151,67.43203603418732,16.355759828655767,23.73211532743962
1240,0.0,0.0,2.7259599714426277,1.1866057663719811
1241,5.177016827528151,0.0,5.451919942885255,40.34459605664735
1242,0.0,0.0,6.814899928606569,1.1866057663719811
1243,56.94718510280967,16.85800900854683,43.61535954308204,54.58386525311113
1244,5.177016827528151,0.0,2.7259599714426277,1.1866057663719811
1245,0.0,0.0,20.444699785819708,16.612480729207732
1246,0.0,0.0,2.7259599714426277,2.3732115327439622
1247,5.177016827528151,0.0,13.629799857213138,17.799086495579715
1248,10.354033655056302,0.0,12.266819871491824,20.172298028323674
1249,0.0,0.0,1.3629799857213138,10.679451897347828
1250,0.0,16.85800900854683,23.170659757262335,23.73211532743962
1251,124.24840386067562,134.86407206837464,159.4686583293937,107.98112473985027
1252,119.07138703314749,50.574027025640504,21.80767977154102,39.15799029027537
1253,119.07138703314749,67.43203603418732,62.697079343180434,74.7561632814348
1254,310.62100965168906,151.72208107692148,94.04561901477065,90.18203824427056
1255,124.24840386067562,67.43203603418732,42.252379557360726,18.985692261951698
1256,15.531050482584453,0.0,44.97833952880335,88.99543247789858
1257,0.0,0.0,5.451919942885255,7.119634598231885
1258,5.177016827528151,0.0,1.3629799857213138,0.0
1259,0.0,0.0,19.081719800098394,16.612480729207732
1260,46.593151447753364,0.0,53.15621944313124,37.971384523903396
1261,346.86012744438614,269.7281441367493,87.23071908616409,79.50258634692273
1262,0.0,0.0,1.3629799857213138,2.3732115327439622
1263,10.354033655056302,16.85800900854683,13.629799857213138,17.799086495579715
1264,616.06500247585,370.8761981880303,321.66327663023003,164.93820152570535
1265,0.0,0.0,2.7259599714426277,1.1866057663719811
1266,0.0,16.85800900854683,10.90383988577051,20.172298028323674
1267,5.177016827528151,16.85800900854683,2.7259599714426277,7.119634598231885
1268,31.062100965168906,16.85800900854683,13.629799857213138,15.425874962835751
1269,93.18630289550673,50.574027025640504,66.78601930034436,91.36864401064253
1270,0.0,16.85800900854683,1.3629799857213138,0.0
1271,181.1955889634853,84.29004504273416,80.41581915755751,84.24900941241064
1272,31.062100965168906,0.0,16.355759828655767,33.224961458415464
1273,0.0,0.0,0.0,3.5598172991159425
1274,0.0,0.0,4.088939957163942,1.1866057663719811
1275,0.0,0.0,1.3629799857213138,0.0
1276,46.593151447753364,33.71601801709366,31.348539671590217,26.10532686018358
1277,41.41613462022521,67.43203603418732,59.97111937173781,73.56955751506281
1278,56.94718510280967,50.574027025640504,21.80767977154102,34.411567224787454
1279,82.83226924045042,134.86407206837464,102.22349892909853,83.06240364603867
1280,0.0,0.0,5.451919942885255,4.7464230654879245
1281,10.354033655056302,0.0,31.348539671590217,37.971384523903396
1282,36.23911779269706,33.71601801709366,622.8818534746404,761.8009020108117
1283,0.0,33.71601801709366,951.360030033477,1216.2709105312806
1284,72.47823558539412,67.43203603418732,140.38693852929532,149.5123265628696
1285,0.0,0.0,2.7259599714426277,0.0
1286,0.0,0.0,4.088939957163942,5.933028831859905
1287,0.0,0.0,1.3629799857213138,2.3732115327439622
1288,0.0,0.0,0.0,1.1866057663719811
1289,62.12420193033781,16.85800900854683,181.2763381009347,96.11506707613046
1290,0.0,0.0,0.0,2.3732115327439622
1291,5.177016827528151,0.0,1.3629799857213138,1.1866057663719811
1292,25.885084137640757,0.0,28.62257970014759,8.306240364603866
1293,0.0,0.0,2.7259599714426277,4.7464230654879245
1294,62.12420193033781,67.43203603418732,34.074499643032844,43.90441335576329
1295,113.89437020561934,67.43203603418732,139.023958543574,185.11049955402902
1296,51.77016827528151,0.0,58.6081393860165,60.51689408497103
1297,5.177016827528151,16.85800900854683,0.0,0.0
1298,0.0,0.0,1.3629799857213138,0.0
1299,36.23911779269706,0.0,31.348539671590217,23.73211532743962
1300,20.708067310112604,16.85800900854683,36.80045961447547,10.679451897347828
1301,0.0,0.0,4.088939957163942,0.0
1302,0.0,0.0,0.0,1.1866057663719811
1303,108.71735337809118,134.86407206837464,29.985559685868903,18.985692261951698
1304,56.94718510280967,16.85800900854683,25.896619728704962,28.47853839292754
1305,0.0,16.85800900854683,1.3629799857213138,1.1866057663719811
1306,600.5339519932655,505.740270256405,562.9107341029027,333.4362203505267
1307,0.0,0.0,5.451919942885255,1.1866057663719811
1308,10.354033655056302,0.0,1.3629799857213138,2.3732115327439622
1309,93.18630289550673,50.574027025640504,144.47587848645927,132.89984583366186
1310,41.41613462022521,0.0,50.430259471688615,58.14368255222707
1311,25.885084137640757,33.71601801709366,9.540859900049197,16.612480729207732
1312,46.593151447753364,84.29004504273416,28.62257970014759,24.918721093811598
1313,0.0,0.0,0.0,1.1866057663719811
1314,10.354033655056302,33.71601801709366,32.711519657311534,32.03835569204349
1315,569.4718510280966,674.3203603418733,5898.9773782018465,5228.185006634949
1316,25.885084137640757,50.574027025640504,25.896619728704962,23.73211532743962
1317,0.0,0.0,0.0,3.5598172991159425
1318,150.13348799831638,67.43203603418732,121.30521872919692,123.40699970268601
1319,0.0,0.0,0.0,11.86605766371981
1320,0.0,0.0,0.0,1.1866057663719811
1321,82.83226924045042,16.85800900854683,66.78601930034436,497.18781610985997
1322,0.0,0.0,1.3629799857213138,3.5598172991159425
1323,5.177016827528151,0.0,2.7259599714426277,1.1866057663719811
1324,1884.434125220247,1719.516918871777,1944.9724396243148,1705.1524862765366
1325,20.708067310112604,50.574027025640504,24.53363974298365,28.47853839292754
1326,124.24840386067562,16.85800900854683,69.511979271787,86.62222094515461
1327,5.177016827528151,0.0,9.540859900049197,10.679451897347828
1328,0.0,0.0,8.177879914327884,1.1866057663719811
1329,181.1955889634853,134.86407206837464,137.66097855785267,107.98112473985027
1330,31.062100965168906,33.71601801709366,43.61535954308204,43.90441335576329
1331,5.177016827528151,16.85800900854683,0.0,2.3732115327439622
1332,0.0,0.0,13.629799857213138,17.799086495579715
1333,10.354033655056302,16.85800900854683,13.629799857213138,11.86605766371981
1334,160.48752165337268,50.574027025640504,13.629799857213138,13.05266343009179
1335,5.177016827528151,0.0,1.3629799857213138,4.7464230654879245
1336,15.531050482584453,0.0,23.170659757262335,8.306240364603866
1337,20.708067310112604,67.43203603418732,16.355759828655767,15.425874962835751
1338,108.71735337809118,202.29610810256202,126.75713867208219,106.79451897347828
1339,0.0,16.85800900854683,12.266819871491824,37.971384523903396
1340,0.0,0.0,6.814899928606569,3.5598172991159425
1341,0.0,16.85800900854683,0.0,1.1866057663719811
1342,67.30121875786597,33.71601801709366,31.348539671590217,41.53120182301934
1343,25.885084137640757,67.43203603418732,61.33409935745912,65.26331715045895
1344,10.354033655056302,0.0,1.3629799857213138,9.492846130975849
1345,41.41613462022521,50.574027025640504,68.14899928606569,58.14368255222707
1346,0.0,0.0,4.088939957163942,5.933028831859905
1347,20.708067310112604,0.0,21.80767977154102,13.05266343009179
1348,46.593151447753364,16.85800900854683,29.985559685868903,39.15799029027537
1349,150.13348799831638,67.43203603418732,55.88217941457387,49.837442187623196
1350,10.354033655056302,16.85800900854683,143.11289850073794,164.93820152570535
1351,170.84155530842898,50.574027025640504,197.6320979295905,218.3354610124445
1352,10.354033655056302,0.0,25.896619728704962,26.10532686018358
1353,46.593151447753364,33.71601801709366,201.72103788675446,233.76133597528025
1354,5.177016827528151,0.0,8.177879914327884,5.933028831859905
1355,5.177016827528151,0.0,1.3629799857213138,1.1866057663719811
1356,15.531050482584453,16.85800900854683,20.444699785819708,20.172298028323674
1357,15.531050482584453,33.71601801709366,13.629799857213138,2.3732115327439622
1358,196.72663944606975,134.86407206837464,151.29077841506583,142.39269196463772
1359,1066.4654664707991,438.30823422221766,1068.5763088055098,659.7528061028214
1360,103.54033655056303,33.71601801709366,104.94945890054116,94.92846130975848
1361,25.885084137640757,16.85800900854683,38.16343960019679,41.53120182301934
1362,62.12420193033781,50.574027025640504,62.697079343180434,75.94276904780679
1363,0.0,0.0,1.3629799857213138,0.0
1364,82.83226924045042,101.14805405128101,113.12733881486903,124.59360546905799
1365,0.0,0.0,2.7259599714426277,0.0
1366,181.1955889634853,84.29004504273416,190.81719800098392,212.40243218058458
1367,0.0,0.0,6.814899928606569,5.933028831859905
1368,10.354033655056302,50.574027025640504,17.71873981437708,34.411567224787454
1369,103.54033655056303,67.43203603418732,39.5264195859181,26.10532686018358
1370,0.0,0.0,2.7259599714426277,1.1866057663719811
1371,232.96575723876683,236.01212611965568,335.29307648744316,307.33089349034304
1372,36.23911779269706,16.85800900854683,10.90383988577051,13.05266343009179
1373,0.0,0.0,1.3629799857213138,3.5598172991159425
1374,20.708067310112604,50.574027025640504,43.61535954308204,72.38295174869084
1375,0.0,0.0,1.3629799857213138,0.0
1376,5.177016827528151,16.85800900854683,9.540859900049197,17.799086495579715
1377,5.177016827528151,16.85800900854683,12.266819871491824,10.679451897347828
1378,5.177016827528151,16.85800900854683,12.266819871491824,20.172298028323674
1379,10.354033655056302,0.0,44.97833952880335,28.47853839292754
1380,0.0,0.0,1.3629799857213138,1.1866057663719811
1381,0.0,0.0,1.3629799857213138,1.1866057663719811
1382,181.1955889634853,118.00606305982784,100.86051894337723,34.411567224787454
1383,5.177016827528151,0.0,10.90383988577051,21.358903794695657
1384,36.23911779269706,50.574027025640504,31.348539671590217,26.10532686018358
1385,0.0,0.0,10.90383988577051,11.86605766371981
1386,0.0,0.0,1.3629799857213138,0.0
1387,25.885084137640757,16.85800900854683,13.629799857213138,15.425874962835751
1388,36.23911779269706,33.71601801709366,25.896619728704962,46.277624888507255
1389,10.354033655056302,0.0,28.62257970014759,21.358903794695657
1390,31.062100965168906,50.574027025640504,64.06005932890174,65.26331715045895
1391,181.1955889634853,168.58009008546833,239.88447748695123,196.97655721774885
1392,0.0,16.85800900854683,1.3629799857213138,0.0
1393,0.0,0.0,0.0,1.1866057663719811
1394,20.708067310112604,16.85800900854683,16.355759828655767,10.679451897347828
1395,15.531050482584453,16.85800900854683,5.451919942885255,14.23926919646377
1396,5.177016827528151,0.0,14.992779842934452,7.119634598231885
1397,36.23911779269706,33.71601801709366,46.34131951452467,58.14368255222707
1398,5.177016827528151,0.0,1.3629799857213138,0.0
1399,5.177016827528151,0.0,1.3629799857213138,1.1866057663719811
1400,5.177016827528151,0.0,10.90383988577051,7.119634598231885
1401,10.354033655056302,0.0,4.088939957163942,1.1866057663719811
1402,51.77016827528151,33.71601801709366,46.34131951452467,54.58386525311113
1403,5.177016827528151,0.0,9.540859900049197,15.425874962835751
1404,0.0,0.0,2.7259599714426277,0.0
1405,0.0,0.0,0.0,2.3732115327439622
1406,20.708067310112604,16.85800900854683,36.80045961447547,36.784778757531406
1407,5.177016827528151,16.85800900854683,13.629799857213138,9.492846130975849
1408,144.95647117078823,67.43203603418732,122.66819871491823,132.89984583366186
1409,0.0,0.0,2.7259599714426277,0.0
1410,0.0,0.0,1.3629799857213138,11.86605766371981
1411,160.48752165337268,67.43203603418732,141.74991851501665,180.36407648854112
1412,0.0,50.574027025640504,43.61535954308204,60.51689408497103
1413,0.0,16.85800900854683,0.0,0.0
1414,36.23911779269706,50.574027025640504,59.97111937173781,47.46423065487924
1415,88.00928606797856,84.29004504273416,130.84607862924614,156.6319611611015
1416,25.885084137640757,84.29004504273416,57.24515940029518,51.024047953995186
1417,0.0,0.0,4.088939957163942,0.0
1418,93.18630289550673,151.72208107692148,85.86773910044276,65.26331715045895
1419,36.23911779269706,16.85800900854683,49.0672794859673,51.024047953995186
1420,5.177016827528151,16.85800900854683,53.15621944313124,77.12937481417876
1421,10.354033655056302,16.85800900854683,20.444699785819708,10.679451897347828
1422,1506.511896810692,792.3264234017012,1634.2130028798551,1512.922352124276
1423,36.23911779269706,0.0,13.629799857213138,20.172298028323674
1424,0.0,0.0,2.7259599714426277,0.0
1425,5.177016827528151,0.0,8.177879914327884,9.492846130975849
1426,36.23911779269706,0.0,21.80767977154102,24.918721093811598
1427,41.41613462022521,0.0,29.985559685868903,42.71780758939131
1428,82.83226924045042,50.574027025640504,66.78601930034436,83.06240364603867
1429,10.354033655056302,118.00606305982784,76.32687920039358,105.60791320710631
1430,31.062100965168906,0.0,40.889399571639416,52.21065372036716
1431,31.062100965168906,84.29004504273416,53.15621944313124,49.837442187623196
1432,0.0,0.0,0.0,1.1866057663719811
1433,5.177016827528151,0.0,0.0,1.1866057663719811
1434,10.354033655056302,50.574027025640504,46.34131951452467,61.703499851343004
1435,72.47823558539412,84.29004504273416,79.0528391718362,116.28736510445414
1436,25.885084137640757,16.85800900854683,16.355759828655767,36.784778757531406
1437,51.77016827528151,16.85800900854683,64.06005932890174,107.98112473985027
1438,51.77016827528151,33.71601801709366,42.252379557360726,71.19634598231886
1439,77.65525241292227,84.29004504273416,85.86773910044276,74.7561632814348
1440,5.177016827528151,0.0,12.266819871491824,9.492846130975849
1441,5.177016827528151,0.0,1.3629799857213138,1.1866057663719811
1442,51.77016827528151,16.85800900854683,69.511979271787,62.89010561771499
1443,279.55890868652017,101.14805405128101,91.31965904332802,83.06240364603867
1444,5.177016827528151,0.0,5.451919942885255,7.119634598231885
1445,5.177016827528151,0.0,29.985559685868903,14.23926919646377
1446,56.94718510280967,33.71601801709366,40.889399571639416,42.71780758939131
1447,10.354033655056302,0.0,1.3629799857213138,2.3732115327439622
1448,1853.3720242550783,1449.7887747350276,2119.433877796643,2163.182312096121
1449,41.41613462022521,33.71601801709366,21.80767977154102,21.358903794695657
1450,144.95647117078823,84.29004504273416,27.259599714426276,14.23926919646377
1451,62.12420193033781,33.71601801709366,42.252379557360726,36.784778757531406
1452,10.354033655056302,16.85800900854683,1.3629799857213138,2.3732115327439622
1453,10.354033655056302,16.85800900854683,25.896619728704962,40.34459605664735
1454,150.13348799831638,67.43203603418732,65.42303931462307,56.95707678585508
1455,341.68311061685796,134.86407206837464,227.6176576154594,194.60334568500488
1456,0.0,0.0,0.0,1.1866057663719811
1457,77.65525241292227,50.574027025640504,68.14899928606569,68.82313444957491
1458,20.708067310112604,16.85800900854683,23.170659757262335,23.73211532743962
1459,144.95647117078823,84.29004504273416,70.87495925750832,81.87579787966669
1460,0.0,0.0,2.7259599714426277,3.5598172991159425
1461,46.593151447753364,0.0,55.88217941457387,40.34459605664735
1462,25.885084137640757,16.85800900854683,12.266819871491824,21.358903794695657
1463,5.177016827528151,0.0,0.0,0.0
1464,108.71735337809118,134.86407206837464,102.22349892909853,93.74185554338649
1465,56.94718510280967,84.29004504273416,51.793239457409925,17.799086495579715
1466,20.708067310112604,16.85800900854683,2.7259599714426277,4.7464230654879245
1467,98.36331972303488,50.574027025640504,68.14899928606569,27.291932626555564
1468,25.885084137640757,16.85800900854683,50.430259471688615,52.21065372036716
1469,5.177016827528151,16.85800900854683,29.985559685868903,33.224961458415464
1470,62.12420193033781,84.29004504273416,327.1151965731153,334.62282611689864
1471,186.37260579101346,134.86407206837464,160.83163831511501,135.27305736640582
1472,20.708067310112604,0.0,46.34131951452467,39.15799029027537
1473,0.0,0.0,1.3629799857213138,4.7464230654879245
1474,0.0,0.0,1.3629799857213138,1.1866057663719811
1475,93.18630289550673,16.85800900854683,53.15621944313124,49.837442187623196
1476,88.00928606797856,50.574027025640504,38.16343960019679,48.65083642125122
1477,0.0,0.0,2.7259599714426277,1.1866057663719811
1478,113.89437020561934,84.29004504273416,317.5743366730661,345.30227801424644
1479,269.20487503146387,236.01212611965568,264.4181172299349,217.14885524607251
1480,201.9036562735979,84.29004504273416,228.98063760118072,176.80425918942515
1481,51.77016827528151,0.0,14.992779842934452,21.358903794695657
1482,31.062100965168906,0.0,6.814899928606569,14.23926919646377
1483,5.177016827528151,16.85800900854683,6.814899928606569,5.933028831859905
1484,0.0,33.71601801709366,107.67541887198378,107.98112473985027
1485,98.36331972303488,84.29004504273416,76.32687920039358,67.63652868320291
1486,41.41613462022521,16.85800900854683,23.170659757262335,24.918721093811598
1487,10.354033655056302,0.0,2.7259599714426277,1.1866057663719811
1488,134.60243751573194,50.574027025640504,87.23071908616409,87.80882671152658
1489,673.0121875786597,539.4562882734986,772.8096519039849,859.1025748533142
1490,5.177016827528151,0.0,14.992779842934452,10.679451897347828
1491,0.0,0.0,1.3629799857213138,0.0
1492,15.531050482584453,16.85800900854683,31.348539671590217,54.58386525311113
1493,10.354033655056302,0.0,8.177879914327884,7.119634598231885
1494,25.885084137640757,16.85800900854683,29.985559685868903,30.851749925671502
1495,812.7916419219198,741.7523963760606,471.59107505957456,308.51749925671504
1496,10.354033655056302,0.0,14.992779842934452,3.5598172991159425
1497,15.531050482584453,16.85800900854683,9.540859900049197,4.7464230654879245
1498,491.8165986151744,472.02425223931135,256.240237315607,140.01948043189375
1499,10.354033655056302,33.71601801709366,14.992779842934452,11.86605766371981
1500,10.354033655056302,16.85800900854683,6.814899928606569,2.3732115327439622
1501,5.177016827528151,0.0,0.0,0.0
1502,165.66453848090083,118.00606305982784,249.42533738700038,231.38812444253628
1503,15.531050482584453,50.574027025640504,44.97833952880335,55.770471019483104
1504,20.708067310112604,50.574027025640504,25.896619728704962,28.47853839292754
1505,36.23911779269706,16.85800900854683,54.51919942885255,54.58386525311113
1506,36.23911779269706,33.71601801709366,58.6081393860165,91.36864401064253
1507,67.30121875786597,33.71601801709366,80.41581915755751,96.11506707613046
1508,36.23911779269706,33.71601801709366,50.430259471688615,39.15799029027537
1509,72.47823558539412,67.43203603418732,80.41581915755751,105.60791320710631
1510,5.177016827528151,0.0,2.7259599714426277,2.3732115327439622
1511,46.593151447753364,33.71601801709366,69.511979271787,47.46423065487924
1512,5.177016827528151,0.0,8.177879914327884,5.933028831859905
1513,36.23911779269706,50.574027025640504,36.80045961447547,58.14368255222707
1514,25.885084137640757,50.574027025640504,50.430259471688615,83.06240364603867
1515,0.0,0.0,17.71873981437708,21.358903794695657
1516,196.72663944606975,236.01212611965568,203.08401787247573,230.2015186761643
1517,77.65525241292227,33.71601801709366,61.33409935745912,90.18203824427056
1518,51.77016827528151,16.85800900854683,39.5264195859181,52.21065372036716
1519,0.0,0.0,1.3629799857213138,0.0
1520,20.708067310112604,33.71601801709366,14.992779842934452,15.425874962835751
1521,144.95647117078823,101.14805405128101,100.86051894337723,117.47397087082611
1522,134.60243751573194,67.43203603418732,106.31243888626248,107.98112473985027
1523,15.531050482584453,16.85800900854683,19.081719800098394,14.23926919646377
1524,67.30121875786597,50.574027025640504,47.70429950024598,34.411567224787454
1525,20.708067310112604,50.574027025640504,40.889399571639416,49.837442187623196
1526,15.531050482584453,16.85800900854683,10.90383988577051,18.985692261951698
1527,248.49680772135125,269.7281441367493,532.9251744170338,631.2742677098939
1528,41.41613462022521,134.86407206837464,177.1873981437708,201.72298028323675
1529,46.593151447753364,67.43203603418732,23.170659757262335,15.425874962835751
1530,5.177016827528151,0.0,4.088939957163942,3.5598172991159425
1531,0.0,0.0,14.992779842934452,10.679451897347828
1532,30601.346467518903,25995.049891179217,20758.18518253561,15271.616213207395
1533,0.0,0.0,1.3629799857213138,1.1866057663719811
1534,0.0,16.85800900854683,5.451919942885255,2.3732115327439622
1535,108.71735337809118,118.00606305982784,40.889399571639416,51.024047953995186
1536,20.708067310112604,0.0,10.90383988577051,17.799086495579715
1537,300.26697599663277,50.574027025640504,175.82441815804947,210.02922064784065
1538,491.8165986151744,337.16018017093666,201.72103788675446,212.40243218058458
1539,5.177016827528151,16.85800900854683,4.088939957163942,20.172298028323674
1540,0.0,16.85800900854683,12.266819871491824,8.306240364603866
1541,93.18630289550673,50.574027025640504,84.50475911472145,77.12937481417876
1542,5.177016827528151,33.71601801709366,29.985559685868903,24.918721093811598
1543,20.708067310112604,33.71601801709366,14.992779842934452,16.612480729207732
1544,15.531050482584453,0.0,29.985559685868903,33.224961458415464
1545,10.354033655056302,16.85800900854683,2.7259599714426277,11.86605766371981
1546,5.177016827528151,0.0,14.992779842934452,8.306240364603866
1547,124.24840386067562,151.72208107692148,141.74991851501665,149.5123265628696
1548,0.0,0.0,9.540859900049197,9.492846130975849
1549,5.177016827528151,0.0,84.50475911472145,64.07671138408698
1550,51.77016827528151,16.85800900854683,34.074499643032844,47.46423065487924
1551,51.77016827528151,50.574027025640504,53.15621944313124,48.65083642125122
1552,139.77945434326008,118.00606305982784,89.9566790576067,88.99543247789858
1553,0.0,0.0,2.7259599714426277,2.3732115327439622
1554,0.0,0.0,8.177879914327884,2.3732115327439622
1555,88.00928606797856,118.00606305982784,280.77387705859064,156.6319611611015
1556,0.0,0.0,6.814899928606569,4.7464230654879245
1557,0.0,0.0,29.985559685868903,22.54550956106764
1558,0.0,0.0,49.0672794859673,42.71780758939131
1559,5.177016827528151,0.0,0.0,1.1866057663719811
1560,0.0,0.0,19.081719800098394,20.172298028323674
1561,31.062100965168906,0.0,35.43747962875416,42.71780758939131
1562,15.531050482584453,0.0,13.629799857213138,22.54550956106764
1563,62.12420193033781,0.0,27.259599714426276,33.224961458415464
1564,51.77016827528151,134.86407206837464,1094.472928534215,970.6435168922803
1565,36.23911779269706,67.43203603418732,59.97111937173781,68.82313444957491
1566,0.0,0.0,6.814899928606569,1.1866057663719811
1567,0.0,0.0,1.3629799857213138,1.1866057663719811
1568,108.71735337809118,16.85800900854683,51.793239457409925,20.172298028323674
1569,113.89437020561934,185.43809909401514,84.50475911472145,78.31598058055074
1570,20.708067310112604,16.85800900854683,61.33409935745912,43.90441335576329
1571,129.4254206882038,16.85800900854683,62.697079343180434,35.59817299115943
1572,388.27626206461133,286.5861531452962,182.63931808665603,71.19634598231886
1573,15.531050482584453,0.0,1.3629799857213138,11.86605766371981
1574,5.177016827528151,0.0,1.3629799857213138,0.0
1575,0.0,0.0,0.0,2.3732115327439622
1576,10.354033655056302,0.0,12.266819871491824,14.23926919646377
1577,0.0,0.0,4.088939957163942,1.1866057663719811
1578,15.531050482584453,0.0,20.444699785819708,7.119634598231885
1579,31.062100965168906,50.574027025640504,12.266819871491824,16.612480729207732
1580,5.177016827528151,0.0,2.7259599714426277,4.7464230654879245
1581,119.07138703314749,134.86407206837464,226.25467762973807,187.48371108677298
1582,10.354033655056302,16.85800900854683,16.355759828655767,11.86605766371981
1583,10.354033655056302,0.0,0.0,0.0
1584,5.177016827528151,33.71601801709366,27.259599714426276,13.05266343009179
1585,0.0,0.0,27.259599714426276,16.612480729207732
1586,36.23911779269706,0.0,84.50475911472145,46.277624888507255
1587,5.177016827528151,0.0,159.4686583293937,269.3595089664397
1588,25.885084137640757,118.00606305982784,10.90383988577051,4.7464230654879245
1589,191.5496226185416,134.86407206837464,179.9133581152134,181.55068225491308
1590,0.0,0.0,0.0,3.5598172991159425
1591,51.77016827528151,16.85800900854683,23.170659757262335,23.73211532743962
1592,134.60243751573194,67.43203603418732,54.51919942885255,85.43561517878263
1593,0.0,0.0,0.0,4.7464230654879245
1594,0.0,0.0,1.3629799857213138,0.0
1595,10.354033655056302,16.85800900854683,19.081719800098394,2.3732115327439622
1596,5.177016827528151,16.85800900854683,24.53363974298365,16.612480729207732
1597,10.354033655056302,0.0,4.088939957163942,28.47853839292754
1598,15.531050482584453,84.29004504273416,17.71873981437708,7.119634598231885
1599,113.89437020561934,84.29004504273416,81.77879914327883,39.15799029027537
1600,0.0,0.0,0.0,1.1866057663719811
1601,25.885084137640757,33.71601801709366,36.80045961447547,42.71780758939131
1602,0.0,0.0,6.814899928606569,3.5598172991159425
1603,15.531050482584453,16.85800900854683,23.170659757262335,16.612480729207732
1604,0.0,0.0,9.540859900049197,3.5598172991159425
1605,0.0,0.0,0.0,1.1866057663719811
1606,0.0,33.71601801709366,9.540859900049197,9.492846130975849
1607,5.177016827528151,16.85800900854683,32.711519657311534,33.224961458415464
1608,77.65525241292227,101.14805405128101,79.0528391718362,90.18203824427056
1609,51.77016827528151,33.71601801709366,32.711519657311534,39.15799029027537
1610,113.89437020561934,84.29004504273416,38.16343960019679,45.09101912213528
1611,31.062100965168906,16.85800900854683,20.444699785819708,21.358903794695657
1612,15.531050482584453,0.0,6.814899928606569,11.86605766371981
1613,5.177016827528151,0.0,1.3629799857213138,0.0
1614,0.0,0.0,4.088939957163942,1.1866057663719811
1615,0.0,0.0,5.451919942885255,1.1866057663719811
1616,15.531050482584453,0.0,13.629799857213138,10.679451897347828
1617,0.0,0.0,0.0,1.1866057663719811
1618,77.65525241292227,67.43203603418732,53.15621944313124,41.53120182301934
1619,36.23911779269706,84.29004504273416,87.23071908616409,62.89010561771499
1620,20.708067310112604,50.574027025640504,13.629799857213138,20.172298028323674
1621,0.0,0.0,1.3629799857213138,1.1866057663719811
1622,25.885084137640757,33.71601801709366,16.355759828655767,20.172298028323674
1623,0.0,0.0,16.355759828655767,13.05266343009179
1624,20.708067310112604,16.85800900854683,35.43747962875416,26.10532686018358
1625,170.84155530842898,118.00606305982784,107.67541887198378,103.23470167436234
1626,10.354033655056302,0.0,20.444699785819708,11.86605766371981
1627,5.177016827528151,0.0,20.444699785819708,10.679451897347828
1628,15.531050482584453,67.43203603418732,51.793239457409925,97.30167284250244
1629,15.531050482584453,33.71601801709366,35.43747962875416,48.65083642125122
1630,0.0,0.0,8.177879914327884,2.3732115327439622
1631,0.0,0.0,0.0,1.1866057663719811
1632,25.885084137640757,0.0,24.53363974298365,33.224961458415464
1633,31.062100965168906,16.85800900854683,6.814899928606569,5.933028831859905
1634,10.354033655056302,0.0,4.088939957163942,2.3732115327439622
1635,5.177016827528151,0.0,2.7259599714426277,5.933028831859905
1636,5.177016827528151,16.85800900854683,4.088939957163942,4.7464230654879245
1637,72.47823558539412,50.574027025640504,92.68263902904934,87.80882671152658
1638,0.0,0.0,2.7259599714426277,3.5598172991159425
1639,5.177016827528151,0.0,8.177879914327884,17.799086495579715
1640,0.0,0.0,10.90383988577051,14.23926919646377
1641,0.0,0.0,1.3629799857213138,4.7464230654879245
1642,5.177016827528151,0.0,13.629799857213138,5.933028831859905
1643,0.0,0.0,64.06005932890174,36.784778757531406
1644,36.23911779269706,16.85800900854683,283.4998370300333,285.97198969564744
1645,10.354033655056302,0.0,27.259599714426276,24.918721093811598
1646,5.177016827528151,33.71601801709366,14.992779842934452,9.492846130975849
1647,0.0,0.0,2.7259599714426277,0.0
1648,0.0,0.0,4.088939957163942,4.7464230654879245
1649,5.177016827528151,67.43203603418732,13.629799857213138,3.5598172991159425
1650,0.0,0.0,2.7259599714426277,2.3732115327439622
1651,77.65525241292227,33.71601801709366,32.711519657311534,46.277624888507255
1652,5.177016827528151,0.0,0.0,0.0
1653,20.708067310112604,0.0,31.348539671590217,29.665144159299523
1654,5.177016827528151,16.85800900854683,10.90383988577051,20.172298028323674
1655,25.885084137640757,0.0,31.348539671590217,7.119634598231885
1656,0.0,0.0,1.3629799857213138,0.0
1657,25.885084137640757,0.0,5.451919942885255,7.119634598231885
1658,25.885084137640757,16.85800900854683,29.985559685868903,22.54550956106764
1659,0.0,33.71601801709366,20.444699785819708,9.492846130975849
1660,36.23911779269706,50.574027025640504,55.88217941457387,56.95707678585508
1661,56.94718510280967,67.43203603418732,59.97111937173781,52.21065372036716
1662,0.0,0.0,5.451919942885255,4.7464230654879245
1663,10.354033655056302,0.0,25.896619728704962,17.799086495579715
1664,0.0,0.0,12.266819871491824,10.679451897347828
1665,0.0,0.0,1.3629799857213138,1.1866057663719811
1666,15.531050482584453,0.0,32.711519657311534,20.172298028323674
1667,0.0,0.0,1.3629799857213138,1.1866057663719811
1668,0.0,0.0,2.7259599714426277,2.3732115327439622
1669,15.531050482584453,16.85800900854683,4.088939957163942,22.54550956106764
1670,15.531050482584453,33.71601801709366,12.266819871491824,23.73211532743962
1671,0.0,0.0,0.0,1.1866057663719811
1672,0.0,0.0,2.7259599714426277,1.1866057663719811
1673,0.0,0.0,6.814899928606569,7.119634598231885
1674,15.531050482584453,0.0,19.081719800098394,13.05266343009179
1675,10.354033655056302,0.0,0.0,0.0
1676,41.41613462022521,16.85800900854683,21.80767977154102,9.492846130975849
1677,72.47823558539412,84.29004504273416,118.57925875775429,97.30167284250244
1678,10.354033655056302,0.0,28.62257970014759,37.971384523903396
1679,5.177016827528151,33.71601801709366,12.266819871491824,14.23926919646377
1680,10.354033655056302,0.0,124.03117870063956,156.6319611611015
1681,243.31979089382313,185.43809909401514,160.83163831511501,189.85692261951695
1682,181.1955889634853,84.29004504273416,261.6921572584923,201.72298028323675
1683,5.177016827528151,0.0,79.0528391718362,47.46423065487924
1684,10.354033655056302,0.0,8.177879914327884,3.5598172991159425
1685,0.0,0.0,1.3629799857213138,0.0
1686,0.0,0.0,1.3629799857213138,3.5598172991159425
1687,10.354033655056302,0.0,5.451919942885255,4.7464230654879245
1688,0.0,16.85800900854683,2.7259599714426277,4.7464230654879245
1689,31.062100965168906,16.85800900854683,17.71873981437708,9.492846130975849
1690,284.7359255140483,269.7281441367493,282.1368570443119,244.4407878726281
1691,25.885084137640757,16.85800900854683,25.896619728704962,27.291932626555564
1692,10.354033655056302,0.0,13.629799857213138,23.73211532743962
1693,10.354033655056302,67.43203603418732,19.081719800098394,26.10532686018358
1694,5.177016827528151,0.0,36.80045961447547,47.46423065487924
1695,5.177016827528151,0.0,13.629799857213138,10.679451897347828
1696,51.77016827528151,50.574027025640504,14.992779842934452,13.05266343009179
1697,72.47823558539412,16.85800900854683,39.5264195859181,70.00974021594688
1698,0.0,0.0,12.266819871491824,14.23926919646377
1699,20.708067310112604,16.85800900854683,21.80767977154102,40.34459605664735
1700,0.0,33.71601801709366,6.814899928606569,5.933028831859905
1701,5.177016827528151,16.85800900854683,10.90383988577051,15.425874962835751
1702,10.354033655056302,0.0,2.7259599714426277,0.0
1703,0.0,33.71601801709366,23.170659757262335,11.86605766371981
1704,0.0,16.85800900854683,34.074499643032844,48.65083642125122
1705,5.177016827528151,0.0,4.088939957163942,5.933028831859905
1706,0.0,0.0,1.3629799857213138,0.0
1707,10.354033655056302,33.71601801709366,8.177879914327884,8.306240364603866
1708,77.65525241292227,16.85800900854683,64.06005932890174,51.024047953995186
1709,5.177016827528151,0.0,0.0,1.1866057663719811
1710,51.77016827528151,84.29004504273416,31.348539671590217,40.34459605664735
1711,51.77016827528151,0.0,38.16343960019679,47.46423065487924
1712,20.708067310112604,0.0,13.629799857213138,20.172298028323674
1713,10.354033655056302,0.0,8.177879914327884,16.612480729207732
1714,5.177016827528151,16.85800900854683,35.43747962875416,36.784778757531406
1715,62.12420193033781,16.85800900854683,42.252379557360726,37.971384523903396
1716,10.354033655056302,16.85800900854683,13.629799857213138,7.119634598231885
1717,98.36331972303488,16.85800900854683,84.50475911472145,74.7561632814348
1718,20.708067310112604,16.85800900854683,23.170659757262335,7.119634598231885
1719,9054.602431346737,10081.089387111006,2968.5704089010214,1505.8027175260438
1720,393.4532788921395,354.0181891794835,29.985559685868903,8.306240364603866
1721,0.0,0.0,0.0,1.1866057663719811
1722,305.44399282416094,219.15411711110883,314.84837670162347,291.9050185275073
1723,0.0,0.0,0.0,1.1866057663719811
1724,20.708067310112604,0.0,46.34131951452467,37.971384523903396
1725,10.354033655056302,16.85800900854683,2.7259599714426277,1.1866057663719811
1726,46.593151447753364,0.0,28.62257970014759,35.59817299115943
1727,5.177016827528151,16.85800900854683,25.896619728704962,18.985692261951698
1728,103.54033655056303,50.574027025640504,38.16343960019679,52.21065372036716
1729,0.0,0.0,0.0,3.5598172991159425
1730,5.177016827528151,33.71601801709366,21.80767977154102,27.291932626555564
1731,10.354033655056302,16.85800900854683,0.0,2.3732115327439622
1732,0.0,0.0,0.0,1.1866057663719811
1733,20.708067310112604,33.71601801709366,25.896619728704962,21.358903794695657
1734,5.177016827528151,0.0,1.3629799857213138,0.0
1735,15.531050482584453,67.43203603418732,40.889399571639416,15.425874962835751
1736,51.77016827528151,33.71601801709366,62.697079343180434,47.46423065487924
1737,31.062100965168906,16.85800900854683,77.68985918611489,79.50258634692273
1738,0.0,0.0,1.3629799857213138,0.0
1739,5.177016827528151,0.0,36.80045961447547,23.73211532743962
1740,113.89437020561934,84.29004504273416,143.11289850073794,117.47397087082611
1741,15.531050482584453,33.71601801709366,6.814899928606569,8.306240364603866
1742,36.23911779269706,16.85800900854683,35.43747962875416,67.63652868320291
1743,25.885084137640757,0.0,27.259599714426276,20.172298028323674
1744,56.94718510280967,50.574027025640504,55.88217941457387,61.703499851343004
1745,20.708067310112604,50.574027025640504,38.16343960019679,40.34459605664735
1746,20.708067310112604,0.0,8.177879914327884,17.799086495579715
1747,5.177016827528151,33.71601801709366,20.444699785819708,26.10532686018358
1748,0.0,0.0,2.7259599714426277,5.933028831859905
1749,20.708067310112604,16.85800900854683,9.540859900049197,14.23926919646377
1750,20.708067310112604,16.85800900854683,21.80767977154102,32.03835569204349
1751,62.12420193033781,50.574027025640504,34.074499643032844,24.918721093811598
1752,227.78874041123868,151.72208107692148,149.9277984293445,145.95250926375365
1753,25.885084137640757,16.85800900854683,19.081719800098394,16.612480729207732
1754,41.41613462022521,33.71601801709366,57.24515940029518,66.44992291683093
1755,150.13348799831638,134.86407206837464,122.66819871491823,111.54094203896621
1756,5.177016827528151,0.0,0.0,0.0
1757,67.30121875786597,50.574027025640504,113.12733881486903,88.99543247789858
1758,36.23911779269706,0.0,24.53363974298365,20.172298028323674
1759,15.531050482584453,16.85800900854683,40.889399571639416,26.10532686018358
1760,0.0,0.0,4.088939957163942,4.7464230654879245
1761,41.41613462022521,33.71601801709366,64.06005932890174,49.837442187623196
1762,5.177016827528151,0.0,4.088939957163942,21.358903794695657
1763,5.177016827528151,0.0,14.992779842934452,16.612480729207732
1764,0.0,0.0,6.814899928606569,1.1866057663719811
1765,414.1613462022521,320.3021711623898,241.24745747267252,237.32115327439618
1766,36.23911779269706,67.43203603418732,38.16343960019679,42.71780758939131
1767,5.177016827528151,0.0,16.355759828655767,11.86605766371981
1768,0.0,0.0,4.088939957163942,14.23926919646377
1769,10.354033655056302,16.85800900854683,12.266819871491824,17.799086495579715
1770,10.354033655056302,50.574027025640504,19.081719800098394,22.54550956106764
1771,20.708067310112604,16.85800900854683,31.348539671590217,54.58386525311113
1772,119.07138703314749,50.574027025640504,109.0383988577051,128.15342276817395
1773,0.0,0.0,0.0,1.1866057663719811
1774,108.71735337809118,33.71601801709366,87.23071908616409,160.19177846021742
1775,0.0,16.85800900854683,2.7259599714426277,3.5598172991159425
1776,5.177016827528151,0.0,1.3629799857213138,2.3732115327439622
1777,25.885084137640757,16.85800900854683,25.896619728704962,20.172298028323674
1778,62.12420193033781,0.0,74.96389921467225,78.31598058055074
1779,93.18630289550673,33.71601801709366,73.60091922895094,103.23470167436234
1780,56.94718510280967,67.43203603418732,62.697079343180434,60.51689408497103
1781,0.0,0.0,1.3629799857213138,0.0
1782,0.0,0.0,0.0,1.1866057663719811
1783,15.531050482584453,50.574027025640504,47.70429950024598,42.71780758939131
1784,0.0,0.0,1.3629799857213138,3.5598172991159425
1785,46.593151447753364,33.71601801709366,29.985559685868903,37.971384523903396
1786,0.0,0.0,1.3629799857213138,2.3732115327439622
1787,51.77016827528151,134.86407206837464,170.3724982151642,192.23013415226092
1788,51.77016827528151,67.43203603418732,23.170659757262335,28.47853839292754
1789,0.0,0.0,0.0,1.1866057663719811
1790,0.0,33.71601801709366,6.814899928606569,20.172298028323674
1791,10.354033655056302,0.0,4.088939957163942,1.1866057663719811
1792,72.47823558539412,118.00606305982784,54.51919942885255,70.00974021594688
1793,0.0,0.0,1.3629799857213138,0.0
1794,0.0,0.0,58.6081393860165,52.21065372036716
1795,5.177016827528151,16.85800900854683,47.70429950024598,52.21065372036716
1796,0.0,0.0,8.177879914327884,10.679451897347828
1797,41.41613462022521,50.574027025640504,72.23793924322963,96.11506707613046
1798,0.0,0.0,1.3629799857213138,1.1866057663719811
1799,5.177016827528151,16.85800900854683,12.266819871491824,17.799086495579715
1800,10.354033655056302,0.0,13.629799857213138,8.306240364603866
1801,5.177016827528151,0.0,32.711519657311534,27.291932626555564
1802,15.531050482584453,16.85800900854683,36.80045961447547,17.799086495579715
1803,0.0,0.0,2.7259599714426277,1.1866057663719811
1804,5.177016827528151,16.85800900854683,16.355759828655767,34.411567224787454
1805,62.12420193033781,84.29004504273416,49.0672794859673,28.47853839292754
1806,15.531050482584453,0.0,53.15621944313124,43.90441335576329
1807,0.0,0.0,6.814899928606569,7.119634598231885
1808,0.0,16.85800900854683,23.170659757262335,29.665144159299523
1809,5.177016827528151,0.0,59.97111937173781,26.10532686018358
1810,36.23911779269706,33.71601801709366,50.430259471688615,97.30167284250244
1811,5.177016827528151,0.0,6.814899928606569,11.86605766371981
1812,0.0,16.85800900854683,39.5264195859181,51.024047953995186
1813,0.0,0.0,2.7259599714426277,2.3732115327439622
1814,56.94718510280967,33.71601801709366,34.074499643032844,22.54550956106764
1815,0.0,0.0,1.3629799857213138,0.0
1816,5.177016827528151,16.85800900854683,17.71873981437708,27.291932626555564
1817,51.77016827528151,84.29004504273416,54.51919942885255,62.89010561771499
1818,5.177016827528151,0.0,2.7259599714426277,1.1866057663719811
1819,5.177016827528151,0.0,2.7259599714426277,7.119634598231885
1820,88.00928606797856,50.574027025640504,158.1056783436724,132.89984583366186
1821,46.593151447753364,50.574027025640504,31.348539671590217,48.65083642125122
1822,5.177016827528151,16.85800900854683,9.540859900049197,4.7464230654879245
1823,67.30121875786597,50.574027025640504,64.06005932890174,62.89010561771499
1824,41.41613462022521,50.574027025640504,25.896619728704962,18.985692261951698
1825,20.708067310112604,16.85800900854683,12.266819871491824,5.933028831859905
1826,0.0,0.0,0.0,1.1866057663719811
1827,0.0,0.0,0.0,1.1866057663719811
1828,0.0,0.0,2.7259599714426277,0.0
1829,5.177016827528151,50.574027025640504,66.78601930034436,58.14368255222707
1830,31.062100965168906,50.574027025640504,84.50475911472145,93.74185554338649
1831,62.12420193033781,33.71601801709366,27.259599714426276,28.47853839292754
1832,10.354033655056302,0.0,65.42303931462307,54.58386525311113
1833,5.177016827528151,0.0,0.0,0.0
1834,5.177016827528151,16.85800900854683,2.7259599714426277,5.933028831859905
1835,0.0,0.0,1.3629799857213138,1.1866057663719811
1836,5.177016827528151,0.0,2.7259599714426277,1.1866057663719811
1837,15.531050482584453,0.0,28.62257970014759,22.54550956106764
1838,0.0,0.0,0.0,2.3732115327439622
1839,0.0,33.71601801709366,1.3629799857213138,13.05266343009179
1840,0.0,0.0,9.540859900049197,1.1866057663719811
1841,25.885084137640757,33.71601801709366,47.70429950024598,51.024047953995186
1842,20.708067310112604,67.43203603418732,35.43747962875416,41.53120182301934
1843,0.0,0.0,1.3629799857213138,0.0
1844,0.0,0.0,2.7259599714426277,8.306240364603866
1845,93.18630289550673,67.43203603418732,62.697079343180434,55.770471019483104
1846,113.89437020561934,101.14805405128101,20.444699785819708,15.425874962835751
1847,0.0,0.0,0.0,1.1866057663719811
1848,15.531050482584453,0.0,16.355759828655767,8.306240364603866
1849,0.0,0.0,1.3629799857213138,0.0
1850,5.177016827528151,16.85800900854683,58.6081393860165,33.224961458415464
1851,31.062100965168906,16.85800900854683,16.355759828655767,20.172298028323674
1852,5.177016827528151,0.0,1.3629799857213138,2.3732115327439622
1853,10.354033655056302,33.71601801709366,19.081719800098394,27.291932626555564
1854,0.0,0.0,2.7259599714426277,2.3732115327439622
1855,999.1642477129332,606.8883243076859,629.6967534032469,868.5954209842901
1856,729.9593726814693,640.6043423247796,523.3843145169845,270.54611473281165
1857,0.0,0.0,1.3629799857213138,0.0
1858,88.00928606797856,50.574027025640504,85.86773910044276,94.92846130975848
1859,5.177016827528151,16.85800900854683,6.814899928606569,7.119634598231885
1860,124.24840386067562,0.0,96.77157898621327,85.43561517878263
1861,0.0,0.0,2.7259599714426277,0.0
1862,1496.1578631556358,775.4684143931543,2248.9169764401677,2569.001484195339
1863,15.531050482584453,16.85800900854683,12.266819871491824,23.73211532743962
1864,0.0,0.0,0.0,2.3732115327439622
1865,25.885084137640757,33.71601801709366,20.444699785819708,18.985692261951698
1866,10.354033655056302,0.0,46.34131951452467,17.799086495579715
1867,25.885084137640757,0.0,9.540859900049197,11.86605766371981
1868,0.0,0.0,4.088939957163942,2.3732115327439622
1869,0.0,0.0,0.0,1.1866057663719811
1870,31.062100965168906,33.71601801709366,10.90383988577051,24.918721093811598
1871,5.177016827528151,50.574027025640504,28.62257970014759,20.172298028323674
1872,434.8694135123647,252.8701351282025,166.28355825800028,204.09619181598075
1873,0.0,0.0,0.0,13.05266343009179
1874,10.354033655056302,0.0,6.814899928606569,16.612480729207732
1875,36.23911779269706,0.0,42.252379557360726,36.784778757531406
1876,10.354033655056302,16.85800900854683,12.266819871491824,33.224961458415464
1877,20.708067310112604,84.29004504273416,31.348539671590217,23.73211532743962
1878,31.062100965168906,16.85800900854683,99.4975389576559,137.64626889914982
1879,46.593151447753364,84.29004504273416,166.28355825800028,136.45966313277782
1880,51.77016827528151,0.0,55.88217941457387,55.770471019483104
1881,56.94718510280967,33.71601801709366,76.32687920039358,65.26331715045895
1882,186.37260579101346,84.29004504273416,151.29077841506583,181.55068225491308
1883,62.12420193033781,16.85800900854683,29.985559685868903,39.15799029027537
1884,0.0,0.0,5.451919942885255,16.612480729207732
1885,10.354033655056302,0.0,9.540859900049197,27.291932626555564
1886,10.354033655056302,50.574027025640504,20.444699785819708,29.665144159299523
1887,0.0,0.0,1.3629799857213138,0.0
1888,0.0,0.0,5.451919942885255,5.933028831859905
1889,15.531050482584453,33.71601801709366,12.266819871491824,21.358903794695657
1890,0.0,67.43203603418732,34.074499643032844,39.15799029027537
1891,10.354033655056302,0.0,5.451919942885255,5.933028831859905
1892,0.0,0.0,0.0,2.3732115327439622
1893,5.177016827528151,0.0,1.3629799857213138,0.0
1894,0.0,16.85800900854683,16.355759828655767,15.425874962835751
1895,5.177016827528151,0.0,9.540859900049197,13.05266343009179
1896,0.0,0.0,1.3629799857213138,0.0
1897,0.0,0.0,1.3629799857213138,4.7464230654879245
1898,20.708067310112604,84.29004504273416,64.06005932890174,45.09101912213528
1899,238.14277406629498,118.00606305982784,35.43747962875416,41.53120182301934
1900,0.0,0.0,2.7259599714426277,3.5598172991159425
1901,108.71735337809118,50.574027025640504,158.1056783436724,194.60334568500488
1902,10.354033655056302,16.85800900854683,5.451919942885255,8.306240364603866
1903,274.381891858992,303.44416215384297,958.1749299620836,964.7104880604205
1904,20.708067310112604,0.0,10.90383988577051,11.86605766371981
1905,25.885084137640757,33.71601801709366,17.71873981437708,16.612480729207732
1906,0.0,0.0,4.088939957163942,4.7464230654879245
1907,517.7016827528151,387.73420719657713,452.50935525947614,479.3887296142803
1908,5.177016827528151,0.0,1.3629799857213138,0.0
1909,0.0,0.0,0.0,1.1866057663719811
1910,0.0,0.0,0.0,3.5598172991159425
1911,0.0,0.0,1.3629799857213138,3.5598172991159425
1912,46.593151447753364,67.43203603418732,84.50475911472145,70.00974021594688
1913,5.177016827528151,0.0,9.540859900049197,10.679451897347828
1914,20.708067310112604,16.85800900854683,12.266819871491824,13.05266343009179
1915,564.2948342005685,286.5861531452962,308.0334767730169,172.05783612393725
1916,5.177016827528151,0.0,1.3629799857213138,2.3732115327439622
1917,0.0,0.0,0.0,26.10532686018358
1918,191.5496226185416,33.71601801709366,65.42303931462307,55.770471019483104
1919,15.531050482584453,16.85800900854683,10.90383988577051,21.358903794695657
1920,108.71735337809118,118.00606305982784,32.711519657311534,49.837442187623196
1921,20.708067310112604,33.71601801709366,25.896619728704962,47.46423065487924
1922,0.0,0.0,1.3629799857213138,2.3732115327439622
1923,25.885084137640757,16.85800900854683,16.355759828655767,14.23926919646377
1924,5.177016827528151,0.0,43.61535954308204,22.54550956106764
1925,25.885084137640757,16.85800900854683,19.081719800098394,17.799086495579715
1926,36.23911779269706,16.85800900854683,32.711519657311534,27.291932626555564
1927,67.30121875786597,16.85800900854683,111.76435882914774,98.48827860887442
1928,5.177016827528151,16.85800900854683,9.540859900049197,7.119634598231885
1929,10.354033655056302,0.0,8.177879914327884,17.799086495579715
1930,139.77945434326008,84.29004504273416,95.40859900049196,83.06240364603867
1931,0.0,0.0,2.7259599714426277,3.5598172991159425
1932,5.177016827528151,0.0,2.7259599714426277,14.23926919646377
1933,10.354033655056302,0.0,21.80767977154102,36.784778757531406
1934,181.1955889634853,134.86407206837464,119.94223874347561,92.55524977701451
1935,15.531050482584453,33.71601801709366,62.697079343180434,27.291932626555564
1936,0.0,0.0,1.3629799857213138,0.0
1937,31.062100965168906,50.574027025640504,32.711519657311534,43.90441335576329
1938,201.9036562735979,151.72208107692148,245.33639742983647,212.40243218058458
1939,20.708067310112604,33.71601801709366,59.97111937173781,53.39725948673914
1940,31.062100965168906,0.0,19.081719800098394,15.425874962835751
1941,67.30121875786597,50.574027025640504,59.97111937173781,53.39725948673914
1942,31.062100965168906,33.71601801709366,35.43747962875416,27.291932626555564
1943,20.708067310112604,0.0,6.814899928606569,13.05266343009179
1944,25.885084137640757,0.0,2.7259599714426277,2.3732115327439622
1945,0.0,0.0,0.0,1.1866057663719811
1946,5.177016827528151,0.0,23.170659757262335,13.05266343009179
1947,0.0,0.0,17.71873981437708,5.933028831859905
1948,0.0,0.0,4.088939957163942,2.3732115327439622
1949,0.0,0.0,4.088939957163942,3.5598172991159425
1950,25.885084137640757,33.71601801709366,24.53363974298365,37.971384523903396
1951,0.0,0.0,2.7259599714426277,9.492846130975849
1952,88.00928606797856,0.0,34.074499643032844,32.03835569204349
1953,56.94718510280967,67.43203603418732,74.96389921467225,62.89010561771499
1954,0.0,0.0,1.3629799857213138,1.1866057663719811
1955,41.41613462022521,0.0,36.80045961447547,43.90441335576329
1956,51.77016827528151,0.0,31.348539671590217,27.291932626555564
1957,82.83226924045042,84.29004504273416,20.444699785819708,10.679451897347828
1958,0.0,0.0,2.7259599714426277,7.119634598231885
1959,20.708067310112604,0.0,13.629799857213138,3.5598172991159425
1960,5.177016827528151,0.0,2.7259599714426277,0.0
1961,5.177016827528151,0.0,1.3629799857213138,0.0
1962,0.0,0.0,0.0,7.119634598231885
1963,10.354033655056302,0.0,4.088939957163942,1.1866057663719811
1964,10.354033655056302,0.0,47.70429950024598,32.03835569204349
1965,56.94718510280967,50.574027025640504,58.6081393860165,48.65083642125122
1966,5.177016827528151,33.71601801709366,8.177879914327884,8.306240364603866
1967,0.0,0.0,0.0,2.3732115327439622
1968,181.1955889634853,151.72208107692148,186.72825804381998,164.93820152570535
1969,25.885084137640757,33.71601801709366,19.081719800098394,11.86605766371981
1970,62.12420193033781,33.71601801709366,65.42303931462307,91.36864401064253
1971,31.062100965168906,50.574027025640504,43.61535954308204,55.770471019483104
1972,5.177016827528151,0.0,24.53363974298365,21.358903794695657
1973,67.30121875786597,33.71601801709366,66.78601930034436,77.12937481417876
1974,0.0,0.0,1.3629799857213138,9.492846130975849
1975,62.12420193033781,16.85800900854683,79.0528391718362,79.50258634692273
1976,0.0,0.0,8.177879914327884,9.492846130975849
1977,176.01857213595713,50.574027025640504,137.66097855785267,124.59360546905799
1978,0.0,0.0,0.0,1.1866057663719811
1979,77.65525241292227,67.43203603418732,68.14899928606569,51.024047953995186
1980,5.177016827528151,0.0,0.0,1.1866057663719811
1981,36.23911779269706,118.00606305982784,32.711519657311534,33.224961458415464
1982,5.177016827528151,0.0,12.266819871491824,23.73211532743962
1983,0.0,0.0,58.6081393860165,53.39725948673914
1984,15.531050482584453,33.71601801709366,35.43747962875416,32.03835569204349
1985,20.708067310112604,67.43203603418732,102.22349892909853,98.48827860887442
1986,72.47823558539412,84.29004504273416,83.14177912900014,65.26331715045895
1987,0.0,0.0,2.7259599714426277,2.3732115327439622
1988,0.0,0.0,5.451919942885255,3.5598172991159425
1989,1734.3006372219306,1011.48054051281,69.511979271787,54.58386525311113
1990,51.77016827528151,0.0,20.444699785819708,22.54550956106764
1991,0.0,16.85800900854683,23.170659757262335,10.679451897347828
1992,15.531050482584453,16.85800900854683,1.3629799857213138,64.07671138408698
1993,2148.4619834241826,2039.8190900341667,1714.6288220374126,1041.8398628745995
1994,0.0,16.85800900854683,1.3629799857213138,3.5598172991159425
1995,5.177016827528151,33.71601801709366,2.7259599714426277,15.425874962835751
1996,5.177016827528151,0.0,23.170659757262335,17.799086495579715
1997,36.23911779269706,33.71601801709366,28.62257970014759,18.985692261951698
1998,129.4254206882038,185.43809909401514,149.9277984293445,106.79451897347828
1999,0.0,0.0,1.3629799857213138,16.612480729207732
2000,0.0,0.0,17.71873981437708,14.23926919646377
2001,0.0,0.0,4.088939957163942,9.492846130975849
2002,1677.3534521191211,1264.3506756410125,2318.428955711955,1923.487947288981
2003,25.885084137640757,33.71601801709366,36.80045961447547,17.799086495579715
2004,15.531050482584453,0.0,20.444699785819708,21.358903794695657
2005,0.0,0.0,16.355759828655767,5.933028831859905
2006,0.0,0.0,23.170659757262335,34.411567224787454
2007,5.177016827528151,0.0,57.24515940029518,42.71780758939131
2008,20.708067310112604,0.0,29.985559685868903,33.224961458415464
2009,0.0,0.0,17.71873981437708,10.679451897347828
2010,5.177016827528151,0.0,0.0,1.1866057663719811
2011,10.354033655056302,0.0,6.814899928606569,2.3732115327439622
2012,0.0,0.0,0.0,1.1866057663719811
2013,10.354033655056302,16.85800900854683,4.088939957163942,8.306240364603866
2014,0.0,16.85800900854683,9.540859900049197,7.119634598231885
2015,0.0,0.0,1.3629799857213138,1.1866057663719811
2016,10.354033655056302,16.85800900854683,4.088939957163942,13.05266343009179
2017,25.885084137640757,33.71601801709366,40.889399571639416,42.71780758939131
2018,155.31050482584453,134.86407206837464,147.20183845790189,100.86149014161838
2019,0.0,0.0,0.0,1.1866057663719811
2020,25.885084137640757,16.85800900854683,13.629799857213138,40.34459605664735
2021,62.12420193033781,67.43203603418732,40.889399571639416,46.277624888507255
2022,0.0,0.0,8.177879914327884,5.933028831859905
2023,0.0,0.0,1.3629799857213138,1.1866057663719811
2024,0.0,0.0,0.0,2.3732115327439622
2025,25.885084137640757,16.85800900854683,16.355759828655767,14.23926919646377
2026,31.062100965168906,16.85800900854683,43.61535954308204,36.784778757531406
2027,5.177016827528151,0.0,12.266819871491824,9.492846130975849
2028,0.0,50.574027025640504,9.540859900049197,4.7464230654879245
2029,36.23911779269706,33.71601801709366,14.992779842934452,24.918721093811598
2030,0.0,16.85800900854683,4.088939957163942,15.425874962835751
2031,36.23911779269706,33.71601801709366,50.430259471688615,62.89010561771499
2032,264.0278582039357,134.86407206837464,224.89169764401677,250.37381670448798
2033,134.60243751573194,134.86407206837464,143.11289850073794,115.10075933808216
2034,25.885084137640757,0.0,46.34131951452467,23.73211532743962
2035,62.12420193033781,16.85800900854683,84.50475911472145,98.48827860887442
2036,20.708067310112604,16.85800900854683,12.266819871491824,8.306240364603866
2037,51.77016827528151,101.14805405128101,43.61535954308204,52.21065372036716
2038,5.177016827528151,0.0,0.0,0.0
2039,5.177016827528151,0.0,4.088939957163942,3.5598172991159425
2040,15.531050482584453,0.0,5.451919942885255,3.5598172991159425
2041,0.0,16.85800900854683,1.3629799857213138,2.3732115327439622
2042,0.0,0.0,23.170659757262335,33.224961458415464
2043,5.177016827528151,0.0,24.53363974298365,11.86605766371981
2044,0.0,0.0,5.451919942885255,2.3732115327439622
2045,5.177016827528151,16.85800900854683,4.088939957163942,0.0
2046,0.0,0.0,1.3629799857213138,0.0
2047,0.0,0.0,2.7259599714426277,3.5598172991159425
2048,31.062100965168906,0.0,70.87495925750832,68.82313444957491
2049,0.0,0.0,39.5264195859181,61.703499851343004
2050,20.708067310112604,84.29004504273416,29.985559685868903,59.330288318599045
2051,5.177016827528151,0.0,0.0,1.1866057663719811
2052,10.354033655056302,0.0,24.53363974298365,14.23926919646377
2053,15.531050482584453,118.00606305982784,189.45421801526263,196.97655721774885
2054,0.0,0.0,2.7259599714426277,1.1866057663719811
2055,0.0,0.0,0.0,1.1866057663719811
2056,129.4254206882038,84.29004504273416,106.31243888626248,102.04809590799037
2057,31.062100965168906,50.574027025640504,31.348539671590217,24.918721093811598
2058,300.26697599663277,269.7281441367493,310.75943674445955,338.18264341601457
2059,20.708067310112604,0.0,24.53363974298365,13.05266343009179
2060,25.885084137640757,0.0,8.177879914327884,59.330288318599045
2061,36.23911779269706,50.574027025640504,32.711519657311534,48.65083642125122
2062,0.0,0.0,2.7259599714426277,7.119634598231885
2063,5.177016827528151,0.0,0.0,3.5598172991159425
2064,0.0,0.0,1.3629799857213138,1.1866057663719811
2065,5.177016827528151,0.0,1.3629799857213138,3.5598172991159425
2066,56.94718510280967,84.29004504273416,66.78601930034436,20.172298028323674
2067,0.0,0.0,0.0,1.1866057663719811
2068,0.0,0.0,1.3629799857213138,2.3732115327439622
2069,88.00928606797856,84.29004504273416,102.22349892909853,129.34002853454592
2070,15.531050482584453,50.574027025640504,12.266819871491824,16.612480729207732
2071,0.0,0.0,6.814899928606569,8.306240364603866
2072,0.0,0.0,0.0,5.933028831859905
2073,20.708067310112604,16.85800900854683,16.355759828655767,17.799086495579715
2074,5.177016827528151,0.0,0.0,8.306240364603866
2075,51.77016827528151,16.85800900854683,25.896619728704962,14.23926919646377
2076,31.062100965168906,16.85800900854683,50.430259471688615,55.770471019483104
2077,0.0,0.0,68.14899928606569,173.24444189030922
2078,25.885084137640757,0.0,44.97833952880335,24.918721093811598
2079,559.1178173730403,269.7281441367493,1797.770601166413,2105.038629543894
2080,0.0,0.0,1.3629799857213138,0.0
2081,0.0,0.0,1.3629799857213138,0.0
2082,248.49680772135125,168.58009008546833,179.9133581152134,164.93820152570535
2083,46.593151447753364,0.0,14.992779842934452,11.86605766371981
2084,10.354033655056302,0.0,14.992779842934452,29.665144159299523
2085,20.708067310112604,67.43203603418732,57.24515940029518,125.78021123542997
2086,0.0,0.0,5.451919942885255,3.5598172991159425
2087,36.23911779269706,0.0,8.177879914327884,13.05266343009179
2088,15.531050482584453,50.574027025640504,43.61535954308204,46.277624888507255
2089,36.23911779269706,50.574027025640504,21.80767977154102,49.837442187623196
2090,0.0,0.0,0.0,2.3732115327439622
2091,20.708067310112604,16.85800900854683,88.5936990718854,74.7561632814348
2092,0.0,0.0,2.7259599714426277,0.0
2093,0.0,0.0,5.451919942885255,3.5598172991159425
2094,25.885084137640757,67.43203603418732,29.985559685868903,21.358903794695657
2095,31.062100965168906,16.85800900854683,36.80045961447547,33.224961458415464
2096,0.0,33.71601801709366,0.0,5.933028831859905
2097,0.0,0.0,5.451919942885255,16.612480729207732
2098,0.0,0.0,1.3629799857213138,1.1866057663719811
2099,0.0,0.0,5.451919942885255,7.119634598231885
2100,0.0,0.0,0.0,2.3732115327439622
2101,0.0,16.85800900854683,10.90383988577051,13.05266343009179
2102,20.708067310112604,33.71601801709366,164.92057827227896,338.18264341601457
2103,10.354033655056302,0.0,10.90383988577051,10.679451897347828
2104,10.354033655056302,16.85800900854683,14.992779842934452,23.73211532743962
2105,20.708067310112604,50.574027025640504,69.511979271787,78.31598058055074
2106,41.41613462022521,0.0,44.97833952880335,53.39725948673914
2107,20.708067310112604,33.71601801709366,53.15621944313124,37.971384523903396
2108,0.0,0.0,2.7259599714426277,2.3732115327439622
2109,5.177016827528151,16.85800900854683,19.081719800098394,4.7464230654879245
2110,0.0,0.0,5.451919942885255,2.3732115327439622
2111,5.177016827528151,16.85800900854683,14.992779842934452,7.119634598231885
2112,15.531050482584453,0.0,8.177879914327884,3.5598172991159425
2113,0.0,0.0,50.430259471688615,49.837442187623196
2114,15.531050482584453,67.43203603418732,58.6081393860165,81.87579787966669
2115,10.354033655056302,33.71601801709366,13.629799857213138,24.918721093811598
2116,46.593151447753364,50.574027025640504,47.70429950024598,29.665144159299523
2117,253.67382454887942,151.72208107692148,273.9589771299841,347.67548954699043
2118,0.0,0.0,0.0,1.1866057663719811
2119,2541.9152623163222,2073.53510805126,1848.2008606381014,1709.8989093420246
2120,31.062100965168906,16.85800900854683,46.34131951452467,71.19634598231886
2121,15.531050482584453,50.574027025640504,24.53363974298365,28.47853839292754
2122,51.77016827528151,134.86407206837464,29.985559685868903,42.71780758939131
2123,0.0,0.0,1.3629799857213138,1.1866057663719811
2124,243.31979089382313,219.15411711110883,284.86281701575456,243.25418210625608
2125,0.0,0.0,20.444699785819708,18.985692261951698
2126,0.0,0.0,2.7259599714426277,0.0
2127,0.0,0.0,2.7259599714426277,1.1866057663719811
2128,31.062100965168906,33.71601801709366,25.896619728704962,16.612480729207732
2129,41.41613462022521,50.574027025640504,55.88217941457387,51.024047953995186
2130,15.531050482584453,16.85800900854683,8.177879914327884,15.425874962835751
2131,0.0,0.0,4.088939957163942,2.3732115327439622
2132,10.354033655056302,0.0,13.629799857213138,9.492846130975849
2133,46.593151447753364,0.0,38.16343960019679,41.53120182301934
2134,46.593151447753364,16.85800900854683,9.540859900049197,13.05266343009179
2135,227.78874041123868,168.58009008546833,208.535937815361,195.78995145137685
2136,10.354033655056302,16.85800900854683,2.7259599714426277,8.306240364603866
2137,10.354033655056302,16.85800900854683,0.0,0.0
2138,0.0,0.0,2.7259599714426277,15.425874962835751
2139,15.531050482584453,0.0,0.0,3.5598172991159425
2140,150.13348799831638,67.43203603418732,121.30521872919692,131.7132400672899
2141,77.65525241292227,84.29004504273416,89.9566790576067,78.31598058055074
2142,931.8630289550673,387.73420719657713,250.78831737272174,244.4407878726281
2143,41.41613462022521,50.574027025640504,73.60091922895094,103.23470167436234
2144,10.354033655056302,0.0,6.814899928606569,7.119634598231885
2145,5.177016827528151,16.85800900854683,14.992779842934452,11.86605766371981
2146,20.708067310112604,0.0,20.444699785819708,14.23926919646377
2147,25.885084137640757,16.85800900854683,32.711519657311534,22.54550956106764
2148,0.0,16.85800900854683,8.177879914327884,9.492846130975849
2149,20.708067310112604,0.0,17.71873981437708,29.665144159299523
2150,186.37260579101346,219.15411711110883,258.9661972870496,264.6130859009517
2151,25.885084137640757,0.0,20.444699785819708,23.73211532743962
2152,5.177016827528151,0.0,8.177879914327884,14.23926919646377
2153,5.177016827528151,0.0,21.80767977154102,10.679451897347828
2154,0.0,0.0,1.3629799857213138,1.1866057663719811
2155,41.41613462022521,33.71601801709366,61.33409935745912,56.95707678585508
2156,0.0,0.0,2.7259599714426277,2.3732115327439622
2157,0.0,0.0,0.0,2.3732115327439622
2158,0.0,0.0,0.0,1.1866057663719811
2159,0.0,0.0,9.540859900049197,1.1866057663719811
2160,10.354033655056302,0.0,8.177879914327884,13.05266343009179
2161,0.0,0.0,14.992779842934452,22.54550956106764
2162,5.177016827528151,0.0,9.540859900049197,5.933028831859905
2163,20.708067310112604,0.0,69.511979271787,27.291932626555564
2164,0.0,0.0,10.90383988577051,4.7464230654879245
2165,41.41613462022521,16.85800900854683,32.711519657311534,26.10532686018358
2166,0.0,0.0,5.451919942885255,5.933028831859905
2167,0.0,16.85800900854683,8.177879914327884,11.86605766371981
2168,77.65525241292227,50.574027025640504,51.793239457409925,36.784778757531406
2169,0.0,0.0,10.90383988577051,4.7464230654879245
2170,5.177016827528151,33.71601801709366,4.088939957163942,8.306240364603866
2171,25.885084137640757,16.85800900854683,24.53363974298365,20.172298028323674
2172,10.354033655056302,0.0,1.3629799857213138,1.1866057663719811
2173,0.0,0.0,4.088939957163942,4.7464230654879245
2174,10.354033655056302,0.0,6.814899928606569,4.7464230654879245
2175,41.41613462022521,67.43203603418732,40.889399571639416,17.799086495579715
2176,0.0,0.0,0.0,4.7464230654879245
2177,0.0,0.0,4.088939957163942,4.7464230654879245
2178,10.354033655056302,50.574027025640504,32.711519657311534,37.971384523903396
2179,300.26697599663277,168.58009008546833,246.69937741555782,264.6130859009517
2180,67.30121875786597,67.43203603418732,91.31965904332802,58.14368255222707
2181,56.94718510280967,67.43203603418732,35.43747962875416,36.784778757531406
2182,10.354033655056302,0.0,5.451919942885255,0.0
2183,36.23911779269706,50.574027025640504,14.992779842934452,13.05266343009179
2184,0.0,0.0,31.348539671590217,54.58386525311113
2185,88.00928606797856,67.43203603418732,58.6081393860165,78.31598058055074
2186,36.23911779269706,16.85800900854683,54.51919942885255,53.39725948673914
2187,10.354033655056302,16.85800900854683,17.71873981437708,10.679451897347828
2188,88.00928606797856,33.71601801709366,50.430259471688615,49.837442187623196
2189,0.0,0.0,1.3629799857213138,0.0
2190,0.0,0.0,24.53363974298365,36.784778757531406
2191,31.062100965168906,33.71601801709366,43.61535954308204,45.09101912213528
2192,20.708067310112604,16.85800900854683,8.177879914327884,11.86605766371981
2193,15.531050482584453,33.71601801709366,50.430259471688615,40.34459605664735
2194,0.0,0.0,0.0,1.1866057663719811
2195,10.354033655056302,0.0,1.3629799857213138,4.7464230654879245
2196,155.31050482584453,118.00606305982784,96.77157898621327,55.770471019483104
2197,98.36331972303488,134.86407206837464,174.46143817232817,143.5792977310097
2198,62.12420193033781,67.43203603418732,43.61535954308204,26.10532686018358
2199,0.0,0.0,1.3629799857213138,0.0
2200,15.531050482584453,0.0,34.074499643032844,32.03835569204349
2201,0.0,0.0,1.3629799857213138,1.1866057663719811
2202,0.0,0.0,2.7259599714426277,2.3732115327439622
2203,36.23911779269706,33.71601801709366,40.889399571639416,47.46423065487924
2204,465.93151447753365,303.44416215384297,233.06957755834466,180.36407648854112
2205,5.177016827528151,0.0,4.088939957163942,0.0
2206,0.0,0.0,4.088939957163942,3.5598172991159425
2207,20.708067310112604,67.43203603418732,19.081719800098394,14.23926919646377
2208,124.24840386067562,134.86407206837464,158.1056783436724,143.5792977310097
2209,51.77016827528151,67.43203603418732,43.61535954308204,42.71780758939131
2210,77.65525241292227,0.0,50.430259471688615,53.39725948673914
2211,41.41613462022521,0.0,12.266819871491824,16.612480729207732
2212,5.177016827528151,0.0,5.451919942885255,3.5598172991159425
2213,5.177016827528151,0.0,0.0,2.3732115327439622
2214,0.0,0.0,5.451919942885255,1.1866057663719811
2215,5.177016827528151,50.574027025640504,27.259599714426276,13.05266343009179
2216,31.062100965168906,50.574027025640504,72.23793924322963,55.770471019483104
2217,0.0,0.0,6.814899928606569,14.23926919646377
2218,0.0,0.0,0.0,1.1866057663719811
2219,41.41613462022521,16.85800900854683,35.43747962875416,51.024047953995186
2220,0.0,0.0,1.3629799857213138,3.5598172991159425
2221,0.0,0.0,0.0,1.1866057663719811
2222,5.177016827528151,0.0,0.0,1.1866057663719811
2223,0.0,16.85800900854683,6.814899928606569,3.5598172991159425
2224,41.41613462022521,33.71601801709366,39.5264195859181,27.291932626555564
2225,10.354033655056302,16.85800900854683,23.170659757262335,22.54550956106764
2226,0.0,16.85800900854683,6.814899928606569,8.306240364603866
2227,103.54033655056303,50.574027025640504,159.4686583293937,123.40699970268601
2228,0.0,0.0,1.3629799857213138,0.0
2229,0.0,0.0,2.7259599714426277,1.1866057663719811
2230,5.177016827528151,33.71601801709366,23.170659757262335,11.86605766371981
2231,15.531050482584453,0.0,13.629799857213138,15.425874962835751
2232,5.177016827528151,16.85800900854683,0.0,1.1866057663719811
2233,36.23911779269706,16.85800900854683,43.61535954308204,42.71780758939131
2234,0.0,0.0,1.3629799857213138,0.0
2235,0.0,16.85800900854683,14.992779842934452,13.05266343009179
2236,62.12420193033781,0.0,49.0672794859673,36.784778757531406
2237,5.177016827528151,0.0,2.7259599714426277,4.7464230654879245
2238,25.885084137640757,33.71601801709366,17.71873981437708,18.985692261951698
2239,72.47823558539412,118.00606305982784,83.14177912900014,85.43561517878263
2240,20.708067310112604,16.85800900854683,151.29077841506583,187.48371108677298
2241,5.177016827528151,0.0,59.97111937173781,49.837442187623196
2242,15.531050482584453,16.85800900854683,5.451919942885255,13.05266343009179
2243,10.354033655056302,33.71601801709366,27.259599714426276,24.918721093811598
2244,113.89437020561934,84.29004504273416,21.80767977154102,17.799086495579715
2245,0.0,0.0,2.7259599714426277,0.0
2246,10.354033655056302,0.0,16.355759828655767,45.09101912213528
2247,5.177016827528151,0.0,35.43747962875416,56.95707678585508
2248,10.354033655056302,50.574027025640504,13.629799857213138,24.918721093811598
2249,0.0,0.0,6.814899928606569,2.3732115327439622
2250,331.32907696180166,185.43809909401514,121.30521872919692,113.91415357171016
2251,113.89437020561934,84.29004504273416,117.216278772033,96.11506707613046
2252,36.23911779269706,16.85800900854683,8.177879914327884,4.7464230654879245
2253,20.708067310112604,118.00606305982784,34.074499643032844,49.837442187623196
2254,0.0,33.71601801709366,0.0,4.7464230654879245
2255,15.531050482584453,50.574027025640504,29.985559685868903,28.47853839292754
2256,20.708067310112604,0.0,148.56481844362318,144.7659034973817
2257,82.83226924045042,33.71601801709366,40.889399571639416,34.411567224787454
2258,25.885084137640757,84.29004504273416,35.43747962875416,29.665144159299523
2259,15.531050482584453,0.0,2.7259599714426277,5.933028831859905
2260,5.177016827528151,16.85800900854683,25.896619728704962,8.306240364603866
2261,20.708067310112604,16.85800900854683,28.62257970014759,59.330288318599045
2262,5.177016827528151,33.71601801709366,19.081719800098394,27.291932626555564
2263,62.12420193033781,67.43203603418732,76.32687920039358,81.87579787966669
2264,20.708067310112604,0.0,28.62257970014759,49.837442187623196
2265,62.12420193033781,0.0,32.711519657311534,23.73211532743962
2266,0.0,0.0,5.451919942885255,2.3732115327439622
2267,10.354033655056302,0.0,2.7259599714426277,2.3732115327439622
2268,15.531050482584453,16.85800900854683,8.177879914327884,3.5598172991159425
2269,0.0,0.0,1.3629799857213138,0.0
2270,25.885084137640757,16.85800900854683,28.62257970014759,46.277624888507255
2271,0.0,0.0,0.0,2.3732115327439622
2272,0.0,0.0,1.3629799857213138,8.306240364603866
2273,5.177016827528151,16.85800900854683,55.88217941457387,60.51689408497103
2274,0.0,16.85800900854683,14.992779842934452,13.05266343009179
2275,0.0,0.0,0.0,2.3732115327439622
2276,305.44399282416094,151.72208107692148,113.12733881486903,87.80882671152658
2277,5.177016827528151,0.0,2.7259599714426277,0.0
2278,15.531050482584453,0.0,9.540859900049197,9.492846130975849
2279,51.77016827528151,33.71601801709366,49.0672794859673,40.34459605664735
2280,5.177016827528151,16.85800900854683,4.088939957163942,1.1866057663719811
2281,10.354033655056302,0.0,2.7259599714426277,3.5598172991159425
2282,15.531050482584453,16.85800900854683,10.90383988577051,16.612480729207732
2283,0.0,33.71601801709366,4.088939957163942,3.5598172991159425
2284,20.708067310112604,33.71601801709366,38.16343960019679,61.703499851343004
2285,0.0,0.0,1.3629799857213138,0.0
2286,750.6674399915819,623.7463333162328,1369.7948856499204,1578.1856692747347
2287,5.177016827528151,33.71601801709366,9.540859900049197,9.492846130975849
2288,20.708067310112604,50.574027025640504,25.896619728704962,51.024047953995186
2289,0.0,0.0,9.540859900049197,4.7464230654879245
2290,0.0,0.0,8.177879914327884,9.492846130975849
2291,0.0,16.85800900854683,284.86281701575456,130.5266343009179
2292,20.708067310112604,0.0,31.348539671590217,28.47853839292754
2293,15.531050482584453,16.85800900854683,31.348539671590217,26.10532686018358
2294,0.0,16.85800900854683,9.540859900049197,10.679451897347828
2295,20.708067310112604,0.0,28.62257970014759,40.34459605664735
2296,51.77016827528151,33.71601801709366,54.51919942885255,83.06240364603867
2297,15.531050482584453,67.43203603418732,77.68985918611489,60.51689408497103
2298,10.354033655056302,0.0,6.814899928606569,3.5598172991159425
2299,10.354033655056302,0.0,2.7259599714426277,0.0
2300,0.0,16.85800900854683,2.7259599714426277,23.73211532743962
2301,15.531050482584453,0.0,61.33409935745912,75.94276904780679
2302,15.531050482584453,0.0,13.629799857213138,18.985692261951698
2303,1237.307021779228,691.1783693504201,212.62487777252497,80.6891921132947
2304,46.593151447753364,33.71601801709366,39.5264195859181,17.799086495579715
2305,31.062100965168906,33.71601801709366,43.61535954308204,52.21065372036716
2306,0.0,0.0,14.992779842934452,10.679451897347828
2307,10.354033655056302,16.85800900854683,23.170659757262335,33.224961458415464
2308,10.354033655056302,0.0,1.3629799857213138,0.0
2309,212.2576899286542,286.5861531452962,212.62487777252497,189.85692261951695
2310,0.0,0.0,0.0,2.3732115327439622
2311,150.13348799831638,67.43203603418732,169.0095182294429,206.46940334872468
2312,56.94718510280967,16.85800900854683,152.65375840078715,151.88553809561358
2313,0.0,16.85800900854683,0.0,0.0
2314,51.77016827528151,16.85800900854683,32.711519657311534,35.59817299115943
2315,264.0278582039357,286.5861531452962,43.61535954308204,22.54550956106764
2316,0.0,0.0,1.3629799857213138,0.0
2317,5.177016827528151,0.0,6.814899928606569,11.86605766371981
2318,41.41613462022521,16.85800900854683,38.16343960019679,28.47853839292754
2319,36.23911779269706,0.0,14.992779842934452,32.03835569204349
2320,124.24840386067562,134.86407206837464,162.19461830083634,164.93820152570535
2321,0.0,0.0,5.451919942885255,4.7464230654879245
2322,165.66453848090083,202.29610810256202,182.63931808665603,176.80425918942515
2323,31.062100965168906,16.85800900854683,35.43747962875416,40.34459605664735
2324,88.00928606797856,101.14805405128101,137.66097855785267,163.75159575933338
2325,196.72663944606975,84.29004504273416,155.37971837222977,122.22039393631405
2326,36.23911779269706,0.0,29.985559685868903,28.47853839292754
2327,31.062100965168906,0.0,14.992779842934452,9.492846130975849
2328,1123.4126515736089,1028.3385495213568,592.8962937887715,372.59421064080203
2329,5.177016827528151,16.85800900854683,20.444699785819708,26.10532686018358
2330,15.531050482584453,0.0,8.177879914327884,8.306240364603866
2331,31.062100965168906,16.85800900854683,35.43747962875416,47.46423065487924
2332,5.177016827528151,50.574027025640504,42.252379557360726,54.58386525311113
2333,0.0,0.0,20.444699785819708,23.73211532743962
2334,729.9593726814693,219.15411711110883,68.14899928606569,60.51689408497103
2335,51.77016827528151,16.85800900854683,31.348539671590217,39.15799029027537
2336,119.07138703314749,33.71601801709366,77.68985918611489,98.48827860887442
2337,25.885084137640757,0.0,19.081719800098394,14.23926919646377
2338,5.177016827528151,16.85800900854683,1.3629799857213138,0.0
2339,36.23911779269706,50.574027025640504,72.23793924322963,68.82313444957491
2340,41.41613462022521,16.85800900854683,53.15621944313124,30.851749925671502
2341,0.0,0.0,1.3629799857213138,2.3732115327439622
2342,0.0,0.0,1.3629799857213138,0.0
2343,0.0,0.0,4.088939957163942,8.306240364603866
2344,144.95647117078823,67.43203603418732,164.92057827227896,210.02922064784065
2345,15.531050482584453,33.71601801709366,35.43747962875416,47.46423065487924
2346,62.12420193033781,16.85800900854683,53.15621944313124,40.34459605664735
2347,31.062100965168906,33.71601801709366,19.081719800098394,15.425874962835751
2348,0.0,0.0,1.3629799857213138,1.1866057663719811
2349,36.23911779269706,50.574027025640504,70.87495925750832,70.00974021594688
2350,0.0,0.0,1.3629799857213138,1.1866057663719811
2351,0.0,0.0,1.3629799857213138,1.1866057663719811
2352,20.708067310112604,16.85800900854683,16.355759828655767,23.73211532743962
2353,0.0,0.0,12.266819871491824,11.86605766371981
2354,20.708067310112604,33.71601801709366,80.41581915755751,52.21065372036716
2355,88.00928606797856,33.71601801709366,40.889399571639416,33.224961458415464
2356,93.18630289550673,101.14805405128101,122.66819871491823,109.16773050622226
2357,377.92222840955503,118.00606305982784,51.793239457409925,45.09101912213528
2358,5.177016827528151,0.0,1.3629799857213138,2.3732115327439622
2359,31.062100965168906,50.574027025640504,73.60091922895094,42.71780758939131
2360,56.94718510280967,16.85800900854683,53.15621944313124,70.00974021594688
2361,5.177016827528151,0.0,8.177879914327884,2.3732115327439622
2362,15.531050482584453,33.71601801709366,43.61535954308204,20.172298028323674
2363,15.531050482584453,0.0,4.088939957163942,15.425874962835751
2364,25.885084137640757,33.71601801709366,31.348539671590217,34.411567224787454
2365,160.48752165337268,118.00606305982784,100.86051894337723,93.74185554338649
2366,5.177016827528151,0.0,6.814899928606569,8.306240364603866
2367,119.07138703314749,101.14805405128101,233.06957755834466,189.85692261951695
2368,1133.766685228665,708.036378358967,2780.4791708714797,2756.4851952821114
2369,5.177016827528151,33.71601801709366,54.51919942885255,41.53120182301934
2370,62.12420193033781,16.85800900854683,55.88217941457387,60.51689408497103
2371,25.885084137640757,50.574027025640504,113.12733881486903,90.18203824427056
2372,0.0,0.0,1.3629799857213138,0.0
2373,25.885084137640757,16.85800900854683,32.711519657311534,42.71780758939131
2374,0.0,0.0,1.3629799857213138,0.0
2375,0.0,50.574027025640504,9.540859900049197,9.492846130975849
2376,51.77016827528151,33.71601801709366,43.61535954308204,43.90441335576329
2377,20.708067310112604,0.0,24.53363974298365,27.291932626555564
2378,119.07138703314749,84.29004504273416,54.51919942885255,55.770471019483104
2379,181.1955889634853,33.71601801709366,160.83163831511501,167.31141305844932
2380,108.71735337809118,101.14805405128101,109.0383988577051,109.16773050622226
2381,667.8351707511315,320.3021711623898,502.93961473116474,195.78995145137685
2382,253.67382454887942,219.15411711110883,249.42533738700038,196.97655721774885
2383,419.3383630297803,303.44416215384297,263.05513724421354,154.25874962835752
2384,25.885084137640757,50.574027025640504,83.14177912900014,40.34459605664735
2385,46.593151447753364,219.15411711110883,581.992453903001,285.97198969564744
2386,36.23911779269706,16.85800900854683,102.22349892909853,364.28797027619817
2387,5.177016827528151,33.71601801709366,0.0,1.1866057663719811
2388,0.0,0.0,0.0,2.3732115327439622
2389,0.0,0.0,4.088939957163942,3.5598172991159425
2390,25.885084137640757,0.0,472.9540550452959,679.9251041311451
2391,62.12420193033781,118.00606305982784,370.73055611619736,462.77624888507256
2392,15.531050482584453,16.85800900854683,6.814899928606569,5.933028831859905
2393,0.0,0.0,0.0,3.5598172991159425
2394,15.531050482584453,33.71601801709366,24.53363974298365,13.05266343009179
2395,5.177016827528151,0.0,0.0,0.0
2396,51.77016827528151,67.43203603418732,64.06005932890174,72.38295174869084
2397,0.0,0.0,5.451919942885255,3.5598172991159425
2398,10.354033655056302,0.0,5.451919942885255,7.119634598231885
2399,62.12420193033781,0.0,69.511979271787,55.770471019483104
2400,0.0,0.0,8.177879914327884,2.3732115327439622
2401,25.885084137640757,33.71601801709366,8.177879914327884,7.119634598231885
2402,10.354033655056302,33.71601801709366,19.081719800098394,15.425874962835751
2403,264.0278582039357,202.29610810256202,293.04069693008245,248.000605171744
2404,0.0,0.0,4.088939957163942,0.0
2405,25.885084137640757,33.71601801709366,16.355759828655767,15.425874962835751
2406,72.47823558539412,0.0,32.711519657311534,49.837442187623196
2407,5.177016827528151,0.0,9.540859900049197,14.23926919646377
2408,124.24840386067562,118.00606305982784,144.47587848645927,130.5266343009179
2409,20.708067310112604,16.85800900854683,13.629799857213138,17.799086495579715
2410,31.062100965168906,50.574027025640504,38.16343960019679,55.770471019483104
2411,0.0,0.0,1.3629799857213138,1.1866057663719811
2412,25.885084137640757,16.85800900854683,14.992779842934452,13.05266343009179
2413,10.354033655056302,33.71601801709366,9.540859900049197,13.05266343009179
2414,20.708067310112604,16.85800900854683,133.57203860068873,131.7132400672899
2415,0.0,16.85800900854683,2.7259599714426277,8.306240364603866
2416,0.0,0.0,1.3629799857213138,1.1866057663719811
2417,41.41613462022521,50.574027025640504,21.80767977154102,32.03835569204349
2418,119.07138703314749,84.29004504273416,122.66819871491823,148.32572079649762
2419,15.531050482584453,16.85800900854683,6.814899928606569,11.86605766371981
2420,46.593151447753364,33.71601801709366,31.348539671590217,39.15799029027537
2421,10.354033655056302,0.0,2.7259599714426277,0.0
2422,398.63029571966763,252.8701351282025,258.9661972870496,240.88097057351214
2423,51.77016827528151,33.71601801709366,36.80045961447547,29.665144159299523
2424,0.0,0.0,442.9684953594269,218.3354610124445
2425,802.4376082668634,1028.3385495213568,2270.724656211709,1828.5594859792225
2426,5.177016827528151,0.0,8.177879914327884,8.306240364603866
2427,67.30121875786597,33.71601801709366,83.14177912900014,66.44992291683093
2428,10.354033655056302,16.85800900854683,39.5264195859181,27.291932626555564
2429,15.531050482584453,16.85800900854683,6.814899928606569,11.86605766371981
2430,0.0,0.0,6.814899928606569,35.59817299115943
2431,31.062100965168906,16.85800900854683,23.170659757262335,41.53120182301934
2432,25.885084137640757,0.0,28.62257970014759,20.172298028323674
2433,5.177016827528151,33.71601801709366,8.177879914327884,29.665144159299523
2434,144.95647117078823,16.85800900854683,113.12733881486903,141.20608619826572
2435,10.354033655056302,16.85800900854683,5.451919942885255,0.0
2436,77.65525241292227,50.574027025640504,79.0528391718362,65.26331715045895
2437,419.3383630297803,151.72208107692148,147.20183845790189,62.89010561771499
2438,0.0,33.71601801709366,0.0,3.5598172991159425
2439,62.12420193033781,202.29610810256202,154.01673838650845,118.66057663719809
2440,10.354033655056302,33.71601801709366,149.9277984293445,147.13911503012562
2441,62.12420193033781,16.85800900854683,39.5264195859181,43.90441335576329
2442,248.49680772135125,134.86407206837464,102.22349892909853,56.95707678585508
2443,5.177016827528151,0.0,6.814899928606569,8.306240364603866
2444,15.531050482584453,16.85800900854683,21.80767977154102,21.358903794695657
2445,108.71735337809118,16.85800900854683,50.430259471688615,64.07671138408698
2446,77.65525241292227,0.0,42.252379557360726,67.63652868320291
2447,5.177016827528151,0.0,4.088939957163942,15.425874962835751
2448,5.177016827528151,16.85800900854683,5.451919942885255,8.306240364603866
2449,15.531050482584453,33.71601801709366,12.266819871491824,18.985692261951698
2450,5.177016827528151,0.0,8.177879914327884,1.1866057663719811
2451,0.0,50.574027025640504,32.711519657311534,26.10532686018358
2452,119.07138703314749,101.14805405128101,204.44699785819705,248.000605171744
2453,10.354033655056302,0.0,9.540859900049197,18.985692261951698
2454,0.0,0.0,2.7259599714426277,4.7464230654879245
2455,25.885084137640757,16.85800900854683,43.61535954308204,67.63652868320291
2456,88.00928606797856,168.58009008546833,98.1345589719346,109.16773050622226
2457,0.0,0.0,10.90383988577051,0.0
2458,25.885084137640757,16.85800900854683,23.170659757262335,23.73211532743962
2459,10.354033655056302,33.71601801709366,23.170659757262335,21.358903794695657
2460,88.00928606797856,16.85800900854683,73.60091922895094,61.703499851343004
2461,15.531050482584453,50.574027025640504,10.90383988577051,24.918721093811598
2462,10.354033655056302,0.0,12.266819871491824,14.23926919646377
2463,15.531050482584453,0.0,5.451919942885255,9.492846130975849
2464,0.0,0.0,0.0,1.1866057663719811
2465,5.177016827528151,0.0,9.540859900049197,11.86605766371981
2466,5.177016827528151,0.0,14.992779842934452,13.05266343009179
2467,15.531050482584453,0.0,6.814899928606569,13.05266343009179
2468,88.00928606797856,16.85800900854683,34.074499643032844,27.291932626555564
2469,15.531050482584453,33.71601801709366,31.348539671590217,30.851749925671502
2470,0.0,0.0,0.0,1.1866057663719811
2471,36.23911779269706,67.43203603418732,81.77879914327883,91.36864401064253
2472,15.531050482584453,16.85800900854683,31.348539671590217,34.411567224787454
2473,300.26697599663277,236.01212611965568,155.37971837222977,81.87579787966669
2474,10.354033655056302,16.85800900854683,6.814899928606569,5.933028831859905
2475,15.531050482584453,0.0,17.71873981437708,14.23926919646377
2476,5.177016827528151,0.0,21.80767977154102,23.73211532743962
2477,0.0,0.0,1.3629799857213138,0.0
2478,0.0,0.0,23.170659757262335,23.73211532743962
2479,5.177016827528151,0.0,5.451919942885255,10.679451897347828
2480,15.531050482584453,0.0,10.90383988577051,7.119634598231885
2481,0.0,33.71601801709366,9.540859900049197,14.23926919646377
2482,5.177016827528151,50.574027025640504,14.992779842934452,33.224961458415464
2483,15.531050482584453,0.0,21.80767977154102,22.54550956106764
2484,408.984329374724,573.1723062905924,374.8194960733613,288.3452012283914
2485,5.177016827528151,0.0,5.451919942885255,7.119634598231885
2486,0.0,0.0,1.3629799857213138,0.0
2487,10.354033655056302,0.0,2.7259599714426277,9.492846130975849
2488,341.68311061685796,185.43809909401514,184.00229807237736,385.64687407089383
2489,36.23911779269706,50.574027025640504,24.53363974298365,37.971384523903396
2490,103.54033655056303,84.29004504273416,136.29799857213138,135.27305736640582
2491,155.31050482584453,67.43203603418732,125.39415868636087,138.83287466552176
2492,0.0,0.0,8.177879914327884,18.985692261951698
2493,15.531050482584453,0.0,46.34131951452467,54.58386525311113
2494,56.94718510280967,67.43203603418732,35.43747962875416,37.971384523903396
2495,10.354033655056302,0.0,31.348539671590217,61.703499851343004
2496,98.36331972303488,84.29004504273416,115.85329878631167,72.38295174869084
2497,10.354033655056302,0.0,12.266819871491824,11.86605766371981
2498,5.177016827528151,16.85800900854683,17.71873981437708,17.799086495579715
2499,0.0,0.0,1.3629799857213138,0.0
2500,20.708067310112604,16.85800900854683,12.266819871491824,21.358903794695657
2501,31.062100965168906,33.71601801709366,40.889399571639416,32.03835569204349
2502,0.0,0.0,0.0,2.3732115327439622
2503,0.0,0.0,0.0,1.1866057663719811
2504,0.0,16.85800900854683,1.3629799857213138,3.5598172991159425
2505,31.062100965168906,33.71601801709366,19.081719800098394,14.23926919646377
2506,165.66453848090083,50.574027025640504,113.12733881486903,112.72754780533819
2507,0.0,0.0,0.0,1.1866057663719811
2508,5.177016827528151,0.0,2.7259599714426277,5.933028831859905
2509,0.0,0.0,2.7259599714426277,0.0
2510,222.6117235837105,168.58009008546833,222.16573767257415,193.41673991863289
2511,10.354033655056302,0.0,10.90383988577051,13.05266343009179
2512,56.94718510280967,67.43203603418732,95.40859900049196,102.04809590799037
2513,56.94718510280967,16.85800900854683,38.16343960019679,26.10532686018358
2514,0.0,0.0,0.0,2.3732115327439622
2515,67.30121875786597,84.29004504273416,95.40859900049196,87.80882671152658
2516,0.0,0.0,4.088939957163942,9.492846130975849
2517,20.708067310112604,0.0,21.80767977154102,15.425874962835751
2518,15.531050482584453,50.574027025640504,10.90383988577051,9.492846130975849
2519,424.5153798573084,219.15411711110883,324.3892366016727,268.1729032000677
2520,0.0,16.85800900854683,0.0,1.1866057663719811
2521,0.0,0.0,2.7259599714426277,0.0
2522,0.0,0.0,0.0,1.1866057663719811
2523,0.0,0.0,1.3629799857213138,2.3732115327439622
2524,0.0,0.0,5.451919942885255,9.492846130975849
2525,98.36331972303488,50.574027025640504,81.77879914327883,59.330288318599045
2526,36.23911779269706,16.85800900854683,115.85329878631167,91.36864401064253
2527,5.177016827528151,33.71601801709366,4.088939957163942,10.679451897347828
2528,36.23911779269706,0.0,313.48539671590214,384.46026830452183
2529,31.062100965168906,33.71601801709366,46.34131951452467,15.425874962835751
2530,0.0,16.85800900854683,0.0,0.0
2531,134.60243751573194,101.14805405128101,143.11289850073794,142.39269196463772
2532,0.0,0.0,1.3629799857213138,0.0
2533,15.531050482584453,33.71601801709366,20.444699785819708,21.358903794695657
2534,0.0,0.0,1.3629799857213138,0.0
2535,0.0,0.0,2.7259599714426277,1.1866057663719811
2536,36.23911779269706,0.0,46.34131951452467,42.71780758939131
2537,201.9036562735979,236.01212611965568,154.01673838650845,118.66057663719809
2538,119.07138703314749,84.29004504273416,113.12733881486903,87.80882671152658
2539,36.23911779269706,50.574027025640504,42.252379557360726,26.10532686018358
2540,10.354033655056302,50.574027025640504,29.985559685868903,20.172298028323674
2541,0.0,0.0,2.7259599714426277,0.0
2542,5.177016827528151,0.0,6.814899928606569,18.985692261951698
2543,51.77016827528151,101.14805405128101,88.5936990718854,42.71780758939131
2544,5.177016827528151,33.71601801709366,13.629799857213138,16.612480729207732
2545,20.708067310112604,33.71601801709366,20.444699785819708,20.172298028323674
2546,0.0,0.0,2.7259599714426277,3.5598172991159425
2547,56.94718510280967,33.71601801709366,85.86773910044276,112.72754780533819
2548,0.0,0.0,6.814899928606569,9.492846130975849
2549,5.177016827528151,0.0,14.992779842934452,2.3732115327439622
2550,0.0,16.85800900854683,2.7259599714426277,3.5598172991159425
2551,93.18630289550673,50.574027025640504,117.216278772033,86.62222094515461
2552,481.4625649601181,421.4502252136708,329.8411565445579,225.45509561067638
2553,0.0,16.85800900854683,0.0,0.0
2554,108.71735337809118,84.29004504273416,50.430259471688615,28.47853839292754
2555,129.4254206882038,50.574027025640504,103.58647891481985,107.98112473985027
2556,0.0,0.0,2.7259599714426277,3.5598172991159425
2557,0.0,0.0,0.0,1.1866057663719811
2558,134.60243751573194,168.58009008546833,74.96389921467225,70.00974021594688
2559,51.77016827528151,33.71601801709366,27.259599714426276,17.799086495579715
2560,41.41613462022521,50.574027025640504,39.5264195859181,30.851749925671502
2561,5.177016827528151,16.85800900854683,10.90383988577051,8.306240364603866
2562,170.84155530842898,101.14805405128101,66.78601930034436,75.94276904780679
2563,25.885084137640757,118.00606305982784,34.074499643032844,36.784778757531406
2564,10.354033655056302,0.0,0.0,1.1866057663719811
2565,144.95647117078823,134.86407206837464,54.51919942885255,64.07671138408698
2566,20.708067310112604,0.0,21.80767977154102,16.612480729207732
2567,0.0,0.0,6.814899928606569,4.7464230654879245
2568,5.177016827528151,0.0,5.451919942885255,7.119634598231885
2569,0.0,0.0,1.3629799857213138,1.1866057663719811
2570,25.885084137640757,16.85800900854683,12.266819871491824,10.679451897347828
2571,15.531050482584453,16.85800900854683,25.896619728704962,52.21065372036716
2572,5.177016827528151,0.0,6.814899928606569,4.7464230654879245
2573,82.83226924045042,134.86407206837464,44.97833952880335,32.03835569204349
2574,15.531050482584453,16.85800900854683,14.992779842934452,26.10532686018358
2575,10.354033655056302,33.71601801709366,19.081719800098394,11.86605766371981
2576,0.0,0.0,9.540859900049197,11.86605766371981
2577,31.062100965168906,33.71601801709366,35.43747962875416,30.851749925671502
2578,0.0,0.0,6.814899928606569,10.679451897347828
2579,0.0,0.0,5.451919942885255,8.306240364603866
2580,72.47823558539412,50.574027025640504,61.33409935745912,65.26331715045895
2581,51.77016827528151,16.85800900854683,16.355759828655767,29.665144159299523
2582,5.177016827528151,16.85800900854683,5.451919942885255,4.7464230654879245
2583,0.0,0.0,8.177879914327884,4.7464230654879245
2584,36.23911779269706,50.574027025640504,31.348539671590217,17.799086495579715
2585,15.531050482584453,0.0,27.259599714426276,28.47853839292754
2586,15.531050482584453,0.0,6.814899928606569,8.306240364603866
2587,5.177016827528151,0.0,9.540859900049197,2.3732115327439622
2588,0.0,0.0,16.355759828655767,17.799086495579715
2589,0.0,0.0,5.451919942885255,7.119634598231885
2590,0.0,0.0,1.3629799857213138,1.1866057663719811
2591,62.12420193033781,33.71601801709366,40.889399571639416,45.09101912213528
2592,20.708067310112604,0.0,13.629799857213138,7.119634598231885
2593,20.708067310112604,101.14805405128101,98.1345589719346,61.703499851343004
2594,31.062100965168906,33.71601801709366,29.985559685868903,39.15799029027537
2595,326.15206013427354,320.3021711623898,353.01181630182026,312.077316555831
2596,0.0,0.0,5.451919942885255,4.7464230654879245
2597,10.354033655056302,16.85800900854683,14.992779842934452,28.47853839292754
2598,274.381891858992,151.72208107692148,100.86051894337723,73.56955751506281
2599,5.177016827528151,0.0,2.7259599714426277,0.0
2600,10.354033655056302,0.0,13.629799857213138,22.54550956106764
2601,0.0,0.0,0.0,4.7464230654879245
2602,10.354033655056302,16.85800900854683,1.3629799857213138,1.1866057663719811
2603,15.531050482584453,50.574027025640504,25.896619728704962,16.612480729207732
2604,10.354033655056302,33.71601801709366,39.5264195859181,37.971384523903396
2605,15.531050482584453,16.85800900854683,17.71873981437708,23.73211532743962
2606,0.0,16.85800900854683,2.7259599714426277,2.3732115327439622
2607,0.0,0.0,1.3629799857213138,0.0
2608,631.5960529584345,303.44416215384297,282.1368570443119,293.09162429387925
2609,41.41613462022521,50.574027025640504,121.30521872919692,58.14368255222707
2610,0.0,0.0,0.0,1.1866057663719811
2611,56.94718510280967,16.85800900854683,35.43747962875416,51.024047953995186
2612,10.354033655056302,0.0,27.259599714426276,23.73211532743962
2613,0.0,0.0,0.0,1.1866057663719811
2614,238.14277406629498,168.58009008546833,158.1056783436724,157.81856692747348
2615,5.177016827528151,0.0,1.3629799857213138,0.0
2616,36.23911779269706,0.0,16.355759828655767,16.612480729207732
2617,2319.3035387326117,775.4684143931543,355.7377762732629,494.81460457711603
2618,31.062100965168906,0.0,29.985559685868903,36.784778757531406
2619,25.885084137640757,16.85800900854683,96.77157898621327,107.98112473985027
2620,315.79802647921724,320.3021711623898,227.6176576154594,142.39269196463772
2621,15.531050482584453,16.85800900854683,32.711519657311534,34.411567224787454
2622,0.0,0.0,2.7259599714426277,1.1866057663719811
2623,0.0,0.0,2.7259599714426277,3.5598172991159425
2624,10.354033655056302,16.85800900854683,51.793239457409925,72.38295174869084
2625,15.531050482584453,0.0,40.889399571639416,52.21065372036716
2626,0.0,0.0,6.814899928606569,5.933028831859905
2627,5.177016827528151,0.0,4.088939957163942,5.933028831859905
2628,0.0,0.0,0.0,1.1866057663719811
2629,67.30121875786597,16.85800900854683,14.992779842934452,14.23926919646377
2630,25.885084137640757,0.0,12.266819871491824,23.73211532743962
2631,0.0,0.0,1.3629799857213138,1.1866057663719811
2632,62.12420193033781,33.71601801709366,32.711519657311534,39.15799029027537
2633,5.177016827528151,16.85800900854683,1.3629799857213138,2.3732115327439622
2634,77.65525241292227,16.85800900854683,72.23793924322963,77.12937481417876
2635,1180.3598366764184,775.4684143931543,1698.273062208757,1866.5308705031262
2636,5.177016827528151,0.0,21.80767977154102,10.679451897347828
2637,103.54033655056303,50.574027025640504,59.97111937173781,55.770471019483104
2638,51.77016827528151,50.574027025640504,50.430259471688615,48.65083642125122
2639,5.177016827528151,0.0,0.0,5.933028831859905
2640,20.708067310112604,0.0,13.629799857213138,13.05266343009179
2641,201.9036562735979,134.86407206837464,154.01673838650845,126.96681700180196
2642,51.77016827528151,33.71601801709366,85.86773910044276,84.24900941241064
2643,20.708067310112604,0.0,5.451919942885255,15.425874962835751
2644,0.0,0.0,1.3629799857213138,0.0
2645,0.0,0.0,4.088939957163942,15.425874962835751
2646,10.354033655056302,33.71601801709366,13.629799857213138,15.425874962835751
2647,72.47823558539412,0.0,29.985559685868903,30.851749925671502
2648,10.354033655056302,0.0,13.629799857213138,17.799086495579715
2649,0.0,0.0,1.3629799857213138,0.0
2650,15.531050482584453,0.0,2.7259599714426277,5.933028831859905
2651,0.0,0.0,0.0,3.5598172991159425
2652,5.177016827528151,0.0,19.081719800098394,22.54550956106764
2653,0.0,0.0,0.0,1.1866057663719811
2654,88.00928606797856,33.71601801709366,77.68985918611489,87.80882671152658
2655,15.531050482584453,0.0,8.177879914327884,7.119634598231885
2656,274.381891858992,219.15411711110883,275.32195711570535,258.68005706909184
2657,10.354033655056302,16.85800900854683,35.43747962875416,56.95707678585508
2658,25.885084137640757,16.85800900854683,49.0672794859673,49.837442187623196
2659,5.177016827528151,16.85800900854683,31.348539671590217,20.172298028323674
2660,51.77016827528151,84.29004504273416,174.46143817232817,161.3783842265894
2661,15.531050482584453,0.0,9.540859900049197,5.933028831859905
2662,15.531050482584453,16.85800900854683,5.451919942885255,2.3732115327439622
2663,134.60243751573194,168.58009008546833,287.5887769871972,295.46483582662324
2664,15.531050482584453,0.0,12.266819871491824,5.933028831859905
2665,25.885084137640757,16.85800900854683,61.33409935745912,93.74185554338649
2666,10.354033655056302,33.71601801709366,29.985559685868903,27.291932626555564
2667,0.0,50.574027025640504,17.71873981437708,13.05266343009179
2668,0.0,0.0,2.7259599714426277,7.119634598231885
2669,0.0,0.0,1.3629799857213138,0.0
2670,103.54033655056303,50.574027025640504,59.97111937173781,66.44992291683093
2671,46.593151447753364,50.574027025640504,43.61535954308204,32.03835569204349
2672,56.94718510280967,33.71601801709366,65.42303931462307,84.24900941241064
2673,10.354033655056302,0.0,0.0,1.1866057663719811
2674,5.177016827528151,0.0,0.0,0.0
2675,67.30121875786597,67.43203603418732,61.33409935745912,35.59817299115943
2676,238.14277406629498,286.5861531452962,74.96389921467225,72.38295174869084
2677,36.23911779269706,0.0,9.540859900049197,11.86605766371981
2678,10.354033655056302,33.71601801709366,28.62257970014759,11.86605766371981
2679,36.23911779269706,16.85800900854683,79.0528391718362,32.03835569204349
2680,5.177016827528151,0.0,2.7259599714426277,7.119634598231885
2681,5.177016827528151,0.0,13.629799857213138,8.306240364603866
2682,0.0,0.0,4.088939957163942,3.5598172991159425
2683,10.354033655056302,0.0,50.430259471688615,56.95707678585508
2684,15.531050482584453,50.574027025640504,8.177879914327884,3.5598172991159425
2685,0.0,0.0,0.0,1.1866057663719811
2686,62.12420193033781,50.574027025640504,25.896619728704962,48.65083642125122
2687,31.062100965168906,84.29004504273416,19.081719800098394,30.851749925671502
2688,20.708067310112604,0.0,110.40137884342641,117.47397087082611
2689,31.062100965168906,33.71601801709366,122.66819871491823,132.89984583366186
2690,320.97504330674536,286.5861531452962,400.71611580206627,477.01551808153636
2691,559.1178173730403,286.5861531452962,362.5526762018694,370.22099910805804
2692,0.0,0.0,2.7259599714426277,0.0
2693,5.177016827528151,0.0,5.451919942885255,7.119634598231885
2694,0.0,0.0,0.0,1.1866057663719811
2695,31.062100965168906,67.43203603418732,25.896619728704962,21.358903794695657
2696,0.0,0.0,12.266819871491824,4.7464230654879245
2697,0.0,0.0,1.3629799857213138,0.0
2698,20.708067310112604,33.71601801709366,14.992779842934452,13.05266343009179
2699,72.47823558539412,16.85800900854683,34.074499643032844,45.09101912213528
2700,41.41613462022521,16.85800900854683,25.896619728704962,37.971384523903396
2701,46.593151447753364,16.85800900854683,17.71873981437708,18.985692261951698
2702,5.177016827528151,0.0,32.711519657311534,10.679451897347828
2703,36.23911779269706,16.85800900854683,49.0672794859673,54.58386525311113
2704,0.0,0.0,5.451919942885255,3.5598172991159425
2705,62.12420193033781,50.574027025640504,81.77879914327883,78.31598058055074
2706,15.531050482584453,0.0,21.80767977154102,15.425874962835751
2707,0.0,0.0,1.3629799857213138,0.0
2708,393.4532788921395,387.73420719657713,230.343617586902,131.7132400672899
2709,0.0,0.0,8.177879914327884,5.933028831859905
2710,176.01857213595713,286.5861531452962,98.1345589719346,72.38295174869084
2711,0.0,16.85800900854683,16.355759828655767,9.492846130975849
2712,5.177016827528151,16.85800900854683,42.252379557360726,34.411567224787454
2713,5.177016827528151,0.0,5.451919942885255,13.05266343009179
2714,0.0,0.0,8.177879914327884,8.306240364603866
2715,67.30121875786597,67.43203603418732,31.348539671590217,18.985692261951698
2716,36.23911779269706,50.574027025640504,65.42303931462307,45.09101912213528
2717,0.0,16.85800900854683,2.7259599714426277,4.7464230654879245
2718,15.531050482584453,16.85800900854683,19.081719800098394,22.54550956106764
2719,72.47823558539412,16.85800900854683,40.889399571639416,51.024047953995186
2720,31.062100965168906,16.85800900854683,24.53363974298365,30.851749925671502
2721,46.593151447753364,33.71601801709366,28.62257970014759,8.306240364603866
2722,77.65525241292227,50.574027025640504,91.31965904332802,83.06240364603867
2723,5.177016827528151,0.0,4.088939957163942,9.492846130975849
2724,0.0,0.0,1.3629799857213138,0.0
2725,77.65525241292227,16.85800900854683,32.711519657311534,17.799086495579715
2726,10.354033655056302,16.85800900854683,4.088939957163942,2.3732115327439622
2727,108.71735337809118,67.43203603418732,98.1345589719346,122.22039393631405
2728,51.77016827528151,33.71601801709366,72.23793924322963,52.21065372036716
2729,10.354033655056302,0.0,2.7259599714426277,1.1866057663719811
2730,20.708067310112604,33.71601801709366,8.177879914327884,11.86605766371981
2731,5.177016827528151,0.0,19.081719800098394,17.799086495579715
2732,5.177016827528151,0.0,6.814899928606569,0.0
2733,62.12420193033781,67.43203603418732,65.42303931462307,78.31598058055074
2734,0.0,0.0,0.0,1.1866057663719811
2735,0.0,0.0,4.088939957163942,1.1866057663719811
2736,93.18630289550673,33.71601801709366,50.430259471688615,46.277624888507255
2737,82.83226924045042,33.71601801709366,106.31243888626248,85.43561517878263
2738,41.41613462022521,84.29004504273416,49.0672794859673,45.09101912213528
2739,15.531050482584453,0.0,10.90383988577051,8.306240364603866
2740,150.13348799831638,118.00606305982784,175.82441815804947,157.81856692747348
2741,0.0,0.0,4.088939957163942,9.492846130975849
2742,0.0,0.0,2.7259599714426277,2.3732115327439622
2743,0.0,0.0,0.0,2.3732115327439622
2744,56.94718510280967,0.0,29.985559685868903,33.224961458415464
2745,0.0,0.0,0.0,4.7464230654879245
2746,0.0,0.0,5.451919942885255,2.3732115327439622
2747,5.177016827528151,0.0,20.444699785819708,16.612480729207732
2748,0.0,0.0,1.3629799857213138,0.0
2749,0.0,16.85800900854683,2.7259599714426277,4.7464230654879245
2750,0.0,0.0,0.0,1.1866057663719811
2751,0.0,0.0,1.3629799857213138,0.0
2752,15.531050482584453,0.0,27.259599714426276,30.851749925671502
2753,10.354033655056302,33.71601801709366,12.266819871491824,14.23926919646377
2754,56.94718510280967,16.85800900854683,51.793239457409925,52.21065372036716
2755,20.708067310112604,16.85800900854683,113.12733881486903,130.5266343009179
2756,56.94718510280967,50.574027025640504,36.80045961447547,42.71780758939131
2757,10.354033655056302,16.85800900854683,2.7259599714426277,2.3732115327439622
2758,0.0,0.0,19.081719800098394,16.612480729207732
2759,98.36331972303488,16.85800900854683,65.42303931462307,60.51689408497103
2760,264.0278582039357,185.43809909401514,223.52871765829548,187.48371108677298
2761,20.708067310112604,16.85800900854683,20.444699785819708,20.172298028323674
2762,36.23911779269706,33.71601801709366,20.444699785819708,20.172298028323674
2763,15.531050482584453,0.0,13.629799857213138,27.291932626555564
2764,88.00928606797856,33.71601801709366,77.68985918611489,59.330288318599045
2765,93.18630289550673,16.85800900854683,70.87495925750832,74.7561632814348
2766,134.60243751573194,67.43203603418732,84.50475911472145,74.7561632814348
2767,10.354033655056302,0.0,0.0,0.0
2768,5.177016827528151,0.0,4.088939957163942,14.23926919646377
2769,82.83226924045042,134.86407206837464,89.9566790576067,92.55524977701451
2770,165.66453848090083,67.43203603418732,650.1414531890667,777.2267769736476
2771,62.12420193033781,67.43203603418732,96.77157898621327,128.15342276817395
2772,10.354033655056302,0.0,17.71873981437708,5.933028831859905
2773,15.531050482584453,0.0,55.88217941457387,98.48827860887442
2774,227.78874041123868,118.00606305982784,128.1201186578035,183.92389378765705
2775,0.0,0.0,2.7259599714426277,9.492846130975849
2776,1330.4933246747348,741.7523963760606,516.5694145883779,435.484316258517
2777,10.354033655056302,0.0,0.0,2.3732115327439622
2778,227.78874041123868,118.00606305982784,87.23071908616409,80.6891921132947
2779,5.177016827528151,0.0,1.3629799857213138,0.0
2780,4126.082411539936,1449.7887747350276,836.8697112328866,1603.1043903685463
2781,0.0,0.0,0.0,1.1866057663719811
2782,20.708067310112604,0.0,12.266819871491824,10.679451897347828
2783,88.00928606797856,50.574027025640504,54.51919942885255,48.65083642125122
2784,41.41613462022521,0.0,19.081719800098394,20.172298028323674
2785,284.7359255140483,286.5861531452962,201.72103788675446,252.74702823723194
2786,0.0,16.85800900854683,0.0,1.1866057663719811
2787,217.43470675618235,50.574027025640504,113.12733881486903,148.32572079649762
2788,0.0,0.0,5.451919942885255,2.3732115327439622
2789,67.30121875786597,67.43203603418732,83.14177912900014,72.38295174869084
2790,129.4254206882038,16.85800900854683,40.889399571639416,36.784778757531406
2791,5.177016827528151,0.0,62.697079343180434,71.19634598231886
2792,36.23911779269706,16.85800900854683,10.90383988577051,13.05266343009179
2793,5.177016827528151,16.85800900854683,5.451919942885255,11.86605766371981
2794,20.708067310112604,0.0,16.355759828655767,28.47853839292754
2795,238.14277406629498,151.72208107692148,336.6560564731645,224.2684898443044
2796,88.00928606797856,50.574027025640504,44.97833952880335,45.09101912213528
2797,134.60243751573194,84.29004504273416,117.216278772033,61.703499851343004
2798,46.593151447753364,16.85800900854683,38.16343960019679,34.411567224787454
2799,0.0,0.0,2.7259599714426277,0.0
2800,31.062100965168906,33.71601801709366,25.896619728704962,21.358903794695657
2801,93.18630289550673,67.43203603418732,34.074499643032844,35.59817299115943
2802,82.83226924045042,67.43203603418732,51.793239457409925,55.770471019483104
2803,5.177016827528151,33.71601801709366,9.540859900049197,17.799086495579715
2804,10.354033655056302,0.0,2.7259599714426277,3.5598172991159425
2805,67.30121875786597,16.85800900854683,44.97833952880335,56.95707678585508
2806,20.708067310112604,33.71601801709366,34.074499643032844,35.59817299115943
2807,10.354033655056302,16.85800900854683,9.540859900049197,15.425874962835751
2808,41.41613462022521,33.71601801709366,57.24515940029518,59.330288318599045
2809,25.885084137640757,16.85800900854683,31.348539671590217,33.224961458415464
2810,51.77016827528151,50.574027025640504,32.711519657311534,10.679451897347828
2811,31.062100965168906,0.0,34.074499643032844,20.172298028323674
2812,10.354033655056302,0.0,16.355759828655767,39.15799029027537
2813,0.0,0.0,4.088939957163942,2.3732115327439622
2814,0.0,0.0,0.0,1.1866057663719811
2815,36.23911779269706,0.0,5.451919942885255,5.933028831859905
2816,20.708067310112604,0.0,42.252379557360726,34.411567224787454
2817,802.4376082668634,438.30823422221766,1018.1460493338215,1331.3716698693627
2818,20.708067310112604,33.71601801709366,61.33409935745912,10.679451897347828
2819,15.531050482584453,16.85800900854683,6.814899928606569,3.5598172991159425
2820,10.354033655056302,0.0,27.259599714426276,15.425874962835751
2821,10.354033655056302,0.0,4.088939957163942,4.7464230654879245
2822,15.531050482584453,16.85800900854683,5.451919942885255,5.933028831859905
2823,10.354033655056302,0.0,2.7259599714426277,4.7464230654879245
2824,10.354033655056302,33.71601801709366,10.90383988577051,9.492846130975849
2825,10.354033655056302,0.0,35.43747962875416,48.65083642125122
2826,0.0,16.85800900854683,2.7259599714426277,2.3732115327439622
2827,31.062100965168906,50.574027025640504,35.43747962875416,32.03835569204349
2828,15.531050482584453,0.0,23.170659757262335,17.799086495579715
2829,10.354033655056302,0.0,16.355759828655767,51.024047953995186
2830,5.177016827528151,0.0,6.814899928606569,3.5598172991159425
2831,150.13348799831638,202.29610810256202,102.22349892909853,68.82313444957491
2832,5.177016827528151,0.0,0.0,0.0
2833,15.531050482584453,33.71601801709366,9.540859900049197,13.05266343009179
2834,5.177016827528151,0.0,1.3629799857213138,1.1866057663719811
2835,25.885084137640757,33.71601801709366,31.348539671590217,20.172298028323674
2836,134.60243751573194,16.85800900854683,80.41581915755751,41.53120182301934
2837,5.177016827528151,0.0,0.0,1.1866057663719811
2838,51.77016827528151,0.0,12.266819871491824,30.851749925671502
2839,15.531050482584453,16.85800900854683,29.985559685868903,20.172298028323674
2840,0.0,0.0,1.3629799857213138,1.1866057663719811
2841,25.885084137640757,33.71601801709366,14.992779842934452,15.425874962835751
2842,5.177016827528151,16.85800900854683,5.451919942885255,15.425874962835751
2843,10.354033655056302,0.0,9.540859900049197,9.492846130975849
2844,31.062100965168906,16.85800900854683,53.15621944313124,45.09101912213528
2845,51.77016827528151,67.43203603418732,34.074499643032844,29.665144159299523
2846,20.708067310112604,33.71601801709366,58.6081393860165,68.82313444957491
2847,0.0,16.85800900854683,0.0,0.0
2848,0.0,0.0,9.540859900049197,3.5598172991159425
2849,5.177016827528151,0.0,4.088939957163942,2.3732115327439622
2850,93.18630289550673,84.29004504273416,62.697079343180434,51.024047953995186
2851,77.65525241292227,33.71601801709366,40.889399571639416,36.784778757531406
2852,20.708067310112604,0.0,10.90383988577051,10.679451897347828
2853,41.41613462022521,67.43203603418732,43.61535954308204,39.15799029027537
2854,0.0,0.0,13.629799857213138,1.1866057663719811
2855,93.18630289550673,84.29004504273416,224.89169764401677,204.09619181598075
2856,31.062100965168906,50.574027025640504,21.80767977154102,23.73211532743962
2857,0.0,0.0,2.7259599714426277,5.933028831859905
2858,72.47823558539412,16.85800900854683,31.348539671590217,26.10532686018358
2859,72.47823558539412,101.14805405128101,44.97833952880335,59.330288318599045
2860,31.062100965168906,84.29004504273416,34.074499643032844,21.358903794695657
2861,10.354033655056302,33.71601801709366,5.451919942885255,10.679451897347828
2862,36.23911779269706,0.0,43.61535954308204,37.971384523903396
2863,20.708067310112604,33.71601801709366,19.081719800098394,16.612480729207732
2864,31.062100965168906,33.71601801709366,35.43747962875416,42.71780758939131
2865,36.23911779269706,84.29004504273416,42.252379557360726,35.59817299115943
2866,10.354033655056302,33.71601801709366,28.62257970014759,29.665144159299523
2867,20.708067310112604,0.0,20.444699785819708,28.47853839292754
2868,750.6674399915819,252.8701351282025,152.65375840078715,185.11049955402902
2869,51.77016827528151,0.0,24.53363974298365,27.291932626555564
2870,20.708067310112604,0.0,13.629799857213138,16.612480729207732
2871,51.77016827528151,67.43203603418732,73.60091922895094,60.51689408497103
2872,93.18630289550673,50.574027025640504,136.29799857213138,102.04809590799037
2873,0.0,16.85800900854683,17.71873981437708,23.73211532743962
2874,41.41613462022521,0.0,10.90383988577051,68.82313444957491
2875,0.0,0.0,1.3629799857213138,0.0
2876,51.77016827528151,33.71601801709366,29.985559685868903,5.933028831859905
2877,10.354033655056302,0.0,5.451919942885255,28.47853839292754
2878,0.0,16.85800900854683,1.3629799857213138,3.5598172991159425
2879,62.12420193033781,33.71601801709366,44.97833952880335,34.411567224787454
2880,31.062100965168906,67.43203603418732,21.80767977154102,23.73211532743962
2881,5.177016827528151,0.0,8.177879914327884,9.492846130975849
2882,5.177016827528151,0.0,1.3629799857213138,10.679451897347828
2883,31.062100965168906,16.85800900854683,36.80045961447547,27.291932626555564
2884,51.77016827528151,16.85800900854683,27.259599714426276,51.024047953995186
2885,72.47823558539412,33.71601801709366,40.889399571639416,45.09101912213528
2886,93.18630289550673,67.43203603418732,28.62257970014759,48.65083642125122
2887,5.177016827528151,16.85800900854683,2.7259599714426277,5.933028831859905
2888,0.0,16.85800900854683,0.0,2.3732115327439622
2889,0.0,16.85800900854683,5.451919942885255,2.3732115327439622
2890,5.177016827528151,0.0,6.814899928606569,8.306240364603866
2891,46.593151447753364,33.71601801709366,8.177879914327884,5.933028831859905
2892,5.177016827528151,0.0,1.3629799857213138,0.0
2893,62.12420193033781,50.574027025640504,36.80045961447547,45.09101912213528
2894,31.062100965168906,0.0,20.444699785819708,29.665144159299523
2895,5.177016827528151,16.85800900854683,9.540859900049197,13.05266343009179
2896,10.354033655056302,16.85800900854683,6.814899928606569,13.05266343009179
2897,56.94718510280967,101.14805405128101,96.77157898621327,96.11506707613046
2898,0.0,0.0,4.088939957163942,9.492846130975849
2899,77.65525241292227,16.85800900854683,39.5264195859181,53.39725948673914
2900,25.885084137640757,67.43203603418732,35.43747962875416,39.15799029027537
2901,196.72663944606975,185.43809909401514,159.4686583293937,166.12480729207735
2902,72.47823558539412,0.0,42.252379557360726,43.90441335576329
2903,10.354033655056302,67.43203603418732,62.697079343180434,66.44992291683093
2904,20.708067310112604,16.85800900854683,29.985559685868903,33.224961458415464
2905,103.54033655056303,50.574027025640504,69.511979271787,83.06240364603867
2906,0.0,16.85800900854683,65.42303931462307,13.05266343009179
2907,10.354033655056302,33.71601801709366,27.259599714426276,27.291932626555564
2908,5.177016827528151,16.85800900854683,24.53363974298365,18.985692261951698
2909,10.354033655056302,0.0,6.814899928606569,4.7464230654879245
2910,77.65525241292227,118.00606305982784,39.5264195859181,30.851749925671502
2911,77.65525241292227,50.574027025640504,84.50475911472145,81.87579787966669
2912,10.354033655056302,16.85800900854683,31.348539671590217,37.971384523903396
2913,25.885084137640757,0.0,23.170659757262335,16.612480729207732
2914,41.41613462022521,67.43203603418732,49.0672794859673,42.71780758939131
2915,41.41613462022521,118.00606305982784,89.9566790576067,122.22039393631405
2916,15.531050482584453,0.0,25.896619728704962,20.172298028323674
2917,46.593151447753364,0.0,84.50475911472145,85.43561517878263
2918,15.531050482584453,0.0,14.992779842934452,10.679451897347828
2919,20.708067310112604,16.85800900854683,38.16343960019679,22.54550956106764
2920,0.0,0.0,1.3629799857213138,1.1866057663719811
2921,10.354033655056302,0.0,19.081719800098394,3.5598172991159425
2922,56.94718510280967,50.574027025640504,61.33409935745912,47.46423065487924
2923,31.062100965168906,101.14805405128101,149.9277984293445,117.47397087082611
2924,15.531050482584453,33.71601801709366,9.540859900049197,11.86605766371981
2925,585.0029015106811,320.3021711623898,1187.1555675632642,1317.132400672899
2926,10.354033655056302,16.85800900854683,24.53363974298365,32.03835569204349
2927,5.177016827528151,16.85800900854683,1.3629799857213138,3.5598172991159425
2928,0.0,0.0,0.0,4.7464230654879245
2929,5.177016827528151,0.0,12.266819871491824,15.425874962835751
2930,0.0,16.85800900854683,10.90383988577051,5.933028831859905
2931,160.48752165337268,472.02425223931135,96.77157898621327,70.00974021594688
2932,113.89437020561934,320.3021711623898,198.9950779153118,17.799086495579715
2933,20.708067310112604,33.71601801709366,28.62257970014759,26.10532686018358
2934,72.47823558539412,33.71601801709366,53.15621944313124,65.26331715045895
2935,341.68311061685796,185.43809909401514,328.4781765588366,289.5318069947634
2936,0.0,16.85800900854683,4.088939957163942,10.679451897347828
2937,20.708067310112604,16.85800900854683,49.0672794859673,52.21065372036716
2938,41.41613462022521,33.71601801709366,34.074499643032844,46.277624888507255
2939,0.0,0.0,4.088939957163942,4.7464230654879245
2940,0.0,0.0,0.0,3.5598172991159425
2941,0.0,0.0,0.0,1.1866057663719811
2942,5.177016827528151,0.0,34.074499643032844,20.172298028323674
2943,196.72663944606975,168.58009008546833,271.23301715854143,219.52206677881648
2944,1760.1857213595715,691.1783693504201,820.5139514042309,774.8535654409036
2945,5.177016827528151,16.85800900854683,14.992779842934452,18.985692261951698
2946,0.0,16.85800900854683,2.7259599714426277,4.7464230654879245
2947,5.177016827528151,16.85800900854683,34.074499643032844,32.03835569204349
2948,0.0,0.0,16.355759828655767,21.358903794695657
2949,0.0,0.0,2.7259599714426277,2.3732115327439622
2950,232.96575723876683,101.14805405128101,189.45421801526263,188.67031685314498
2951,10.354033655056302,0.0,1.3629799857213138,2.3732115327439622
2952,25.885084137640757,67.43203603418732,40.889399571639416,36.784778757531406
2953,10.354033655056302,16.85800900854683,21.80767977154102,22.54550956106764
2954,5.177016827528151,0.0,25.896619728704962,33.224961458415464
2955,31.062100965168906,16.85800900854683,24.53363974298365,30.851749925671502
2956,5.177016827528151,0.0,13.629799857213138,7.119634598231885
2957,15.531050482584453,50.574027025640504,39.5264195859181,41.53120182301934
2958,20.708067310112604,0.0,19.081719800098394,17.799086495579715
2959,0.0,0.0,0.0,1.1866057663719811
2960,5.177016827528151,0.0,5.451919942885255,4.7464230654879245
2961,25.885084137640757,33.71601801709366,42.252379557360726,36.784778757531406
2962,25.885084137640757,33.71601801709366,13.629799857213138,26.10532686018358
2963,0.0,0.0,2.7259599714426277,2.3732115327439622
2964,10.354033655056302,16.85800900854683,23.170659757262335,21.358903794695657
2965,41.41613462022521,50.574027025640504,137.66097855785267,180.36407648854112
2966,207.08067310112605,134.86407206837464,209.89891780108232,192.23013415226092
2967,5.177016827528151,0.0,4.088939957163942,7.119634598231885
2968,10.354033655056302,0.0,0.0,2.3732115327439622
2969,25.885084137640757,0.0,9.540859900049197,23.73211532743962
2970,1247.6610554342844,674.3203603418733,2528.327873513037,2929.729637172421
2971,82.83226924045042,67.43203603418732,114.49031880059036,111.54094203896621
2972,20.708067310112604,0.0,14.992779842934452,7.119634598231885
2973,0.0,0.0,1.3629799857213138,1.1866057663719811
2974,67.30121875786597,0.0,68.14899928606569,73.56955751506281
2975,0.0,0.0,1.3629799857213138,4.7464230654879245
2976,20.708067310112604,0.0,40.889399571639416,32.03835569204349
2977,0.0,0.0,1.3629799857213138,1.1866057663719811
2978,15.531050482584453,16.85800900854683,10.90383988577051,8.306240364603866
2979,10.354033655056302,0.0,9.540859900049197,7.119634598231885
2980,320.97504330674536,168.58009008546833,252.15129735844303,223.08188407793241
2981,0.0,0.0,2.7259599714426277,1.1866057663719811
2982,5.177016827528151,0.0,0.0,1.1866057663719811
2983,0.0,0.0,1.3629799857213138,0.0
2984,0.0,0.0,2.7259599714426277,0.0
2985,10.354033655056302,67.43203603418732,17.71873981437708,20.172298028323674
2986,0.0,0.0,2.7259599714426277,2.3732115327439622
2987,15.531050482584453,33.71601801709366,24.53363974298365,15.425874962835751
2988,56.94718510280967,101.14805405128101,34.074499643032844,32.03835569204349
2989,0.0,0.0,0.0,1.1866057663719811
2990,0.0,0.0,0.0,3.5598172991159425
2991,82.83226924045042,118.00606305982784,47.70429950024598,40.34459605664735
2992,0.0,0.0,0.0,2.3732115327439622
2993,0.0,16.85800900854683,4.088939957163942,3.5598172991159425
2994,0.0,0.0,8.177879914327884,3.5598172991159425
2995,10.354033655056302,0.0,227.6176576154594,78.31598058055074
2996,0.0,0.0,13.629799857213138,7.119634598231885
2997,0.0,0.0,1.3629799857213138,0.0
2998,62.12420193033781,67.43203603418732,83.14177912900014,77.12937481417876
2999,15.531050482584453,16.85800900854683,6.814899928606569,4.7464230654879245
3000,0.0,0.0,1.3629799857213138,0.0
3001,455.57748082247736,337.16018017093666,328.4781765588366,291.9050185275073
3002,51.77016827528151,33.71601801709366,47.70429950024598,65.26331715045895
3003,20.708067310112604,0.0,12.266819871491824,15.425874962835751
3004,0.0,0.0,1.3629799857213138,1.1866057663719811
3005,0.0,0.0,0.0,1.1866057663719811
3006,5.177016827528151,0.0,8.177879914327884,10.679451897347828
3007,46.593151447753364,16.85800900854683,51.793239457409925,17.799086495579715
3008,186.37260579101346,168.58009008546833,81.77879914327883,21.358903794695657
3009,0.0,16.85800900854683,17.71873981437708,27.291932626555564
3010,0.0,16.85800900854683,0.0,0.0
3011,15.531050482584453,0.0,34.074499643032844,27.291932626555564
3012,5.177016827528151,0.0,1.3629799857213138,1.1866057663719811
3013,5.177016827528151,0.0,1.3629799857213138,3.5598172991159425
3014,704.0742885438285,1652.0848828375895,583.3554338887222,262.2398743682078
3015,0.0,0.0,1.3629799857213138,0.0
3016,0.0,0.0,0.0,1.1866057663719811
3017,25.885084137640757,84.29004504273416,29.985559685868903,9.492846130975849
3018,10.354033655056302,16.85800900854683,24.53363974298365,13.05266343009179
3019,77.65525241292227,101.14805405128101,36.80045961447547,35.59817299115943
3020,51.77016827528151,0.0,61.33409935745912,66.44992291683093
3021,56.94718510280967,101.14805405128101,194.90613795814787,136.45966313277782
3022,5.177016827528151,0.0,2.7259599714426277,7.119634598231885
3023,0.0,0.0,0.0,1.1866057663719811
3024,10.354033655056302,0.0,53.15621944313124,37.971384523903396
3025,5.177016827528151,0.0,4.088939957163942,0.0
3026,25.885084137640757,0.0,21.80767977154102,28.47853839292754
3027,67.30121875786597,50.574027025640504,106.31243888626248,64.07671138408698
3028,0.0,0.0,2.7259599714426277,3.5598172991159425
3029,0.0,0.0,0.0,4.7464230654879245
3030,0.0,0.0,0.0,2.3732115327439622
3031,0.0,0.0,6.814899928606569,3.5598172991159425
3032,36.23911779269706,33.71601801709366,6.814899928606569,2.3732115327439622
3033,0.0,0.0,0.0,1.1866057663719811
3034,56.94718510280967,33.71601801709366,43.61535954308204,9.492846130975849
3035,51.77016827528151,16.85800900854683,16.355759828655767,13.05266343009179
3036,0.0,0.0,1.3629799857213138,5.933028831859905
3037,0.0,0.0,4.088939957163942,3.5598172991159425
3038,0.0,0.0,0.0,1.1866057663719811
3039,0.0,0.0,0.0,2.3732115327439622
3040,0.0,0.0,0.0,3.5598172991159425
3041,5.177016827528151,0.0,10.90383988577051,13.05266343009179
3042,124.24840386067562,67.43203603418732,47.70429950024598,27.291932626555564
3043,0.0,0.0,2.7259599714426277,1.1866057663719811
3044,5.177016827528151,0.0,6.814899928606569,7.119634598231885
3045,0.0,0.0,6.814899928606569,9.492846130975849
3046,25.885084137640757,0.0,4.088939957163942,4.7464230654879245
3047,5.177016827528151,0.0,9.540859900049197,9.492846130975849
3048,31.062100965168906,16.85800900854683,24.53363974298365,21.358903794695657
3049,0.0,0.0,0.0,1.1866057663719811
3050,10.354033655056302,0.0,6.814899928606569,10.679451897347828
3051,10.354033655056302,33.71601801709366,16.355759828655767,14.23926919646377
3052,93.18630289550673,33.71601801709366,73.60091922895094,88.99543247789858
3053,46.593151447753364,33.71601801709366,35.43747962875416,52.21065372036716
3054,31.062100965168906,84.29004504273416,50.430259471688615,49.837442187623196
3055,0.0,0.0,1.3629799857213138,3.5598172991159425
3056,15.531050482584453,0.0,8.177879914327884,3.5598172991159425
3057,0.0,0.0,10.90383988577051,18.985692261951698
3058,5.177016827528151,50.574027025640504,12.266819871491824,18.985692261951698
3059,5.177016827528151,0.0,0.0,1.1866057663719811
3060,5.177016827528151,0.0,2.7259599714426277,3.5598172991159425
3061,10.354033655056302,16.85800900854683,8.177879914327884,11.86605766371981
3062,0.0,0.0,1.3629799857213138,0.0
3063,10.354033655056302,50.574027025640504,21.80767977154102,9.492846130975849
3064,5.177016827528151,0.0,13.629799857213138,5.933028831859905
3065,222.6117235837105,370.8761981880303,182.63931808665603,174.43104765668122
3066,15.531050482584453,0.0,12.266819871491824,15.425874962835751
3067,15.531050482584453,0.0,34.074499643032844,16.612480729207732
3068,0.0,0.0,0.0,1.1866057663719811
3069,0.0,16.85800900854683,6.814899928606569,5.933028831859905
3070,5.177016827528151,0.0,0.0,0.0
3071,25.885084137640757,101.14805405128101,140.38693852929532,130.5266343009179
3072,10.354033655056302,67.43203603418732,31.348539671590217,39.15799029027537
3073,15.531050482584453,50.574027025640504,5.451919942885255,9.492846130975849
3074,0.0,0.0,2.7259599714426277,0.0
3075,15.531050482584453,16.85800900854683,4.088939957163942,5.933028831859905
3076,0.0,16.85800900854683,0.0,0.0
3077,67.30121875786597,33.71601801709366,72.23793924322963,62.89010561771499
3078,5.177016827528151,0.0,13.629799857213138,16.612480729207732
3079,0.0,0.0,9.540859900049197,10.679451897347828
3080,10.354033655056302,0.0,27.259599714426276,11.86605766371981
3081,56.94718510280967,16.85800900854683,81.77879914327883,62.89010561771499
3082,0.0,0.0,1.3629799857213138,0.0
3083,25.885084137640757,50.574027025640504,20.444699785819708,13.05266343009179
3084,258.8508413764076,269.7281441367493,380.2714160162465,274.10593203192764
3085,25.885084137640757,50.574027025640504,24.53363974298365,28.47853839292754
3086,0.0,0.0,0.0,3.5598172991159425
3087,103.54033655056303,33.71601801709366,46.34131951452467,39.15799029027537
3088,5.177016827528151,0.0,2.7259599714426277,2.3732115327439622
3089,0.0,0.0,1.3629799857213138,2.3732115327439622
3090,15.531050482584453,16.85800900854683,1.3629799857213138,0.0
3091,67.30121875786597,67.43203603418732,40.889399571639416,49.837442187623196
3092,248.49680772135125,337.16018017093666,347.55989635893496,303.77107619122717
3093,113.89437020561934,0.0,179.9133581152134,142.39269196463772
3094,0.0,0.0,1.3629799857213138,2.3732115327439622
3095,41.41613462022521,16.85800900854683,16.355759828655767,17.799086495579715
3096,5.177016827528151,0.0,0.0,0.0
3097,5.177016827528151,33.71601801709366,12.266819871491824,8.306240364603866
3098,0.0,0.0,0.0,1.1866057663719811
3099,5.177016827528151,0.0,17.71873981437708,29.665144159299523
3100,5.177016827528151,16.85800900854683,5.451919942885255,10.679451897347828
3101,25.885084137640757,50.574027025640504,39.5264195859181,39.15799029027537
3102,5.177016827528151,0.0,14.992779842934452,30.851749925671502
3103,0.0,0.0,8.177879914327884,3.5598172991159425
3104,5.177016827528151,0.0,6.814899928606569,2.3732115327439622
3105,51.77016827528151,16.85800900854683,10.90383988577051,22.54550956106764
3106,10.354033655056302,16.85800900854683,17.71873981437708,21.358903794695657
3107,186.37260579101346,134.86407206837464,104.94945890054116,105.60791320710631
3108,0.0,0.0,2.7259599714426277,4.7464230654879245
3109,88.00928606797856,50.574027025640504,89.9566790576067,93.74185554338649
3110,103.54033655056303,16.85800900854683,65.42303931462307,86.62222094515461
3111,10.354033655056302,16.85800900854683,9.540859900049197,8.306240364603866
3112,186.37260579101346,185.43809909401514,162.19461830083634,196.97655721774885
3113,5.177016827528151,16.85800900854683,2.7259599714426277,13.05266343009179
3114,46.593151447753364,16.85800900854683,21.80767977154102,22.54550956106764
3115,0.0,0.0,1.3629799857213138,0.0
3116,56.94718510280967,84.29004504273416,40.889399571639416,42.71780758939131
3117,5.177016827528151,0.0,0.0,1.1866057663719811
3118,274.381891858992,320.3021711623898,213.98785775824624,142.39269196463772
3119,139.77945434326008,84.29004504273416,104.94945890054116,72.38295174869084
3120,98.36331972303488,118.00606305982784,159.4686583293937,67.63652868320291
3121,20.708067310112604,33.71601801709366,91.31965904332802,71.19634598231886
3122,41.41613462022521,84.29004504273416,54.51919942885255,64.07671138408698
3123,93.18630289550673,33.71601801709366,166.28355825800028,181.55068225491308
3124,10.354033655056302,0.0,21.80767977154102,13.05266343009179
3125,36.23911779269706,16.85800900854683,53.15621944313124,45.09101912213528
3126,0.0,0.0,9.540859900049197,13.05266343009179
3127,0.0,0.0,6.814899928606569,7.119634598231885
3128,5.177016827528151,16.85800900854683,125.39415868636087,232.57473020890828
3129,10.354033655056302,16.85800900854683,17.71873981437708,13.05266343009179
3130,62.12420193033781,16.85800900854683,46.34131951452467,39.15799029027537
3131,0.0,0.0,0.0,1.1866057663719811
3132,0.0,0.0,1.3629799857213138,4.7464230654879245
3133,0.0,0.0,2.7259599714426277,3.5598172991159425
3134,0.0,0.0,0.0,2.3732115327439622
3135,119.07138703314749,84.29004504273416,87.23071908616409,112.72754780533819
3136,20.708067310112604,16.85800900854683,21.80767977154102,24.918721093811598
3137,51.77016827528151,84.29004504273416,80.41581915755751,65.26331715045895
3138,10.354033655056302,0.0,12.266819871491824,35.59817299115943
3139,56.94718510280967,134.86407206837464,73.60091922895094,105.60791320710631
3140,155.31050482584453,185.43809909401514,130.84607862924614,106.79451897347828
3141,15.531050482584453,0.0,57.24515940029518,75.94276904780679
3142,0.0,0.0,1.3629799857213138,0.0
3143,0.0,0.0,5.451919942885255,1.1866057663719811
3144,0.0,0.0,8.177879914327884,10.679451897347828
3145,15.531050482584453,0.0,34.074499643032844,23.73211532743962
3146,0.0,0.0,1.3629799857213138,0.0
3147,160.48752165337268,118.00606305982784,118.57925875775429,92.55524977701451
3148,10.354033655056302,0.0,6.814899928606569,10.679451897347828
3149,77.65525241292227,16.85800900854683,79.0528391718362,86.62222094515461
3150,36.23911779269706,0.0,17.71873981437708,22.54550956106764
3151,88.00928606797856,50.574027025640504,69.511979271787,77.12937481417876
3152,93.18630289550673,67.43203603418732,152.65375840078715,70.00974021594688
3153,5.177016827528151,0.0,2.7259599714426277,1.1866057663719811
3154,139.77945434326008,101.14805405128101,145.83885847218056,112.72754780533819
3155,20.708067310112604,16.85800900854683,21.80767977154102,32.03835569204349
3156,0.0,0.0,2.7259599714426277,10.679451897347828
3157,5.177016827528151,0.0,4.088939957163942,2.3732115327439622
3158,20.708067310112604,16.85800900854683,154.01673838650845,156.6319611611015
3159,0.0,0.0,29.985559685868903,29.665144159299523
3160,41.41613462022521,16.85800900854683,57.24515940029518,59.330288318599045
3161,10.354033655056302,16.85800900854683,2.7259599714426277,2.3732115327439622
3162,82.83226924045042,33.71601801709366,39.5264195859181,21.358903794695657
3163,88.00928606797856,67.43203603418732,70.87495925750832,61.703499851343004
3164,77.65525241292227,33.71601801709366,36.80045961447547,49.837442187623196
3165,5.177016827528151,16.85800900854683,34.074499643032844,49.837442187623196
3166,62.12420193033781,84.29004504273416,61.33409935745912,71.19634598231886
3167,5.177016827528151,0.0,5.451919942885255,5.933028831859905
3168,46.593151447753364,16.85800900854683,51.793239457409925,59.330288318599045
3169,0.0,0.0,2.7259599714426277,2.3732115327439622
3170,10.354033655056302,0.0,5.451919942885255,5.933028831859905
3171,36.23911779269706,0.0,20.444699785819708,24.918721093811598
3172,0.0,0.0,1.3629799857213138,0.0
3173,62.12420193033781,33.71601801709366,103.58647891481985,102.04809590799037
3174,150.13348799831638,84.29004504273416,141.74991851501665,162.5649899929614
3175,36.23911779269706,33.71601801709366,29.985559685868903,56.95707678585508
3176,10.354033655056302,0.0,9.540859900049197,7.119634598231885
3177,0.0,0.0,0.0,1.1866057663719811
3178,15.531050482584453,33.71601801709366,21.80767977154102,24.918721093811598
3179,585.0029015106811,387.73420719657713,275.32195711570535,153.07214386198552
3180,20.708067310112604,67.43203603418732,31.348539671590217,13.05266343009179
3181,15.531050482584453,0.0,24.53363974298365,15.425874962835751
3182,25.885084137640757,0.0,21.80767977154102,20.172298028323674
3183,0.0,0.0,0.0,2.3732115327439622
3184,0.0,0.0,25.896619728704962,26.10532686018358
3185,5.177016827528151,0.0,5.451919942885255,7.119634598231885
3186,258.8508413764076,219.15411711110883,154.01673838650845,96.11506707613046
3187,46.593151447753364,16.85800900854683,34.074499643032844,60.51689408497103
3188,0.0,0.0,5.451919942885255,4.7464230654879245
3189,31.062100965168906,16.85800900854683,27.259599714426276,42.71780758939131
3190,51.77016827528151,0.0,59.97111937173781,36.784778757531406
3191,196.72663944606975,269.7281441367493,145.83885847218056,147.13911503012562
3192,5.177016827528151,0.0,5.451919942885255,4.7464230654879245
3193,10.354033655056302,33.71601801709366,20.444699785819708,20.172298028323674
3194,41.41613462022521,16.85800900854683,69.511979271787,81.87579787966669
3195,20.708067310112604,50.574027025640504,13.629799857213138,14.23926919646377
3196,10.354033655056302,0.0,9.540859900049197,7.119634598231885
3197,0.0,0.0,0.0,1.1866057663719811
3198,20.708067310112604,16.85800900854683,20.444699785819708,34.411567224787454
3199,0.0,0.0,1.3629799857213138,2.3732115327439622
3200,134.60243751573194,101.14805405128101,50.430259471688615,24.918721093811598
3201,248.49680772135125,219.15411711110883,162.19461830083634,201.72298028323675
3202,0.0,0.0,1.3629799857213138,0.0
3203,15.531050482584453,16.85800900854683,12.266819871491824,3.5598172991159425
3204,0.0,0.0,10.90383988577051,27.291932626555564
3205,20.708067310112604,0.0,12.266819871491824,4.7464230654879245
3206,31.062100965168906,50.574027025640504,338.0190364588858,304.9576819575991
3207,0.0,0.0,14.992779842934452,14.23926919646377
3208,62.12420193033781,33.71601801709366,28.62257970014759,17.799086495579715
3209,258.8508413764076,252.8701351282025,205.80997784391838,159.00517269384545
3210,31.062100965168906,33.71601801709366,14.992779842934452,30.851749925671502
3211,0.0,0.0,8.177879914327884,10.679451897347828
3212,103.54033655056303,67.43203603418732,169.0095182294429,173.24444189030922
3213,31.062100965168906,0.0,91.31965904332802,121.03378816994206
3214,88.00928606797856,84.29004504273416,73.60091922895094,62.89010561771499
3215,77.65525241292227,84.29004504273416,137.66097855785267,80.6891921132947
3216,0.0,16.85800900854683,17.71873981437708,20.172298028323674
3217,0.0,16.85800900854683,0.0,5.933028831859905
3218,46.593151447753364,50.574027025640504,62.697079343180434,59.330288318599045
3219,0.0,0.0,1.3629799857213138,1.1866057663719811
3220,20.708067310112604,0.0,4.088939957163942,3.5598172991159425
3221,67.30121875786597,0.0,8.177879914327884,10.679451897347828
3222,15.531050482584453,0.0,24.53363974298365,21.358903794695657
3223,0.0,0.0,2.7259599714426277,1.1866057663719811
3224,176.01857213595713,101.14805405128101,171.73547820088552,237.32115327439618
3225,5.177016827528151,16.85800900854683,6.814899928606569,7.119634598231885
3226,36.23911779269706,101.14805405128101,96.77157898621327,49.837442187623196
3227,5.177016827528151,0.0,6.814899928606569,7.119634598231885
3228,31.062100965168906,16.85800900854683,20.444699785819708,20.172298028323674
3229,67.30121875786597,84.29004504273416,34.074499643032844,40.34459605664735
3230,20.708067310112604,33.71601801709366,13.629799857213138,10.679451897347828
3231,10.354033655056302,33.71601801709366,5.451919942885255,9.492846130975849
3232,10.354033655056302,16.85800900854683,28.62257970014759,27.291932626555564
3233,0.0,0.0,1.3629799857213138,0.0
3234,0.0,0.0,5.451919942885255,9.492846130975849
3235,0.0,0.0,1.3629799857213138,7.119634598231885
3236,0.0,0.0,1.3629799857213138,5.933028831859905
3237,0.0,0.0,1.3629799857213138,1.1866057663719811
3238,15.531050482584453,0.0,29.985559685868903,15.425874962835751
3239,0.0,0.0,2.7259599714426277,2.3732115327439622
3240,25.885084137640757,0.0,51.793239457409925,51.024047953995186
3241,5.177016827528151,0.0,20.444699785819708,21.358903794695657
3242,10.354033655056302,16.85800900854683,5.451919942885255,11.86605766371981
3243,238.14277406629498,118.00606305982784,173.09845818660685,237.32115327439618
3244,46.593151447753364,16.85800900854683,42.252379557360726,34.411567224787454
3245,82.83226924045042,50.574027025640504,129.4830986435248,105.60791320710631
3246,310.62100965168906,185.43809909401514,159.4686583293937,176.80425918942515
3247,20.708067310112604,0.0,23.170659757262335,8.306240364603866
3248,10.354033655056302,0.0,6.814899928606569,7.119634598231885
3249,0.0,0.0,2.7259599714426277,2.3732115327439622
3250,103.54033655056303,16.85800900854683,24.53363974298365,52.21065372036716
3251,0.0,16.85800900854683,20.444699785819708,30.851749925671502
3252,0.0,16.85800900854683,0.0,0.0
3253,25.885084137640757,16.85800900854683,20.444699785819708,28.47853839292754
3254,15.531050482584453,33.71601801709366,10.90383988577051,9.492846130975849
3255,10.354033655056302,0.0,8.177879914327884,3.5598172991159425
3256,10.354033655056302,0.0,14.992779842934452,5.933028831859905
3257,0.0,0.0,1.3629799857213138,0.0
3258,144.95647117078823,67.43203603418732,95.40859900049196,75.94276904780679
3259,0.0,0.0,2.7259599714426277,1.1866057663719811
3260,0.0,0.0,8.177879914327884,17.799086495579715
3261,253.67382454887942,50.574027025640504,179.9133581152134,230.2015186761643
3262,5.177016827528151,33.71601801709366,40.889399571639416,64.07671138408698
3263,5.177016827528151,0.0,4.088939957163942,5.933028831859905
3264,0.0,0.0,6.814899928606569,9.492846130975849
3265,0.0,0.0,10.90383988577051,8.306240364603866
3266,82.83226924045042,84.29004504273416,54.51919942885255,37.971384523903396
3267,15.531050482584453,16.85800900854683,1.3629799857213138,0.0
3268,5.177016827528151,0.0,12.266819871491824,17.799086495579715
3269,0.0,0.0,2.7259599714426277,9.492846130975849
3270,10.354033655056302,50.574027025640504,21.80767977154102,15.425874962835751
3271,10.354033655056302,16.85800900854683,14.992779842934452,17.799086495579715
3272,0.0,0.0,12.266819871491824,3.5598172991159425
3273,36.23911779269706,33.71601801709366,25.896619728704962,35.59817299115943
3274,5.177016827528151,0.0,1.3629799857213138,0.0
3275,0.0,0.0,5.451919942885255,4.7464230654879245
3276,0.0,0.0,4.088939957163942,2.3732115327439622
3277,25.885084137640757,0.0,17.71873981437708,9.492846130975849
3278,56.94718510280967,33.71601801709366,28.62257970014759,39.15799029027537
3279,82.83226924045042,84.29004504273416,38.16343960019679,26.10532686018358
3280,10.354033655056302,50.574027025640504,10.90383988577051,13.05266343009179
3281,5.177016827528151,16.85800900854683,13.629799857213138,17.799086495579715
3282,10.354033655056302,50.574027025640504,46.34131951452467,20.172298028323674
3283,5.177016827528151,0.0,1.3629799857213138,0.0
3284,0.0,0.0,4.088939957163942,5.933028831859905
3285,10.354033655056302,0.0,9.540859900049197,8.306240364603866
3286,0.0,0.0,2.7259599714426277,2.3732115327439622
3287,46.593151447753364,67.43203603418732,69.511979271787,60.51689408497103
3288,77.65525241292227,151.72208107692148,118.57925875775429,80.6891921132947
3289,0.0,0.0,2.7259599714426277,7.119634598231885
3290,0.0,0.0,2.7259599714426277,2.3732115327439622
3291,15.531050482584453,50.574027025640504,36.80045961447547,32.03835569204349
3292,0.0,16.85800900854683,0.0,0.0
3293,5.177016827528151,0.0,2.7259599714426277,2.3732115327439622
3294,5.177016827528151,0.0,19.081719800098394,21.358903794695657
3295,269.20487503146387,151.72208107692148,111.76435882914774,70.00974021594688
3296,0.0,0.0,0.0,2.3732115327439622
3297,5.177016827528151,0.0,0.0,4.7464230654879245
3298,41.41613462022521,0.0,69.511979271787,67.63652868320291
3299,10.354033655056302,0.0,1.3629799857213138,1.1866057663719811
3300,0.0,0.0,0.0,1.1866057663719811
3301,25.885084137640757,0.0,39.5264195859181,35.59817299115943
3302,31.062100965168906,0.0,46.34131951452467,46.277624888507255
3303,15.531050482584453,16.85800900854683,10.90383988577051,13.05266343009179
3304,0.0,0.0,2.7259599714426277,7.119634598231885
3305,176.01857213595713,202.29610810256202,160.83163831511501,110.35433627259422
3306,31.062100965168906,0.0,51.793239457409925,47.46423065487924
3307,20.708067310112604,0.0,32.711519657311534,29.665144159299523
3308,0.0,16.85800900854683,4.088939957163942,7.119634598231885
3309,5.177016827528151,33.71601801709366,4.088939957163942,7.119634598231885
3310,5.177016827528151,0.0,6.814899928606569,4.7464230654879245
3311,5.177016827528151,16.85800900854683,19.081719800098394,15.425874962835751
3312,0.0,0.0,0.0,1.1866057663719811
3313,88.00928606797856,67.43203603418732,28.62257970014759,27.291932626555564
3314,72.47823558539412,84.29004504273416,64.06005932890174,41.53120182301934
3315,0.0,0.0,1.3629799857213138,4.7464230654879245
3316,5.177016827528151,0.0,2.7259599714426277,3.5598172991159425
3317,0.0,0.0,6.814899928606569,4.7464230654879245
3318,5.177016827528151,0.0,17.71873981437708,9.492846130975849
3319,41.41613462022521,33.71601801709366,14.992779842934452,17.799086495579715
3320,377.92222840955503,151.72208107692148,260.3291772727709,180.36407648854112
3321,10.354033655056302,0.0,8.177879914327884,5.933028831859905
3322,0.0,0.0,12.266819871491824,11.86605766371981
3323,0.0,16.85800900854683,4.088939957163942,4.7464230654879245
3324,284.7359255140483,151.72208107692148,404.8050557592302,397.5129317346136
3325,0.0,0.0,1.3629799857213138,0.0
3326,1361.5554256399037,1180.0606305982783,1369.7948856499204,1533.0946501525993
3327,124.24840386067562,84.29004504273416,122.66819871491823,245.62739363900002
3328,0.0,16.85800900854683,17.71873981437708,14.23926919646377
3329,51.77016827528151,84.29004504273416,32.711519657311534,20.172298028323674
3330,72.47823558539412,118.00606305982784,49.0672794859673,49.837442187623196
3331,0.0,0.0,0.0,1.1866057663719811
3332,41.41613462022521,67.43203603418732,85.86773910044276,78.31598058055074
3333,10.354033655056302,0.0,0.0,1.1866057663719811
3334,5.177016827528151,0.0,31.348539671590217,23.73211532743962
3335,1180.3598366764184,1129.4866035726377,4180.25961620727,3905.1195771301896
3336,0.0,16.85800900854683,0.0,1.1866057663719811
3337,51.77016827528151,84.29004504273416,64.06005932890174,66.44992291683093
3338,0.0,0.0,0.0,2.3732115327439622
3339,0.0,0.0,5.451919942885255,4.7464230654879245
3340,0.0,0.0,13.629799857213138,17.799086495579715
3341,683.3662212337159,387.73420719657713,298.49261687296774,208.84261488146865
3342,5.177016827528151,0.0,1.3629799857213138,4.7464230654879245
3343,5.177016827528151,0.0,43.61535954308204,35.59817299115943
3344,15.531050482584453,0.0,31.348539671590217,23.73211532743962
3345,10.354033655056302,0.0,10.90383988577051,13.05266343009179
3346,31.062100965168906,33.71601801709366,23.170659757262335,34.411567224787454
3347,186.37260579101346,84.29004504273416,80.41581915755751,86.62222094515461
3348,0.0,0.0,0.0,3.5598172991159425
3349,56.94718510280967,50.574027025640504,65.42303931462307,56.95707678585508
3350,0.0,0.0,1.3629799857213138,0.0
3351,51.77016827528151,33.71601801709366,38.16343960019679,27.291932626555564
3352,0.0,16.85800900854683,17.71873981437708,104.42130744073432
3353,0.0,16.85800900854683,2.7259599714426277,2.3732115327439622
3354,227.78874041123868,134.86407206837464,205.80997784391838,196.97655721774885
3355,93.18630289550673,33.71601801709366,99.4975389576559,35.59817299115943
3356,15.531050482584453,0.0,14.992779842934452,9.492846130975849
3357,217.43470675618235,33.71601801709366,106.31243888626248,135.27305736640582
3358,15.531050482584453,16.85800900854683,53.15621944313124,39.15799029027537
3359,5.177016827528151,0.0,0.0,0.0
3360,0.0,0.0,1.3629799857213138,8.306240364603866
3361,5.177016827528151,0.0,12.266819871491824,18.985692261951698
3362,46.593151447753364,0.0,53.15621944313124,40.34459605664735
3363,10.354033655056302,50.574027025640504,24.53363974298365,37.971384523903396
3364,25.885084137640757,33.71601801709366,68.14899928606569,58.14368255222707
3365,41.41613462022521,16.85800900854683,54.51919942885255,47.46423065487924
3366,0.0,0.0,4.088939957163942,7.119634598231885
3367,51.77016827528151,185.43809909401514,69.511979271787,85.43561517878263
3368,36.23911779269706,16.85800900854683,21.80767977154102,39.15799029027537
3369,67.30121875786597,50.574027025640504,104.94945890054116,86.62222094515461
3370,62.12420193033781,84.29004504273416,74.96389921467225,73.56955751506281
3371,0.0,0.0,1.3629799857213138,2.3732115327439622
3372,56.94718510280967,33.71601801709366,51.793239457409925,28.47853839292754
3373,10.354033655056302,16.85800900854683,9.540859900049197,11.86605766371981
3374,0.0,0.0,1.3629799857213138,0.0
3375,36.23911779269706,33.71601801709366,38.16343960019679,42.71780758939131
3376,1180.3598366764184,421.4502252136708,278.047917087148,179.17747072216912
3377,5.177016827528151,33.71601801709366,12.266819871491824,7.119634598231885
3378,15.531050482584453,0.0,10.90383988577051,16.612480729207732
3379,88.00928606797856,84.29004504273416,77.68985918611489,106.79451897347828
3380,0.0,0.0,2.7259599714426277,8.306240364603866
3381,15.531050482584453,0.0,34.074499643032844,37.971384523903396
3382,0.0,0.0,14.992779842934452,9.492846130975849
3383,25.885084137640757,33.71601801709366,35.43747962875416,42.71780758939131
3384,134.60243751573194,33.71601801709366,49.0672794859673,37.971384523903396
3385,0.0,0.0,0.0,1.1866057663719811
3386,51.77016827528151,33.71601801709366,4.088939957163942,16.612480729207732
3387,15.531050482584453,16.85800900854683,12.266819871491824,5.933028831859905
3388,20.708067310112604,67.43203603418732,47.70429950024598,36.784778757531406
3389,15.531050482584453,0.0,16.355759828655767,14.23926919646377
3390,67.30121875786597,33.71601801709366,50.430259471688615,54.58386525311113
3391,36.23911779269706,50.574027025640504,166.28355825800028,68.82313444957491
3392,0.0,0.0,9.540859900049197,11.86605766371981
3393,5.177016827528151,0.0,6.814899928606569,0.0
3394,25.885084137640757,33.71601801709366,1.3629799857213138,0.0
3395,82.83226924045042,118.00606305982784,317.5743366730661,268.1729032000677
3396,0.0,0.0,4.088939957163942,2.3732115327439622
3397,31.062100965168906,16.85800900854683,4.088939957163942,7.119634598231885
3398,56.94718510280967,84.29004504273416,100.86051894337723,94.92846130975848
3399,20.708067310112604,16.85800900854683,19.081719800098394,30.851749925671502
3400,82.83226924045042,101.14805405128101,70.87495925750832,81.87579787966669
3401,0.0,0.0,17.71873981437708,15.425874962835751
3402,25.885084137640757,33.71601801709366,31.348539671590217,18.985692261951698
3403,31.062100965168906,67.43203603418732,54.51919942885255,33.224961458415464
3404,212.2576899286542,252.8701351282025,129.4830986435248,97.30167284250244
3405,72.47823558539412,67.43203603418732,57.24515940029518,47.46423065487924
3406,0.0,0.0,0.0,11.86605766371981
3407,10.354033655056302,0.0,6.814899928606569,9.492846130975849
3408,15.531050482584453,0.0,2.7259599714426277,4.7464230654879245
3409,20.708067310112604,16.85800900854683,2.7259599714426277,3.5598172991159425
3410,160.48752165337268,101.14805405128101,145.83885847218056,112.72754780533819
3411,20.708067310112604,67.43203603418732,61.33409935745912,72.38295174869084
3412,0.0,0.0,1.3629799857213138,1.1866057663719811
3413,326.15206013427354,202.29610810256202,148.56481844362318,151.88553809561358
3414,186.37260579101346,168.58009008546833,98.1345589719346,112.72754780533819
3415,0.0,0.0,1.3629799857213138,1.1866057663719811
3416,0.0,0.0,145.83885847218056,157.81856692747348
3417,5.177016827528151,0.0,8.177879914327884,8.306240364603866
3418,31.062100965168906,16.85800900854683,16.355759828655767,15.425874962835751
3419,31.062100965168906,0.0,6.814899928606569,14.23926919646377
3420,62.12420193033781,168.58009008546833,102.22349892909853,98.48827860887442
3421,25.885084137640757,0.0,6.814899928606569,8.306240364603866
3422,15.531050482584453,50.574027025640504,6.814899928606569,7.119634598231885
3423,15.531050482584453,50.574027025640504,14.992779842934452,26.10532686018358
3424,5.177016827528151,0.0,23.170659757262335,15.425874962835751
3425,108.71735337809118,50.574027025640504,79.0528391718362,56.95707678585508
3426,0.0,0.0,0.0,3.5598172991159425
3427,999.1642477129332,691.1783693504201,716.927472489411,620.594815812546
3428,67.30121875786597,151.72208107692148,80.41581915755751,48.65083642125122
3429,10.354033655056302,0.0,1.3629799857213138,0.0
3430,20.708067310112604,0.0,50.430259471688615,37.971384523903396
3431,56.94718510280967,50.574027025640504,59.97111937173781,67.63652868320291
3432,134.60243751573194,67.43203603418732,154.01673838650845,151.88553809561358
3433,0.0,0.0,1.3629799857213138,0.0
3434,10.354033655056302,16.85800900854683,13.629799857213138,4.7464230654879245
3435,15.531050482584453,16.85800900854683,12.266819871491824,26.10532686018358
3436,10.354033655056302,0.0,10.90383988577051,20.172298028323674
3437,0.0,0.0,1.3629799857213138,2.3732115327439622
3438,36.23911779269706,0.0,23.170659757262335,29.665144159299523
3439,0.0,0.0,1.3629799857213138,0.0
3440,5.177016827528151,33.71601801709366,4.088939957163942,4.7464230654879245
3441,46.593151447753364,50.574027025640504,36.80045961447547,41.53120182301934
3442,0.0,0.0,1.3629799857213138,2.3732115327439622
3443,15.531050482584453,0.0,14.992779842934452,10.679451897347828
3444,15.531050482584453,16.85800900854683,12.266819871491824,15.425874962835751
3445,67.30121875786597,50.574027025640504,16.355759828655767,11.86605766371981
3446,62.12420193033781,151.72208107692148,124.03117870063956,107.98112473985027
3447,108.71735337809118,84.29004504273416,61.33409935745912,55.770471019483104
3448,0.0,16.85800900854683,6.814899928606569,4.7464230654879245
3449,5.177016827528151,16.85800900854683,6.814899928606569,10.679451897347828
3450,279.55890868652017,151.72208107692148,98.1345589719346,52.21065372036716
3451,0.0,0.0,0.0,1.1866057663719811
3452,0.0,0.0,1.3629799857213138,2.3732115327439622
3453,15.531050482584453,50.574027025640504,31.348539671590217,28.47853839292754
3454,56.94718510280967,0.0,24.53363974298365,22.54550956106764
3455,5.177016827528151,0.0,8.177879914327884,9.492846130975849
3456,0.0,0.0,4.088939957163942,2.3732115327439622
3457,0.0,0.0,5.451919942885255,1.1866057663719811
3458,41.41613462022521,16.85800900854683,25.896619728704962,15.425874962835751
3459,62.12420193033781,16.85800900854683,69.511979271787,66.44992291683093
3460,0.0,0.0,4.088939957163942,3.5598172991159425
3461,0.0,0.0,0.0,1.1866057663719811
3462,538.4097500629277,320.3021711623898,318.9373166587874,248.000605171744
3463,160.48752165337268,202.29610810256202,253.51427734416438,213.58903794695655
3464,155.31050482584453,134.86407206837464,246.69937741555782,238.50775904076818
3465,0.0,0.0,5.451919942885255,4.7464230654879245
3466,20.708067310112604,33.71601801709366,16.355759828655767,10.679451897347828
3467,10.354033655056302,33.71601801709366,10.90383988577051,14.23926919646377
3468,15.531050482584453,0.0,9.540859900049197,13.05266343009179
3469,31.062100965168906,0.0,20.444699785819708,15.425874962835751
3470,56.94718510280967,84.29004504273416,66.78601930034436,70.00974021594688
3471,98.36331972303488,67.43203603418732,58.6081393860165,81.87579787966669
3472,36.23911779269706,50.574027025640504,31.348539671590217,45.09101912213528
3473,10.354033655056302,0.0,2.7259599714426277,10.679451897347828
3474,41.41613462022521,50.574027025640504,189.45421801526263,130.5266343009179
3475,113.89437020561934,33.71601801709366,85.86773910044276,91.36864401064253
3476,36.23911779269706,33.71601801709366,16.355759828655767,23.73211532743962
3477,5.177016827528151,0.0,0.0,1.1866057663719811
3478,10.354033655056302,16.85800900854683,0.0,0.0
3479,0.0,0.0,1.3629799857213138,0.0
3480,5.177016827528151,0.0,4.088939957163942,2.3732115327439622
3481,41.41613462022521,50.574027025640504,54.51919942885255,73.56955751506281
3482,15.531050482584453,16.85800900854683,20.444699785819708,13.05266343009179
3483,0.0,16.85800900854683,9.540859900049197,41.53120182301934
3484,5.177016827528151,0.0,0.0,1.1866057663719811
3485,25.885084137640757,0.0,34.074499643032844,33.224961458415464
3486,0.0,0.0,0.0,2.3732115327439622
3487,15.531050482584453,0.0,5.451919942885255,5.933028831859905
3488,10.354033655056302,0.0,5.451919942885255,4.7464230654879245
3489,5.177016827528151,0.0,1.3629799857213138,2.3732115327439622
3490,13962.414383843425,17448.039323845973,12750.67776642289,10636.734089758436
3491,258.8508413764076,977.7645224957163,671.9491329606077,233.76133597528025
3492,0.0,0.0,6.814899928606569,1.1866057663719811
3493,10.354033655056302,0.0,6.814899928606569,10.679451897347828
3494,10.354033655056302,16.85800900854683,13.629799857213138,8.306240364603866
3495,0.0,0.0,0.0,1.1866057663719811
3496,0.0,0.0,1.3629799857213138,4.7464230654879245
3497,10.354033655056302,33.71601801709366,19.081719800098394,28.47853839292754
3498,10.354033655056302,33.71601801709366,21.80767977154102,22.54550956106764
3499,15.531050482584453,33.71601801709366,17.71873981437708,17.799086495579715
3500,170.84155530842898,252.8701351282025,125.39415868636087,72.38295174869084
3501,155.31050482584453,168.58009008546833,275.32195711570535,248.000605171744
3502,5.177016827528151,0.0,12.266819871491824,8.306240364603866
3503,0.0,0.0,1.3629799857213138,5.933028831859905
3504,5.177016827528151,0.0,5.451919942885255,7.119634598231885
3505,103.54033655056303,84.29004504273416,117.216278772033,80.6891921132947
3506,0.0,0.0,1.3629799857213138,1.1866057663719811
3507,440.0464303398929,84.29004504273416,376.1824760590826,532.7859891010195
3508,0.0,0.0,0.0,1.1866057663719811
3509,20.708067310112604,16.85800900854683,19.081719800098394,21.358903794695657
3510,0.0,0.0,0.0,1.1866057663719811
3511,103.54033655056303,33.71601801709366,58.6081393860165,79.50258634692273
3512,5.177016827528151,0.0,2.7259599714426277,8.306240364603866
3513,15.531050482584453,0.0,32.711519657311534,23.73211532743962
3514,0.0,0.0,5.451919942885255,3.5598172991159425
3515,5.177016827528151,0.0,1.3629799857213138,2.3732115327439622
3516,0.0,0.0,0.0,1.1866057663719811
3517,36.23911779269706,0.0,23.170659757262335,17.799086495579715
3518,62.12420193033781,84.29004504273416,83.14177912900014,85.43561517878263
3519,51.77016827528151,33.71601801709366,94.04561901477065,115.10075933808216
3520,62.12420193033781,16.85800900854683,50.430259471688615,71.19634598231886
3521,15.531050482584453,0.0,1.3629799857213138,14.23926919646377
3522,15.531050482584453,0.0,6.814899928606569,10.679451897347828
3523,0.0,0.0,1.3629799857213138,0.0
3524,0.0,0.0,0.0,2.3732115327439622
3525,51.77016827528151,67.43203603418732,96.77157898621327,80.6891921132947
3526,31.062100965168906,33.71601801709366,12.266819871491824,30.851749925671502
3527,20.708067310112604,50.574027025640504,40.889399571639416,32.03835569204349
3528,10.354033655056302,0.0,2.7259599714426277,1.1866057663719811
3529,129.4254206882038,84.29004504273416,151.29077841506583,110.35433627259422
3530,15.531050482584453,0.0,34.074499643032844,16.612480729207732
3531,0.0,0.0,6.814899928606569,8.306240364603866
3532,0.0,0.0,2.7259599714426277,4.7464230654879245
3533,284.7359255140483,118.00606305982784,77.68985918611489,60.51689408497103
3534,15.531050482584453,0.0,0.0,2.3732115327439622
3535,170.84155530842898,219.15411711110883,87.23071908616409,92.55524977701451
3536,0.0,0.0,2.7259599714426277,0.0
3537,0.0,0.0,79.0528391718362,94.92846130975848
3538,93.18630289550673,118.00606305982784,79.0528391718362,72.38295174869084
3539,0.0,0.0,0.0,2.3732115327439622
3540,10.354033655056302,0.0,14.992779842934452,13.05266343009179
3541,0.0,0.0,4.088939957163942,1.1866057663719811
3542,10.354033655056302,16.85800900854683,16.355759828655767,21.358903794695657
3543,25.885084137640757,33.71601801709366,12.266819871491824,7.119634598231885
3544,31.062100965168906,16.85800900854683,27.259599714426276,28.47853839292754
3545,20.708067310112604,0.0,20.444699785819708,14.23926919646377
3546,62.12420193033781,33.71601801709366,57.24515940029518,47.46423065487924
3547,0.0,0.0,1.3629799857213138,0.0
3548,103.54033655056303,151.72208107692148,196.2691179438692,172.05783612393725
3549,15.531050482584453,16.85800900854683,14.992779842934452,7.119634598231885
3550,72.47823558539412,84.29004504273416,34.074499643032844,22.54550956106764
3551,31.062100965168906,33.71601801709366,16.355759828655767,18.985692261951698
3552,5.177016827528151,0.0,5.451919942885255,2.3732115327439622
3553,0.0,16.85800900854683,0.0,0.0
3554,25.885084137640757,16.85800900854683,6.814899928606569,4.7464230654879245
3555,5.177016827528151,16.85800900854683,14.992779842934452,5.933028831859905
3556,5.177016827528151,0.0,5.451919942885255,7.119634598231885
3557,160.48752165337268,219.15411711110883,257.6032173013283,176.80425918942515
3558,0.0,0.0,0.0,4.7464230654879245
3559,201.9036562735979,168.58009008546833,177.1873981437708,162.5649899929614
3560,248.49680772135125,168.58009008546833,188.0912380295413,160.19177846021742
3561,77.65525241292227,50.574027025640504,57.24515940029518,62.89010561771499
3562,72.47823558539412,101.14805405128101,77.68985918611489,65.26331715045895
3563,445.223447167421,185.43809909401514,336.6560564731645,344.1156722478745
3564,207.08067310112605,118.00606305982784,278.047917087148,278.8523550974155
3565,20.708067310112604,16.85800900854683,29.985559685868903,39.15799029027537
3566,258.8508413764076,640.6043423247796,192.18017798670522,145.95250926375365
3567,5.177016827528151,33.71601801709366,17.71873981437708,30.851749925671502
3568,20.708067310112604,0.0,13.629799857213138,26.10532686018358
3569,331.32907696180166,84.29004504273416,34.074499643032844,15.425874962835751
3570,20.708067310112604,16.85800900854683,17.71873981437708,15.425874962835751
3571,5.177016827528151,16.85800900854683,1.3629799857213138,5.933028831859905
3572,134.60243751573194,101.14805405128101,104.94945890054116,99.67488437524639
3573,41.41613462022521,0.0,44.97833952880335,52.21065372036716
3574,0.0,0.0,1.3629799857213138,4.7464230654879245
3575,0.0,0.0,4.088939957163942,4.7464230654879245
3576,88.00928606797856,50.574027025640504,85.86773910044276,96.11506707613046
3577,46.593151447753364,84.29004504273416,29.985559685868903,22.54550956106764
3578,0.0,0.0,1.3629799857213138,0.0
3579,10.354033655056302,16.85800900854683,20.444699785819708,17.799086495579715
3580,176.01857213595713,134.86407206837464,203.08401787247573,170.87123035756525
3581,0.0,0.0,1.3629799857213138,0.0
3582,15.531050482584453,0.0,24.53363974298365,33.224961458415464
3583,46.593151447753364,0.0,66.78601930034436,37.971384523903396
3584,170.84155530842898,269.7281441367493,275.32195711570535,372.59421064080203
3585,0.0,0.0,4.088939957163942,5.933028831859905
3586,5.177016827528151,84.29004504273416,35.43747962875416,41.53120182301934
3587,5.177016827528151,16.85800900854683,5.451919942885255,3.5598172991159425
3588,15.531050482584453,16.85800900854683,47.70429950024598,43.90441335576329
3589,20.708067310112604,0.0,38.16343960019679,13.05266343009179
3590,0.0,0.0,10.90383988577051,13.05266343009179
3591,82.83226924045042,16.85800900854683,121.30521872919692,142.39269196463772
3592,51.77016827528151,16.85800900854683,39.5264195859181,36.784778757531406
3593,5.177016827528151,0.0,0.0,1.1866057663719811
3594,0.0,0.0,0.0,2.3732115327439622
3595,0.0,0.0,0.0,2.3732115327439622
3596,191.5496226185416,67.43203603418732,254.87725732988568,214.77564371332855
3597,72.47823558539412,33.71601801709366,59.97111937173781,91.36864401064253
3598,15.531050482584453,50.574027025640504,21.80767977154102,45.09101912213528
3599,0.0,0.0,2.7259599714426277,2.3732115327439622
3600,10.354033655056302,33.71601801709366,29.985559685868903,43.90441335576329
3601,77.65525241292227,134.86407206837464,54.51919942885255,73.56955751506281
3602,31.062100965168906,50.574027025640504,29.985559685868903,23.73211532743962
3603,15.531050482584453,0.0,14.992779842934452,18.985692261951698
3604,15.531050482584453,0.0,9.540859900049197,22.54550956106764
3605,31.062100965168906,50.574027025640504,122.66819871491823,99.67488437524639
3606,20.708067310112604,0.0,10.90383988577051,29.665144159299523
3607,0.0,0.0,12.266819871491824,151.88553809561358
3608,5.177016827528151,0.0,1.3629799857213138,1.1866057663719811
3609,0.0,0.0,5.451919942885255,0.0
3610,77.65525241292227,33.71601801709366,59.97111937173781,43.90441335576329
3611,0.0,0.0,1.3629799857213138,3.5598172991159425
3612,5.177016827528151,0.0,5.451919942885255,11.86605766371981
3613,352.03714427191426,252.8701351282025,130.84607862924614,164.93820152570535
3614,10.354033655056302,33.71601801709366,4.088939957163942,17.799086495579715
3615,10.354033655056302,0.0,6.814899928606569,9.492846130975849
3616,0.0,0.0,27.259599714426276,40.34459605664735
3617,5.177016827528151,0.0,6.814899928606569,15.425874962835751
3618,0.0,0.0,1.3629799857213138,0.0
3619,0.0,0.0,2.7259599714426277,1.1866057663719811
3620,88.00928606797856,33.71601801709366,43.61535954308204,40.34459605664735
3621,10.354033655056302,0.0,25.896619728704962,24.918721093811598
3622,5.177016827528151,0.0,0.0,3.5598172991159425
3623,51.77016827528151,33.71601801709366,20.444699785819708,28.47853839292754
3624,0.0,0.0,0.0,1.1866057663719811
3625,20.708067310112604,16.85800900854683,12.266819871491824,22.54550956106764
3626,0.0,0.0,0.0,1.1866057663719811
3627,93.18630289550673,134.86407206837464,89.9566790576067,157.81856692747348
3628,20.708067310112604,16.85800900854683,6.814899928606569,1.1866057663719811
3629,41.41613462022521,16.85800900854683,40.889399571639416,40.34459605664735
3630,0.0,0.0,1.3629799857213138,1.1866057663719811
3631,56.94718510280967,16.85800900854683,55.88217941457387,36.784778757531406
3632,0.0,16.85800900854683,5.451919942885255,8.306240364603866
3633,41.41613462022521,16.85800900854683,29.985559685868903,21.358903794695657
3634,0.0,16.85800900854683,1.3629799857213138,4.7464230654879245
3635,5.177016827528151,0.0,34.074499643032844,33.224961458415464
3636,139.77945434326008,118.00606305982784,234.432557544066,212.40243218058458
3637,56.94718510280967,84.29004504273416,77.68985918611489,62.89010561771499
3638,0.0,16.85800900854683,16.355759828655767,17.799086495579715
3639,0.0,0.0,1.3629799857213138,13.05266343009179
3640,5.177016827528151,0.0,0.0,2.3732115327439622
3641,108.71735337809118,202.29610810256202,336.6560564731645,318.0103453876909
3642,25.885084137640757,16.85800900854683,24.53363974298365,22.54550956106764
3643,25.885084137640757,50.574027025640504,19.081719800098394,32.03835569204349
3644,0.0,0.0,6.814899928606569,28.47853839292754
3645,20.708067310112604,16.85800900854683,9.540859900049197,24.918721093811598
3646,0.0,0.0,1.3629799857213138,0.0
3647,51.77016827528151,134.86407206837464,110.40137884342641,78.31598058055074
3648,155.31050482584453,33.71601801709366,77.68985918611489,77.12937481417876
3649,1889.6111420477753,539.4562882734986,353.01181630182026,205.28279758235269
3650,119.07138703314749,67.43203603418732,103.58647891481985,138.83287466552176
3651,0.0,0.0,6.814899928606569,9.492846130975849
3652,36.23911779269706,33.71601801709366,38.16343960019679,35.59817299115943
3653,0.0,0.0,12.266819871491824,10.679451897347828
3654,31.062100965168906,67.43203603418732,4.088939957163942,1.1866057663719811
3655,15.531050482584453,0.0,17.71873981437708,14.23926919646377
3656,20.708067310112604,16.85800900854683,19.081719800098394,17.799086495579715
3657,5.177016827528151,0.0,5.451919942885255,2.3732115327439622
3658,46.593151447753364,0.0,12.266819871491824,11.86605766371981
3659,0.0,16.85800900854683,4.088939957163942,9.492846130975849
3660,408.984329374724,354.0181891794835,1427.0400450502157,1548.5205251154352
3661,150.13348799831638,118.00606305982784,741.4611122323947,1403.7546216180533
3662,31.062100965168906,0.0,36.80045961447547,42.71780758939131
3663,0.0,0.0,1.3629799857213138,3.5598172991159425
3664,20.708067310112604,84.29004504273416,14.992779842934452,32.03835569204349
3665,5.177016827528151,0.0,4.088939957163942,22.54550956106764
3666,25.885084137640757,0.0,17.71873981437708,17.799086495579715
3667,5.177016827528151,0.0,10.90383988577051,11.86605766371981
3668,5.177016827528151,0.0,0.0,4.7464230654879245
3669,41.41613462022521,50.574027025640504,32.711519657311534,52.21065372036716
3670,41.41613462022521,50.574027025640504,80.41581915755751,129.34002853454592
3671,0.0,16.85800900854683,12.266819871491824,7.119634598231885
3672,77.65525241292227,101.14805405128101,16.355759828655767,17.799086495579715
3673,31.062100965168906,16.85800900854683,9.540859900049197,14.23926919646377
3674,5.177016827528151,0.0,2.7259599714426277,5.933028831859905
3675,0.0,0.0,1.3629799857213138,27.291932626555564
3676,51.77016827528151,50.574027025640504,40.889399571639416,59.330288318599045
3677,41.41613462022521,50.574027025640504,49.0672794859673,41.53120182301934
3678,15.531050482584453,0.0,16.355759828655767,13.05266343009179
3679,144.95647117078823,118.00606305982784,338.0190364588858,391.5799029027537
3680,0.0,0.0,1.3629799857213138,1.1866057663719811
3681,5.177016827528151,0.0,2.7259599714426277,8.306240364603866
3682,0.0,0.0,43.61535954308204,40.34459605664735
3683,62.12420193033781,16.85800900854683,49.0672794859673,48.65083642125122
3684,56.94718510280967,33.71601801709366,54.51919942885255,54.58386525311113
3685,31.062100965168906,16.85800900854683,29.985559685868903,21.358903794695657
3686,36.23911779269706,33.71601801709366,25.896619728704962,30.851749925671502
3687,134.60243751573194,134.86407206837464,140.38693852929532,167.31141305844932
3688,0.0,16.85800900854683,6.814899928606569,3.5598172991159425
3689,0.0,0.0,4.088939957163942,1.1866057663719811
3690,362.3911779269706,0.0,932.2783102333786,1584.1186981065944
3691,113.89437020561934,67.43203603418732,113.12733881486903,83.06240364603867
3692,25.885084137640757,16.85800900854683,14.992779842934452,24.918721093811598
3693,10.354033655056302,16.85800900854683,19.081719800098394,27.291932626555564
3694,72.47823558539412,16.85800900854683,57.24515940029518,40.34459605664735
3695,5.177016827528151,0.0,0.0,5.933028831859905
3696,0.0,0.0,1.3629799857213138,0.0
3697,295.0899591691046,168.58009008546833,143.11289850073794,77.12937481417876
3698,10.354033655056302,16.85800900854683,94.04561901477065,106.79451897347828
3699,0.0,0.0,19.081719800098394,16.612480729207732
3700,0.0,0.0,1.3629799857213138,3.5598172991159425
3701,0.0,0.0,2.7259599714426277,0.0
3702,77.65525241292227,50.574027025640504,79.0528391718362,87.80882671152658
3703,72.47823558539412,50.574027025640504,40.889399571639416,58.14368255222707
3704,0.0,0.0,4.088939957163942,1.1866057663719811
3705,0.0,33.71601801709366,13.629799857213138,11.86605766371981
3706,212.2576899286542,151.72208107692148,107.67541887198378,70.00974021594688
3707,10.354033655056302,16.85800900854683,4.088939957163942,13.05266343009179
3708,0.0,0.0,0.0,1.1866057663719811
3709,15.531050482584453,16.85800900854683,20.444699785819708,22.54550956106764
3710,10.354033655056302,0.0,21.80767977154102,21.358903794695657
3711,10.354033655056302,0.0,1.3629799857213138,0.0
3712,621.2420193033781,910.332486461529,456.5982952166401,462.77624888507256
3713,72.47823558539412,50.574027025640504,55.88217941457387,78.31598058055074
3714,0.0,33.71601801709366,9.540859900049197,10.679451897347828
3715,15.531050482584453,0.0,16.355759828655767,21.358903794695657
3716,10.354033655056302,16.85800900854683,12.266819871491824,8.306240364603866
3717,25.885084137640757,0.0,31.348539671590217,30.851749925671502
3718,0.0,0.0,9.540859900049197,4.7464230654879245
3719,51.77016827528151,33.71601801709366,38.16343960019679,52.21065372036716
3720,0.0,0.0,0.0,36.784778757531406
3721,46.593151447753364,16.85800900854683,32.711519657311534,35.59817299115943
3722,0.0,0.0,10.90383988577051,16.612480729207732
3723,0.0,0.0,14.992779842934452,3.5598172991159425
3724,0.0,0.0,25.896619728704962,41.53120182301934
3725,0.0,0.0,0.0,1.1866057663719811
3726,88.00928606797856,33.71601801709366,55.88217941457387,37.971384523903396
3727,124.24840386067562,151.72208107692148,85.86773910044276,67.63652868320291
3728,46.593151447753364,118.00606305982784,34.074499643032844,22.54550956106764
3729,41.41613462022521,0.0,47.70429950024598,49.837442187623196
3730,993.987230885405,960.9065134871694,1369.7948856499204,1560.3865827791549
3731,0.0,0.0,0.0,1.1866057663719811
3732,88.00928606797856,50.574027025640504,34.074499643032844,52.21065372036716
3733,67.30121875786597,252.8701351282025,682.8529728463782,696.5375848603528
3734,1201.067903986531,1331.7827116751998,1339.8093259640516,1489.1902367968362
3735,56.94718510280967,16.85800900854683,51.793239457409925,62.89010561771499
3736,5.177016827528151,0.0,0.0,0.0
3737,0.0,33.71601801709366,9.540859900049197,11.86605766371981
3738,0.0,0.0,0.0,1.1866057663719811
3739,0.0,0.0,2.7259599714426277,2.3732115327439622
3740,25.885084137640757,16.85800900854683,14.992779842934452,26.10532686018358
3741,36.23911779269706,16.85800900854683,47.70429950024598,34.411567224787454
3742,232.96575723876683,101.14805405128101,242.61043745839385,259.86666283546384
3743,15.531050482584453,67.43203603418732,25.896619728704962,37.971384523903396
3744,0.0,0.0,2.7259599714426277,3.5598172991159425
3745,31.062100965168906,16.85800900854683,51.793239457409925,35.59817299115943
3746,41.41613462022521,33.71601801709366,42.252379557360726,53.39725948673914
3747,0.0,16.85800900854683,14.992779842934452,26.10532686018358
3748,1496.1578631556358,1298.066693658106,2179.4049971683808,2008.923562467764
3749,5.177016827528151,33.71601801709366,29.985559685868903,18.985692261951698
3750,0.0,0.0,1.3629799857213138,1.1866057663719811
3751,0.0,0.0,1.3629799857213138,0.0
3752,0.0,0.0,2.7259599714426277,0.0
3753,72.47823558539412,33.71601801709366,47.70429950024598,47.46423065487924
3754,88.00928606797856,84.29004504273416,81.77879914327883,118.66057663719809
3755,0.0,16.85800900854683,6.814899928606569,2.3732115327439622
3756,10.354033655056302,16.85800900854683,28.62257970014759,23.73211532743962
3757,31.062100965168906,33.71601801709366,35.43747962875416,43.90441335576329
3758,0.0,0.0,6.814899928606569,9.492846130975849
3759,31.062100965168906,16.85800900854683,40.889399571639416,46.277624888507255
3760,25.885084137640757,33.71601801709366,17.71873981437708,9.492846130975849
3761,46.593151447753364,84.29004504273416,39.5264195859181,18.985692261951698
3762,20.708067310112604,0.0,19.081719800098394,23.73211532743962
3763,0.0,0.0,6.814899928606569,40.34459605664735
3764,0.0,0.0,0.0,1.1866057663719811
3765,0.0,16.85800900854683,2.7259599714426277,8.306240364603866
3766,0.0,16.85800900854683,25.896619728704962,20.172298028323674
3767,786.906557784279,236.01212611965568,174.46143817232817,177.99086495579715
3768,5.177016827528151,0.0,0.0,0.0
3769,0.0,0.0,2.7259599714426277,2.3732115327439622
3770,62.12420193033781,101.14805405128101,29.985559685868903,56.95707678585508
3771,5.177016827528151,0.0,20.444699785819708,24.918721093811598
3772,46.593151447753364,33.71601801709366,28.62257970014759,51.024047953995186
3773,5.177016827528151,0.0,8.177879914327884,18.985692261951698
3774,25.885084137640757,67.43203603418732,13.629799857213138,21.358903794695657
3775,5.177016827528151,0.0,1.3629799857213138,2.3732115327439622
3776,82.83226924045042,151.72208107692148,64.06005932890174,62.89010561771499
3777,0.0,0.0,0.0,1.1866057663719811
3778,41.41613462022521,84.29004504273416,81.77879914327883,90.18203824427056
3779,41.41613462022521,0.0,20.444699785819708,45.09101912213528
3780,41.41613462022521,0.0,12.266819871491824,13.05266343009179
3781,0.0,0.0,5.451919942885255,7.119634598231885
3782,36.23911779269706,118.00606305982784,46.34131951452467,51.024047953995186
3783,0.0,0.0,1.3629799857213138,2.3732115327439622
3784,0.0,0.0,0.0,3.5598172991159425
3785,36.23911779269706,16.85800900854683,32.711519657311534,23.73211532743962
3786,15.531050482584453,0.0,40.889399571639416,47.46423065487924
3787,0.0,0.0,0.0,1.1866057663719811
3788,0.0,50.574027025640504,2.7259599714426277,1.1866057663719811
3789,67.30121875786597,118.00606305982784,59.97111937173781,49.837442187623196
3790,67.30121875786597,33.71601801709366,34.074499643032844,34.411567224787454
3791,0.0,0.0,0.0,1.1866057663719811
3792,217.43470675618235,67.43203603418732,19.081719800098394,13.05266343009179
3793,41.41613462022521,16.85800900854683,20.444699785819708,23.73211532743962
3794,5.177016827528151,0.0,0.0,0.0
3795,0.0,0.0,2.7259599714426277,1.1866057663719811
3796,25.885084137640757,16.85800900854683,12.266819871491824,11.86605766371981
3797,5.177016827528151,16.85800900854683,13.629799857213138,3.5598172991159425
3798,88.00928606797856,67.43203603418732,54.51919942885255,52.21065372036716
3799,20.708067310112604,16.85800900854683,31.348539671590217,14.23926919646377
3800,0.0,0.0,0.0,1.1866057663719811
3801,15.531050482584453,16.85800900854683,16.355759828655767,29.665144159299523
3802,31.062100965168906,67.43203603418732,19.081719800098394,20.172298028323674
3803,5.177016827528151,0.0,4.088939957163942,3.5598172991159425
3804,10.354033655056302,0.0,5.451919942885255,0.0
3805,31.062100965168906,134.86407206837464,118.57925875775429,49.837442187623196
3806,5.177016827528151,0.0,1.3629799857213138,0.0
3807,46.593151447753364,33.71601801709366,40.889399571639416,39.15799029027537
3808,67.30121875786597,0.0,35.43747962875416,46.277624888507255
3809,0.0,0.0,0.0,1.1866057663719811
3810,5.177016827528151,0.0,2.7259599714426277,9.492846130975849
3811,10.354033655056302,16.85800900854683,40.889399571639416,34.411567224787454
3812,5.177016827528151,0.0,0.0,0.0
3813,139.77945434326008,118.00606305982784,132.20905861496746,157.81856692747348
3814,0.0,0.0,2.7259599714426277,5.933028831859905
3815,15.531050482584453,0.0,5.451919942885255,10.679451897347828
3816,5.177016827528151,16.85800900854683,6.814899928606569,8.306240364603866
3817,10.354033655056302,0.0,16.355759828655767,13.05266343009179
3818,31.062100965168906,33.71601801709366,31.348539671590217,36.784778757531406
3819,62.12420193033781,33.71601801709366,77.68985918611489,72.38295174869084
3820,46.593151447753364,16.85800900854683,23.170659757262335,34.411567224787454
3821,46.593151447753364,16.85800900854683,47.70429950024598,47.46423065487924
3822,93.18630289550673,0.0,80.41581915755751,51.024047953995186
3823,20.708067310112604,0.0,23.170659757262335,32.03835569204349
3824,20.708067310112604,84.29004504273416,27.259599714426276,35.59817299115943
3825,10.354033655056302,16.85800900854683,20.444699785819708,5.933028831859905
3826,62.12420193033781,0.0,23.170659757262335,5.933028831859905
3827,25.885084137640757,16.85800900854683,13.629799857213138,18.985692261951698
3828,31.062100965168906,16.85800900854683,25.896619728704962,29.665144159299523
3829,0.0,16.85800900854683,0.0,1.1866057663719811
3830,15.531050482584453,16.85800900854683,6.814899928606569,18.985692261951698
3831,305.44399282416094,303.44416215384297,342.1079764160498,302.58447042485517
3832,10.354033655056302,0.0,10.90383988577051,2.3732115327439622
3833,15.531050482584453,0.0,19.081719800098394,10.679451897347828
3834,165.66453848090083,84.29004504273416,77.68985918611489,43.90441335576329
3835,41.41613462022521,84.29004504273416,54.51919942885255,67.63652868320291
3836,31.062100965168906,101.14805405128101,110.40137884342641,126.96681700180196
3837,10.354033655056302,16.85800900854683,17.71873981437708,23.73211532743962
3838,0.0,0.0,0.0,1.1866057663719811
3839,51.77016827528151,16.85800900854683,29.985559685868903,66.44992291683093
3840,165.66453848090083,118.00606305982784,99.4975389576559,110.35433627259422
3841,10.354033655056302,16.85800900854683,31.348539671590217,33.224961458415464
3842,77.65525241292227,84.29004504273416,47.70429950024598,55.770471019483104
3843,25.885084137640757,33.71601801709366,20.444699785819708,7.119634598231885
3844,46.593151447753364,0.0,23.170659757262335,45.09101912213528
3845,5.177016827528151,0.0,0.0,4.7464230654879245
3846,0.0,16.85800900854683,0.0,0.0
3847,5.177016827528151,0.0,83.14177912900014,65.26331715045895
3848,0.0,0.0,10.90383988577051,22.54550956106764
3849,25.885084137640757,33.71601801709366,44.97833952880335,30.851749925671502
3850,0.0,0.0,1.3629799857213138,0.0
3851,0.0,16.85800900854683,10.90383988577051,9.492846130975849
3852,46.593151447753364,0.0,34.074499643032844,34.411567224787454
3853,10.354033655056302,0.0,12.266819871491824,13.05266343009179
3854,0.0,0.0,0.0,1.1866057663719811
3855,5.177016827528151,0.0,0.0,0.0
3856,5.177016827528151,0.0,1.3629799857213138,1.1866057663719811
3857,0.0,0.0,1.3629799857213138,0.0
3858,5.177016827528151,0.0,54.51919942885255,83.06240364603867
3859,0.0,0.0,2.7259599714426277,0.0
3860,0.0,0.0,5.451919942885255,3.5598172991159425
3861,0.0,0.0,5.451919942885255,11.86605766371981
3862,72.47823558539412,33.71601801709366,16.355759828655767,13.05266343009179
3863,0.0,0.0,1.3629799857213138,0.0
3864,0.0,0.0,0.0,1.1866057663719811
3865,0.0,16.85800900854683,0.0,0.0
3866,98.36331972303488,50.574027025640504,17.71873981437708,3.5598172991159425
3867,46.593151447753364,33.71601801709366,24.53363974298365,24.918721093811598
3868,5.177016827528151,0.0,0.0,2.3732115327439622
3869,25.885084137640757,16.85800900854683,16.355759828655767,21.358903794695657
3870,0.0,0.0,0.0,1.1866057663719811
3871,41.41613462022521,0.0,27.259599714426276,33.224961458415464
3872,10.354033655056302,33.71601801709366,20.444699785819708,24.918721093811598
3873,15.531050482584453,33.71601801709366,20.444699785819708,13.05266343009179
3874,0.0,0.0,2.7259599714426277,1.1866057663719811
3875,20.708067310112604,16.85800900854683,35.43747962875416,11.86605766371981
3876,5.177016827528151,0.0,2.7259599714426277,1.1866057663719811
3877,0.0,0.0,1.3629799857213138,0.0
3878,5.177016827528151,16.85800900854683,1.3629799857213138,3.5598172991159425
3879,5.177016827528151,16.85800900854683,5.451919942885255,8.306240364603866
3880,155.31050482584453,286.5861531452962,218.0767977154102,155.4453553947295
3881,5.177016827528151,16.85800900854683,5.451919942885255,1.1866057663719811
3882,0.0,0.0,10.90383988577051,10.679451897347828
3883,0.0,16.85800900854683,4.088939957163942,8.306240364603866
3884,10.354033655056302,16.85800900854683,9.540859900049197,18.985692261951698
3885,15.531050482584453,0.0,29.985559685868903,22.54550956106764
3886,10.354033655056302,67.43203603418732,29.985559685868903,16.612480729207732
3887,0.0,0.0,14.992779842934452,30.851749925671502
3888,1102.7045842634961,573.1723062905924,89.9566790576067,58.14368255222707
3889,36.23911779269706,0.0,39.5264195859181,51.024047953995186
3890,25.885084137640757,0.0,24.53363974298365,20.172298028323674
3891,20.708067310112604,16.85800900854683,25.896619728704962,33.224961458415464
3892,31.062100965168906,16.85800900854683,47.70429950024598,36.784778757531406
3893,56.94718510280967,33.71601801709366,59.97111937173781,66.44992291683093
3894,15.531050482584453,0.0,8.177879914327884,17.799086495579715
3895,5.177016827528151,33.71601801709366,12.266819871491824,3.5598172991159425
3896,5.177016827528151,16.85800900854683,25.896619728704962,21.358903794695657
3897,0.0,0.0,9.540859900049197,3.5598172991159425
3898,10.354033655056302,16.85800900854683,31.348539671590217,18.985692261951698
3899,10.354033655056302,0.0,1.3629799857213138,1.1866057663719811
3900,0.0,0.0,0.0,1.1866057663719811
3901,0.0,0.0,14.992779842934452,5.933028831859905
3902,98.36331972303488,16.85800900854683,89.9566790576067,106.79451897347828
3903,5.177016827528151,0.0,42.252379557360726,134.08645160003385
3904,31.062100965168906,16.85800900854683,23.170659757262335,32.03835569204349
3905,10.354033655056302,16.85800900854683,54.51919942885255,56.95707678585508
3906,15.531050482584453,33.71601801709366,24.53363974298365,22.54550956106764
3907,0.0,0.0,5.451919942885255,2.3732115327439622
3908,393.4532788921395,286.5861531452962,294.40367691580377,196.97655721774885
3909,0.0,0.0,2.7259599714426277,10.679451897347828
3910,77.65525241292227,118.00606305982784,44.97833952880335,17.799086495579715
3911,5.177016827528151,0.0,5.451919942885255,4.7464230654879245
3912,10.354033655056302,33.71601801709366,42.252379557360726,36.784778757531406
3913,5.177016827528151,0.0,0.0,3.5598172991159425
3914,232.96575723876683,236.01212611965568,230.343617586902,263.4264801345798
3915,0.0,0.0,0.0,3.5598172991159425
3916,5.177016827528151,0.0,2.7259599714426277,32.03835569204349
3917,5.177016827528151,0.0,31.348539671590217,34.411567224787454
3918,25.885084137640757,33.71601801709366,32.711519657311534,21.358903794695657
3919,10.354033655056302,0.0,16.355759828655767,13.05266343009179
3920,62.12420193033781,16.85800900854683,24.53363974298365,32.03835569204349
3921,0.0,0.0,1.3629799857213138,1.1866057663719811
3922,0.0,0.0,9.540859900049197,11.86605766371981
3923,10.354033655056302,33.71601801709366,19.081719800098394,13.05266343009179
3924,652.3041202685471,859.7584594358885,534.2881544027549,539.9056236992514
3925,46.593151447753364,50.574027025640504,77.68985918611489,48.65083642125122
3926,67.30121875786597,50.574027025640504,19.081719800098394,14.23926919646377
3927,56.94718510280967,50.574027025640504,40.889399571639416,42.71780758939131
3928,15.531050482584453,33.71601801709366,9.540859900049197,5.933028831859905
3929,36.23911779269706,33.71601801709366,39.5264195859181,52.21065372036716
3930,31.062100965168906,0.0,5.451919942885255,16.612480729207732
3931,124.24840386067562,118.00606305982784,89.9566790576067,83.06240364603867
3932,0.0,101.14805405128101,35.43747962875416,42.71780758939131
3933,36.23911779269706,33.71601801709366,29.985559685868903,23.73211532743962
3934,0.0,0.0,14.992779842934452,9.492846130975849
3935,0.0,0.0,54.51919942885255,55.770471019483104
3936,108.71735337809118,185.43809909401514,89.9566790576067,91.36864401064253
3937,36.23911779269706,151.72208107692148,80.41581915755751,78.31598058055074
3938,0.0,0.0,20.444699785819708,11.86605766371981
3939,129.4254206882038,134.86407206837464,203.08401787247573,212.40243218058458
3940,0.0,33.71601801709366,16.355759828655767,23.73211532743962
3941,0.0,0.0,4.088939957163942,0.0
3942,77.65525241292227,84.29004504273416,44.97833952880335,65.26331715045895
3943,0.0,0.0,0.0,1.1866057663719811
3944,51.77016827528151,118.00606305982784,62.697079343180434,29.665144159299523
3945,20.708067310112604,0.0,9.540859900049197,9.492846130975849
3946,5.177016827528151,16.85800900854683,20.444699785819708,39.15799029027537
3947,0.0,33.71601801709366,1.3629799857213138,2.3732115327439622
3948,20.708067310112604,0.0,268.50705718709884,234.94794174165222
3949,129.4254206882038,269.7281441367493,181.2763381009347,226.64170137704838
3950,0.0,16.85800900854683,0.0,1.1866057663719811
3951,0.0,0.0,5.451919942885255,1.1866057663719811
3952,0.0,0.0,1.3629799857213138,1.1866057663719811
3953,155.31050482584453,168.58009008546833,129.4830986435248,181.55068225491308
3954,31.062100965168906,84.29004504273416,35.43747962875416,34.411567224787454
3955,616.06500247585,219.15411711110883,96.77157898621327,109.16773050622226
3956,5.177016827528151,16.85800900854683,5.451919942885255,10.679451897347828
3957,284.7359255140483,33.71601801709366,44.97833952880335,14.23926919646377
3958,10.354033655056302,33.71601801709366,6.814899928606569,16.612480729207732
3959,10.354033655056302,16.85800900854683,10.90383988577051,9.492846130975849
3960,155.31050482584453,151.72208107692148,121.30521872919692,174.43104765668122
3961,0.0,0.0,4.088939957163942,0.0
3962,129.4254206882038,134.86407206837464,130.84607862924614,113.91415357171016
3963,0.0,0.0,1.3629799857213138,1.1866057663719811
3964,15.531050482584453,0.0,21.80767977154102,18.985692261951698
3965,51.77016827528151,67.43203603418732,34.074499643032844,35.59817299115943
3966,5.177016827528151,33.71601801709366,8.177879914327884,10.679451897347828
3967,5.177016827528151,0.0,39.5264195859181,37.971384523903396
3968,67.30121875786597,101.14805405128101,132.20905861496746,113.91415357171016
3969,62.12420193033781,118.00606305982784,74.96389921467225,45.09101912213528
3970,36.23911779269706,151.72208107692148,205.80997784391838,93.74185554338649
3971,460.7544976500055,168.58009008546833,273.9589771299841,297.83804735936724
3972,0.0,0.0,1.3629799857213138,0.0
3973,10.354033655056302,0.0,51.793239457409925,54.58386525311113
3974,15.531050482584453,16.85800900854683,34.074499643032844,48.65083642125122
3975,10.354033655056302,16.85800900854683,5.451919942885255,10.679451897347828
3976,36.23911779269706,84.29004504273416,44.97833952880335,41.53120182301934
3977,5.177016827528151,16.85800900854683,1.3629799857213138,3.5598172991159425
3978,15.531050482584453,33.71601801709366,12.266819871491824,15.425874962835751
3979,62.12420193033781,50.574027025640504,74.96389921467225,78.31598058055074
3980,20.708067310112604,16.85800900854683,14.992779842934452,20.172298028323674
3981,36.23911779269706,16.85800900854683,39.5264195859181,39.15799029027537
3982,5.177016827528151,50.574027025640504,17.71873981437708,16.612480729207732
3983,5.177016827528151,0.0,9.540859900049197,5.933028831859905
3984,0.0,0.0,5.451919942885255,4.7464230654879245
3985,88.00928606797856,50.574027025640504,64.06005932890174,62.89010561771499
3986,0.0,0.0,0.0,1.1866057663719811
3987,0.0,0.0,4.088939957163942,1.1866057663719811
3988,41.41613462022521,16.85800900854683,24.53363974298365,28.47853839292754
3989,31.062100965168906,16.85800900854683,17.71873981437708,10.679451897347828
3990,0.0,0.0,0.0,1.1866057663719811
3991,5.177016827528151,0.0,8.177879914327884,10.679451897347828
3992,56.94718510280967,0.0,4.088939957163942,7.119634598231885
3993,119.07138703314749,33.71601801709366,100.86051894337723,91.36864401064253
3994,31.062100965168906,16.85800900854683,32.711519657311534,28.47853839292754
3995,62.12420193033781,67.43203603418732,62.697079343180434,59.330288318599045
3996,139.77945434326008,50.574027025640504,166.28355825800028,147.13911503012562
3997,0.0,0.0,12.266819871491824,2.3732115327439622
3998,0.0,0.0,9.540859900049197,1.1866057663719811
3999,0.0,0.0,2.7259599714426277,0.0
4000,165.66453848090083,118.00606305982784,156.74269835795107,90.18203824427056
4001,0.0,0.0,1.3629799857213138,11.86605766371981
4002,10.354033655056302,16.85800900854683,44.97833952880335,62.89010561771499
4003,20.708067310112604,0.0,2.7259599714426277,5.933028831859905
4004,10.354033655056302,16.85800900854683,24.53363974298365,33.224961458415464
4005,25.885084137640757,0.0,28.62257970014759,20.172298028323674
4006,31.062100965168906,50.574027025640504,43.61535954308204,43.90441335576329
4007,0.0,0.0,2.7259599714426277,0.0
4008,15.531050482584453,0.0,12.266819871491824,27.291932626555564
4009,0.0,0.0,1.3629799857213138,0.0
4010,5.177016827528151,0.0,12.266819871491824,16.612480729207732
4011,315.79802647921724,67.43203603418732,129.4830986435248,176.80425918942515
4012,0.0,0.0,0.0,3.5598172991159425
4013,0.0,0.0,2.7259599714426277,15.425874962835751
4014,0.0,0.0,9.540859900049197,2.3732115327439622
4015,346.86012744438614,286.5861531452962,617.4299335317551,892.3275363117297
4016,5.177016827528151,0.0,12.266819871491824,3.5598172991159425
4017,15.531050482584453,0.0,2.7259599714426277,9.492846130975849
4018,5.177016827528151,0.0,0.0,1.1866057663719811
4019,0.0,0.0,0.0,1.1866057663719811
4020,0.0,0.0,1.3629799857213138,4.7464230654879245
4021,36.23911779269706,0.0,47.70429950024598,48.65083642125122
4022,0.0,0.0,1.3629799857213138,2.3732115327439622
4023,5.177016827528151,16.85800900854683,14.992779842934452,23.73211532743962
4024,129.4254206882038,0.0,32.711519657311534,56.95707678585508
4025,150.13348799831638,151.72208107692148,80.41581915755751,105.60791320710631
4026,0.0,0.0,2.7259599714426277,0.0
4027,72.47823558539412,118.00606305982784,43.61535954308204,32.03835569204349
4028,15.531050482584453,16.85800900854683,20.444699785819708,15.425874962835751
4029,10.354033655056302,16.85800900854683,94.04561901477065,86.62222094515461
4030,15.531050482584453,0.0,35.43747962875416,27.291932626555564
4031,25.885084137640757,0.0,13.629799857213138,9.492846130975849
4032,0.0,0.0,13.629799857213138,16.612480729207732
4033,20.708067310112604,50.574027025640504,24.53363974298365,29.665144159299523
4034,77.65525241292227,50.574027025640504,40.889399571639416,46.277624888507255
4035,36.23911779269706,16.85800900854683,32.711519657311534,24.918721093811598
4036,10.354033655056302,0.0,8.177879914327884,4.7464230654879245
4037,388.27626206461133,320.3021711623898,411.61995568783675,390.39329713638176
4038,10.354033655056302,16.85800900854683,10.90383988577051,24.918721093811598
4039,0.0,0.0,1.3629799857213138,0.0
4040,129.4254206882038,101.14805405128101,79.0528391718362,68.82313444957491
4041,20.708067310112604,33.71601801709366,9.540859900049197,8.306240364603866
4042,5.177016827528151,0.0,24.53363974298365,15.425874962835751
4043,0.0,0.0,0.0,1.1866057663719811
4044,0.0,0.0,1.3629799857213138,0.0
4045,46.593151447753364,0.0,35.43747962875416,36.784778757531406
4046,10.354033655056302,16.85800900854683,1.3629799857213138,7.119634598231885
4047,0.0,16.85800900854683,23.170659757262335,8.306240364603866
4048,0.0,0.0,2.7259599714426277,7.119634598231885
4049,5.177016827528151,0.0,2.7259599714426277,10.679451897347828
4050,31.062100965168906,16.85800900854683,34.074499643032844,37.971384523903396
4051,5.177016827528151,16.85800900854683,8.177879914327884,14.23926919646377
4052,0.0,0.0,1.3629799857213138,1.1866057663719811
4053,155.31050482584453,118.00606305982784,65.42303931462307,21.358903794695657
4054,144.95647117078823,67.43203603418732,140.38693852929532,73.56955751506281
4055,0.0,0.0,0.0,1.1866057663719811
4056,72.47823558539412,33.71601801709366,29.985559685868903,29.665144159299523
4057,0.0,0.0,1.3629799857213138,2.3732115327439622
4058,15.531050482584453,16.85800900854683,8.177879914327884,9.492846130975849
4059,5.177016827528151,0.0,2.7259599714426277,2.3732115327439622
4060,0.0,0.0,2.7259599714426277,1.1866057663719811
4061,93.18630289550673,33.71601801709366,72.23793924322963,100.86149014161838
4062,0.0,0.0,12.266819871491824,9.492846130975849
4063,0.0,0.0,4.088939957163942,4.7464230654879245
4064,93.18630289550673,33.71601801709366,80.41581915755751,65.26331715045895
4065,5.177016827528151,0.0,0.0,1.1866057663719811
4066,5.177016827528151,0.0,5.451919942885255,1.1866057663719811
4067,5.177016827528151,0.0,14.992779842934452,7.119634598231885
4068,5.177016827528151,0.0,19.081719800098394,15.425874962835751
4069,10.354033655056302,0.0,1.3629799857213138,3.5598172991159425
4070,5.177016827528151,16.85800900854683,16.355759828655767,14.23926919646377
4071,20.708067310112604,16.85800900854683,23.170659757262335,26.10532686018358
4072,10.354033655056302,0.0,6.814899928606569,5.933028831859905
4073,10.354033655056302,0.0,12.266819871491824,9.492846130975849
4074,10.354033655056302,0.0,0.0,4.7464230654879245
4075,0.0,16.85800900854683,0.0,0.0
4076,25.885084137640757,16.85800900854683,8.177879914327884,11.86605766371981
4077,46.593151447753364,0.0,68.14899928606569,117.47397087082611
4078,0.0,33.71601801709366,20.444699785819708,10.679451897347828
4079,15.531050482584453,33.71601801709366,8.177879914327884,17.799086495579715
4080,5.177016827528151,0.0,2.7259599714426277,2.3732115327439622
4081,10.354033655056302,0.0,2.7259599714426277,0.0
4082,0.0,0.0,4.088939957163942,0.0
4083,0.0,0.0,1.3629799857213138,0.0
4084,0.0,0.0,2.7259599714426277,2.3732115327439622
4085,0.0,0.0,1.3629799857213138,1.1866057663719811
4086,222.6117235837105,219.15411711110883,1583.7827434081667,1444.0992176747009
4087,201.9036562735979,337.16018017093666,1420.2251451216089,1145.0745645489617
4088,0.0,0.0,5.451919942885255,8.306240364603866
4089,31.062100965168906,84.29004504273416,6701.7725897917,6058.809043095334
4090,51.77016827528151,33.71601801709366,46.34131951452467,30.851749925671502
4091,5.177016827528151,0.0,0.0,0.0
4092,77.65525241292227,33.71601801709366,55.88217941457387,67.63652868320291
4093,5.177016827528151,33.71601801709366,8.177879914327884,7.119634598231885
4094,10.354033655056302,0.0,1.3629799857213138,8.306240364603866
4095,0.0,0.0,0.0,1.1866057663719811
4096,0.0,0.0,0.0,1.1866057663719811
4097,10.354033655056302,33.71601801709366,8.177879914327884,18.985692261951698
4098,5.177016827528151,0.0,1.3629799857213138,0.0
4099,0.0,0.0,0.0,3.5598172991159425
4100,67.30121875786597,67.43203603418732,107.67541887198378,83.06240364603867
4101,10.354033655056302,0.0,0.0,0.0
4102,0.0,16.85800900854683,0.0,1.1866057663719811
4103,0.0,0.0,1.3629799857213138,1.1866057663719811
4104,5.177016827528151,16.85800900854683,9.540859900049197,7.119634598231885
4105,88.00928606797856,50.574027025640504,124.03117870063956,157.81856692747348
4106,10.354033655056302,16.85800900854683,35.43747962875416,39.15799029027537
4107,41.41613462022521,67.43203603418732,137.66097855785267,141.20608619826572
4108,103.54033655056303,134.86407206837464,94.04561901477065,47.46423065487924
4109,124.24840386067562,151.72208107692148,158.1056783436724,150.6989323292416
4110,31.062100965168906,0.0,6.814899928606569,7.119634598231885
4111,31.062100965168906,50.574027025640504,28.62257970014759,24.918721093811598
4112,129.4254206882038,269.7281441367493,121.30521872919692,144.7659034973817
4113,5.177016827528151,0.0,2.7259599714426277,0.0
4114,5.177016827528151,16.85800900854683,1.3629799857213138,7.119634598231885
4115,0.0,0.0,0.0,4.7464230654879245
4116,113.89437020561934,134.86407206837464,68.14899928606569,79.50258634692273
4117,51.77016827528151,0.0,4.088939957163942,8.306240364603866
4118,0.0,0.0,5.451919942885255,10.679451897347828
4119,56.94718510280967,16.85800900854683,21.80767977154102,20.172298028323674
4120,20.708067310112604,16.85800900854683,51.793239457409925,42.71780758939131
4121,10.354033655056302,33.71601801709366,13.629799857213138,18.985692261951698
4122,10.354033655056302,50.574027025640504,6.814899928606569,8.306240364603866
4123,67.30121875786597,67.43203603418732,54.51919942885255,73.56955751506281
4124,0.0,0.0,8.177879914327884,2.3732115327439622
4125,5.177016827528151,33.71601801709366,4.088939957163942,5.933028831859905
4126,0.0,0.0,1.3629799857213138,2.3732115327439622
4127,31.062100965168906,168.58009008546833,27.259599714426276,11.86605766371981
4128,0.0,0.0,1.3629799857213138,0.0
4129,10.354033655056302,16.85800900854683,16.355759828655767,8.306240364603866
4130,82.83226924045042,50.574027025640504,79.0528391718362,98.48827860887442
4131,25.885084137640757,33.71601801709366,25.896619728704962,26.10532686018358
4132,20.708067310112604,33.71601801709366,50.430259471688615,33.224961458415464
4133,25.885084137640757,33.71601801709366,46.34131951452467,60.51689408497103
4134,36.23911779269706,16.85800900854683,19.081719800098394,23.73211532743962
4135,5.177016827528151,0.0,0.0,0.0
4136,36.23911779269706,33.71601801709366,19.081719800098394,24.918721093811598
4137,36.23911779269706,16.85800900854683,24.53363974298365,20.172298028323674
4138,20.708067310112604,0.0,24.53363974298365,34.411567224787454
4139,10.354033655056302,0.0,6.814899928606569,4.7464230654879245
4140,41.41613462022521,67.43203603418732,55.88217941457387,14.23926919646377
4141,5.177016827528151,0.0,2.7259599714426277,0.0
4142,15.531050482584453,16.85800900854683,28.62257970014759,11.86605766371981
4143,144.95647117078823,84.29004504273416,70.87495925750832,68.82313444957491
4144,0.0,16.85800900854683,12.266819871491824,3.5598172991159425
4145,15.531050482584453,16.85800900854683,21.80767977154102,13.05266343009179
4146,31.062100965168906,0.0,5.451919942885255,16.612480729207732
4147,5.177016827528151,0.0,0.0,1.1866057663719811
4148,0.0,0.0,0.0,2.3732115327439622
4149,0.0,0.0,1.3629799857213138,1.1866057663719811
4150,41.41613462022521,33.71601801709366,24.53363974298365,32.03835569204349
4151,0.0,0.0,23.170659757262335,14.23926919646377
4152,0.0,0.0,0.0,1.1866057663719811
4153,0.0,0.0,12.266819871491824,28.47853839292754
4154,0.0,0.0,6.814899928606569,5.933028831859905
4155,248.49680772135125,151.72208107692148,242.61043745839385,256.3068455363479
4156,5.177016827528151,16.85800900854683,114.49031880059036,167.31141305844932
4157,0.0,0.0,4.088939957163942,9.492846130975849
4158,181.1955889634853,50.574027025640504,260.3291772727709,236.1345475080242
4159,0.0,0.0,5.451919942885255,1.1866057663719811
4160,15.531050482584453,50.574027025640504,35.43747962875416,33.224961458415464
4161,15.531050482584453,0.0,9.540859900049197,14.23926919646377
4162,10.354033655056302,33.71601801709366,10.90383988577051,14.23926919646377
4163,0.0,0.0,1.3629799857213138,0.0
4164,82.83226924045042,33.71601801709366,49.0672794859673,35.59817299115943
4165,46.593151447753364,50.574027025640504,79.0528391718362,86.62222094515461
4166,0.0,0.0,34.074499643032844,151.88553809561358
4167,46.593151447753364,16.85800900854683,58.6081393860165,67.63652868320291
4168,15.531050482584453,16.85800900854683,35.43747962875416,23.73211532743962
4169,72.47823558539412,134.86407206837464,109.0383988577051,92.55524977701451
4170,25.885084137640757,16.85800900854683,16.355759828655767,20.172298028323674
4171,0.0,0.0,4.088939957163942,8.306240364603866
4172,25.885084137640757,33.71601801709366,49.0672794859673,48.65083642125122
4173,103.54033655056303,84.29004504273416,100.86051894337723,58.14368255222707
4174,31.062100965168906,0.0,61.33409935745912,176.80425918942515
4175,25.885084137640757,50.574027025640504,16.355759828655767,29.665144159299523
4176,5.177016827528151,0.0,2.7259599714426277,3.5598172991159425
4177,36.23911779269706,84.29004504273416,243.97341744411517,192.23013415226092
4178,0.0,0.0,5.451919942885255,4.7464230654879245
4179,31.062100965168906,16.85800900854683,19.081719800098394,33.224961458415464
4180,10.354033655056302,33.71601801709366,4.088939957163942,11.86605766371981
4181,25.885084137640757,67.43203603418732,50.430259471688615,60.51689408497103
4182,289.91294234157647,84.29004504273416,115.85329878631167,121.03378816994206
4183,5.177016827528151,0.0,44.97833952880335,39.15799029027537
4184,10.354033655056302,16.85800900854683,72.23793924322963,61.703499851343004
4185,15.531050482584453,0.0,29.985559685868903,26.10532686018358
4186,46.593151447753364,16.85800900854683,358.4637362447055,442.6039508567489
4187,20.708067310112604,0.0,13.629799857213138,21.358903794695657
4188,51.77016827528151,16.85800900854683,129.4830986435248,83.06240364603867
4189,108.71735337809118,16.85800900854683,87.23071908616409,87.80882671152658
4190,0.0,0.0,0.0,1.1866057663719811
4191,5.177016827528151,0.0,1.3629799857213138,11.86605766371981
4192,77.65525241292227,33.71601801709366,49.0672794859673,52.21065372036716
4193,2816.297154175314,1500.3628017606682,4020.790957877876,5285.142083420803
4194,129.4254206882038,50.574027025640504,166.28355825800028,169.68462459119328
4195,5.177016827528151,0.0,6.814899928606569,4.7464230654879245
4196,25.885084137640757,16.85800900854683,17.71873981437708,17.799086495579715
4197,5.177016827528151,0.0,0.0,5.933028831859905
4198,0.0,16.85800900854683,0.0,4.7464230654879245
4199,10.354033655056302,0.0,5.451919942885255,7.119634598231885
4200,20.708067310112604,33.71601801709366,20.444699785819708,18.985692261951698
4201,20.708067310112604,16.85800900854683,6.814899928606569,11.86605766371981
4202,31.062100965168906,50.574027025640504,59.97111937173781,58.14368255222707
4203,5.177016827528151,16.85800900854683,72.23793924322963,40.34459605664735
4204,0.0,0.0,0.0,3.5598172991159425
4205,0.0,0.0,8.177879914327884,10.679451897347828
4206,0.0,0.0,5.451919942885255,8.306240364603866
4207,25.885084137640757,50.574027025640504,39.5264195859181,45.09101912213528
4208,88.00928606797856,67.43203603418732,109.0383988577051,104.42130744073432
4209,5.177016827528151,0.0,2.7259599714426277,4.7464230654879245
4210,0.0,0.0,1.3629799857213138,0.0
4211,10.354033655056302,16.85800900854683,4.088939957163942,5.933028831859905
4212,5.177016827528151,0.0,1.3629799857213138,3.5598172991159425
4213,5.177016827528151,33.71601801709366,2.7259599714426277,3.5598172991159425
4214,0.0,0.0,0.0,1.1866057663719811
4215,258.8508413764076,151.72208107692148,158.1056783436724,154.25874962835752
4216,0.0,0.0,1.3629799857213138,0.0
4217,10.354033655056302,0.0,27.259599714426276,37.971384523903396
4218,36.23911779269706,0.0,84.50475911472145,106.79451897347828
4219,56.94718510280967,84.29004504273416,51.793239457409925,61.703499851343004
4220,10.354033655056302,0.0,31.348539671590217,27.291932626555564
4221,31.062100965168906,0.0,24.53363974298365,23.73211532743962
4222,56.94718510280967,16.85800900854683,12.266819871491824,27.291932626555564
4223,41.41613462022521,50.574027025640504,69.511979271787,99.67488437524639
4224,36.23911779269706,0.0,29.985559685868903,35.59817299115943
4225,10.354033655056302,16.85800900854683,10.90383988577051,13.05266343009179
4226,72.47823558539412,33.71601801709366,40.889399571639416,54.58386525311113
4227,0.0,0.0,4.088939957163942,2.3732115327439622
4228,0.0,0.0,0.0,4.7464230654879245
4229,5.177016827528151,16.85800900854683,31.348539671590217,33.224961458415464
4230,0.0,0.0,0.0,1.1866057663719811
4231,20.708067310112604,50.574027025640504,12.266819871491824,20.172298028323674
4232,0.0,0.0,1.3629799857213138,0.0
4233,20.708067310112604,16.85800900854683,81.77879914327883,84.24900941241064
4234,0.0,0.0,5.451919942885255,7.119634598231885
4235,46.593151447753364,16.85800900854683,12.266819871491824,16.612480729207732
4236,139.77945434326008,185.43809909401514,175.82441815804947,162.5649899929614
4237,0.0,0.0,1.3629799857213138,1.1866057663719811
4238,10.354033655056302,0.0,8.177879914327884,4.7464230654879245
4239,0.0,0.0,1.3629799857213138,5.933028831859905
4240,0.0,16.85800900854683,0.0,3.5598172991159425
4241,5.177016827528151,0.0,1.3629799857213138,1.1866057663719811
4242,0.0,0.0,4.088939957163942,4.7464230654879245
4243,0.0,0.0,1.3629799857213138,1.1866057663719811
4244,10.354033655056302,0.0,6.814899928606569,5.933028831859905
4245,232.96575723876683,118.00606305982784,121.30521872919692,48.65083642125122
4246,25.885084137640757,0.0,9.540859900049197,5.933028831859905
4247,25.885084137640757,50.574027025640504,58.6081393860165,80.6891921132947
4248,0.0,0.0,0.0,1.1866057663719811
4249,31.062100965168906,50.574027025640504,23.170659757262335,36.784778757531406
4250,15.531050482584453,16.85800900854683,20.444699785819708,21.358903794695657
4251,331.32907696180166,202.29610810256202,306.6704967872956,281.2255666301595
4252,5.177016827528151,33.71601801709366,1.3629799857213138,2.3732115327439622
4253,5.177016827528151,0.0,0.0,0.0
4254,10.354033655056302,0.0,5.451919942885255,0.0
4255,5.177016827528151,0.0,4.088939957163942,4.7464230654879245
4256,155.31050482584453,67.43203603418732,57.24515940029518,92.55524977701451
4257,56.94718510280967,16.85800900854683,29.985559685868903,29.665144159299523
4258,98.36331972303488,67.43203603418732,122.66819871491823,110.35433627259422
4259,25.885084137640757,67.43203603418732,28.62257970014759,33.224961458415464
4260,10.354033655056302,16.85800900854683,43.61535954308204,61.703499851343004
4261,62.12420193033781,84.29004504273416,32.711519657311534,49.837442187623196
4262,46.593151447753364,84.29004504273416,42.252379557360726,58.14368255222707
4263,0.0,0.0,0.0,1.1866057663719811
4264,10.354033655056302,0.0,39.5264195859181,37.971384523903396
4265,10.354033655056302,50.574027025640504,13.629799857213138,11.86605766371981
4266,0.0,0.0,1.3629799857213138,2.3732115327439622
4267,5.177016827528151,0.0,2.7259599714426277,2.3732115327439622
4268,5.177016827528151,0.0,0.0,1.1866057663719811
4269,0.0,0.0,5.451919942885255,0.0
4270,0.0,0.0,29.985559685868903,22.54550956106764
4271,357.21416109944244,252.8701351282025,331.20413653027924,319.1969511540629
4272,46.593151447753364,50.574027025640504,99.4975389576559,97.30167284250244
4273,10.354033655056302,0.0,16.355759828655767,16.612480729207732
4274,51.77016827528151,0.0,23.170659757262335,51.024047953995186
4275,5.177016827528151,0.0,0.0,2.3732115327439622
4276,243.31979089382313,219.15411711110883,436.1535954308204,412.93880669744937
4277,181.1955889634853,151.72208107692148,212.62487777252497,174.43104765668122
4278,0.0,16.85800900854683,4.088939957163942,1.1866057663719811
4279,20.708067310112604,16.85800900854683,13.629799857213138,18.985692261951698
4280,36.23911779269706,33.71601801709366,14.992779842934452,21.358903794695657
4281,82.83226924045042,33.71601801709366,149.9277984293445,162.5649899929614
4282,150.13348799831638,168.58009008546833,144.47587848645927,188.67031685314498
4283,25.885084137640757,0.0,19.081719800098394,20.172298028323674
4284,36.23911779269706,67.43203603418732,44.97833952880335,51.024047953995186
4285,5.177016827528151,16.85800900854683,14.992779842934452,18.985692261951698
4286,15.531050482584453,0.0,51.793239457409925,59.330288318599045
4287,5.177016827528151,0.0,62.697079343180434,56.95707678585508
4288,56.94718510280967,16.85800900854683,47.70429950024598,30.851749925671502
4289,31.062100965168906,33.71601801709366,17.71873981437708,11.86605766371981
4290,0.0,0.0,2.7259599714426277,1.1866057663719811
4291,10.354033655056302,0.0,10.90383988577051,9.492846130975849
4292,56.94718510280967,16.85800900854683,14.992779842934452,8.306240364603866
4293,10.354033655056302,0.0,8.177879914327884,9.492846130975849
4294,315.79802647921724,185.43809909401514,128.1201186578035,65.26331715045895
4295,46.593151447753364,16.85800900854683,94.04561901477065,129.34002853454592
4296,10.354033655056302,33.71601801709366,9.540859900049197,8.306240364603866
4297,5.177016827528151,16.85800900854683,23.170659757262335,11.86605766371981
4298,15.531050482584453,16.85800900854683,38.16343960019679,71.19634598231886
4299,10.354033655056302,16.85800900854683,19.081719800098394,17.799086495579715
4300,93.18630289550673,33.71601801709366,57.24515940029518,80.6891921132947
4301,408.984329374724,219.15411711110883,178.55037812949212,128.15342276817395
4302,20.708067310112604,0.0,6.814899928606569,11.86605766371981
4303,31.062100965168906,50.574027025640504,31.348539671590217,14.23926919646377
4304,10.354033655056302,0.0,12.266819871491824,2.3732115327439622
4305,72.47823558539412,16.85800900854683,188.0912380295413,96.11506707613046
4306,5.177016827528151,16.85800900854683,16.355759828655767,20.172298028323674
4307,5.177016827528151,0.0,8.177879914327884,3.5598172991159425
4308,15.531050482584453,0.0,2.7259599714426277,3.5598172991159425
4309,0.0,0.0,1.3629799857213138,0.0
4310,62.12420193033781,50.574027025640504,58.6081393860165,46.277624888507255
4311,36.23911779269706,33.71601801709366,27.259599714426276,22.54550956106764
4312,0.0,0.0,20.444699785819708,24.918721093811598
4313,88.00928606797856,50.574027025640504,50.430259471688615,24.918721093811598
4314,5.177016827528151,0.0,13.629799857213138,23.73211532743962
4315,0.0,0.0,1.3629799857213138,0.0
4316,0.0,0.0,0.0,2.3732115327439622
4317,0.0,16.85800900854683,0.0,0.0
4318,10.354033655056302,0.0,19.081719800098394,18.985692261951698
4319,0.0,0.0,2.7259599714426277,0.0
4320,15.531050482584453,0.0,1.3629799857213138,1.1866057663719811
4321,77.65525241292227,50.574027025640504,14.992779842934452,28.47853839292754
4322,0.0,0.0,5.451919942885255,4.7464230654879245
4323,103.54033655056303,151.72208107692148,89.9566790576067,68.82313444957491
4324,0.0,0.0,0.0,2.3732115327439622
4325,5.177016827528151,0.0,28.62257970014759,8.306240364603866
4326,10.354033655056302,0.0,6.814899928606569,5.933028831859905
4327,98.36331972303488,0.0,73.60091922895094,79.50258634692273
4328,0.0,0.0,1.3629799857213138,2.3732115327439622
4329,20.708067310112604,33.71601801709366,54.51919942885255,47.46423065487924
4330,20.708067310112604,50.574027025640504,57.24515940029518,30.851749925671502
4331,15.531050482584453,33.71601801709366,34.074499643032844,20.172298028323674
4332,15.531050482584453,33.71601801709366,14.992779842934452,9.492846130975849
4333,20.708067310112604,33.71601801709366,20.444699785819708,16.612480729207732
4334,10.354033655056302,0.0,4.088939957163942,1.1866057663719811
4335,0.0,0.0,1.3629799857213138,7.119634598231885
4336,0.0,0.0,0.0,2.3732115327439622
4337,51.77016827528151,67.43203603418732,68.14899928606569,71.19634598231886
4338,36.23911779269706,50.574027025640504,17.71873981437708,37.971384523903396
4339,0.0,0.0,0.0,1.1866057663719811
4340,0.0,0.0,1.3629799857213138,4.7464230654879245
4341,0.0,0.0,1.3629799857213138,2.3732115327439622
4342,41.41613462022521,0.0,20.444699785819708,15.425874962835751
4343,67.30121875786597,16.85800900854683,38.16343960019679,47.46423065487924
4344,264.0278582039357,236.01212611965568,119.94223874347561,85.43561517878263
4345,5.177016827528151,0.0,0.0,2.3732115327439622
4346,31.062100965168906,50.574027025640504,55.88217941457387,85.43561517878263
4347,10.354033655056302,16.85800900854683,17.71873981437708,15.425874962835751
4348,0.0,0.0,1.3629799857213138,3.5598172991159425
4349,201.9036562735979,151.72208107692148,282.1368570443119,252.74702823723194
4350,41.41613462022521,84.29004504273416,129.4830986435248,111.54094203896621
4351,0.0,0.0,2.7259599714426277,5.933028831859905
4352,62.12420193033781,33.71601801709366,99.4975389576559,94.92846130975848
4353,0.0,16.85800900854683,24.53363974298365,16.612480729207732
4354,0.0,0.0,0.0,2.3732115327439622
4355,5.177016827528151,16.85800900854683,0.0,1.1866057663719811
4356,25.885084137640757,33.71601801709366,28.62257970014759,33.224961458415464
4357,5.177016827528151,0.0,12.266819871491824,14.23926919646377
4358,31.062100965168906,0.0,20.444699785819708,23.73211532743962
4359,31.062100965168906,16.85800900854683,10.90383988577051,18.985692261951698
4360,0.0,0.0,2.7259599714426277,3.5598172991159425
4361,15.531050482584453,0.0,9.540859900049197,24.918721093811598
4362,0.0,0.0,8.177879914327884,5.933028831859905
4363,20.708067310112604,0.0,69.511979271787,58.14368255222707
4364,41.41613462022521,33.71601801709366,39.5264195859181,45.09101912213528
4365,186.37260579101346,134.86407206837464,463.4131951452467,430.7378931930291
4366,0.0,0.0,0.0,1.1866057663719811
4367,5.177016827528151,0.0,4.088939957163942,5.933028831859905
4368,51.77016827528151,50.574027025640504,28.62257970014759,30.851749925671502
4369,0.0,0.0,1.3629799857213138,0.0
4370,5.177016827528151,0.0,8.177879914327884,5.933028831859905
4371,46.593151447753364,50.574027025640504,49.0672794859673,55.770471019483104
4372,0.0,0.0,0.0,1.1866057663719811
4373,155.31050482584453,50.574027025640504,107.67541887198378,126.96681700180196
4374,5.177016827528151,0.0,1.3629799857213138,0.0
4375,310.62100965168906,151.72208107692148,254.87725732988568,259.86666283546384
4376,72.47823558539412,50.574027025640504,61.33409935745912,59.330288318599045
4377,5.177016827528151,0.0,8.177879914327884,5.933028831859905
4378,10.354033655056302,0.0,25.896619728704962,32.03835569204349
4379,36.23911779269706,16.85800900854683,58.6081393860165,61.703499851343004
4380,10.354033655056302,0.0,14.992779842934452,15.425874962835751
4381,5.177016827528151,16.85800900854683,4.088939957163942,0.0
4382,176.01857213595713,168.58009008546833,119.94223874347561,106.79451897347828
4383,0.0,0.0,5.451919942885255,2.3732115327439622
4384,10.354033655056302,16.85800900854683,23.170659757262335,21.358903794695657
4385,0.0,16.85800900854683,23.170659757262335,21.358903794695657
4386,15.531050482584453,16.85800900854683,10.90383988577051,22.54550956106764
4387,0.0,16.85800900854683,6.814899928606569,8.306240364603866
4388,10.354033655056302,0.0,19.081719800098394,7.119634598231885
4389,10.354033655056302,0.0,12.266819871491824,9.492846130975849
4390,25.885084137640757,50.574027025640504,21.80767977154102,18.985692261951698
4391,31.062100965168906,16.85800900854683,81.77879914327883,83.06240364603867
4392,46.593151447753364,50.574027025640504,25.896619728704962,11.86605766371981
4393,1729.1236203944027,927.1904954700758,2807.7387705859064,3288.0845786167592
4394,5.177016827528151,0.0,12.266819871491824,8.306240364603866
4395,25.885084137640757,0.0,10.90383988577051,23.73211532743962
4396,5.177016827528151,33.71601801709366,50.430259471688615,65.26331715045895
4397,25.885084137640757,0.0,10.90383988577051,8.306240364603866
4398,108.71735337809118,151.72208107692148,128.1201186578035,150.6989323292416
4399,10.354033655056302,0.0,4.088939957163942,9.492846130975849
4400,77.65525241292227,185.43809909401514,96.77157898621327,135.27305736640582
4401,20.708067310112604,16.85800900854683,19.081719800098394,16.612480729207732
4402,10.354033655056302,84.29004504273416,69.511979271787,73.56955751506281
4403,0.0,0.0,2.7259599714426277,1.1866057663719811
4404,46.593151447753364,84.29004504273416,70.87495925750832,207.65600911509665
4405,0.0,0.0,4.088939957163942,0.0
4406,31.062100965168906,67.43203603418732,43.61535954308204,56.95707678585508
4407,10.354033655056302,16.85800900854683,5.451919942885255,5.933028831859905
4408,165.66453848090083,219.15411711110883,302.58155683013166,340.5558549487585
4409,0.0,0.0,4.088939957163942,3.5598172991159425
4410,15.531050482584453,16.85800900854683,10.90383988577051,11.86605766371981
4411,41.41613462022521,16.85800900854683,31.348539671590217,28.47853839292754
4412,41.41613462022521,33.71601801709366,27.259599714426276,30.851749925671502
4413,25.885084137640757,0.0,2.7259599714426277,3.5598172991159425
4414,0.0,16.85800900854683,0.0,1.1866057663719811
4415,0.0,0.0,1.3629799857213138,2.3732115327439622
4416,20.708067310112604,0.0,19.081719800098394,13.05266343009179
4417,5.177016827528151,0.0,2.7259599714426277,1.1866057663719811
4418,160.48752165337268,151.72208107692148,122.66819871491823,84.24900941241064
4419,0.0,0.0,5.451919942885255,17.799086495579715
4420,41.41613462022521,0.0,35.43747962875416,23.73211532743962
4421,0.0,0.0,10.90383988577051,14.23926919646377
4422,5.177016827528151,0.0,0.0,14.23926919646377
4423,248.49680772135125,219.15411711110883,264.4181172299349,219.52206677881648
4424,186.37260579101346,50.574027025640504,43.61535954308204,32.03835569204349
4425,0.0,0.0,5.451919942885255,1.1866057663719811
4426,46.593151447753364,16.85800900854683,42.252379557360726,45.09101912213528
4427,46.593151447753364,16.85800900854683,65.42303931462307,70.00974021594688
4428,31.062100965168906,0.0,17.71873981437708,23.73211532743962
4429,10.354033655056302,16.85800900854683,2.7259599714426277,8.306240364603866
4430,72.47823558539412,185.43809909401514,32.711519657311534,14.23926919646377
4431,264.0278582039357,236.01212611965568,283.4998370300333,245.62739363900002
4432,0.0,0.0,14.992779842934452,11.86605766371981
4433,0.0,67.43203603418732,31.348539671590217,41.53120182301934
4434,5.177016827528151,0.0,0.0,3.5598172991159425
4435,5.177016827528151,0.0,13.629799857213138,9.492846130975849
4436,10.354033655056302,0.0,1.3629799857213138,0.0
4437,0.0,50.574027025640504,34.074499643032844,28.47853839292754
4438,0.0,0.0,1.3629799857213138,3.5598172991159425
4439,10.354033655056302,0.0,14.992779842934452,87.80882671152658
4440,0.0,0.0,2.7259599714426277,1.1866057663719811
4441,0.0,0.0,2.7259599714426277,3.5598172991159425
4442,0.0,0.0,0.0,2.3732115327439622
4443,0.0,16.85800900854683,13.629799857213138,42.71780758939131
4444,0.0,0.0,2.7259599714426277,0.0
4445,36.23911779269706,0.0,8.177879914327884,16.612480729207732
4446,15.531050482584453,101.14805405128101,31.348539671590217,23.73211532743962
4447,20.708067310112604,33.71601801709366,10.90383988577051,15.425874962835751
4448,0.0,33.71601801709366,0.0,20.172298028323674
4449,0.0,16.85800900854683,91.31965904332802,73.56955751506281
4450,20.708067310112604,0.0,20.444699785819708,30.851749925671502
4451,0.0,16.85800900854683,29.985559685868903,32.03835569204349
4452,36.23911779269706,16.85800900854683,21.80767977154102,51.024047953995186
4453,0.0,0.0,2.7259599714426277,0.0
4454,5.177016827528151,0.0,10.90383988577051,17.799086495579715
4455,0.0,0.0,51.793239457409925,15.425874962835751
4456,0.0,0.0,10.90383988577051,13.05266343009179
4457,0.0,0.0,4.088939957163942,2.3732115327439622
4458,0.0,0.0,6.814899928606569,1.1866057663719811
4459,0.0,0.0,1.3629799857213138,2.3732115327439622
4460,20.708067310112604,0.0,59.97111937173781,128.15342276817395
4461,10.354033655056302,50.574027025640504,57.24515940029518,117.47397087082611
4462,15.531050482584453,33.71601801709366,76.32687920039358,97.30167284250244
4463,5.177016827528151,0.0,16.355759828655767,16.612480729207732
4464,56.94718510280967,168.58009008546833,84.50475911472145,115.10075933808216
4465,10.354033655056302,50.574027025640504,95.40859900049196,70.00974021594688
4466,0.0,0.0,1.3629799857213138,2.3732115327439622
4467,0.0,0.0,0.0,1.1866057663719811
4468,0.0,0.0,4.088939957163942,1.1866057663719811
4469,0.0,0.0,9.540859900049197,9.492846130975849
4470,0.0,0.0,2.7259599714426277,0.0
4471,36.23911779269706,67.43203603418732,61.33409935745912,90.18203824427056
4472,20.708067310112604,0.0,6.814899928606569,4.7464230654879245
4473,46.593151447753364,84.29004504273416,140.38693852929532,62.89010561771499
4474,0.0,0.0,4.088939957163942,2.3732115327439622
4475,336.50609378932984,168.58009008546833,411.61995568783675,399.88614326735757
4476,5.177016827528151,0.0,0.0,2.3732115327439622
4477,398.63029571966763,236.01212611965568,280.77387705859064,233.76133597528025
4478,82.83226924045042,33.71601801709366,89.9566790576067,106.79451897347828
4479,5.177016827528151,0.0,5.451919942885255,15.425874962835751
4480,31.062100965168906,0.0,38.16343960019679,42.71780758939131
4481,56.94718510280967,33.71601801709366,53.15621944313124,49.837442187623196
4482,0.0,0.0,0.0,4.7464230654879245
4483,0.0,0.0,1.3629799857213138,4.7464230654879245
4484,77.65525241292227,84.29004504273416,181.2763381009347,153.07214386198552
4485,20.708067310112604,16.85800900854683,14.992779842934452,16.612480729207732
4486,93.18630289550673,67.43203603418732,65.42303931462307,110.35433627259422
4487,1967.2663944606977,2376.9792702051036,1722.8067019517405,1300.519919943691
4488,20.708067310112604,0.0,5.451919942885255,8.306240364603866
4489,103.54033655056303,84.29004504273416,55.88217941457387,52.21065372036716
4490,119.07138703314749,50.574027025640504,59.97111937173781,39.15799029027537
4491,0.0,0.0,1.3629799857213138,3.5598172991159425
4492,51.77016827528151,50.574027025640504,129.4830986435248,102.04809590799037
4493,0.0,0.0,0.0,2.3732115327439622
4494,46.593151447753364,33.71601801709366,79.0528391718362,106.79451897347828
4495,1154.4747525387777,977.7645224957163,1125.8214682058053,1486.817025264092
4496,67.30121875786597,84.29004504273416,85.86773910044276,30.851749925671502
4497,0.0,0.0,4.088939957163942,0.0
4498,5.177016827528151,0.0,1.3629799857213138,1.1866057663719811
4499,274.381891858992,252.8701351282025,84.50475911472145,48.65083642125122
4500,88.00928606797856,151.72208107692148,95.40859900049196,94.92846130975848
4501,0.0,0.0,0.0,1.1866057663719811
4502,0.0,16.85800900854683,0.0,7.119634598231885
4503,5.177016827528151,0.0,13.629799857213138,22.54550956106764
4504,10.354033655056302,16.85800900854683,8.177879914327884,11.86605766371981
4505,0.0,0.0,4.088939957163942,1.1866057663719811
4506,0.0,16.85800900854683,19.081719800098394,15.425874962835751
4507,5.177016827528151,0.0,0.0,1.1866057663719811
4508,15.531050482584453,0.0,6.814899928606569,14.23926919646377
4509,5.177016827528151,16.85800900854683,44.97833952880335,40.34459605664735
4510,41.41613462022521,0.0,1.3629799857213138,3.5598172991159425
4511,5.177016827528151,0.0,13.629799857213138,11.86605766371981
4512,20.708067310112604,33.71601801709366,10.90383988577051,15.425874962835751
4513,5.177016827528151,16.85800900854683,5.451919942885255,5.933028831859905
4514,46.593151447753364,16.85800900854683,5.451919942885255,2.3732115327439622
4515,10.354033655056302,16.85800900854683,5.451919942885255,8.306240364603866
4516,10.354033655056302,33.71601801709366,12.266819871491824,14.23926919646377
4517,93.18630289550673,50.574027025640504,109.0383988577051,98.48827860887442
4518,0.0,0.0,1.3629799857213138,0.0
4519,0.0,0.0,0.0,1.1866057663719811
4520,5.177016827528151,0.0,39.5264195859181,21.358903794695657
4521,0.0,0.0,0.0,1.1866057663719811
4522,0.0,0.0,1.3629799857213138,1.1866057663719811
4523,0.0,0.0,0.0,1.1866057663719811
4524,0.0,0.0,134.93501858641005,180.36407648854112
4525,0.0,16.85800900854683,28.62257970014759,29.665144159299523
4526,0.0,0.0,1.3629799857213138,1.1866057663719811
4527,0.0,0.0,4.088939957163942,1.1866057663719811
4528,253.67382454887942,101.14805405128101,185.36527805809868,156.6319611611015
4529,0.0,0.0,77.68985918611489,123.40699970268601
4530,0.0,0.0,5.451919942885255,22.54550956106764
4531,0.0,0.0,6.814899928606569,4.7464230654879245
4532,5.177016827528151,33.71601801709366,21.80767977154102,18.985692261951698
4533,144.95647117078823,84.29004504273416,181.2763381009347,334.62282611689864
4534,5.177016827528151,0.0,8.177879914327884,4.7464230654879245
4535,0.0,0.0,1.3629799857213138,3.5598172991159425
4536,10.354033655056302,16.85800900854683,4.088939957163942,13.05266343009179
4537,25.885084137640757,33.71601801709366,20.444699785819708,11.86605766371981
4538,0.0,0.0,2.7259599714426277,1.1866057663719811
4539,15.531050482584453,0.0,34.074499643032844,23.73211532743962
4540,10.354033655056302,0.0,9.540859900049197,2.3732115327439622
4541,103.54033655056303,33.71601801709366,91.31965904332802,93.74185554338649
4542,20.708067310112604,33.71601801709366,39.5264195859181,23.73211532743962
4543,5.177016827528151,50.574027025640504,96.77157898621327,65.26331715045895
4544,25.885084137640757,33.71601801709366,29.985559685868903,29.665144159299523
4545,0.0,0.0,57.24515940029518,130.5266343009179
4546,0.0,0.0,0.0,1.1866057663719811
4547,10.354033655056302,0.0,12.266819871491824,16.612480729207732
4548,5.177016827528151,0.0,8.177879914327884,0.0
4549,77.65525241292227,16.85800900854683,51.793239457409925,42.71780758939131
4550,0.0,0.0,110.40137884342641,217.14885524607251
4551,41.41613462022521,0.0,27.259599714426276,32.03835569204349
4552,5.177016827528151,0.0,5.451919942885255,1.1866057663719811
4553,77.65525241292227,33.71601801709366,220.80275768685283,215.96224947970055
4554,0.0,0.0,2.7259599714426277,0.0
4555,67.30121875786597,134.86407206837464,193.54315797242654,153.07214386198552
4556,0.0,0.0,0.0,1.1866057663719811
4557,5.177016827528151,0.0,2.7259599714426277,1.1866057663719811
4558,62.12420193033781,33.71601801709366,46.34131951452467,59.330288318599045
4559,20.708067310112604,0.0,27.259599714426276,36.784778757531406
4560,77.65525241292227,118.00606305982784,65.42303931462307,68.82313444957491
4561,77.65525241292227,67.43203603418732,62.697079343180434,79.50258634692273
4562,0.0,0.0,1.3629799857213138,7.119634598231885
4563,144.95647117078823,168.58009008546833,314.84837670162347,237.32115327439618
4564,0.0,0.0,0.0,1.1866057663719811
4565,20.708067310112604,50.574027025640504,6.814899928606569,16.612480729207732
4566,0.0,16.85800900854683,2.7259599714426277,0.0
4567,5.177016827528151,33.71601801709366,5.451919942885255,20.172298028323674
4568,15.531050482584453,101.14805405128101,83.14177912900014,87.80882671152658
4569,0.0,0.0,1.3629799857213138,2.3732115327439622
4570,20.708067310112604,67.43203603418732,21.80767977154102,10.679451897347828
4571,46.593151447753364,67.43203603418732,87.23071908616409,27.291932626555564
4572,20.708067310112604,16.85800900854683,21.80767977154102,17.799086495579715
4573,25.885084137640757,67.43203603418732,38.16343960019679,39.15799029027537
4574,10.354033655056302,0.0,9.540859900049197,3.5598172991159425
4575,729.9593726814693,623.7463333162328,569.7256340315091,301.3978646584832
4576,5.177016827528151,0.0,2.7259599714426277,1.1866057663719811
4577,0.0,33.71601801709366,0.0,1.1866057663719811
4578,62.12420193033781,0.0,47.70429950024598,46.277624888507255
4579,36.23911779269706,0.0,20.444699785819708,28.47853839292754
4580,139.77945434326008,67.43203603418732,89.9566790576067,81.87579787966669
4581,0.0,16.85800900854683,2.7259599714426277,3.5598172991159425
4582,320.97504330674536,252.8701351282025,253.51427734416438,243.25418210625608
4583,0.0,0.0,12.266819871491824,9.492846130975849
4584,15.531050482584453,33.71601801709366,9.540859900049197,5.933028831859905
4585,15.531050482584453,33.71601801709366,17.71873981437708,11.86605766371981
4586,67.30121875786597,84.29004504273416,59.97111937173781,51.024047953995186
4587,62.12420193033781,50.574027025640504,43.61535954308204,22.54550956106764
4588,264.0278582039357,202.29610810256202,257.6032173013283,227.82830714342032
4589,25.885084137640757,0.0,17.71873981437708,22.54550956106764
4590,0.0,0.0,1.3629799857213138,1.1866057663719811
4591,31.062100965168906,50.574027025640504,13.629799857213138,16.612480729207732
4592,20.708067310112604,33.71601801709366,28.62257970014759,32.03835569204349
4593,46.593151447753364,67.43203603418732,40.889399571639416,46.277624888507255
4594,119.07138703314749,168.58009008546833,62.697079343180434,113.91415357171016
4595,41.41613462022521,33.71601801709366,21.80767977154102,26.10532686018358
4596,15.531050482584453,16.85800900854683,29.985559685868903,28.47853839292754
4597,0.0,0.0,0.0,5.933028831859905
4598,36.23911779269706,33.71601801709366,51.793239457409925,100.86149014161838
4599,56.94718510280967,50.574027025640504,39.5264195859181,36.784778757531406
4600,0.0,0.0,1.3629799857213138,0.0
4601,0.0,0.0,0.0,4.7464230654879245
4602,36.23911779269706,16.85800900854683,44.97833952880335,28.47853839292754
4603,0.0,0.0,1.3629799857213138,0.0
4604,67.30121875786597,33.71601801709366,51.793239457409925,49.837442187623196
4605,0.0,0.0,2.7259599714426277,3.5598172991159425
4606,36.23911779269706,0.0,13.629799857213138,26.10532686018358
4607,0.0,0.0,1.3629799857213138,0.0
4608,10.354033655056302,0.0,10.90383988577051,13.05266343009179
4609,5.177016827528151,0.0,10.90383988577051,2.3732115327439622
4610,82.83226924045042,0.0,29.985559685868903,26.10532686018358
4611,5.177016827528151,50.574027025640504,16.355759828655767,18.985692261951698
4612,0.0,0.0,0.0,1.1866057663719811
4613,0.0,0.0,2.7259599714426277,0.0
4614,5.177016827528151,0.0,5.451919942885255,3.5598172991159425
4615,5.177016827528151,33.71601801709366,5.451919942885255,14.23926919646377
4616,5.177016827528151,0.0,0.0,2.3732115327439622
4617,0.0,0.0,1.3629799857213138,3.5598172991159425
4618,5.177016827528151,16.85800900854683,8.177879914327884,4.7464230654879245
4619,0.0,0.0,2.7259599714426277,0.0
4620,10.354033655056302,0.0,102.22349892909853,84.24900941241064
4621,56.94718510280967,33.71601801709366,36.80045961447547,24.918721093811598
4622,176.01857213595713,67.43203603418732,117.216278772033,121.03378816994206
4623,20.708067310112604,0.0,13.629799857213138,20.172298028323674
4624,0.0,0.0,4.088939957163942,3.5598172991159425
4625,657.4811370960751,708.036378358967,1443.3958048788713,1501.056294460556
4626,0.0,0.0,0.0,1.1866057663719811
4627,5.177016827528151,0.0,13.629799857213138,5.933028831859905
4628,0.0,0.0,1.3629799857213138,4.7464230654879245
4629,0.0,0.0,1.3629799857213138,1.1866057663719811
4630,15.531050482584453,0.0,23.170659757262335,22.54550956106764
4631,62.12420193033781,84.29004504273416,158.1056783436724,137.64626889914982
4632,0.0,0.0,1.3629799857213138,1.1866057663719811
4633,25.885084137640757,50.574027025640504,49.0672794859673,34.411567224787454
4634,0.0,0.0,0.0,1.1866057663719811
4635,108.71735337809118,101.14805405128101,85.86773910044276,36.784778757531406
4636,31.062100965168906,33.71601801709366,51.793239457409925,36.784778757531406
4637,5.177016827528151,0.0,9.540859900049197,28.47853839292754
4638,93.18630289550673,101.14805405128101,98.1345589719346,62.89010561771499
4639,0.0,0.0,1.3629799857213138,1.1866057663719811
4640,5.177016827528151,0.0,1.3629799857213138,1.1866057663719811
4641,124.24840386067562,33.71601801709366,64.06005932890174,81.87579787966669
4642,56.94718510280967,168.58009008546833,49.0672794859673,35.59817299115943
4643,0.0,0.0,6.814899928606569,2.3732115327439622
4644,15.531050482584453,0.0,17.71873981437708,10.679451897347828
4645,46.593151447753364,84.29004504273416,69.511979271787,97.30167284250244
4646,82.83226924045042,67.43203603418732,21.80767977154102,11.86605766371981
4647,0.0,0.0,8.177879914327884,4.7464230654879245
4648,72.47823558539412,67.43203603418732,92.68263902904934,67.63652868320291
4649,77.65525241292227,0.0,12.266819871491824,15.425874962835751
4650,51.77016827528151,101.14805405128101,29.985559685868903,22.54550956106764
4651,88.00928606797856,84.29004504273416,98.1345589719346,74.7561632814348
4652,20.708067310112604,0.0,8.177879914327884,11.86605766371981
4653,103.54033655056303,84.29004504273416,64.06005932890174,91.36864401064253
4654,36.23911779269706,16.85800900854683,50.430259471688615,41.53120182301934
4655,51.77016827528151,50.574027025640504,74.96389921467225,66.44992291683093
4656,0.0,0.0,1.3629799857213138,0.0
4657,15.531050482584453,33.71601801709366,6.814899928606569,3.5598172991159425
4658,31.062100965168906,0.0,27.259599714426276,17.799086495579715
4659,0.0,0.0,0.0,3.5598172991159425
4660,36.23911779269706,67.43203603418732,35.43747962875416,37.971384523903396
4661,10.354033655056302,16.85800900854683,27.259599714426276,20.172298028323674
4662,15.531050482584453,50.574027025640504,96.77157898621327,130.5266343009179
4663,1252.8380722618126,944.0485044786227,1497.9150043077236,1618.530265331382
4664,5.177016827528151,0.0,4.088939957163942,3.5598172991159425
4665,20.708067310112604,16.85800900854683,14.992779842934452,22.54550956106764
4666,5.177016827528151,33.71601801709366,23.170659757262335,78.31598058055074
4667,5.177016827528151,0.0,0.0,1.1866057663719811
4668,10.354033655056302,16.85800900854683,10.90383988577051,11.86605766371981
4669,15.531050482584453,16.85800900854683,13.629799857213138,18.985692261951698
4670,170.84155530842898,101.14805405128101,396.6271758449023,465.14946041781656
4671,10.354033655056302,16.85800900854683,23.170659757262335,20.172298028323674
4672,25.885084137640757,16.85800900854683,6.814899928606569,2.3732115327439622
4673,15.531050482584453,0.0,0.0,0.0
4674,31.062100965168906,16.85800900854683,19.081719800098394,11.86605766371981
4675,0.0,0.0,13.629799857213138,14.23926919646377
4676,248.49680772135125,219.15411711110883,230.343617586902,233.76133597528025
4677,0.0,0.0,0.0,1.1866057663719811
4678,15.531050482584453,84.29004504273416,34.074499643032844,43.90441335576329
4679,0.0,0.0,2.7259599714426277,2.3732115327439622
4680,10.354033655056302,33.71601801709366,23.170659757262335,15.425874962835751
4681,0.0,16.85800900854683,1.3629799857213138,0.0
4682,5.177016827528151,50.574027025640504,62.697079343180434,41.53120182301934
4683,20.708067310112604,0.0,4.088939957163942,13.05266343009179
4684,25.885084137640757,0.0,4.088939957163942,9.492846130975849
4685,20.708067310112604,16.85800900854683,19.081719800098394,21.358903794695657
4686,0.0,0.0,12.266819871491824,13.05266343009179
4687,20.708067310112604,16.85800900854683,19.081719800098394,21.358903794695657
4688,5.177016827528151,0.0,0.0,1.1866057663719811
4689,0.0,0.0,9.540859900049197,16.612480729207732
4690,0.0,0.0,4.088939957163942,5.933028831859905
4691,0.0,0.0,2.7259599714426277,0.0
4692,0.0,16.85800900854683,14.992779842934452,17.799086495579715
4693,5.177016827528151,0.0,10.90383988577051,2.3732115327439622
4694,5.177016827528151,16.85800900854683,2.7259599714426277,2.3732115327439622
4695,41.41613462022521,50.574027025640504,27.259599714426276,30.851749925671502
4696,0.0,0.0,5.451919942885255,7.119634598231885
4697,0.0,0.0,0.0,1.1866057663719811
4698,20.708067310112604,84.29004504273416,24.53363974298365,30.851749925671502
4699,31.062100965168906,16.85800900854683,58.6081393860165,62.89010561771499
4700,0.0,0.0,2.7259599714426277,0.0
4701,25.885084137640757,16.85800900854683,50.430259471688615,74.7561632814348
4702,0.0,0.0,19.081719800098394,55.770471019483104
4703,36.23911779269706,33.71601801709366,62.697079343180434,47.46423065487924
4704,36.23911779269706,33.71601801709366,55.88217941457387,55.770471019483104
4705,10.354033655056302,16.85800900854683,12.266819871491824,28.47853839292754
4706,20.708067310112604,67.43203603418732,32.711519657311534,24.918721093811598
4707,5.177016827528151,33.71601801709366,49.0672794859673,43.90441335576329
4708,10.354033655056302,50.574027025640504,23.170659757262335,16.612480729207732
4709,41.41613462022521,33.71601801709366,54.51919942885255,62.89010561771499
4710,20.708067310112604,16.85800900854683,39.5264195859181,37.971384523903396
4711,56.94718510280967,0.0,14.992779842934452,28.47853839292754
4712,20.708067310112604,16.85800900854683,16.355759828655767,17.799086495579715
4713,41.41613462022521,67.43203603418732,68.14899928606569,55.770471019483104
4714,0.0,16.85800900854683,0.0,0.0
4715,0.0,0.0,1.3629799857213138,2.3732115327439622
4716,46.593151447753364,16.85800900854683,47.70429950024598,39.15799029027537
4717,46.593151447753364,50.574027025640504,46.34131951452467,39.15799029027537
4718,31.062100965168906,0.0,9.540859900049197,16.612480729207732
4719,72.47823558539412,101.14805405128101,70.87495925750832,53.39725948673914
4720,10.354033655056302,16.85800900854683,17.71873981437708,10.679451897347828
4721,10.354033655056302,0.0,0.0,1.1866057663719811
4722,5.177016827528151,0.0,10.90383988577051,21.358903794695657
4723,10.354033655056302,0.0,12.266819871491824,5.933028831859905
4724,36.23911779269706,67.43203603418732,17.71873981437708,34.411567224787454
4725,0.0,0.0,1.3629799857213138,0.0
4726,0.0,0.0,8.177879914327884,9.492846130975849
4727,0.0,16.85800900854683,8.177879914327884,9.492846130975849
4728,0.0,0.0,9.540859900049197,9.492846130975849
4729,51.77016827528151,0.0,31.348539671590217,20.172298028323674
4730,5.177016827528151,16.85800900854683,12.266819871491824,9.492846130975849
4731,0.0,0.0,5.451919942885255,4.7464230654879245
4732,15.531050482584453,50.574027025640504,47.70429950024598,45.09101912213528
4733,5.177016827528151,0.0,5.451919942885255,3.5598172991159425
4734,0.0,0.0,1.3629799857213138,0.0
4735,15.531050482584453,0.0,9.540859900049197,8.306240364603866
4736,15.531050482584453,16.85800900854683,19.081719800098394,16.612480729207732
4737,25.885084137640757,33.71601801709366,34.074499643032844,61.703499851343004
4738,0.0,16.85800900854683,16.355759828655767,17.799086495579715
4739,0.0,0.0,19.081719800098394,18.985692261951698
4740,0.0,0.0,1.3629799857213138,1.1866057663719811
4741,67.30121875786597,33.71601801709366,95.40859900049196,70.00974021594688
4742,0.0,16.85800900854683,8.177879914327884,21.358903794695657
4743,62.12420193033781,16.85800900854683,91.31965904332802,90.18203824427056
4744,15.531050482584453,16.85800900854683,23.170659757262335,18.985692261951698
4745,5.177016827528151,0.0,2.7259599714426277,3.5598172991159425
4746,46.593151447753364,16.85800900854683,91.31965904332802,71.19634598231886
4747,5.177016827528151,0.0,13.629799857213138,14.23926919646377
4748,31.062100965168906,33.71601801709366,9.540859900049197,10.679451897347828
4749,25.885084137640757,16.85800900854683,39.5264195859181,32.03835569204349
4750,15.531050482584453,33.71601801709366,19.081719800098394,37.971384523903396
4751,10.354033655056302,0.0,16.355759828655767,24.918721093811598
4752,0.0,0.0,1.3629799857213138,0.0
4753,10.354033655056302,16.85800900854683,25.896619728704962,35.59817299115943
4754,10.354033655056302,0.0,1.3629799857213138,0.0
4755,41.41613462022521,33.71601801709366,47.70429950024598,56.95707678585508
4756,10.354033655056302,0.0,24.53363974298365,10.679451897347828
4757,10.354033655056302,16.85800900854683,17.71873981437708,29.665144159299523
4758,82.83226924045042,0.0,89.9566790576067,68.82313444957491
4759,222.6117235837105,168.58009008546833,185.36527805809868,186.29710532040102
4760,0.0,0.0,0.0,1.1866057663719811
4761,5.177016827528151,16.85800900854683,8.177879914327884,1.1866057663719811
4762,51.77016827528151,33.71601801709366,91.31965904332802,91.36864401064253
4763,51.77016827528151,67.43203603418732,50.430259471688615,59.330288318599045
4764,0.0,0.0,9.540859900049197,4.7464230654879245
4765,25.885084137640757,33.71601801709366,81.77879914327883,94.92846130975848
4766,300.26697599663277,202.29610810256202,163.55759828655766,159.00517269384545
4767,25.885084137640757,0.0,23.170659757262335,35.59817299115943
4768,20.708067310112604,16.85800900854683,20.444699785819708,23.73211532743962
4769,41.41613462022521,0.0,130.84607862924614,135.27305736640582
4770,10.354033655056302,50.574027025640504,34.074499643032844,36.784778757531406
4771,0.0,0.0,4.088939957163942,1.1866057663719811
4772,0.0,0.0,24.53363974298365,30.851749925671502
4773,25.885084137640757,16.85800900854683,55.88217941457387,49.837442187623196
4774,10.354033655056302,0.0,4.088939957163942,1.1866057663719811
4775,129.4254206882038,101.14805405128101,68.14899928606569,70.00974021594688
4776,20.708067310112604,16.85800900854683,10.90383988577051,5.933028831859905
4777,36.23911779269706,16.85800900854683,32.711519657311534,16.612480729207732
4778,124.24840386067562,101.14805405128101,25.896619728704962,23.73211532743962
4779,5.177016827528151,0.0,1.3629799857213138,0.0
4780,20.708067310112604,0.0,6.814899928606569,15.425874962835751
4781,41.41613462022521,16.85800900854683,40.889399571639416,40.34459605664735
4782,222.6117235837105,134.86407206837464,102.22349892909853,99.67488437524639
4783,98.36331972303488,101.14805405128101,55.88217941457387,45.09101912213528
4784,36.23911779269706,33.71601801709366,19.081719800098394,21.358903794695657
4785,20.708067310112604,16.85800900854683,27.259599714426276,21.358903794695657
4786,5.177016827528151,50.574027025640504,4.088939957163942,7.119634598231885
4787,10.354033655056302,0.0,4.088939957163942,7.119634598231885
4788,5.177016827528151,0.0,1.3629799857213138,9.492846130975849
4789,5.177016827528151,33.71601801709366,12.266819871491824,20.172298028323674
4790,295.0899591691046,303.44416215384297,325.75221658739395,294.27823006025125
4791,0.0,0.0,1.3629799857213138,1.1866057663719811
4792,0.0,0.0,4.088939957163942,1.1866057663719811
4793,82.83226924045042,33.71601801709366,55.88217941457387,37.971384523903396
4794,77.65525241292227,50.574027025640504,36.80045961447547,40.34459605664735
4795,0.0,0.0,1.3629799857213138,0.0
4796,20.708067310112604,16.85800900854683,57.24515940029518,45.09101912213528
4797,0.0,0.0,17.71873981437708,15.425874962835751
4798,253.67382454887942,84.29004504273416,117.216278772033,118.66057663719809
4799,5.177016827528151,0.0,5.451919942885255,7.119634598231885
4800,62.12420193033781,84.29004504273416,178.55037812949212,249.18721093811598
4801,51.77016827528151,0.0,27.259599714426276,34.411567224787454
4802,25.885084137640757,33.71601801709366,20.444699785819708,21.358903794695657
4803,5.177016827528151,16.85800900854683,6.814899928606569,16.612480729207732
4804,0.0,0.0,1.3629799857213138,0.0
4805,5.177016827528151,33.71601801709366,13.629799857213138,34.411567224787454
4806,0.0,16.85800900854683,0.0,2.3732115327439622
4807,56.94718510280967,84.29004504273416,100.86051894337723,102.04809590799037
4808,5.177016827528151,16.85800900854683,9.540859900049197,7.119634598231885
4809,0.0,16.85800900854683,4.088939957163942,9.492846130975849
4810,5.177016827528151,0.0,10.90383988577051,13.05266343009179
4811,0.0,0.0,0.0,1.1866057663719811
4812,181.1955889634853,303.44416215384297,609.2520536174272,525.6663545027875
4813,5.177016827528151,0.0,17.71873981437708,53.39725948673914
4814,15.531050482584453,50.574027025640504,44.97833952880335,30.851749925671502
4815,0.0,0.0,5.451919942885255,4.7464230654879245
4816,15.531050482584453,67.43203603418732,24.53363974298365,10.679451897347828
4817,51.77016827528151,33.71601801709366,28.62257970014759,29.665144159299523
4818,15.531050482584453,50.574027025640504,16.355759828655767,14.23926919646377
4819,5.177016827528151,0.0,6.814899928606569,3.5598172991159425
4820,5.177016827528151,0.0,8.177879914327884,9.492846130975849
4821,0.0,0.0,5.451919942885255,10.679451897347828
4822,212.2576899286542,67.43203603418732,104.94945890054116,112.72754780533819
4823,0.0,16.85800900854683,14.992779842934452,8.306240364603866
4824,31.062100965168906,16.85800900854683,14.992779842934452,14.23926919646377
4825,5.177016827528151,16.85800900854683,17.71873981437708,24.918721093811598
4826,5.177016827528151,0.0,6.814899928606569,8.306240364603866
4827,25.885084137640757,16.85800900854683,16.355759828655767,10.679451897347828
4828,10.354033655056302,0.0,0.0,2.3732115327439622
4829,67.30121875786597,16.85800900854683,32.711519657311534,41.53120182301934
4830,36.23911779269706,50.574027025640504,110.40137884342641,51.024047953995186
4831,5.177016827528151,0.0,8.177879914327884,14.23926919646377
4832,36.23911779269706,0.0,27.259599714426276,29.665144159299523
4833,25.885084137640757,0.0,13.629799857213138,20.172298028323674
4834,0.0,0.0,1.3629799857213138,1.1866057663719811
4835,139.77945434326008,101.14805405128101,140.38693852929532,157.81856692747348
4836,25.885084137640757,33.71601801709366,43.61535954308204,37.971384523903396
4837,0.0,0.0,0.0,1.1866057663719811
4838,5.177016827528151,0.0,6.814899928606569,7.119634598231885
4839,5.177016827528151,0.0,4.088939957163942,5.933028831859905
4840,5.177016827528151,0.0,8.177879914327884,2.3732115327439622
4841,0.0,0.0,4.088939957163942,0.0
4842,0.0,0.0,1.3629799857213138,5.933028831859905
4843,82.83226924045042,118.00606305982784,369.36757613047604,454.4700085204687
4844,46.593151447753364,67.43203603418732,40.889399571639416,45.09101912213528
4845,93.18630289550673,118.00606305982784,212.62487777252497,233.76133597528025
4846,0.0,0.0,0.0,1.1866057663719811
4847,0.0,0.0,0.0,1.1866057663719811
4848,15.531050482584453,0.0,4.088939957163942,2.3732115327439622
4849,15.531050482584453,16.85800900854683,49.0672794859673,64.07671138408698
4850,5.177016827528151,0.0,10.90383988577051,7.119634598231885
4851,10.354033655056302,0.0,24.53363974298365,10.679451897347828
4852,5.177016827528151,0.0,20.444699785819708,13.05266343009179
4853,336.50609378932984,303.44416215384297,65.42303931462307,30.851749925671502
4854,41.41613462022521,50.574027025640504,31.348539671590217,21.358903794695657
4855,0.0,0.0,6.814899928606569,4.7464230654879245
4856,77.65525241292227,16.85800900854683,27.259599714426276,14.23926919646377
4857,31.062100965168906,33.71601801709366,36.80045961447547,20.172298028323674
4858,20.708067310112604,0.0,17.71873981437708,22.54550956106764
4859,5.177016827528151,33.71601801709366,40.889399571639416,34.411567224787454
4860,20.708067310112604,33.71601801709366,438.879555402263,507.8672680072078
4861,849.0307597146168,472.02425223931135,599.711193717378,594.4894889523624
4862,5.177016827528151,0.0,1.3629799857213138,0.0
4863,15.531050482584453,67.43203603418732,10.90383988577051,8.306240364603866
4864,82.83226924045042,84.29004504273416,39.5264195859181,43.90441335576329
4865,31.062100965168906,16.85800900854683,25.896619728704962,24.918721093811598
4866,0.0,16.85800900854683,13.629799857213138,8.306240364603866
4867,20.708067310112604,50.574027025640504,24.53363974298365,16.612480729207732
4868,98.36331972303488,101.14805405128101,129.4830986435248,136.45966313277782
4869,5.177016827528151,16.85800900854683,2.7259599714426277,8.306240364603866
4870,0.0,0.0,1.3629799857213138,0.0
4871,25.885084137640757,0.0,16.355759828655767,10.679451897347828
4872,10.354033655056302,0.0,2.7259599714426277,3.5598172991159425
4873,51.77016827528151,67.43203603418732,31.348539671590217,18.985692261951698
4874,119.07138703314749,33.71601801709366,70.87495925750832,46.277624888507255
4875,5.177016827528151,0.0,2.7259599714426277,0.0
4876,72.47823558539412,50.574027025640504,12.266819871491824,9.492846130975849
4877,0.0,0.0,0.0,1.1866057663719811
4878,5.177016827528151,0.0,34.074499643032844,24.918721093811598
4879,108.71735337809118,84.29004504273416,287.5887769871972,293.09162429387925
4880,10.354033655056302,0.0,1.3629799857213138,1.1866057663719811
4881,227.78874041123868,269.7281441367493,103.58647891481985,112.72754780533819
4882,36.23911779269706,16.85800900854683,66.78601930034436,45.09101912213528
4883,5.177016827528151,0.0,25.896619728704962,21.358903794695657
4884,5.177016827528151,0.0,2.7259599714426277,4.7464230654879245
4885,326.15206013427354,236.01212611965568,373.45651608763995,323.9433742195508
4886,0.0,0.0,2.7259599714426277,0.0
4887,20.708067310112604,84.29004504273416,118.57925875775429,160.19177846021742
4888,0.0,0.0,5.451919942885255,7.119634598231885
4889,20.708067310112604,50.574027025640504,106.31243888626248,129.34002853454592
4890,10.354033655056302,33.71601801709366,14.992779842934452,10.679451897347828
4891,77.65525241292227,84.29004504273416,173.09845818660685,249.18721093811598
4892,31.062100965168906,0.0,21.80767977154102,14.23926919646377
4893,31.062100965168906,16.85800900854683,35.43747962875416,29.665144159299523
4894,36.23911779269706,16.85800900854683,47.70429950024598,34.411567224787454
4895,10.354033655056302,0.0,36.80045961447547,33.224961458415464
4896,25.885084137640757,33.71601801709366,65.42303931462307,88.99543247789858
4897,0.0,0.0,19.081719800098394,16.612480729207732
4898,77.65525241292227,33.71601801709366,28.62257970014759,46.277624888507255
4899,36.23911779269706,16.85800900854683,10.90383988577051,36.784778757531406
4900,5.177016827528151,16.85800900854683,2.7259599714426277,5.933028831859905
4901,62.12420193033781,33.71601801709366,23.170659757262335,15.425874962835751
4902,124.24840386067562,84.29004504273416,29.985559685868903,16.612480729207732
4903,129.4254206882038,101.14805405128101,58.6081393860165,35.59817299115943
4904,129.4254206882038,67.43203603418732,57.24515940029518,59.330288318599045
4905,41.41613462022521,50.574027025640504,10.90383988577051,5.933028831859905
4906,139.77945434326008,101.14805405128101,76.32687920039358,62.89010561771499
4907,20.708067310112604,0.0,5.451919942885255,1.1866057663719811
4908,5.177016827528151,16.85800900854683,13.629799857213138,16.612480729207732
4909,5.177016827528151,0.0,20.444699785819708,13.05266343009179
4910,735.1363895089975,320.3021711623898,726.4683323894602,747.5616328143481
4911,41.41613462022521,16.85800900854683,32.711519657311534,28.47853839292754
4912,0.0,0.0,66.78601930034436,74.7561632814348
4913,0.0,0.0,0.0,1.1866057663719811
4914,10.354033655056302,33.71601801709366,19.081719800098394,18.985692261951698
4915,0.0,0.0,14.992779842934452,7.119634598231885
4916,20.708067310112604,33.71601801709366,16.355759828655767,5.933028831859905
4917,15.531050482584453,16.85800900854683,21.80767977154102,27.291932626555564
4918,5.177016827528151,0.0,4.088939957163942,5.933028831859905
4919,10.354033655056302,0.0,8.177879914327884,27.291932626555564
4920,5.177016827528151,0.0,0.0,0.0
4921,10.354033655056302,0.0,5.451919942885255,7.119634598231885
4922,0.0,0.0,2.7259599714426277,1.1866057663719811
4923,25.885084137640757,50.574027025640504,57.24515940029518,36.784778757531406
4924,393.4532788921395,236.01212611965568,164.92057827227896,104.42130744073432
4925,5.177016827528151,16.85800900854683,1.3629799857213138,5.933028831859905
4926,41.41613462022521,16.85800900854683,19.081719800098394,30.851749925671502
4927,10.354033655056302,0.0,9.540859900049197,2.3732115327439622
4928,15.531050482584453,0.0,12.266819871491824,2.3732115327439622
4929,0.0,0.0,4.088939957163942,0.0
4930,0.0,0.0,1.3629799857213138,0.0
4931,0.0,0.0,4.088939957163942,2.3732115327439622
4932,0.0,0.0,0.0,1.1866057663719811
4933,25.885084137640757,16.85800900854683,25.896619728704962,20.172298028323674
4934,77.65525241292227,168.58009008546833,68.14899928606569,64.07671138408698
4935,5.177016827528151,0.0,0.0,0.0
4936,0.0,0.0,0.0,1.1866057663719811
4937,0.0,0.0,0.0,4.7464230654879245
4938,5.177016827528151,0.0,1.3629799857213138,8.306240364603866
4939,0.0,0.0,1.3629799857213138,0.0
4940,10.354033655056302,0.0,2.7259599714426277,8.306240364603866
4941,72.47823558539412,16.85800900854683,85.86773910044276,77.12937481417876
4942,0.0,16.85800900854683,14.992779842934452,5.933028831859905
4943,31.062100965168906,50.574027025640504,332.56711651600057,365.4745760425701
4944,0.0,0.0,4.088939957163942,2.3732115327439622
4945,20.708067310112604,33.71601801709366,35.43747962875416,43.90441335576329
4946,0.0,0.0,17.71873981437708,0.0
4947,25.885084137640757,0.0,4.088939957163942,2.3732115327439622
4948,0.0,0.0,0.0,1.1866057663719811
4949,36.23911779269706,33.71601801709366,25.896619728704962,16.612480729207732
4950,0.0,0.0,29.985559685868903,35.59817299115943
4951,25.885084137640757,84.29004504273416,107.67541887198378,93.74185554338649
4952,20.708067310112604,16.85800900854683,13.629799857213138,21.358903794695657
4953,0.0,0.0,1.3629799857213138,4.7464230654879245
4954,0.0,0.0,8.177879914327884,15.425874962835751
4955,5.177016827528151,0.0,4.088939957163942,2.3732115327439622
4956,20.708067310112604,0.0,13.629799857213138,17.799086495579715
4957,31.062100965168906,0.0,32.711519657311534,36.784778757531406
4958,0.0,0.0,5.451919942885255,13.05266343009179
4959,15.531050482584453,16.85800900854683,21.80767977154102,4.7464230654879245
4960,0.0,0.0,0.0,3.5598172991159425
4961,31.062100965168906,0.0,28.62257970014759,27.291932626555564
4962,56.94718510280967,33.71601801709366,184.00229807237736,157.81856692747348
4963,10.354033655056302,16.85800900854683,17.71873981437708,20.172298028323674
4964,15.531050482584453,0.0,23.170659757262335,11.86605766371981
4965,0.0,0.0,1.3629799857213138,8.306240364603866
4966,0.0,0.0,4.088939957163942,1.1866057663719811
4967,103.54033655056303,50.574027025640504,47.70429950024598,27.291932626555564
4968,20.708067310112604,33.71601801709366,13.629799857213138,17.799086495579715
4969,10.354033655056302,50.574027025640504,6.814899928606569,2.3732115327439622
4970,0.0,16.85800900854683,8.177879914327884,7.119634598231885
4971,0.0,0.0,0.0,2.3732115327439622
4972,0.0,0.0,2.7259599714426277,1.1866057663719811
4973,67.30121875786597,50.574027025640504,62.697079343180434,56.95707678585508
4974,0.0,0.0,9.540859900049197,1.1866057663719811
4975,0.0,16.85800900854683,2.7259599714426277,2.3732115327439622
4976,20.708067310112604,0.0,8.177879914327884,17.799086495579715
4977,36.23911779269706,67.43203603418732,54.51919942885255,54.58386525311113
4978,67.30121875786597,16.85800900854683,47.70429950024598,35.59817299115943
4979,0.0,0.0,1.3629799857213138,0.0
4980,0.0,0.0,0.0,1.1866057663719811
4981,20.708067310112604,0.0,8.177879914327884,15.425874962835751
4982,46.593151447753364,16.85800900854683,28.62257970014759,30.851749925671502
4983,0.0,16.85800900854683,2.7259599714426277,3.5598172991159425
4984,31.062100965168906,67.43203603418732,42.252379557360726,30.851749925671502
4985,0.0,0.0,6.814899928606569,8.306240364603866
4986,5.177016827528151,0.0,1.3629799857213138,1.1866057663719811
4987,20.708067310112604,33.71601801709366,31.348539671590217,10.679451897347828
4988,67.30121875786597,50.574027025640504,110.40137884342641,110.35433627259422
4989,25.885084137640757,0.0,12.266819871491824,9.492846130975849
4990,62.12420193033781,33.71601801709366,16.355759828655767,11.86605766371981
4991,0.0,0.0,2.7259599714426277,0.0
4992,113.89437020561934,101.14805405128101,114.49031880059036,126.96681700180196
4993,0.0,0.0,1.3629799857213138,0.0
4994,20.708067310112604,50.574027025640504,4.088939957163942,7.119634598231885
4995,0.0,0.0,0.0,1.1866057663719811
4996,5.177016827528151,0.0,1.3629799857213138,1.1866057663719811
4997,25.885084137640757,33.71601801709366,58.6081393860165,45.09101912213528
4998,0.0,0.0,0.0,1.1866057663719811
4999,0.0,0.0,16.355759828655767,20.172298028323674
5000,5.177016827528151,0.0,5.451919942885255,7.119634598231885
5001,5.177016827528151,0.0,2.7259599714426277,7.119634598231885
5002,113.89437020561934,168.58009008546833,100.86051894337723,99.67488437524639
5003,31.062100965168906,16.85800900854683,32.711519657311534,40.34459605664735
5004,5.177016827528151,0.0,0.0,0.0
5005,5.177016827528151,0.0,0.0,0.0
5006,0.0,0.0,1.3629799857213138,0.0
5007,5.177016827528151,0.0,5.451919942885255,11.86605766371981
5008,20.708067310112604,33.71601801709366,14.992779842934452,16.612480729207732
5009,56.94718510280967,84.29004504273416,47.70429950024598,67.63652868320291
5010,25.885084137640757,50.574027025640504,46.34131951452467,46.277624888507255
5011,56.94718510280967,0.0,29.985559685868903,15.425874962835751
5012,300.26697599663277,67.43203603418732,284.86281701575456,325.1299799859228
5013,0.0,0.0,1.3629799857213138,0.0
5014,56.94718510280967,67.43203603418732,66.78601930034436,65.26331715045895
5015,56.94718510280967,16.85800900854683,27.259599714426276,33.224961458415464
5016,0.0,0.0,2.7259599714426277,3.5598172991159425
5017,144.95647117078823,101.14805405128101,77.68985918611489,64.07671138408698
5018,31.062100965168906,0.0,25.896619728704962,8.306240364603866
5019,0.0,0.0,0.0,1.1866057663719811
5020,25.885084137640757,16.85800900854683,12.266819871491824,9.492846130975849
5021,62.12420193033781,0.0,50.430259471688615,47.46423065487924
5022,77.65525241292227,168.58009008546833,43.61535954308204,53.39725948673914
5023,62.12420193033781,0.0,35.43747962875416,24.918721093811598
5024,0.0,16.85800900854683,8.177879914327884,11.86605766371981
5025,367.56819475449873,185.43809909401514,269.8700371728201,278.8523550974155
5026,0.0,0.0,2.7259599714426277,5.933028831859905
5027,10.354033655056302,0.0,5.451919942885255,1.1866057663719811
5028,15.531050482584453,33.71601801709366,12.266819871491824,8.306240364603866
5029,10.354033655056302,0.0,12.266819871491824,33.224961458415464
5030,0.0,0.0,5.451919942885255,9.492846130975849
5031,31.062100965168906,0.0,40.889399571639416,21.358903794695657
5032,139.77945434326008,33.71601801709366,38.16343960019679,35.59817299115943
5033,20.708067310112604,0.0,10.90383988577051,7.119634598231885
5034,36.23911779269706,33.71601801709366,65.42303931462307,71.19634598231886
5035,72.47823558539412,67.43203603418732,59.97111937173781,87.80882671152658
5036,5.177016827528151,0.0,20.444699785819708,15.425874962835751
5037,0.0,0.0,12.266819871491824,40.34459605664735
5038,31.062100965168906,50.574027025640504,79.0528391718362,47.46423065487924
5039,20.708067310112604,16.85800900854683,59.97111937173781,53.39725948673914
5040,0.0,0.0,2.7259599714426277,1.1866057663719811
5041,0.0,0.0,1.3629799857213138,4.7464230654879245
5042,15.531050482584453,33.71601801709366,25.896619728704962,11.86605766371981
5043,0.0,0.0,2.7259599714426277,5.933028831859905
5044,119.07138703314749,101.14805405128101,107.67541887198378,74.7561632814348
5045,0.0,16.85800900854683,13.629799857213138,17.799086495579715
5046,31.062100965168906,0.0,29.985559685868903,35.59817299115943
5047,0.0,0.0,2.7259599714426277,4.7464230654879245
5048,5.177016827528151,0.0,0.0,2.3732115327439622
5049,5.177016827528151,33.71601801709366,16.355759828655767,15.425874962835751
5050,0.0,0.0,1.3629799857213138,10.679451897347828
5051,0.0,0.0,0.0,2.3732115327439622
5052,113.89437020561934,67.43203603418732,111.76435882914774,112.72754780533819
5053,0.0,0.0,1.3629799857213138,1.1866057663719811
5054,0.0,16.85800900854683,13.629799857213138,8.306240364603866
5055,0.0,0.0,0.0,2.3732115327439622
5056,98.36331972303488,33.71601801709366,36.80045961447547,47.46423065487924
5057,31.062100965168906,0.0,23.170659757262335,23.73211532743962
5058,10.354033655056302,33.71601801709366,32.711519657311534,45.09101912213528
5059,543.5867668904558,404.59221620512403,562.9107341029027,640.7671138408697
5060,41.41613462022521,16.85800900854683,55.88217941457387,51.024047953995186
5061,5.177016827528151,0.0,0.0,2.3732115327439622
5062,5.177016827528151,0.0,9.540859900049197,1.1866057663719811
5063,176.01857213595713,84.29004504273416,62.697079343180434,78.31598058055074
5064,0.0,0.0,5.451919942885255,0.0
5065,36.23911779269706,16.85800900854683,8.177879914327884,10.679451897347828
5066,56.94718510280967,67.43203603418732,36.80045961447547,27.291932626555564
5067,10.354033655056302,16.85800900854683,17.71873981437708,15.425874962835751
5068,10.354033655056302,16.85800900854683,13.629799857213138,17.799086495579715
5069,5.177016827528151,0.0,0.0,0.0
5070,25.885084137640757,0.0,2.7259599714426277,7.119634598231885
5071,10.354033655056302,50.574027025640504,20.444699785819708,41.53120182301934
5072,331.32907696180166,337.16018017093666,513.8434546169353,545.8386525311113
5073,1553.1050482584453,859.7584594358885,779.6245518325915,670.4322580001692
5074,0.0,16.85800900854683,9.540859900049197,7.119634598231885
5075,36.23911779269706,0.0,6.814899928606569,3.5598172991159425
5076,36.23911779269706,16.85800900854683,13.629799857213138,3.5598172991159425
5077,10.354033655056302,16.85800900854683,12.266819871491824,8.306240364603866
5078,15.531050482584453,16.85800900854683,5.451919942885255,7.119634598231885
5079,5.177016827528151,0.0,1.3629799857213138,2.3732115327439622
5080,5.177016827528151,0.0,0.0,0.0
5081,25.885084137640757,33.71601801709366,12.266819871491824,14.23926919646377
5082,82.83226924045042,67.43203603418732,61.33409935745912,66.44992291683093
5083,15.531050482584453,16.85800900854683,24.53363974298365,24.918721093811598
5084,20.708067310112604,0.0,25.896619728704962,16.612480729207732
5085,10.354033655056302,0.0,2.7259599714426277,15.425874962835751
5086,67.30121875786597,101.14805405128101,17.71873981437708,13.05266343009179
5087,1304.6082405370942,758.6104053846075,1976.3209792959049,2198.780485087281
5088,0.0,0.0,5.451919942885255,1.1866057663719811
5089,0.0,0.0,1.3629799857213138,1.1866057663719811
5090,10.354033655056302,0.0,4.088939957163942,5.933028831859905
5091,222.6117235837105,118.00606305982784,106.31243888626248,92.55524977701451
5092,93.18630289550673,101.14805405128101,58.6081393860165,70.00974021594688
5093,46.593151447753364,84.29004504273416,19.081719800098394,21.358903794695657
5094,450.4004639949492,269.7281441367493,130.84607862924614,67.63652868320291
5095,15.531050482584453,0.0,0.0,0.0
5096,25.885084137640757,16.85800900854683,14.992779842934452,17.799086495579715
5097,367.56819475449873,219.15411711110883,407.53101573067283,361.91475874345423
5098,20.708067310112604,0.0,8.177879914327884,7.119634598231885
5099,93.18630289550673,33.71601801709366,66.78601930034436,51.024047953995186
5100,36.23911779269706,0.0,16.355759828655767,21.358903794695657
5101,15.531050482584453,0.0,4.088939957163942,11.86605766371981
5102,88.00928606797856,50.574027025640504,81.77879914327883,74.7561632814348
5103,31.062100965168906,16.85800900854683,19.081719800098394,26.10532686018358
5104,56.94718510280967,33.71601801709366,19.081719800098394,21.358903794695657
5105,20.708067310112604,16.85800900854683,6.814899928606569,11.86605766371981
5106,895.6239111623702,640.6043423247796,297.12963688724636,283.59877816290344
5107,0.0,0.0,5.451919942885255,10.679451897347828
5108,0.0,0.0,1.3629799857213138,0.0
5109,20.708067310112604,0.0,64.06005932890174,36.784778757531406
5110,5.177016827528151,0.0,1.3629799857213138,0.0
5111,0.0,16.85800900854683,1.3629799857213138,0.0
5112,352.03714427191426,118.00606305982784,179.9133581152134,88.99543247789858
5113,5.177016827528151,0.0,10.90383988577051,13.05266343009179
5114,25.885084137640757,0.0,49.0672794859673,54.58386525311113
5115,10.354033655056302,0.0,10.90383988577051,16.612480729207732
5116,36.23911779269706,33.71601801709366,24.53363974298365,35.59817299115943
5117,0.0,0.0,4.088939957163942,0.0
5118,46.593151447753364,50.574027025640504,198.9950779153118,145.95250926375365
5119,31.062100965168906,33.71601801709366,28.62257970014759,36.784778757531406
5120,0.0,16.85800900854683,0.0,4.7464230654879245
5121,25.885084137640757,0.0,16.355759828655767,9.492846130975849
5122,67.30121875786597,101.14805405128101,20.444699785819708,9.492846130975849
5123,20.708067310112604,50.574027025640504,29.985559685868903,17.799086495579715
5124,25.885084137640757,0.0,19.081719800098394,13.05266343009179
5125,31.062100965168906,0.0,40.889399571639416,14.23926919646377
5126,67.30121875786597,16.85800900854683,55.88217941457387,49.837442187623196
5127,0.0,0.0,0.0,7.119634598231885
5128,0.0,0.0,0.0,1.1866057663719811
5129,67.30121875786597,50.574027025640504,50.430259471688615,48.65083642125122
5130,10.354033655056302,0.0,16.355759828655767,29.665144159299523
5131,5.177016827528151,0.0,1.3629799857213138,3.5598172991159425
5132,62.12420193033781,84.29004504273416,81.77879914327883,68.82313444957491
5133,5.177016827528151,0.0,2.7259599714426277,3.5598172991159425
5134,41.41613462022521,67.43203603418732,81.77879914327883,58.14368255222707
5135,0.0,0.0,0.0,1.1866057663719811
5136,0.0,0.0,13.629799857213138,9.492846130975849
5137,98.36331972303488,84.29004504273416,204.44699785819705,170.87123035756525
5138,207.08067310112605,151.72208107692148,293.04069693008245,274.10593203192764
5139,88.00928606797856,50.574027025640504,16.355759828655767,5.933028831859905
5140,20.708067310112604,16.85800900854683,5.451919942885255,0.0
5141,15.531050482584453,50.574027025640504,20.444699785819708,21.358903794695657
5142,15.531050482584453,16.85800900854683,23.170659757262335,35.59817299115943
5143,15.531050482584453,84.29004504273416,28.62257970014759,36.784778757531406
5144,0.0,0.0,4.088939957163942,3.5598172991159425
5145,15.531050482584453,0.0,10.90383988577051,4.7464230654879245
5146,5.177016827528151,0.0,0.0,0.0
5147,10.354033655056302,0.0,80.41581915755751,66.44992291683093
5148,144.95647117078823,151.72208107692148,189.45421801526263,187.48371108677298
5149,160.48752165337268,118.00606305982784,104.94945890054116,117.47397087082611
5150,72.47823558539412,84.29004504273416,62.697079343180434,59.330288318599045
5151,15.531050482584453,0.0,6.814899928606569,0.0
5152,5.177016827528151,0.0,6.814899928606569,5.933028831859905
5153,31.062100965168906,16.85800900854683,34.074499643032844,23.73211532743962
5154,67.30121875786597,33.71601801709366,235.79553752978728,217.14885524607251
5155,0.0,0.0,0.0,3.5598172991159425
5156,0.0,0.0,2.7259599714426277,0.0
5157,0.0,0.0,0.0,2.3732115327439622
5158,0.0,16.85800900854683,2.7259599714426277,16.612480729207732
5159,5.177016827528151,50.574027025640504,28.62257970014759,46.277624888507255
5160,0.0,16.85800900854683,40.889399571639416,26.10532686018358
5161,20.708067310112604,0.0,55.88217941457387,40.34459605664735
5162,67.30121875786597,16.85800900854683,47.70429950024598,15.425874962835751
5163,207.08067310112605,101.14805405128101,132.20905861496746,129.34002853454592
5164,20.708067310112604,0.0,25.896619728704962,34.411567224787454
5165,10.354033655056302,0.0,5.451919942885255,5.933028831859905
5166,5.177016827528151,33.71601801709366,10.90383988577051,0.0
5167,10.354033655056302,0.0,10.90383988577051,7.119634598231885
5168,0.0,0.0,1.3629799857213138,8.306240364603866
5169,0.0,0.0,17.71873981437708,18.985692261951698
5170,51.77016827528151,67.43203603418732,29.985559685868903,36.784778757531406
5171,0.0,0.0,9.540859900049197,4.7464230654879245
5172,0.0,0.0,0.0,1.1866057663719811
5173,51.77016827528151,16.85800900854683,23.170659757262335,30.851749925671502
5174,0.0,0.0,5.451919942885255,4.7464230654879245
5175,98.36331972303488,269.7281441367493,54.51919942885255,16.612480729207732
5176,0.0,16.85800900854683,27.259599714426276,20.172298028323674
5177,108.71735337809118,16.85800900854683,88.5936990718854,84.24900941241064
5178,5.177016827528151,33.71601801709366,1.3629799857213138,7.119634598231885
5179,119.07138703314749,202.29610810256202,282.1368570443119,275.29253779829963
5180,5.177016827528151,0.0,10.90383988577051,14.23926919646377
5181,31.062100965168906,67.43203603418732,50.430259471688615,43.90441335576329
5182,5.177016827528151,33.71601801709366,54.51919942885255,42.71780758939131
5183,0.0,0.0,1.3629799857213138,2.3732115327439622
5184,72.47823558539412,33.71601801709366,92.68263902904934,77.12937481417876
5185,191.5496226185416,151.72208107692148,148.56481844362318,150.6989323292416
5186,170.84155530842898,50.574027025640504,143.11289850073794,109.16773050622226
5187,5.177016827528151,0.0,1.3629799857213138,20.172298028323674
5188,56.94718510280967,33.71601801709366,50.430259471688615,48.65083642125122
5189,0.0,0.0,0.0,1.1866057663719811
5190,5.177016827528151,0.0,0.0,0.0
5191,15.531050482584453,33.71601801709366,23.170659757262335,28.47853839292754
5192,10.354033655056302,0.0,0.0,3.5598172991159425
5193,124.24840386067562,118.00606305982784,137.66097855785267,142.39269196463772
5194,103.54033655056303,118.00606305982784,54.51919942885255,109.16773050622226
5195,103.54033655056303,50.574027025640504,55.88217941457387,61.703499851343004
5196,15.531050482584453,16.85800900854683,14.992779842934452,20.172298028323674
5197,0.0,0.0,6.814899928606569,11.86605766371981
5198,41.41613462022521,33.71601801709366,50.430259471688615,52.21065372036716
5199,0.0,16.85800900854683,14.992779842934452,13.05266343009179
5200,15.531050482584453,0.0,6.814899928606569,13.05266343009179
5201,20.708067310112604,0.0,27.259599714426276,13.05266343009179
5202,0.0,0.0,2.7259599714426277,5.933028831859905
5203,62.12420193033781,16.85800900854683,42.252379557360726,55.770471019483104
5204,0.0,0.0,1.3629799857213138,13.05266343009179
5205,0.0,0.0,2.7259599714426277,10.679451897347828
5206,0.0,0.0,0.0,5.933028831859905
5207,155.31050482584453,50.574027025640504,103.58647891481985,142.39269196463772
5208,0.0,0.0,20.444699785819708,28.47853839292754
5209,31.062100965168906,33.71601801709366,12.266819871491824,23.73211532743962
5210,0.0,0.0,8.177879914327884,2.3732115327439622
5211,20.708067310112604,16.85800900854683,6.814899928606569,27.291932626555564
5212,5.177016827528151,0.0,1.3629799857213138,0.0
5213,31.062100965168906,50.574027025640504,50.430259471688615,43.90441335576329
5214,10.354033655056302,16.85800900854683,40.889399571639416,47.46423065487924
5215,0.0,0.0,6.814899928606569,13.05266343009179
5216,10.354033655056302,0.0,13.629799857213138,1.1866057663719811
5217,5.177016827528151,50.574027025640504,14.992779842934452,16.612480729207732
5218,46.593151447753364,118.00606305982784,70.87495925750832,61.703499851343004
5219,0.0,0.0,46.34131951452467,40.34459605664735
5220,15.531050482584453,0.0,8.177879914327884,8.306240364603866
5221,62.12420193033781,67.43203603418732,103.58647891481985,100.86149014161838
5222,51.77016827528151,16.85800900854683,68.14899928606569,73.56955751506281
5223,5.177016827528151,0.0,1.3629799857213138,11.86605766371981
5224,88.00928606797856,16.85800900854683,77.68985918611489,55.770471019483104
5225,5.177016827528151,0.0,5.451919942885255,2.3732115327439622
5226,5.177016827528151,0.0,5.451919942885255,1.1866057663719811
5227,15.531050482584453,50.574027025640504,42.252379557360726,52.21065372036716
5228,0.0,16.85800900854683,1.3629799857213138,4.7464230654879245
5229,0.0,0.0,1.3629799857213138,3.5598172991159425
5230,108.71735337809118,67.43203603418732,167.64653824372158,154.25874962835752
5231,25.885084137640757,16.85800900854683,25.896619728704962,34.411567224787454
5232,20.708067310112604,16.85800900854683,10.90383988577051,11.86605766371981
5233,41.41613462022521,16.85800900854683,5.451919942885255,8.306240364603866
5234,0.0,0.0,1.3629799857213138,0.0
5235,36.23911779269706,33.71601801709366,28.62257970014759,29.665144159299523
5236,5.177016827528151,0.0,5.451919942885255,1.1866057663719811
5237,5.177016827528151,0.0,14.992779842934452,13.05266343009179
5238,98.36331972303488,50.574027025640504,81.77879914327883,125.78021123542997
5239,98.36331972303488,67.43203603418732,154.01673838650845,169.68462459119328
5240,5.177016827528151,0.0,4.088939957163942,0.0
5241,31.062100965168906,0.0,25.896619728704962,28.47853839292754
5242,77.65525241292227,101.14805405128101,96.77157898621327,192.23013415226092
5243,93.18630289550673,67.43203603418732,58.6081393860165,68.82313444957491
5244,0.0,0.0,1.3629799857213138,1.1866057663719811
5245,0.0,0.0,2.7259599714426277,7.119634598231885
5246,0.0,0.0,6.814899928606569,8.306240364603866
5247,15.531050482584453,0.0,43.61535954308204,42.71780758939131
5248,56.94718510280967,84.29004504273416,66.78601930034436,43.90441335576329
5249,25.885084137640757,33.71601801709366,28.62257970014759,29.665144159299523
5250,20.708067310112604,16.85800900854683,40.889399571639416,27.291932626555564
5251,72.47823558539412,67.43203603418732,66.78601930034436,62.89010561771499
5252,46.593151447753364,67.43203603418732,54.51919942885255,74.7561632814348
5253,72.47823558539412,50.574027025640504,535.6511343884763,472.2690950160484
5254,5.177016827528151,0.0,4.088939957163942,7.119634598231885
5255,25.885084137640757,16.85800900854683,6.814899928606569,7.119634598231885
5256,25.885084137640757,0.0,46.34131951452467,43.90441335576329
5257,0.0,0.0,1.3629799857213138,2.3732115327439622
5258,10.354033655056302,0.0,32.711519657311534,52.21065372036716
5259,20.708067310112604,16.85800900854683,85.86773910044276,43.90441335576329
5260,10.354033655056302,0.0,1.3629799857213138,2.3732115327439622
5261,41.41613462022521,50.574027025640504,27.259599714426276,34.411567224787454
5262,36.23911779269706,16.85800900854683,17.71873981437708,36.784778757531406
5263,0.0,0.0,2.7259599714426277,0.0
5264,41.41613462022521,33.71601801709366,42.252379557360726,26.10532686018358
5265,10.354033655056302,33.71601801709366,17.71873981437708,13.05266343009179
5266,5.177016827528151,0.0,12.266819871491824,7.119634598231885
5267,0.0,0.0,5.451919942885255,4.7464230654879245
5268,320.97504330674536,168.58009008546833,436.1535954308204,471.0824892496764
5269,77.65525241292227,67.43203603418732,88.5936990718854,83.06240364603867
5270,10.354033655056302,16.85800900854683,59.97111937173781,35.59817299115943
5271,0.0,0.0,2.7259599714426277,1.1866057663719811
5272,5.177016827528151,0.0,20.444699785819708,20.172298028323674
5273,0.0,0.0,2.7259599714426277,5.933028831859905
5274,25.885084137640757,16.85800900854683,13.629799857213138,30.851749925671502
5275,0.0,0.0,1.3629799857213138,2.3732115327439622
5276,46.593151447753364,101.14805405128101,38.16343960019679,21.358903794695657
5277,217.43470675618235,269.7281441367493,155.37971837222977,142.39269196463772
5278,31.062100965168906,16.85800900854683,25.896619728704962,34.411567224787454
5279,10.354033655056302,0.0,12.266819871491824,17.799086495579715
5280,15.531050482584453,0.0,8.177879914327884,9.492846130975849
5281,46.593151447753364,16.85800900854683,76.32687920039358,78.31598058055074
5282,0.0,0.0,1.3629799857213138,0.0
5283,0.0,0.0,0.0,4.7464230654879245
5284,10.354033655056302,0.0,23.170659757262335,37.971384523903396
5285,41.41613462022521,67.43203603418732,44.97833952880335,29.665144159299523
5286,10.354033655056302,0.0,32.711519657311534,46.277624888507255
5287,5.177016827528151,16.85800900854683,2.7259599714426277,2.3732115327439622
5288,0.0,0.0,1.3629799857213138,1.1866057663719811
5289,36.23911779269706,0.0,23.170659757262335,13.05266343009179
5290,0.0,0.0,2.7259599714426277,3.5598172991159425
5291,15.531050482584453,16.85800900854683,19.081719800098394,21.358903794695657
5292,0.0,0.0,4.088939957163942,10.679451897347828
5293,72.47823558539412,67.43203603418732,79.0528391718362,87.80882671152658
5294,31.062100965168906,50.574027025640504,59.97111937173781,49.837442187623196
5295,72.47823558539412,50.574027025640504,64.06005932890174,56.95707678585508
5296,46.593151447753364,33.71601801709366,40.889399571639416,30.851749925671502
5297,0.0,0.0,5.451919942885255,2.3732115327439622
5298,0.0,16.85800900854683,4.088939957163942,1.1866057663719811
5299,300.26697599663277,269.7281441367493,328.4781765588366,360.72815297708223
5300,25.885084137640757,0.0,10.90383988577051,21.358903794695657
5301,15.531050482584453,0.0,12.266819871491824,32.03835569204349
5302,25.885084137640757,0.0,17.71873981437708,9.492846130975849
5303,10.354033655056302,16.85800900854683,8.177879914327884,10.679451897347828
5304,0.0,0.0,10.90383988577051,11.86605766371981
5305,25.885084137640757,16.85800900854683,13.629799857213138,7.119634598231885
5306,0.0,0.0,12.266819871491824,10.679451897347828
5307,2050.098663701148,1078.9125765469971,560.1847741314599,503.1208449417199
5308,0.0,0.0,0.0,2.3732115327439622
5309,41.41613462022521,33.71601801709366,54.51919942885255,40.34459605664735
5310,0.0,16.85800900854683,0.0,0.0
5311,88.00928606797856,84.29004504273416,69.511979271787,55.770471019483104
5312,113.89437020561934,50.574027025640504,121.30521872919692,137.64626889914982
5313,31.062100965168906,0.0,129.4830986435248,102.04809590799037
5314,134.60243751573194,33.71601801709366,23.170659757262335,20.172298028323674
5315,20.708067310112604,16.85800900854683,10.90383988577051,11.86605766371981
5316,636.7730697859625,252.8701351282025,273.9589771299841,264.6130859009517
5317,465.93151447753365,320.3021711623898,198.9950779153118,230.2015186761643
5318,56.94718510280967,67.43203603418732,94.04561901477065,86.62222094515461
5319,46.593151447753364,16.85800900854683,51.793239457409925,54.58386525311113
5320,0.0,0.0,0.0,1.1866057663719811
5321,0.0,0.0,0.0,1.1866057663719811
5322,0.0,16.85800900854683,4.088939957163942,5.933028831859905
5323,0.0,16.85800900854683,2.7259599714426277,2.3732115327439622
5324,46.593151447753364,67.43203603418732,55.88217941457387,55.770471019483104
5325,62.12420193033781,67.43203603418732,164.92057827227896,156.6319611611015
5326,0.0,0.0,10.90383988577051,13.05266343009179
5327,119.07138703314749,101.14805405128101,403.4420757735089,369.03439334168604
5328,10.354033655056302,33.71601801709366,47.70429950024598,36.784778757531406
5329,31.062100965168906,16.85800900854683,20.444699785819708,15.425874962835751
5330,20.708067310112604,33.71601801709366,54.51919942885255,72.38295174869084
5331,113.89437020561934,168.58009008546833,72.23793924322963,80.6891921132947
5332,15.531050482584453,16.85800900854683,9.540859900049197,23.73211532743962
5333,1133.766685228665,910.332486461529,1722.8067019517405,1515.2955636570198
5334,113.89437020561934,101.14805405128101,155.37971837222977,219.52206677881648
5335,10.354033655056302,0.0,5.451919942885255,3.5598172991159425
5336,20.708067310112604,0.0,16.355759828655767,5.933028831859905
5337,10.354033655056302,0.0,12.266819871491824,3.5598172991159425
5338,0.0,0.0,10.90383988577051,8.306240364603866
5339,10.354033655056302,50.574027025640504,25.896619728704962,18.985692261951698
5340,0.0,0.0,2.7259599714426277,0.0
5341,10.354033655056302,0.0,13.629799857213138,7.119634598231885
5342,5.177016827528151,0.0,1.3629799857213138,3.5598172991159425
5343,46.593151447753364,0.0,39.5264195859181,41.53120182301934
5344,129.4254206882038,286.5861531452962,1442.0328248931498,1667.1811017526331
5345,46.593151447753364,33.71601801709366,417.071875630722,920.8060747046572
5346,253.67382454887942,438.30823422221766,1341.1723059497726,1548.5205251154352
5347,0.0,0.0,0.0,2.3732115327439622
5348,5.177016827528151,16.85800900854683,9.540859900049197,11.86605766371981
5349,0.0,0.0,6.814899928606569,17.799086495579715
5350,450.4004639949492,488.88226124785814,611.9780135888699,626.527844644406
5351,0.0,0.0,5.451919942885255,5.933028831859905
5352,15.531050482584453,0.0,14.992779842934452,55.770471019483104
5353,0.0,0.0,0.0,1.1866057663719811
5354,31.062100965168906,0.0,28.62257970014759,28.47853839292754
5355,5.177016827528151,0.0,1.3629799857213138,16.612480729207732
5356,56.94718510280967,118.00606305982784,58.6081393860165,74.7561632814348
5357,36.23911779269706,50.574027025640504,58.6081393860165,55.770471019483104
5358,108.71735337809118,101.14805405128101,125.39415868636087,106.79451897347828
5359,82.83226924045042,0.0,106.31243888626248,124.59360546905799
5360,186.37260579101346,320.3021711623898,169.0095182294429,107.98112473985027
5361,0.0,0.0,2.7259599714426277,1.1866057663719811
5362,5.177016827528151,0.0,9.540859900049197,10.679451897347828
5363,15.531050482584453,0.0,34.074499643032844,81.87579787966669
5364,0.0,0.0,0.0,2.3732115327439622
5365,0.0,0.0,8.177879914327884,3.5598172991159425
5366,0.0,16.85800900854683,0.0,1.1866057663719811
5367,0.0,0.0,0.0,3.5598172991159425
5368,0.0,0.0,2.7259599714426277,0.0
5369,5.177016827528151,16.85800900854683,8.177879914327884,2.3732115327439622
5370,0.0,0.0,1.3629799857213138,2.3732115327439622
5371,46.593151447753364,101.14805405128101,167.64653824372158,182.73728802128505
5372,207.08067310112605,101.14805405128101,254.87725732988568,282.41217239653145
5373,0.0,16.85800900854683,0.0,2.3732115327439622
5374,119.07138703314749,118.00606305982784,327.1151965731153,379.7138452390339
5375,10.354033655056302,0.0,17.71873981437708,17.799086495579715
5376,56.94718510280967,16.85800900854683,54.51919942885255,49.837442187623196
5377,98.36331972303488,16.85800900854683,31.348539671590217,10.679451897347828
5378,36.23911779269706,0.0,43.61535954308204,39.15799029027537
5379,15.531050482584453,84.29004504273416,73.60091922895094,45.09101912213528
5380,36.23911779269706,0.0,70.87495925750832,83.06240364603867
5381,25.885084137640757,16.85800900854683,25.896619728704962,14.23926919646377
5382,0.0,0.0,1.3629799857213138,0.0
5383,15.531050482584453,0.0,8.177879914327884,14.23926919646377
5384,5.177016827528151,16.85800900854683,20.444699785819708,20.172298028323674
5385,51.77016827528151,50.574027025640504,55.88217941457387,79.50258634692273
5386,429.6923966848366,236.01212611965568,226.25467762973807,97.30167284250244
5387,77.65525241292227,84.29004504273416,207.1729578296397,213.58903794695655
5388,36.23911779269706,0.0,96.77157898621327,109.16773050622226
5389,5.177016827528151,0.0,6.814899928606569,17.799086495579715
5390,0.0,16.85800900854683,2.7259599714426277,9.492846130975849
5391,155.31050482584453,50.574027025640504,126.75713867208219,172.05783612393725
5392,62.12420193033781,101.14805405128101,92.68263902904934,119.84718240357007
5393,10.354033655056302,33.71601801709366,17.71873981437708,21.358903794695657
5394,5.177016827528151,16.85800900854683,8.177879914327884,13.05266343009179
5395,0.0,0.0,2.7259599714426277,3.5598172991159425
5396,0.0,0.0,0.0,2.3732115327439622
5397,0.0,0.0,0.0,1.1866057663719811
5398,0.0,0.0,1.3629799857213138,1.1866057663719811
5399,20.708067310112604,16.85800900854683,9.540859900049197,0.0
5400,31.062100965168906,33.71601801709366,14.992779842934452,17.799086495579715
5401,5.177016827528151,0.0,19.081719800098394,16.612480729207732
5402,0.0,0.0,8.177879914327884,28.47853839292754
5403,15.531050482584453,33.71601801709366,0.0,8.306240364603866
5404,62.12420193033781,101.14805405128101,4.088939957163942,9.492846130975849
5405,0.0,0.0,0.0,2.3732115327439622
5406,20.708067310112604,33.71601801709366,42.252379557360726,21.358903794695657
5407,0.0,0.0,0.0,5.933028831859905
5408,25.885084137640757,0.0,17.71873981437708,21.358903794695657
5409,0.0,0.0,16.355759828655767,20.172298028323674
5410,25.885084137640757,67.43203603418732,80.41581915755751,78.31598058055074
5411,0.0,0.0,1.3629799857213138,0.0
5412,0.0,0.0,1.3629799857213138,5.933028831859905
5413,124.24840386067562,101.14805405128101,44.97833952880335,45.09101912213528
5414,25.885084137640757,50.574027025640504,19.081719800098394,34.411567224787454
5415,41.41613462022521,33.71601801709366,174.46143817232817,217.14885524607251
5416,0.0,0.0,0.0,1.1866057663719811
5417,0.0,0.0,1.3629799857213138,2.3732115327439622
5418,41.41613462022521,16.85800900854683,28.62257970014759,39.15799029027537
5419,15.531050482584453,67.43203603418732,34.074499643032844,29.665144159299523
5420,0.0,0.0,13.629799857213138,11.86605766371981
5421,0.0,0.0,1.3629799857213138,1.1866057663719811
5422,0.0,0.0,6.814899928606569,9.492846130975849
5423,15.531050482584453,0.0,20.444699785819708,10.679451897347828
5424,0.0,0.0,2.7259599714426277,4.7464230654879245
5425,10.354033655056302,16.85800900854683,19.081719800098394,14.23926919646377
5426,82.83226924045042,50.574027025640504,89.9566790576067,90.18203824427056
5427,46.593151447753364,16.85800900854683,43.61535954308204,53.39725948673914
5428,0.0,0.0,0.0,3.5598172991159425
5429,67.30121875786597,16.85800900854683,84.50475911472145,65.26331715045895
5430,0.0,16.85800900854683,19.081719800098394,36.784778757531406
5431,20.708067310112604,33.71601801709366,17.71873981437708,26.10532686018358
5432,0.0,0.0,1.3629799857213138,1.1866057663719811
5433,0.0,0.0,4.088939957163942,3.5598172991159425
5434,25.885084137640757,16.85800900854683,28.62257970014759,36.784778757531406
5435,56.94718510280967,33.71601801709366,64.06005932890174,85.43561517878263
5436,98.36331972303488,16.85800900854683,44.97833952880335,35.59817299115943
5437,227.78874041123868,219.15411711110883,92.68263902904934,56.95707678585508
5438,0.0,16.85800900854683,2.7259599714426277,3.5598172991159425
5439,10.354033655056302,16.85800900854683,2.7259599714426277,10.679451897347828
5440,36.23911779269706,33.71601801709366,39.5264195859181,36.784778757531406
5441,72.47823558539412,33.71601801709366,20.444699785819708,51.024047953995186
5442,67.30121875786597,118.00606305982784,81.77879914327883,102.04809590799037
5443,0.0,0.0,0.0,2.3732115327439622
5444,0.0,0.0,1.3629799857213138,1.1866057663719811
5445,36.23911779269706,33.71601801709366,24.53363974298365,22.54550956106764
5446,0.0,16.85800900854683,19.081719800098394,20.172298028323674
5447,0.0,0.0,1.3629799857213138,0.0
5448,5.177016827528151,16.85800900854683,10.90383988577051,3.5598172991159425
5449,67.30121875786597,67.43203603418732,143.11289850073794,135.27305736640582
5450,15.531050482584453,16.85800900854683,6.814899928606569,4.7464230654879245
5451,10.354033655056302,67.43203603418732,46.34131951452467,34.411567224787454
5452,0.0,0.0,2.7259599714426277,3.5598172991159425
5453,207.08067310112605,67.43203603418732,74.96389921467225,47.46423065487924
5454,93.18630289550673,118.00606305982784,40.889399571639416,40.34459605664735
5455,103.54033655056303,134.86407206837464,42.252379557360726,45.09101912213528
5456,253.67382454887942,252.8701351282025,128.1201186578035,141.20608619826572
5457,15.531050482584453,33.71601801709366,44.97833952880335,33.224961458415464
5458,5.177016827528151,16.85800900854683,5.451919942885255,9.492846130975849
5459,56.94718510280967,0.0,21.80767977154102,10.679451897347828
5460,0.0,0.0,1.3629799857213138,0.0
5461,77.65525241292227,50.574027025640504,54.51919942885255,84.24900941241064
5462,5.177016827528151,0.0,2.7259599714426277,0.0
5463,10.354033655056302,0.0,16.355759828655767,28.47853839292754
5464,5.177016827528151,67.43203603418732,68.14899928606569,53.39725948673914
5465,10.354033655056302,0.0,12.266819871491824,8.306240364603866
5466,408.984329374724,438.30823422221766,569.7256340315091,415.3120182301933
5467,67.30121875786597,101.14805405128101,122.66819871491823,86.62222094515461
5468,0.0,0.0,8.177879914327884,4.7464230654879245
5469,51.77016827528151,33.71601801709366,19.081719800098394,53.39725948673914
5470,538.4097500629277,354.0181891794835,369.36757613047604,359.54154721071023
5471,5.177016827528151,0.0,2.7259599714426277,1.1866057663719811
5472,0.0,0.0,1.3629799857213138,0.0
5473,258.8508413764076,118.00606305982784,164.92057827227896,111.54094203896621
5474,46.593151447753364,16.85800900854683,47.70429950024598,60.51689408497103
5475,36.23911779269706,16.85800900854683,50.430259471688615,60.51689408497103
5476,10.354033655056302,16.85800900854683,24.53363974298365,26.10532686018358
5477,25.885084137640757,0.0,16.355759828655767,20.172298028323674
5478,10.354033655056302,0.0,9.540859900049197,11.86605766371981
5479,41.41613462022521,0.0,24.53363974298365,27.291932626555564
5480,0.0,16.85800900854683,6.814899928606569,11.86605766371981
5481,0.0,0.0,1.3629799857213138,0.0
5482,10.354033655056302,16.85800900854683,16.355759828655767,16.612480729207732
5483,10.354033655056302,16.85800900854683,1.3629799857213138,2.3732115327439622
5484,0.0,0.0,0.0,2.3732115327439622
5485,212.2576899286542,134.86407206837464,128.1201186578035,74.7561632814348
5486,5.177016827528151,0.0,9.540859900049197,15.425874962835751
5487,5.177016827528151,16.85800900854683,9.540859900049197,13.05266343009179
5488,0.0,0.0,5.451919942885255,3.5598172991159425
5489,538.4097500629277,236.01212611965568,855.9514310329849,842.4900941241065
5490,0.0,0.0,0.0,5.933028831859905
5491,15.531050482584453,33.71601801709366,42.252379557360726,22.54550956106764
5492,0.0,0.0,9.540859900049197,8.306240364603866
5493,0.0,0.0,8.177879914327884,10.679451897347828
5494,5.177016827528151,0.0,1.3629799857213138,0.0
5495,41.41613462022521,0.0,28.62257970014759,34.411567224787454
5496,51.77016827528151,50.574027025640504,31.348539671590217,28.47853839292754
5497,46.593151447753364,33.71601801709366,21.80767977154102,37.971384523903396
5498,36.23911779269706,0.0,9.540859900049197,9.492846130975849
5499,5.177016827528151,0.0,6.814899928606569,7.119634598231885
5500,388.27626206461133,219.15411711110883,207.1729578296397,217.14885524607251
5501,0.0,0.0,9.540859900049197,11.86605766371981
5502,0.0,0.0,1.3629799857213138,3.5598172991159425
5503,0.0,0.0,2.7259599714426277,0.0
5504,15.531050482584453,16.85800900854683,13.629799857213138,9.492846130975849
5505,5.177016827528151,0.0,1.3629799857213138,8.306240364603866
5506,36.23911779269706,67.43203603418732,1.3629799857213138,4.7464230654879245
5507,20.708067310112604,33.71601801709366,0.0,4.7464230654879245
5508,129.4254206882038,84.29004504273416,91.31965904332802,113.91415357171016
5509,5.177016827528151,0.0,4.088939957163942,1.1866057663719811
5510,67.30121875786597,118.00606305982784,154.01673838650845,163.75159575933338
5511,0.0,0.0,1.3629799857213138,1.1866057663719811
5512,25.885084137640757,50.574027025640504,23.170659757262335,23.73211532743962
5513,93.18630289550673,101.14805405128101,96.77157898621327,62.89010561771499
5514,5.177016827528151,0.0,0.0,0.0
5515,10.354033655056302,0.0,2.7259599714426277,2.3732115327439622
5516,222.6117235837105,84.29004504273416,258.9661972870496,223.08188407793241
5517,51.77016827528151,67.43203603418732,66.78601930034436,88.99543247789858
5518,72.47823558539412,33.71601801709366,31.348539671590217,26.10532686018358
5519,36.23911779269706,84.29004504273416,49.0672794859673,52.21065372036716
5520,0.0,0.0,6.814899928606569,17.799086495579715
5521,31.062100965168906,50.574027025640504,29.985559685868903,18.985692261951698
5522,139.77945434326008,33.71601801709366,124.03117870063956,150.6989323292416
5523,0.0,0.0,1.3629799857213138,4.7464230654879245
5524,0.0,0.0,2.7259599714426277,2.3732115327439622
5525,41.41613462022521,16.85800900854683,21.80767977154102,26.10532686018358
5526,0.0,16.85800900854683,2.7259599714426277,5.933028831859905
5527,36.23911779269706,33.71601801709366,55.88217941457387,43.90441335576329
5528,31.062100965168906,16.85800900854683,16.355759828655767,2.3732115327439622
5529,134.60243751573194,84.29004504273416,102.22349892909853,135.27305736640582
5530,93.18630289550673,33.71601801709366,77.68985918611489,99.67488437524639
5531,129.4254206882038,50.574027025640504,73.60091922895094,113.91415357171016
5532,10.354033655056302,0.0,32.711519657311534,61.703499851343004
5533,62.12420193033781,50.574027025640504,27.259599714426276,40.34459605664735
5534,25.885084137640757,16.85800900854683,14.992779842934452,7.119634598231885
5535,20.708067310112604,16.85800900854683,19.081719800098394,24.918721093811598
5536,25.885084137640757,0.0,20.444699785819708,27.291932626555564
5537,31.062100965168906,50.574027025640504,32.711519657311534,36.784778757531406
5538,0.0,0.0,1.3629799857213138,0.0
5539,82.83226924045042,33.71601801709366,46.34131951452467,68.82313444957491
5540,0.0,0.0,0.0,1.1866057663719811
5541,10.354033655056302,0.0,2.7259599714426277,1.1866057663719811
5542,181.1955889634853,168.58009008546833,282.1368570443119,289.5318069947634
5543,5.177016827528151,0.0,1.3629799857213138,7.119634598231885
5544,5.177016827528151,0.0,0.0,4.7464230654879245
5545,51.77016827528151,50.574027025640504,51.793239457409925,49.837442187623196
5546,25.885084137640757,50.574027025640504,43.61535954308204,22.54550956106764
5547,5.177016827528151,0.0,2.7259599714426277,2.3732115327439622
5548,15.531050482584453,33.71601801709366,6.814899928606569,9.492846130975849
5549,25.885084137640757,0.0,16.355759828655767,30.851749925671502
5550,10.354033655056302,0.0,2.7259599714426277,5.933028831859905
5551,20.708067310112604,0.0,27.259599714426276,21.358903794695657
5552,25.885084137640757,33.71601801709366,43.61535954308204,55.770471019483104
5553,0.0,0.0,2.7259599714426277,0.0
5554,176.01857213595713,118.00606305982784,96.77157898621327,79.50258634692273
5555,25.885084137640757,16.85800900854683,31.348539671590217,27.291932626555564
5556,5.177016827528151,0.0,20.444699785819708,17.799086495579715
5557,20.708067310112604,16.85800900854683,54.51919942885255,45.09101912213528
5558,0.0,0.0,0.0,2.3732115327439622
5559,31.062100965168906,33.71601801709366,58.6081393860165,51.024047953995186
5560,56.94718510280967,50.574027025640504,43.61535954308204,48.65083642125122
5561,20.708067310112604,33.71601801709366,32.711519657311534,24.918721093811598
5562,15.531050482584453,16.85800900854683,36.80045961447547,43.90441335576329
5563,0.0,16.85800900854683,2.7259599714426277,5.933028831859905
5564,10.354033655056302,0.0,21.80767977154102,30.851749925671502
5565,10.354033655056302,16.85800900854683,5.451919942885255,4.7464230654879245
5566,0.0,0.0,10.90383988577051,35.59817299115943
5567,0.0,0.0,1.3629799857213138,7.119634598231885
5568,10.354033655056302,33.71601801709366,28.62257970014759,16.612480729207732
5569,62.12420193033781,33.71601801709366,25.896619728704962,61.703499851343004
5570,15.531050482584453,16.85800900854683,57.24515940029518,40.34459605664735
5571,103.54033655056303,50.574027025640504,83.14177912900014,92.55524977701451
5572,5.177016827528151,16.85800900854683,1.3629799857213138,4.7464230654879245
5573,62.12420193033781,0.0,20.444699785819708,22.54550956106764
5574,15.531050482584453,0.0,6.814899928606569,9.492846130975849
5575,5.177016827528151,0.0,1.3629799857213138,0.0
5576,10.354033655056302,0.0,34.074499643032844,20.172298028323674
5577,0.0,0.0,1.3629799857213138,0.0
5578,67.30121875786597,50.574027025640504,34.074499643032844,51.024047953995186
5579,0.0,0.0,2.7259599714426277,20.172298028323674
5580,10.354033655056302,0.0,9.540859900049197,10.679451897347828
5581,5.177016827528151,0.0,57.24515940029518,40.34459605664735
5582,0.0,0.0,0.0,1.1866057663719811
5583,15.531050482584453,16.85800900854683,9.540859900049197,8.306240364603866
5584,5.177016827528151,0.0,2.7259599714426277,7.119634598231885
5585,10.354033655056302,16.85800900854683,32.711519657311534,36.784778757531406
5586,5.177016827528151,0.0,0.0,1.1866057663719811
5587,336.50609378932984,286.5861531452962,353.01181630182026,326.31658575229477
5588,20.708067310112604,16.85800900854683,19.081719800098394,23.73211532743962
5589,0.0,16.85800900854683,0.0,0.0
5590,0.0,0.0,0.0,1.1866057663719811
5591,31.062100965168906,16.85800900854683,13.629799857213138,13.05266343009179
5592,0.0,0.0,8.177879914327884,8.306240364603866
5593,10.354033655056302,0.0,8.177879914327884,20.172298028323674
5594,62.12420193033781,16.85800900854683,55.88217941457387,48.65083642125122
5595,5.177016827528151,0.0,0.0,0.0
5596,113.89437020561934,33.71601801709366,88.5936990718854,74.7561632814348
5597,0.0,0.0,1.3629799857213138,0.0
5598,67.30121875786597,33.71601801709366,62.697079343180434,53.39725948673914
5599,20.708067310112604,0.0,14.992779842934452,16.612480729207732
5600,5.177016827528151,0.0,17.71873981437708,27.291932626555564
5601,0.0,0.0,1.3629799857213138,0.0
5602,25.885084137640757,50.574027025640504,99.4975389576559,78.31598058055074
5603,36.23911779269706,16.85800900854683,19.081719800098394,11.86605766371981
5604,0.0,0.0,2.7259599714426277,2.3732115327439622
5605,201.9036562735979,202.29610810256202,87.23071908616409,109.16773050622226
5606,0.0,0.0,0.0,1.1866057663719811
5607,25.885084137640757,0.0,36.80045961447547,29.665144159299523
5608,31.062100965168906,0.0,42.252379557360726,42.71780758939131
5609,5.177016827528151,16.85800900854683,23.170659757262335,29.665144159299523
5610,0.0,0.0,1.3629799857213138,0.0
5611,274.381891858992,286.5861531452962,492.03577484539426,560.077921727575
5612,10.354033655056302,0.0,12.266819871491824,13.05266343009179
5613,0.0,0.0,1.3629799857213138,3.5598172991159425
5614,56.94718510280967,0.0,13.629799857213138,15.425874962835751
5615,36.23911779269706,0.0,44.97833952880335,42.71780758939131
5616,67.30121875786597,33.71601801709366,50.430259471688615,45.09101912213528
5617,36.23911779269706,33.71601801709366,38.16343960019679,21.358903794695657
5618,0.0,0.0,2.7259599714426277,0.0
5619,0.0,16.85800900854683,4.088939957163942,5.933028831859905
5620,0.0,0.0,1.3629799857213138,0.0
5621,25.885084137640757,16.85800900854683,14.992779842934452,22.54550956106764
5622,10.354033655056302,0.0,10.90383988577051,8.306240364603866
5623,41.41613462022521,84.29004504273416,34.074499643032844,23.73211532743962
5624,98.36331972303488,134.86407206837464,51.793239457409925,22.54550956106764
5625,336.50609378932984,134.86407206837464,109.0383988577051,53.39725948673914
5626,5.177016827528151,0.0,6.814899928606569,21.358903794695657
5627,36.23911779269706,50.574027025640504,27.259599714426276,16.612480729207732
5628,41.41613462022521,101.14805405128101,36.80045961447547,42.71780758939131
5629,41.41613462022521,16.85800900854683,61.33409935745912,59.330288318599045
5630,5.177016827528151,0.0,4.088939957163942,2.3732115327439622
5631,20.708067310112604,16.85800900854683,17.71873981437708,16.612480729207732
5632,51.77016827528151,84.29004504273416,38.16343960019679,47.46423065487924
5633,25.885084137640757,33.71601801709366,51.793239457409925,56.95707678585508
5634,67.30121875786597,33.71601801709366,49.0672794859673,36.784778757531406
5635,0.0,0.0,4.088939957163942,2.3732115327439622
5636,0.0,0.0,0.0,2.3732115327439622
5637,0.0,0.0,8.177879914327884,2.3732115327439622
5638,0.0,0.0,4.088939957163942,1.1866057663719811
5639,20.708067310112604,0.0,29.985559685868903,28.47853839292754
5640,5.177016827528151,0.0,1.3629799857213138,1.1866057663719811
5641,279.55890868652017,269.7281441367493,293.04069693008245,278.8523550974155
5642,160.48752165337268,151.72208107692148,133.57203860068873,119.84718240357007
5643,41.41613462022521,33.71601801709366,62.697079343180434,51.024047953995186
5644,0.0,0.0,1.3629799857213138,0.0
5645,0.0,0.0,1.3629799857213138,1.1866057663719811
5646,10.354033655056302,0.0,0.0,0.0
5647,5.177016827528151,0.0,0.0,0.0
5648,5.177016827528151,0.0,2.7259599714426277,1.1866057663719811
5649,51.77016827528151,50.574027025640504,40.889399571639416,36.784778757531406
5650,0.0,0.0,2.7259599714426277,3.5598172991159425
5651,41.41613462022521,33.71601801709366,51.793239457409925,64.07671138408698
5652,31.062100965168906,0.0,12.266819871491824,21.358903794695657
5653,170.84155530842898,151.72208107692148,143.11289850073794,193.41673991863289
5654,0.0,0.0,0.0,1.1866057663719811
5655,20.708067310112604,0.0,23.170659757262335,28.47853839292754
5656,0.0,0.0,2.7259599714426277,1.1866057663719811
5657,25.885084137640757,33.71601801709366,24.53363974298365,15.425874962835751
5658,31.062100965168906,0.0,9.540859900049197,28.47853839292754
5659,0.0,0.0,0.0,1.1866057663719811
5660,31.062100965168906,0.0,16.355759828655767,32.03835569204349
5661,20.708067310112604,0.0,24.53363974298365,18.985692261951698
5662,5.177016827528151,0.0,0.0,1.1866057663719811
5663,0.0,0.0,1.3629799857213138,1.1866057663719811
5664,46.593151447753364,33.71601801709366,47.70429950024598,49.837442187623196
5665,36.23911779269706,0.0,62.697079343180434,68.82313444957491
5666,5.177016827528151,0.0,25.896619728704962,24.918721093811598
5667,103.54033655056303,101.14805405128101,94.04561901477065,99.67488437524639
5668,41.41613462022521,67.43203603418732,34.074499643032844,35.59817299115943
5669,25.885084137640757,0.0,29.985559685868903,24.918721093811598
5670,36.23911779269706,50.574027025640504,65.42303931462307,72.38295174869084
5671,0.0,0.0,1.3629799857213138,2.3732115327439622
5672,0.0,0.0,0.0,1.1866057663719811
5673,0.0,0.0,1.3629799857213138,3.5598172991159425
5674,5.177016827528151,0.0,19.081719800098394,16.612480729207732
5675,88.00928606797856,33.71601801709366,47.70429950024598,73.56955751506281
5676,25.885084137640757,84.29004504273416,25.896619728704962,24.918721093811598
5677,25.885084137640757,16.85800900854683,40.889399571639416,60.51689408497103
5678,5.177016827528151,0.0,16.355759828655767,7.119634598231885
5679,5.177016827528151,0.0,2.7259599714426277,2.3732115327439622
5680,0.0,16.85800900854683,8.177879914327884,4.7464230654879245
5681,5.177016827528151,0.0,36.80045961447547,43.90441335576329
5682,222.6117235837105,185.43809909401514,237.15851751550858,256.3068455363479
5683,0.0,0.0,2.7259599714426277,2.3732115327439622
5684,15.531050482584453,16.85800900854683,31.348539671590217,49.837442187623196
5685,103.54033655056303,33.71601801709366,43.61535954308204,33.224961458415464
5686,0.0,0.0,1.3629799857213138,5.933028831859905
5687,181.1955889634853,134.86407206837464,91.31965904332802,94.92846130975848
5688,0.0,0.0,0.0,4.7464230654879245
5689,0.0,33.71601801709366,2.7259599714426277,2.3732115327439622
5690,15.531050482584453,0.0,1.3629799857213138,3.5598172991159425
5691,124.24840386067562,185.43809909401514,155.37971837222977,123.40699970268601
5692,82.83226924045042,0.0,100.86051894337723,96.11506707613046
5693,124.24840386067562,185.43809909401514,179.9133581152134,175.61765342305316
5694,0.0,0.0,6.814899928606569,2.3732115327439622
5695,0.0,0.0,9.540859900049197,8.306240364603866
5696,5.177016827528151,16.85800900854683,12.266819871491824,13.05266343009179
5697,10.354033655056302,0.0,44.97833952880335,45.09101912213528
5698,10.354033655056302,16.85800900854683,10.90383988577051,7.119634598231885
5699,56.94718510280967,118.00606305982784,44.97833952880335,29.665144159299523
5700,25.885084137640757,16.85800900854683,17.71873981437708,13.05266343009179
5701,5.177016827528151,16.85800900854683,1.3629799857213138,7.119634598231885
5702,5.177016827528151,16.85800900854683,8.177879914327884,2.3732115327439622
5703,20.708067310112604,16.85800900854683,32.711519657311534,24.918721093811598
5704,31.062100965168906,50.574027025640504,59.97111937173781,60.51689408497103
5705,25.885084137640757,16.85800900854683,21.80767977154102,17.799086495579715
5706,0.0,0.0,1.3629799857213138,2.3732115327439622
5707,5.177016827528151,0.0,1.3629799857213138,2.3732115327439622
5708,15.531050482584453,16.85800900854683,8.177879914327884,11.86605766371981
5709,108.71735337809118,185.43809909401514,70.87495925750832,79.50258634692273
5710,41.41613462022521,33.71601801709366,28.62257970014759,37.971384523903396
5711,0.0,0.0,1.3629799857213138,1.1866057663719811
5712,0.0,0.0,5.451919942885255,7.119634598231885
5713,0.0,0.0,1.3629799857213138,0.0
5714,20.708067310112604,16.85800900854683,38.16343960019679,32.03835569204349
5715,5.177016827528151,16.85800900854683,27.259599714426276,29.665144159299523
5716,0.0,0.0,2.7259599714426277,0.0
5717,31.062100965168906,16.85800900854683,5.451919942885255,3.5598172991159425
5718,367.56819475449873,168.58009008546833,256.240237315607,285.97198969564744
5719,20.708067310112604,16.85800900854683,1.3629799857213138,10.679451897347828
5720,62.12420193033781,50.574027025640504,129.4830986435248,102.04809590799037
5721,0.0,0.0,25.896619728704962,33.224961458415464
5722,450.4004639949492,455.1662432307645,631.0597333889683,613.4751812143141
5723,15.531050482584453,50.574027025640504,20.444699785819708,5.933028831859905
5724,5.177016827528151,0.0,6.814899928606569,8.306240364603866
5725,10.354033655056302,33.71601801709366,9.540859900049197,7.119634598231885
5726,0.0,0.0,0.0,14.23926919646377
5727,0.0,0.0,0.0,1.1866057663719811
5728,10.354033655056302,16.85800900854683,21.80767977154102,20.172298028323674
5729,5.177016827528151,0.0,1.3629799857213138,4.7464230654879245
5730,46.593151447753364,16.85800900854683,53.15621944313124,47.46423065487924
5731,25.885084137640757,50.574027025640504,34.074499643032844,30.851749925671502
5732,0.0,0.0,1.3629799857213138,1.1866057663719811
5733,5.177016827528151,0.0,2.7259599714426277,1.1866057663719811
5734,88.00928606797856,33.71601801709366,58.6081393860165,59.330288318599045
5735,51.77016827528151,33.71601801709366,25.896619728704962,22.54550956106764
5736,5.177016827528151,0.0,2.7259599714426277,20.172298028323674
5737,20.708067310112604,16.85800900854683,13.629799857213138,18.985692261951698
5738,0.0,0.0,1.3629799857213138,0.0
5739,62.12420193033781,50.574027025640504,42.252379557360726,29.665144159299523
5740,139.77945434326008,370.8761981880303,124.03117870063956,88.99543247789858
5741,0.0,0.0,1.3629799857213138,0.0
5742,36.23911779269706,0.0,20.444699785819708,28.47853839292754
5743,25.885084137640757,134.86407206837464,76.32687920039358,58.14368255222707
5744,31.062100965168906,33.71601801709366,50.430259471688615,39.15799029027537
5745,5.177016827528151,0.0,0.0,1.1866057663719811
5746,212.2576899286542,151.72208107692148,243.97341744411517,264.6130859009517
5747,0.0,0.0,2.7259599714426277,1.1866057663719811
5748,5.177016827528151,16.85800900854683,8.177879914327884,17.799086495579715
5749,46.593151447753364,84.29004504273416,70.87495925750832,86.62222094515461
5750,0.0,0.0,23.170659757262335,27.291932626555564
5751,77.65525241292227,84.29004504273416,55.88217941457387,41.53120182301934
5752,72.47823558539412,16.85800900854683,69.511979271787,75.94276904780679
5753,51.77016827528151,16.85800900854683,61.33409935745912,37.971384523903396
5754,56.94718510280967,33.71601801709366,100.86051894337723,129.34002853454592
5755,41.41613462022521,33.71601801709366,49.0672794859673,48.65083642125122
5756,859.3847933696732,590.0303152991391,566.9996740600666,592.1162774196184
5757,5.177016827528151,16.85800900854683,9.540859900049197,7.119634598231885
5758,5.177016827528151,0.0,0.0,2.3732115327439622
5759,0.0,0.0,1.3629799857213138,0.0
5760,10.354033655056302,0.0,13.629799857213138,24.918721093811598
5761,0.0,0.0,5.451919942885255,5.933028831859905
5762,0.0,0.0,6.814899928606569,1.1866057663719811
5763,67.30121875786597,33.71601801709366,51.793239457409925,40.34459605664735
5764,243.31979089382313,118.00606305982784,136.29799857213138,104.42130744073432
5765,0.0,16.85800900854683,2.7259599714426277,2.3732115327439622
5766,10.354033655056302,0.0,0.0,1.1866057663719811
5767,62.12420193033781,101.14805405128101,24.53363974298365,24.918721093811598
5768,0.0,0.0,39.5264195859181,2.3732115327439622
5769,5.177016827528151,0.0,29.985559685868903,7.119634598231885
5770,0.0,0.0,1.3629799857213138,1.1866057663719811
5771,0.0,0.0,1.3629799857213138,0.0
5772,10.354033655056302,0.0,13.629799857213138,11.86605766371981
5773,0.0,16.85800900854683,6.814899928606569,1.1866057663719811
5774,1025.049331850574,590.0303152991391,1033.1388291767557,1223.3905451295122
5775,0.0,50.574027025640504,13.629799857213138,14.23926919646377
5776,62.12420193033781,16.85800900854683,44.97833952880335,51.024047953995186
5777,56.94718510280967,67.43203603418732,50.430259471688615,36.784778757531406
5778,36.23911779269706,16.85800900854683,20.444699785819708,24.918721093811598
5779,5.177016827528151,16.85800900854683,8.177879914327884,37.971384523903396
5780,0.0,16.85800900854683,1.3629799857213138,2.3732115327439622
5781,0.0,0.0,6.814899928606569,3.5598172991159425
5782,5.177016827528151,0.0,5.451919942885255,7.119634598231885
5783,5.177016827528151,0.0,8.177879914327884,52.21065372036716
5784,77.65525241292227,33.71601801709366,85.86773910044276,67.63652868320291
5785,0.0,0.0,1.3629799857213138,0.0
5786,10.354033655056302,16.85800900854683,31.348539671590217,30.851749925671502
5787,31.062100965168906,50.574027025640504,40.889399571639416,41.53120182301934
5788,0.0,16.85800900854683,6.814899928606569,4.7464230654879245
5789,5.177016827528151,0.0,16.355759828655767,9.492846130975849
5790,0.0,0.0,0.0,1.1866057663719811
5791,41.41613462022521,0.0,51.793239457409925,48.65083642125122
5792,10.354033655056302,0.0,1.3629799857213138,11.86605766371981
5793,5.177016827528151,0.0,46.34131951452467,37.971384523903396
5794,5.177016827528151,50.574027025640504,24.53363974298365,21.358903794695657
5795,25.885084137640757,0.0,51.793239457409925,41.53120182301934
5796,740.3134063365256,455.1662432307645,365.27863617331207,204.09619181598075
5797,0.0,0.0,10.90383988577051,3.5598172991159425
5798,5.177016827528151,16.85800900854683,16.355759828655767,16.612480729207732
5799,25.885084137640757,0.0,10.90383988577051,15.425874962835751
5800,0.0,0.0,12.266819871491824,3.5598172991159425
5801,0.0,0.0,2.7259599714426277,7.119634598231885
5802,0.0,33.71601801709366,23.170659757262335,14.23926919646377
5803,134.60243751573194,33.71601801709366,66.78601930034436,59.330288318599045
5804,0.0,0.0,4.088939957163942,23.73211532743962
5805,5.177016827528151,0.0,46.34131951452467,51.024047953995186
5806,0.0,0.0,1.3629799857213138,2.3732115327439622
5807,25.885084137640757,16.85800900854683,36.80045961447547,28.47853839292754
5808,0.0,0.0,4.088939957163942,7.119634598231885
5809,46.593151447753364,16.85800900854683,10.90383988577051,9.492846130975849
5810,0.0,16.85800900854683,8.177879914327884,4.7464230654879245
5811,72.47823558539412,134.86407206837464,109.0383988577051,32.03835569204349
5812,0.0,0.0,2.7259599714426277,1.1866057663719811
5813,31.062100965168906,16.85800900854683,28.62257970014759,46.277624888507255
5814,31.062100965168906,67.43203603418732,29.985559685868903,62.89010561771499
5815,15.531050482584453,0.0,29.985559685868903,28.47853839292754
5816,5.177016827528151,0.0,1.3629799857213138,5.933028831859905
5817,0.0,0.0,6.814899928606569,2.3732115327439622
5818,0.0,0.0,2.7259599714426277,2.3732115327439622
5819,67.30121875786597,84.29004504273416,59.97111937173781,54.58386525311113
5820,77.65525241292227,84.29004504273416,76.32687920039358,65.26331715045895
5821,46.593151447753364,67.43203603418732,95.40859900049196,74.7561632814348
5822,31.062100965168906,0.0,47.70429950024598,24.918721093811598
5823,20.708067310112604,0.0,32.711519657311534,30.851749925671502
5824,5.177016827528151,33.71601801709366,8.177879914327884,7.119634598231885
5825,0.0,0.0,14.992779842934452,8.306240364603866
5826,15.531050482584453,33.71601801709366,25.896619728704962,35.59817299115943
5827,0.0,0.0,0.0,9.492846130975849
5828,31.062100965168906,0.0,34.074499643032844,37.971384523903396
5829,25.885084137640757,50.574027025640504,35.43747962875416,35.59817299115943
5830,93.18630289550673,151.72208107692148,88.5936990718854,85.43561517878263
5831,46.593151447753364,0.0,32.711519657311534,26.10532686018358
5832,0.0,0.0,1.3629799857213138,1.1866057663719811
5833,31.062100965168906,0.0,4.088939957163942,14.23926919646377
5834,98.36331972303488,101.14805405128101,50.430259471688615,53.39725948673914
5835,36.23911779269706,50.574027025640504,29.985559685868903,13.05266343009179
5836,0.0,0.0,0.0,1.1866057663719811
5837,41.41613462022521,16.85800900854683,21.80767977154102,11.86605766371981
5838,41.41613462022521,33.71601801709366,55.88217941457387,66.44992291683093
5839,248.49680772135125,151.72208107692148,103.58647891481985,88.99543247789858
5840,67.30121875786597,0.0,34.074499643032844,29.665144159299523
5841,0.0,0.0,2.7259599714426277,2.3732115327439622
5842,150.13348799831638,33.71601801709366,88.5936990718854,73.56955751506281
5843,119.07138703314749,151.72208107692148,122.66819871491823,110.35433627259422
5844,15.531050482584453,0.0,17.71873981437708,26.10532686018358
5845,5.177016827528151,0.0,5.451919942885255,7.119634598231885
5846,67.30121875786597,50.574027025640504,57.24515940029518,66.44992291683093
5847,51.77016827528151,33.71601801709366,36.80045961447547,66.44992291683093
5848,15.531050482584453,33.71601801709366,6.814899928606569,8.306240364603866
5849,15.531050482584453,16.85800900854683,17.71873981437708,18.985692261951698
5850,238.14277406629498,67.43203603418732,218.0767977154102,225.45509561067638
5851,0.0,0.0,4.088939957163942,1.1866057663719811
5852,20.708067310112604,16.85800900854683,44.97833952880335,46.277624888507255
5853,0.0,0.0,0.0,1.1866057663719811
5854,31.062100965168906,33.71601801709366,34.074499643032844,23.73211532743962
5855,25.885084137640757,16.85800900854683,66.78601930034436,65.26331715045895
5856,5.177016827528151,0.0,0.0,0.0
5857,25.885084137640757,0.0,12.266819871491824,11.86605766371981
5858,0.0,0.0,20.444699785819708,13.05266343009179
5859,10.354033655056302,0.0,8.177879914327884,9.492846130975849
5860,0.0,0.0,2.7259599714426277,2.3732115327439622
5861,0.0,0.0,13.629799857213138,4.7464230654879245
5862,20.708067310112604,84.29004504273416,28.62257970014759,27.291932626555564
5863,46.593151447753364,0.0,12.266819871491824,27.291932626555564
5864,31.062100965168906,50.574027025640504,80.41581915755751,72.38295174869084
5865,31.062100965168906,0.0,20.444699785819708,24.918721093811598
5866,46.593151447753364,16.85800900854683,35.43747962875416,42.71780758939131
5867,10.354033655056302,50.574027025640504,21.80767977154102,18.985692261951698
5868,0.0,0.0,1.3629799857213138,0.0
5869,0.0,0.0,1.3629799857213138,0.0
5870,0.0,0.0,0.0,1.1866057663719811
5871,31.062100965168906,16.85800900854683,21.80767977154102,16.612480729207732
5872,5.177016827528151,16.85800900854683,12.266819871491824,21.358903794695657
5873,31.062100965168906,16.85800900854683,24.53363974298365,32.03835569204349
5874,289.91294234157647,134.86407206837464,132.20905861496746,113.91415357171016
5875,0.0,0.0,6.814899928606569,3.5598172991159425
5876,0.0,0.0,4.088939957163942,8.306240364603866
5877,5.177016827528151,0.0,5.451919942885255,15.425874962835751
5878,0.0,16.85800900854683,5.451919942885255,3.5598172991159425
5879,2837.005221485427,1702.65890986323,5259.73976489855,4407.053816305537
5880,0.0,0.0,2.7259599714426277,1.1866057663719811
5881,15.531050482584453,50.574027025640504,61.33409935745912,53.39725948673914
5882,20.708067310112604,0.0,8.177879914327884,9.492846130975849
5883,0.0,0.0,1.3629799857213138,0.0
5884,46.593151447753364,33.71601801709366,9.540859900049197,5.933028831859905
5885,36.23911779269706,0.0,49.0672794859673,51.024047953995186
5886,25.885084137640757,50.574027025640504,49.0672794859673,27.291932626555564
5887,46.593151447753364,50.574027025640504,50.430259471688615,59.330288318599045
5888,10.354033655056302,0.0,4.088939957163942,4.7464230654879245
5889,36.23911779269706,84.29004504273416,39.5264195859181,24.918721093811598
5890,0.0,0.0,5.451919942885255,8.306240364603866
5891,20.708067310112604,0.0,10.90383988577051,8.306240364603866
5892,0.0,0.0,1.3629799857213138,2.3732115327439622
5893,67.30121875786597,16.85800900854683,49.0672794859673,70.00974021594688
5894,15.531050482584453,0.0,13.629799857213138,32.03835569204349
5895,0.0,0.0,10.90383988577051,8.306240364603866
5896,10.354033655056302,16.85800900854683,39.5264195859181,32.03835569204349
5897,0.0,0.0,32.711519657311534,28.47853839292754
5898,25.885084137640757,67.43203603418732,25.896619728704962,23.73211532743962
5899,5.177016827528151,0.0,0.0,0.0
5900,0.0,16.85800900854683,0.0,0.0
5901,62.12420193033781,50.574027025640504,106.31243888626248,87.80882671152658
5902,20.708067310112604,0.0,10.90383988577051,20.172298028323674
5903,31.062100965168906,16.85800900854683,62.697079343180434,56.95707678585508
5904,103.54033655056303,84.29004504273416,117.216278772033,97.30167284250244
5905,10.354033655056302,0.0,12.266819871491824,7.119634598231885
5906,5.177016827528151,16.85800900854683,9.540859900049197,9.492846130975849
5907,0.0,0.0,0.0,2.3732115327439622
5908,46.593151447753364,0.0,36.80045961447547,32.03835569204349
5909,10.354033655056302,16.85800900854683,8.177879914327884,8.306240364603866
5910,5.177016827528151,0.0,9.540859900049197,8.306240364603866
5911,67.30121875786597,33.71601801709366,65.42303931462307,60.51689408497103
5912,31.062100965168906,84.29004504273416,31.348539671590217,42.71780758939131
5913,0.0,0.0,4.088939957163942,3.5598172991159425
5914,0.0,0.0,0.0,1.1866057663719811
5915,82.83226924045042,118.00606305982784,128.1201186578035,161.3783842265894
5916,10.354033655056302,0.0,4.088939957163942,0.0
5917,25.885084137640757,16.85800900854683,19.081719800098394,14.23926919646377
5918,93.18630289550673,16.85800900854683,102.22349892909853,74.7561632814348
5919,0.0,0.0,2.7259599714426277,0.0
5920,15.531050482584453,16.85800900854683,24.53363974298365,22.54550956106764
5921,10.354033655056302,0.0,10.90383988577051,7.119634598231885
5922,0.0,0.0,12.266819871491824,13.05266343009179
5923,0.0,0.0,25.896619728704962,20.172298028323674
5924,67.30121875786597,84.29004504273416,125.39415868636087,98.48827860887442
5925,15.531050482584453,0.0,9.540859900049197,9.492846130975849
5926,0.0,0.0,1.3629799857213138,7.119634598231885
5927,5.177016827528151,0.0,1.3629799857213138,0.0
5928,0.0,0.0,1.3629799857213138,1.1866057663719811
5929,20.708067310112604,16.85800900854683,46.34131951452467,41.53120182301934
5930,0.0,0.0,1.3629799857213138,3.5598172991159425
5931,72.47823558539412,50.574027025640504,47.70429950024598,61.703499851343004
5932,0.0,0.0,14.992779842934452,20.172298028323674
5933,51.77016827528151,50.574027025640504,40.889399571639416,30.851749925671502
5934,20.708067310112604,0.0,13.629799857213138,16.612480729207732
5935,25.885084137640757,33.71601801709366,34.074499643032844,16.612480729207732
5936,434.8694135123647,236.01212611965568,353.01181630182026,132.89984583366186
5937,25.885084137640757,33.71601801709366,81.77879914327883,49.837442187623196
5938,0.0,0.0,2.7259599714426277,1.1866057663719811
5939,0.0,0.0,1.3629799857213138,1.1866057663719811
5940,155.31050482584453,67.43203603418732,27.259599714426276,45.09101912213528
5941,0.0,0.0,1.3629799857213138,4.7464230654879245
5942,212.2576899286542,84.29004504273416,125.39415868636087,125.78021123542997
5943,41.41613462022521,16.85800900854683,66.78601930034436,20.172298028323674
5944,0.0,16.85800900854683,4.088939957163942,4.7464230654879245
5945,108.71735337809118,33.71601801709366,57.24515940029518,24.918721093811598
5946,31.062100965168906,67.43203603418732,74.96389921467225,70.00974021594688
5947,41.41613462022521,33.71601801709366,29.985559685868903,37.971384523903396
5948,56.94718510280967,0.0,35.43747962875416,29.665144159299523
5949,88.00928606797856,50.574027025640504,51.793239457409925,40.34459605664735
5950,160.48752165337268,151.72208107692148,237.15851751550858,191.04352838588892
5951,72.47823558539412,16.85800900854683,47.70429950024598,62.89010561771499
5952,41.41613462022521,67.43203603418732,17.71873981437708,33.224961458415464
5953,5.177016827528151,16.85800900854683,0.0,2.3732115327439622
5954,346.86012744438614,134.86407206837464,115.85329878631167,53.39725948673914
5955,5.177016827528151,16.85800900854683,14.992779842934452,17.799086495579715
5956,15.531050482584453,0.0,14.992779842934452,17.799086495579715
5957,77.65525241292227,16.85800900854683,31.348539671590217,26.10532686018358
5958,36.23911779269706,84.29004504273416,42.252379557360726,45.09101912213528
5959,15.531050482584453,0.0,14.992779842934452,2.3732115327439622
5960,5.177016827528151,0.0,1.3629799857213138,0.0
5961,5.177016827528151,33.71601801709366,147.20183845790189,118.66057663719809
5962,0.0,0.0,14.992779842934452,3.5598172991159425
5963,25.885084137640757,0.0,8.177879914327884,27.291932626555564
5964,67.30121875786597,84.29004504273416,29.985559685868903,30.851749925671502
5965,5.177016827528151,33.71601801709366,8.177879914327884,27.291932626555564
5966,181.1955889634853,118.00606305982784,158.1056783436724,191.04352838588892
5967,5.177016827528151,0.0,1.3629799857213138,4.7464230654879245
5968,25.885084137640757,33.71601801709366,36.80045961447547,55.770471019483104
5969,5.177016827528151,0.0,20.444699785819708,20.172298028323674
5970,5.177016827528151,0.0,5.451919942885255,11.86605766371981
5971,5.177016827528151,0.0,0.0,4.7464230654879245
5972,0.0,0.0,0.0,1.1866057663719811
5973,41.41613462022521,33.71601801709366,46.34131951452467,61.703499851343004
5974,15.531050482584453,33.71601801709366,46.34131951452467,36.784778757531406
5975,20.708067310112604,0.0,13.629799857213138,22.54550956106764
5976,0.0,0.0,8.177879914327884,15.425874962835751
5977,0.0,0.0,1.3629799857213138,0.0
5978,62.12420193033781,67.43203603418732,80.41581915755751,104.42130744073432
5979,20.708067310112604,16.85800900854683,4.088939957163942,8.306240364603866
5980,5.177016827528151,0.0,4.088939957163942,2.3732115327439622
5981,15.531050482584453,16.85800900854683,6.814899928606569,16.612480729207732
5982,20.708067310112604,50.574027025640504,29.985559685868903,20.172298028323674
5983,25.885084137640757,50.574027025640504,39.5264195859181,43.90441335576329
5984,46.593151447753364,50.574027025640504,55.88217941457387,61.703499851343004
5985,10.354033655056302,0.0,0.0,1.1866057663719811
5986,5.177016827528151,0.0,8.177879914327884,8.306240364603866
5987,10.354033655056302,0.0,5.451919942885255,9.492846130975849
5988,5.177016827528151,0.0,13.629799857213138,14.23926919646377
5989,10.354033655056302,16.85800900854683,13.629799857213138,11.86605766371981
5990,5.177016827528151,16.85800900854683,4.088939957163942,1.1866057663719811
5991,5.177016827528151,0.0,0.0,1.1866057663719811
5992,10.354033655056302,16.85800900854683,27.259599714426276,22.54550956106764
5993,98.36331972303488,101.14805405128101,74.96389921467225,61.703499851343004
5994,20.708067310112604,50.574027025640504,34.074499643032844,35.59817299115943
5995,10.354033655056302,0.0,2.7259599714426277,1.1866057663719811
5996,10.354033655056302,0.0,20.444699785819708,21.358903794695657
5997,98.36331972303488,16.85800900854683,34.074499643032844,16.612480729207732
5998,0.0,0.0,5.451919942885255,2.3732115327439622
5999,31.062100965168906,0.0,10.90383988577051,18.985692261951698
6000,77.65525241292227,84.29004504273416,64.06005932890174,68.82313444957491
6001,31.062100965168906,67.43203603418732,23.170659757262335,13.05266343009179
6002,0.0,0.0,1.3629799857213138,0.0
6003,10.354033655056302,0.0,24.53363974298365,10.679451897347828
6004,0.0,0.0,2.7259599714426277,2.3732115327439622
6005,900.8009279898984,522.5982792649519,2755.9455311284964,3417.424607151305
6006,82.83226924045042,0.0,49.0672794859673,66.44992291683093
6007,0.0,0.0,0.0,34.411567224787454
6008,20.708067310112604,50.574027025640504,34.074499643032844,37.971384523903396
6009,31.062100965168906,67.43203603418732,36.80045961447547,23.73211532743962
6010,36.23911779269706,16.85800900854683,57.24515940029518,77.12937481417876
6011,20.708067310112604,67.43203603418732,23.170659757262335,28.47853839292754
6012,67.30121875786597,50.574027025640504,57.24515940029518,64.07671138408698
6013,0.0,16.85800900854683,1.3629799857213138,2.3732115327439622
6014,31.062100965168906,50.574027025640504,47.70429950024598,27.291932626555564
6015,20.708067310112604,0.0,1.3629799857213138,8.306240364603866
6016,72.47823558539412,67.43203603418732,44.97833952880335,46.277624888507255
6017,67.30121875786597,16.85800900854683,83.14177912900014,52.21065372036716
6018,0.0,0.0,1.3629799857213138,1.1866057663719811
6019,222.6117235837105,67.43203603418732,237.15851751550858,234.94794174165222
6020,0.0,0.0,6.814899928606569,9.492846130975849
6021,0.0,0.0,2.7259599714426277,0.0
6022,5.177016827528151,0.0,29.985559685868903,28.47853839292754
6023,0.0,0.0,23.170659757262335,9.492846130975849
6024,77.65525241292227,118.00606305982784,24.53363974298365,22.54550956106764
6025,10.354033655056302,50.574027025640504,10.90383988577051,13.05266343009179
6026,15.531050482584453,0.0,21.80767977154102,22.54550956106764
6027,56.94718510280967,16.85800900854683,23.170659757262335,29.665144159299523
6028,5.177016827528151,33.71601801709366,14.992779842934452,9.492846130975849
6029,15.531050482584453,67.43203603418732,54.51919942885255,65.26331715045895
6030,25.885084137640757,16.85800900854683,12.266819871491824,11.86605766371981
6031,0.0,0.0,4.088939957163942,3.5598172991159425
6032,0.0,0.0,4.088939957163942,0.0
6033,41.41613462022521,0.0,36.80045961447547,29.665144159299523
6034,0.0,0.0,1.3629799857213138,0.0
6035,5.177016827528151,0.0,1.3629799857213138,3.5598172991159425
6036,15.531050482584453,0.0,9.540859900049197,2.3732115327439622
6037,0.0,33.71601801709366,9.540859900049197,7.119634598231885
6038,10.354033655056302,50.574027025640504,19.081719800098394,8.306240364603866
6039,41.41613462022521,67.43203603418732,43.61535954308204,26.10532686018358
6040,0.0,0.0,1.3629799857213138,1.1866057663719811
6041,41.41613462022521,0.0,35.43747962875416,40.34459605664735
6042,144.95647117078823,101.14805405128101,89.9566790576067,87.80882671152658
6043,0.0,0.0,2.7259599714426277,0.0
6044,36.23911779269706,33.71601801709366,53.15621944313124,70.00974021594688
6045,0.0,16.85800900854683,9.540859900049197,13.05266343009179
6046,31.062100965168906,0.0,55.88217941457387,56.95707678585508
6047,20.708067310112604,33.71601801709366,34.074499643032844,21.358903794695657
6048,0.0,33.71601801709366,8.177879914327884,8.306240364603866
6049,5.177016827528151,0.0,9.540859900049197,7.119634598231885
6050,0.0,0.0,1.3629799857213138,0.0
6051,5.177016827528151,0.0,9.540859900049197,3.5598172991159425
6052,20.708067310112604,33.71601801709366,27.259599714426276,26.10532686018358
6053,113.89437020561934,101.14805405128101,145.83885847218056,99.67488437524639
6054,0.0,16.85800900854683,10.90383988577051,22.54550956106764
6055,56.94718510280967,16.85800900854683,124.03117870063956,100.86149014161838
6056,0.0,0.0,1.3629799857213138,1.1866057663719811
6057,0.0,0.0,0.0,2.3732115327439622
6058,10.354033655056302,33.71601801709366,12.266819871491824,9.492846130975849
6059,0.0,16.85800900854683,9.540859900049197,8.306240364603866
6060,20.708067310112604,16.85800900854683,39.5264195859181,27.291932626555564
6061,0.0,33.71601801709366,0.0,0.0
6062,15.531050482584453,16.85800900854683,4.088939957163942,9.492846130975849
6063,82.83226924045042,67.43203603418732,81.77879914327883,96.11506707613046
6064,0.0,0.0,2.7259599714426277,3.5598172991159425
6065,0.0,0.0,8.177879914327884,7.119634598231885
6066,5.177016827528151,0.0,16.355759828655767,21.358903794695657
6067,160.48752165337268,134.86407206837464,121.30521872919692,144.7659034973817
6068,10.354033655056302,0.0,9.540859900049197,2.3732115327439622
6069,393.4532788921395,370.8761981880303,902.2927505475097,698.9107963930968
6070,31.062100965168906,16.85800900854683,40.889399571639416,36.784778757531406
6071,46.593151447753364,33.71601801709366,16.355759828655767,13.05266343009179
6072,0.0,0.0,19.081719800098394,15.425874962835751
6073,0.0,0.0,10.90383988577051,10.679451897347828
6074,62.12420193033781,84.29004504273416,46.34131951452467,10.679451897347828
6075,51.77016827528151,16.85800900854683,47.70429950024598,49.837442187623196
6076,0.0,0.0,4.088939957163942,7.119634598231885
6077,25.885084137640757,84.29004504273416,23.170659757262335,17.799086495579715
6078,25.885084137640757,0.0,16.355759828655767,18.985692261951698
6079,253.67382454887942,84.29004504273416,268.50705718709884,325.1299799859228
6080,25.885084137640757,0.0,24.53363974298365,15.425874962835751
6081,0.0,0.0,9.540859900049197,8.306240364603866
6082,5.177016827528151,0.0,2.7259599714426277,4.7464230654879245
6083,0.0,16.85800900854683,17.71873981437708,23.73211532743962
6084,0.0,0.0,4.088939957163942,8.306240364603866
6085,253.67382454887942,151.72208107692148,1906.809000024118,1631.5829287614738
6086,31.062100965168906,33.71601801709366,35.43747962875416,45.09101912213528
6087,5.177016827528151,50.574027025640504,8.177879914327884,15.425874962835751
6088,103.54033655056303,101.14805405128101,54.51919942885255,39.15799029027537
6089,0.0,0.0,1.3629799857213138,0.0
6090,51.77016827528151,50.574027025640504,28.62257970014759,34.411567224787454
6091,0.0,16.85800900854683,28.62257970014759,42.71780758939131
6092,0.0,33.71601801709366,29.985559685868903,28.47853839292754
6093,5.177016827528151,16.85800900854683,29.985559685868903,29.665144159299523
6094,0.0,0.0,0.0,3.5598172991159425
6095,0.0,0.0,2.7259599714426277,1.1866057663719811
6096,77.65525241292227,33.71601801709366,21.80767977154102,30.851749925671502
6097,5.177016827528151,33.71601801709366,8.177879914327884,2.3732115327439622
6098,5.177016827528151,0.0,2.7259599714426277,7.119634598231885
6099,31.062100965168906,0.0,64.06005932890174,74.7561632814348
6100,341.68311061685796,960.9065134871694,877.759110804526,471.0824892496764
6101,10.354033655056302,0.0,88.5936990718854,102.04809590799037
6102,5.177016827528151,0.0,4.088939957163942,0.0
6103,0.0,0.0,2.7259599714426277,1.1866057663719811
6104,25.885084137640757,0.0,0.0,2.3732115327439622
6105,25.885084137640757,67.43203603418732,38.16343960019679,37.971384523903396
6106,20.708067310112604,50.574027025640504,5.451919942885255,9.492846130975849
6107,5.177016827528151,0.0,0.0,1.1866057663719811
6108,82.83226924045042,84.29004504273416,43.61535954308204,66.44992291683093
6109,0.0,16.85800900854683,1.3629799857213138,3.5598172991159425
6110,31.062100965168906,33.71601801709366,53.15621944313124,32.03835569204349
6111,88.00928606797856,16.85800900854683,57.24515940029518,33.224961458415464
6112,0.0,0.0,1.3629799857213138,0.0
6113,56.94718510280967,50.574027025640504,81.77879914327883,72.38295174869084
6114,20.708067310112604,16.85800900854683,12.266819871491824,11.86605766371981
6115,0.0,0.0,1.3629799857213138,1.1866057663719811
6116,212.2576899286542,101.14805405128101,118.57925875775429,110.35433627259422
6117,15.531050482584453,16.85800900854683,23.170659757262335,30.851749925671502
6118,5.177016827528151,0.0,4.088939957163942,13.05266343009179
6119,0.0,0.0,0.0,1.1866057663719811
6120,20.708067310112604,67.43203603418732,13.629799857213138,15.425874962835751
6121,5.177016827528151,16.85800900854683,0.0,3.5598172991159425
6122,51.77016827528151,101.14805405128101,73.60091922895094,65.26331715045895
6123,0.0,0.0,2.7259599714426277,1.1866057663719811
6124,0.0,0.0,1.3629799857213138,4.7464230654879245
6125,46.593151447753364,33.71601801709366,19.081719800098394,16.612480729207732
6126,67.30121875786597,33.71601801709366,107.67541887198378,87.80882671152658
6127,0.0,0.0,8.177879914327884,2.3732115327439622
6128,0.0,0.0,4.088939957163942,5.933028831859905
6129,0.0,0.0,6.814899928606569,13.05266343009179
6130,0.0,0.0,0.0,1.1866057663719811
6131,0.0,0.0,0.0,2.3732115327439622
6132,139.77945434326008,101.14805405128101,139.023958543574,140.01948043189375
6133,5.177016827528151,0.0,0.0,5.933028831859905
6134,0.0,0.0,1.3629799857213138,1.1866057663719811
6135,383.0992452370832,269.7281441367493,213.98785775824624,195.78995145137685
6136,5.177016827528151,0.0,2.7259599714426277,2.3732115327439622
6137,10.354033655056302,50.574027025640504,12.266819871491824,7.119634598231885
6138,5.177016827528151,16.85800900854683,2.7259599714426277,4.7464230654879245
6139,0.0,0.0,0.0,1.1866057663719811
6140,5.177016827528151,16.85800900854683,6.814899928606569,23.73211532743962
6141,20.708067310112604,16.85800900854683,9.540859900049197,11.86605766371981
6142,10.354033655056302,0.0,5.451919942885255,0.0
6143,20.708067310112604,0.0,31.348539671590217,42.71780758939131
6144,10.354033655056302,0.0,13.629799857213138,17.799086495579715
6145,0.0,0.0,0.0,1.1866057663719811
6146,36.23911779269706,33.71601801709366,43.61535954308204,48.65083642125122
6147,0.0,0.0,12.266819871491824,1.1866057663719811
6148,0.0,16.85800900854683,16.355759828655767,5.933028831859905
6149,5.177016827528151,33.71601801709366,72.23793924322963,61.703499851343004
6150,0.0,0.0,1.3629799857213138,0.0
6151,238.14277406629498,101.14805405128101,186.72825804381998,198.16316298412082
6152,62.12420193033781,50.574027025640504,73.60091922895094,66.44992291683093
6153,1289.0771900545096,1685.8009008546833,2218.931416754299,2137.076985235938
6154,310.62100965168906,370.8761981880303,201.72103788675446,219.52206677881648
6155,0.0,0.0,0.0,1.1866057663719811
6156,82.83226924045042,33.71601801709366,61.33409935745912,60.51689408497103
6157,20.708067310112604,84.29004504273416,24.53363974298365,13.05266343009179
6158,0.0,0.0,0.0,1.1866057663719811
6159,528.0557164078714,286.5861531452962,441.60551537370566,514.9869026054398
6160,0.0,33.71601801709366,20.444699785819708,10.679451897347828
6161,0.0,16.85800900854683,4.088939957163942,5.933028831859905
6162,31.062100965168906,16.85800900854683,38.16343960019679,13.05266343009179
6163,0.0,0.0,2.7259599714426277,2.3732115327439622
6164,51.77016827528151,33.71601801709366,28.62257970014759,35.59817299115943
6165,67.30121875786597,50.574027025640504,122.66819871491823,154.25874962835752
6166,0.0,0.0,10.90383988577051,16.612480729207732
6167,5.177016827528151,0.0,10.90383988577051,10.679451897347828
6168,67.30121875786597,84.29004504273416,226.25467762973807,208.84261488146865
6169,0.0,33.71601801709366,39.5264195859181,47.46423065487924
6170,10.354033655056302,0.0,14.992779842934452,5.933028831859905
6171,0.0,0.0,8.177879914327884,15.425874962835751
6172,0.0,0.0,1.3629799857213138,1.1866057663719811
6173,0.0,0.0,13.629799857213138,3.5598172991159425
6174,41.41613462022521,33.71601801709366,9.540859900049197,16.612480729207732
6175,20.708067310112604,16.85800900854683,14.992779842934452,20.172298028323674
6176,31.062100965168906,16.85800900854683,34.074499643032844,39.15799029027537
6177,1107.8816010910243,910.332486461529,388.44929593057446,210.02922064784065
6178,0.0,0.0,1.3629799857213138,1.1866057663719811
6179,31.062100965168906,0.0,23.170659757262335,52.21065372036716
6180,88.00928606797856,118.00606305982784,158.1056783436724,154.25874962835752
6181,25.885084137640757,0.0,124.03117870063956,275.29253779829963
6182,36.23911779269706,16.85800900854683,25.896619728704962,10.679451897347828
6183,20.708067310112604,16.85800900854683,12.266819871491824,9.492846130975849
6184,0.0,16.85800900854683,1.3629799857213138,3.5598172991159425
6185,0.0,0.0,0.0,1.1866057663719811
6186,10.354033655056302,16.85800900854683,13.629799857213138,26.10532686018358
6187,0.0,0.0,0.0,1.1866057663719811
6188,25.885084137640757,0.0,9.540859900049197,16.612480729207732
6189,51.77016827528151,33.71601801709366,43.61535954308204,27.291932626555564
6190,0.0,16.85800900854683,4.088939957163942,3.5598172991159425
6191,0.0,0.0,2.7259599714426277,1.1866057663719811
6192,5.177016827528151,33.71601801709366,4.088939957163942,9.492846130975849
6193,222.6117235837105,67.43203603418732,91.31965904332802,77.12937481417876
6194,0.0,0.0,2.7259599714426277,5.933028831859905
6195,0.0,16.85800900854683,6.814899928606569,8.306240364603866
6196,295.0899591691046,202.29610810256202,25.896619728704962,177.99086495579715
6197,191.5496226185416,101.14805405128101,74.96389921467225,51.024047953995186
6198,5.177016827528151,0.0,2.7259599714426277,3.5598172991159425
6199,0.0,0.0,1.3629799857213138,4.7464230654879245
6200,5.177016827528151,0.0,1.3629799857213138,1.1866057663719811
6201,0.0,0.0,1.3629799857213138,0.0
6202,10.354033655056302,16.85800900854683,2.7259599714426277,13.05266343009179
6203,10.354033655056302,16.85800900854683,53.15621944313124,49.837442187623196
6204,41.41613462022521,16.85800900854683,16.355759828655767,20.172298028323674
6205,548.763783717984,286.5861531452962,809.6101115184604,869.7820267506621
6206,160.48752165337268,134.86407206837464,193.54315797242654,205.28279758235269
6207,590.1799183382092,640.6043423247796,851.862491075821,842.4900941241065
6208,0.0,0.0,1.3629799857213138,0.0
6209,31.062100965168906,50.574027025640504,66.78601930034436,79.50258634692273
6210,10.354033655056302,16.85800900854683,8.177879914327884,5.933028831859905
6211,5.177016827528151,0.0,5.451919942885255,8.306240364603866
6212,0.0,0.0,5.451919942885255,1.1866057663719811
6213,20.708067310112604,50.574027025640504,34.074499643032844,37.971384523903396
6214,15.531050482584453,0.0,9.540859900049197,17.799086495579715
6215,124.24840386067562,50.574027025640504,133.57203860068873,169.68462459119328
6216,10.354033655056302,16.85800900854683,10.90383988577051,15.425874962835751
6217,56.94718510280967,67.43203603418732,23.170659757262335,24.918721093811598
6218,0.0,0.0,0.0,1.1866057663719811
6219,98.36331972303488,33.71601801709366,59.97111937173781,58.14368255222707
6220,15.531050482584453,16.85800900854683,42.252379557360726,35.59817299115943
6221,51.77016827528151,67.43203603418732,79.0528391718362,74.7561632814348
6222,1138.9437020561932,893.4744774529821,1296.1939664209694,1281.5342276817394
6223,0.0,16.85800900854683,73.60091922895094,96.11506707613046
6224,5.177016827528151,16.85800900854683,20.444699785819708,15.425874962835751
6225,3137.2721974820597,2124.109135076901,6748.113909306224,6921.471435247765
6226,0.0,33.71601801709366,13.629799857213138,5.933028831859905
6227,36.23911779269706,84.29004504273416,27.259599714426276,46.277624888507255
6228,1304.6082405370942,286.5861531452962,2128.974737696692,2458.6471479227444
6229,0.0,16.85800900854683,0.0,0.0
6230,5.177016827528151,16.85800900854683,9.540859900049197,14.23926919646377
6231,72.47823558539412,151.72208107692148,130.84607862924614,148.32572079649762
6232,0.0,16.85800900854683,6.814899928606569,13.05266343009179
6233,10.354033655056302,16.85800900854683,9.540859900049197,10.679451897347828
6234,51.77016827528151,0.0,17.71873981437708,22.54550956106764
6235,0.0,0.0,6.814899928606569,8.306240364603866
6236,0.0,0.0,2.7259599714426277,7.119634598231885
6237,0.0,0.0,1.3629799857213138,21.358903794695657
6238,15.531050482584453,0.0,35.43747962875416,42.71780758939131
6239,72.47823558539412,67.43203603418732,59.97111937173781,52.21065372036716
6240,98.36331972303488,33.71601801709366,80.41581915755751,91.36864401064253
6241,10.354033655056302,33.71601801709366,20.444699785819708,21.358903794695657
6242,0.0,0.0,1.3629799857213138,2.3732115327439622
6243,222.6117235837105,303.44416215384297,1695.5471022373142,1740.7506592676962
6244,0.0,0.0,5.451919942885255,1.1866057663719811
6245,248.49680772135125,185.43809909401514,310.75943674445955,358.35494144433824
6246,0.0,16.85800900854683,16.355759828655767,3.5598172991159425
6247,5.177016827528151,0.0,0.0,0.0
6248,5.177016827528151,16.85800900854683,0.0,2.3732115327439622
6249,0.0,16.85800900854683,2.7259599714426277,4.7464230654879245
6250,10.354033655056302,0.0,12.266819871491824,9.492846130975849
6251,5.177016827528151,16.85800900854683,1.3629799857213138,2.3732115327439622
6252,0.0,16.85800900854683,1.3629799857213138,0.0
6253,0.0,16.85800900854683,2.7259599714426277,0.0
6254,5.177016827528151,0.0,2.7259599714426277,2.3732115327439622
6255,5.177016827528151,0.0,2.7259599714426277,2.3732115327439622
6256,25.885084137640757,0.0,4.088939957163942,13.05266343009179
6257,0.0,0.0,2.7259599714426277,1.1866057663719811
6258,0.0,0.0,0.0,2.3732115327439622
6259,25.885084137640757,50.574027025640504,20.444699785819708,36.784778757531406
6260,0.0,16.85800900854683,1.3629799857213138,3.5598172991159425
6261,10.354033655056302,0.0,1.3629799857213138,2.3732115327439622
6262,15.531050482584453,16.85800900854683,5.451919942885255,14.23926919646377
6263,590.1799183382092,236.01212611965568,451.14637527375487,370.22099910805804
6264,10.354033655056302,0.0,79.0528391718362,72.38295174869084
6265,82.83226924045042,101.14805405128101,87.23071908616409,103.23470167436234
6266,0.0,16.85800900854683,1.3629799857213138,3.5598172991159425
6267,5.177016827528151,0.0,16.355759828655767,10.679451897347828
6268,10.354033655056302,33.71601801709366,20.444699785819708,10.679451897347828
6269,0.0,0.0,14.992779842934452,5.933028831859905
6270,31.062100965168906,33.71601801709366,46.34131951452467,52.21065372036716
6271,0.0,0.0,0.0,1.1866057663719811
6272,0.0,0.0,1.3629799857213138,2.3732115327439622
6273,25.885084137640757,33.71601801709366,99.4975389576559,96.11506707613046
6274,10.354033655056302,0.0,0.0,2.3732115327439622
6275,31.062100965168906,67.43203603418732,44.97833952880335,72.38295174869084
6276,0.0,0.0,1.3629799857213138,2.3732115327439622
6277,15.531050482584453,0.0,16.355759828655767,11.86605766371981
6278,10.354033655056302,0.0,23.170659757262335,34.411567224787454
6279,36.23911779269706,16.85800900854683,32.711519657311534,26.10532686018358
6280,207.08067310112605,219.15411711110883,204.44699785819705,185.11049955402902
6281,10.354033655056302,0.0,17.71873981437708,36.784778757531406
6282,20.708067310112604,16.85800900854683,2.7259599714426277,9.492846130975849
6283,5.177016827528151,0.0,8.177879914327884,13.05266343009179
6284,77.65525241292227,84.29004504273416,84.50475911472145,94.92846130975848
6285,636.7730697859625,438.30823422221766,794.6173316755259,866.2222094515461
6286,5.177016827528151,0.0,6.814899928606569,7.119634598231885
6287,77.65525241292227,50.574027025640504,44.97833952880335,51.024047953995186
6288,15.531050482584453,33.71601801709366,59.97111937173781,41.53120182301934
6289,103.54033655056303,101.14805405128101,145.83885847218056,137.64626889914982
6290,41.41613462022521,16.85800900854683,20.444699785819708,22.54550956106764
6291,310.62100965168906,286.5861531452962,201.72103788675446,150.6989323292416
6292,36.23911779269706,0.0,21.80767977154102,23.73211532743962
6293,41.41613462022521,67.43203603418732,14.992779842934452,10.679451897347828
6294,25.885084137640757,50.574027025640504,31.348539671590217,35.59817299115943
6295,5.177016827528151,0.0,13.629799857213138,11.86605766371981
6296,264.0278582039357,252.8701351282025,258.9661972870496,293.09162429387925
6297,36.23911779269706,33.71601801709366,49.0672794859673,65.26331715045895
6298,186.37260579101346,168.58009008546833,89.9566790576067,176.80425918942515
6299,735.1363895089975,522.5982792649519,755.0909120896079,768.9205366090437
6300,0.0,0.0,2.7259599714426277,2.3732115327439622
6301,10.354033655056302,16.85800900854683,36.80045961447547,39.15799029027537
6302,62.12420193033781,50.574027025640504,50.430259471688615,70.00974021594688
6303,20.708067310112604,33.71601801709366,24.53363974298365,14.23926919646377
6304,62.12420193033781,84.29004504273416,87.23071908616409,85.43561517878263
6305,0.0,0.0,1.3629799857213138,4.7464230654879245
6306,10.354033655056302,33.71601801709366,43.61535954308204,53.39725948673914
6307,20.708067310112604,16.85800900854683,110.40137884342641,162.5649899929614
6308,36.23911779269706,0.0,36.80045961447547,56.95707678585508
6309,62.12420193033781,67.43203603418732,70.87495925750832,64.07671138408698
6310,108.71735337809118,33.71601801709366,80.41581915755751,71.19634598231886
6311,0.0,0.0,5.451919942885255,1.1866057663719811
6312,232.96575723876683,50.574027025640504,139.023958543574,126.96681700180196
6313,15.531050482584453,16.85800900854683,5.451919942885255,11.86605766371981
6314,31.062100965168906,33.71601801709366,13.629799857213138,22.54550956106764
6315,0.0,0.0,1.3629799857213138,1.1866057663719811
6316,10.354033655056302,16.85800900854683,54.51919942885255,46.277624888507255
6317,528.0557164078714,370.8761981880303,369.36757613047604,459.2164315859566
6318,181.1955889634853,219.15411711110883,200.35805790103313,215.96224947970055
6319,20.708067310112604,50.574027025640504,20.444699785819708,30.851749925671502
6320,5.177016827528151,0.0,0.0,0.0
6321,0.0,0.0,8.177879914327884,24.918721093811598
6322,10.354033655056302,0.0,9.540859900049197,4.7464230654879245
6323,0.0,16.85800900854683,0.0,0.0
6324,0.0,0.0,0.0,1.1866057663719811
6325,31.062100965168906,0.0,27.259599714426276,27.291932626555564
6326,46.593151447753364,33.71601801709366,34.074499643032844,27.291932626555564
6327,1066.4654664707991,960.9065134871694,2431.5562945268234,2860.9065027228457
6328,67.30121875786597,50.574027025640504,62.697079343180434,62.89010561771499
6329,414.1613462022521,202.29610810256202,209.89891780108232,252.74702823723194
6330,248.49680772135125,151.72208107692148,158.1056783436724,164.93820152570535
6331,15.531050482584453,50.574027025640504,16.355759828655767,29.665144159299523
6332,15.531050482584453,16.85800900854683,51.793239457409925,56.95707678585508
6333,56.94718510280967,84.29004504273416,47.70429950024598,81.87579787966669
6334,15.531050482584453,67.43203603418732,57.24515940029518,52.21065372036716
6335,315.79802647921724,354.0181891794835,333.9300965017219,306.14428772397105
6336,0.0,0.0,0.0,4.7464230654879245
6337,20.708067310112604,0.0,17.71873981437708,23.73211532743962
6338,15.531050482584453,50.574027025640504,50.430259471688615,72.38295174869084
6339,1439.210678052826,1314.924702666653,757.8168720610505,598.0493062514784
6340,248.49680772135125,134.86407206837464,198.9950779153118,191.04352838588892
6341,20.708067310112604,0.0,54.51919942885255,75.94276904780679
6342,41.41613462022521,33.71601801709366,42.252379557360726,32.03835569204349
6343,0.0,0.0,10.90383988577051,10.679451897347828
6344,93.18630289550673,67.43203603418732,99.4975389576559,106.79451897347828
6345,62.12420193033781,50.574027025640504,79.0528391718362,56.95707678585508
6346,0.0,16.85800900854683,136.29799857213138,117.47397087082611
6347,25.885084137640757,16.85800900854683,1.3629799857213138,4.7464230654879245
6348,108.71735337809118,84.29004504273416,122.66819871491823,173.24444189030922
6349,98.36331972303488,101.14805405128101,59.97111937173781,72.38295174869084
6350,31.062100965168906,16.85800900854683,8.177879914327884,18.985692261951698
6351,103.54033655056303,67.43203603418732,66.78601930034436,72.38295174869084
6352,36.23911779269706,0.0,25.896619728704962,27.291932626555564
6353,10.354033655056302,0.0,9.540859900049197,11.86605766371981
6354,5.177016827528151,0.0,1.3629799857213138,0.0
6355,792.0835746118072,606.8883243076859,742.824092218116,524.4797487364156
6356,0.0,0.0,0.0,1.1866057663719811
6357,77.65525241292227,50.574027025640504,80.41581915755751,94.92846130975848
6358,82.83226924045042,33.71601801709366,69.511979271787,73.56955751506281
6359,5.177016827528151,16.85800900854683,5.451919942885255,4.7464230654879245
6360,0.0,0.0,2.7259599714426277,1.1866057663719811
6361,25.885084137640757,16.85800900854683,9.540859900049197,15.425874962835751
6362,170.84155530842898,50.574027025640504,53.15621944313124,14.23926919646377
6363,5.177016827528151,0.0,1.3629799857213138,11.86605766371981
6364,20.708067310112604,33.71601801709366,6.814899928606569,8.306240364603866
6365,5.177016827528151,0.0,0.0,0.0
6366,5.177016827528151,0.0,1.3629799857213138,0.0
6367,0.0,0.0,1.3629799857213138,0.0
6368,36.23911779269706,33.71601801709366,44.97833952880335,35.59817299115943
6369,41.41613462022521,33.71601801709366,84.50475911472145,73.56955751506281
6370,36.23911779269706,84.29004504273416,32.711519657311534,59.330288318599045
6371,62.12420193033781,67.43203603418732,29.985559685868903,45.09101912213528
6372,31.062100965168906,33.71601801709366,31.348539671590217,40.34459605664735
6373,10.354033655056302,33.71601801709366,20.444699785819708,20.172298028323674
6374,0.0,0.0,1.3629799857213138,1.1866057663719811
6375,36.23911779269706,16.85800900854683,21.80767977154102,29.665144159299523
6376,15.531050482584453,16.85800900854683,14.992779842934452,8.306240364603866
6377,0.0,0.0,1.3629799857213138,0.0
6378,5.177016827528151,0.0,8.177879914327884,4.7464230654879245
6379,10.354033655056302,0.0,4.088939957163942,1.1866057663719811
6380,20.708067310112604,0.0,16.355759828655767,18.985692261951698
6381,5.177016827528151,0.0,6.814899928606569,7.119634598231885
6382,0.0,0.0,4.088939957163942,1.1866057663719811
6383,15.531050482584453,0.0,9.540859900049197,4.7464230654879245
6384,0.0,0.0,0.0,1.1866057663719811
6385,5.177016827528151,16.85800900854683,5.451919942885255,4.7464230654879245
6386,36.23911779269706,0.0,8.177879914327884,17.799086495579715
6387,5.177016827528151,0.0,13.629799857213138,10.679451897347828
6388,10.354033655056302,0.0,6.814899928606569,3.5598172991159425
6389,5.177016827528151,0.0,0.0,0.0
6390,20.708067310112604,0.0,19.081719800098394,18.985692261951698
6391,5.177016827528151,0.0,89.9566790576067,115.10075933808216
6392,25.885084137640757,0.0,23.170659757262335,23.73211532743962
6393,0.0,0.0,1.3629799857213138,1.1866057663719811
6394,93.18630289550673,84.29004504273416,104.94945890054116,131.7132400672899
6395,476.28554813258995,303.44416215384297,243.97341744411517,229.01491290979232
6396,124.24840386067562,33.71601801709366,126.75713867208219,147.13911503012562
6397,0.0,0.0,0.0,1.1866057663719811
6398,5.177016827528151,84.29004504273416,84.50475911472145,100.86149014161838
6399,5.177016827528151,0.0,20.444699785819708,8.306240364603866
6400,952.5710962651799,337.16018017093666,2597.839852784824,2533.4033112041793
6401,217.43470675618235,118.00606305982784,186.72825804381998,212.40243218058458
6402,62.12420193033781,33.71601801709366,77.68985918611489,28.47853839292754
6403,36.23911779269706,101.14805405128101,87.23071908616409,60.51689408497103
6404,0.0,0.0,0.0,2.3732115327439622
6405,139.77945434326008,67.43203603418732,72.23793924322963,49.837442187623196
6406,72.47823558539412,50.574027025640504,73.60091922895094,60.51689408497103
6407,10.354033655056302,16.85800900854683,8.177879914327884,13.05266343009179
6408,5.177016827528151,0.0,12.266819871491824,4.7464230654879245
6409,0.0,0.0,8.177879914327884,4.7464230654879245
6410,20.708067310112604,16.85800900854683,16.355759828655767,17.799086495579715
6411,0.0,16.85800900854683,2.7259599714426277,2.3732115327439622
6412,67.30121875786597,16.85800900854683,39.5264195859181,52.21065372036716
6413,0.0,0.0,6.814899928606569,4.7464230654879245
6414,56.94718510280967,16.85800900854683,32.711519657311534,23.73211532743962
6415,5.177016827528151,16.85800900854683,23.170659757262335,41.53120182301934
6416,0.0,0.0,2.7259599714426277,1.1866057663719811
6417,10.354033655056302,0.0,10.90383988577051,7.119634598231885
6418,10.354033655056302,16.85800900854683,20.444699785819708,40.34459605664735
6419,15.531050482584453,50.574027025640504,89.9566790576067,32.03835569204349
6420,10.354033655056302,33.71601801709366,16.355759828655767,23.73211532743962
6421,0.0,0.0,4.088939957163942,4.7464230654879245
6422,98.36331972303488,151.72208107692148,79.0528391718362,65.26331715045895
6423,36.23911779269706,16.85800900854683,58.6081393860165,85.43561517878263
6424,0.0,0.0,5.451919942885255,2.3732115327439622
6425,0.0,0.0,4.088939957163942,16.612480729207732
6426,0.0,0.0,2.7259599714426277,7.119634598231885
6427,15.531050482584453,0.0,20.444699785819708,14.23926919646377
6428,56.94718510280967,16.85800900854683,95.40859900049196,61.703499851343004
6429,25.885084137640757,0.0,2.7259599714426277,1.1866057663719811
6430,36.23911779269706,16.85800900854683,25.896619728704962,27.291932626555564
6431,5.177016827528151,0.0,4.088939957163942,9.492846130975849
6432,15.531050482584453,33.71601801709366,23.170659757262335,30.851749925671502
6433,36.23911779269706,0.0,16.355759828655767,39.15799029027537
6434,502.17063227023067,269.7281441367493,556.095834174296,512.6136910726958
6435,0.0,0.0,2.7259599714426277,1.1866057663719811
6436,0.0,0.0,1.3629799857213138,2.3732115327439622
6437,0.0,0.0,1.3629799857213138,0.0
6438,0.0,0.0,325.75221658739395,395.13972020186964
6439,0.0,0.0,0.0,3.5598172991159425
6440,0.0,0.0,1.3629799857213138,0.0
6441,15.531050482584453,0.0,9.540859900049197,18.985692261951698
6442,51.77016827528151,0.0,76.32687920039358,98.48827860887442
6443,0.0,0.0,6.814899928606569,14.23926919646377
6444,51.77016827528151,16.85800900854683,87.23071908616409,83.06240364603867
6445,72.47823558539412,67.43203603418732,43.61535954308204,22.54550956106764
6446,0.0,0.0,2.7259599714426277,5.933028831859905
6447,5.177016827528151,0.0,10.90383988577051,14.23926919646377
6448,72.47823558539412,84.29004504273416,25.896619728704962,55.770471019483104
6449,15.531050482584453,16.85800900854683,23.170659757262335,17.799086495579715
6450,15.531050482584453,16.85800900854683,17.71873981437708,20.172298028323674
6451,10.354033655056302,33.71601801709366,23.170659757262335,20.172298028323674
6452,408.984329374724,185.43809909401514,152.65375840078715,102.04809590799037
6453,10.354033655056302,33.71601801709366,28.62257970014759,13.05266343009179
6454,25.885084137640757,0.0,19.081719800098394,20.172298028323674
6455,264.0278582039357,303.44416215384297,436.1535954308204,401.07274903372956
6456,41.41613462022521,16.85800900854683,59.97111937173781,58.14368255222707
6457,0.0,16.85800900854683,6.814899928606569,4.7464230654879245
6458,5.177016827528151,0.0,2.7259599714426277,1.1866057663719811
6459,0.0,0.0,6.814899928606569,0.0
6460,0.0,0.0,1.3629799857213138,3.5598172991159425
6461,41.41613462022521,33.71601801709366,49.0672794859673,37.971384523903396
6462,5.177016827528151,33.71601801709366,58.6081393860165,70.00974021594688
6463,56.94718510280967,101.14805405128101,70.87495925750832,83.06240364603867
6464,62.12420193033781,0.0,100.86051894337723,117.47397087082611
6465,103.54033655056303,84.29004504273416,113.12733881486903,98.48827860887442
6466,15.531050482584453,16.85800900854683,10.90383988577051,23.73211532743962
6467,0.0,0.0,0.0,3.5598172991159425
6468,5.177016827528151,0.0,16.355759828655767,14.23926919646377
6469,176.01857213595713,252.8701351282025,184.00229807237736,162.5649899929614
6470,150.13348799831638,16.85800900854683,68.14899928606569,59.330288318599045
6471,10.354033655056302,16.85800900854683,4.088939957163942,2.3732115327439622
6472,25.885084137640757,0.0,20.444699785819708,18.985692261951698
6473,0.0,0.0,64.06005932890174,73.56955751506281
6474,0.0,0.0,1.3629799857213138,2.3732115327439622
6475,31.062100965168906,0.0,8.177879914327884,11.86605766371981
6476,82.83226924045042,67.43203603418732,61.33409935745912,51.024047953995186
6477,56.94718510280967,50.574027025640504,73.60091922895094,68.82313444957491
6478,98.36331972303488,151.72208107692148,215.35083774396756,242.0675763398841
6479,5.177016827528151,0.0,1.3629799857213138,3.5598172991159425
6480,31.062100965168906,0.0,74.96389921467225,91.36864401064253
6481,51.77016827528151,101.14805405128101,134.93501858641005,514.9869026054398
6482,5.177016827528151,16.85800900854683,49.0672794859673,129.34002853454592
6483,0.0,0.0,14.992779842934452,14.23926919646377
6484,5.177016827528151,0.0,1.3629799857213138,4.7464230654879245
6485,10.354033655056302,0.0,17.71873981437708,11.86605766371981
6486,0.0,50.574027025640504,54.51919942885255,71.19634598231886
6487,5.177016827528151,0.0,17.71873981437708,13.05266343009179
6488,0.0,0.0,6.814899928606569,7.119634598231885
6489,10.354033655056302,33.71601801709366,80.41581915755751,61.703499851343004
6490,15.531050482584453,0.0,14.992779842934452,9.492846130975849
6491,0.0,0.0,0.0,11.86605766371981
6492,5.177016827528151,0.0,0.0,0.0
6493,5.177016827528151,0.0,2.7259599714426277,5.933028831859905
6494,31.062100965168906,16.85800900854683,25.896619728704962,14.23926919646377
6495,20.708067310112604,16.85800900854683,17.71873981437708,14.23926919646377
6496,10.354033655056302,0.0,13.629799857213138,8.306240364603866
6497,5.177016827528151,0.0,2.7259599714426277,3.5598172991159425
6498,0.0,16.85800900854683,6.814899928606569,11.86605766371981
6499,0.0,0.0,1.3629799857213138,0.0
6500,15.531050482584453,33.71601801709366,17.71873981437708,14.23926919646377
6501,0.0,0.0,6.814899928606569,4.7464230654879245
6502,93.18630289550673,50.574027025640504,57.24515940029518,37.971384523903396
6503,0.0,0.0,5.451919942885255,1.1866057663719811
6504,0.0,0.0,1.3629799857213138,1.1866057663719811
6505,15.531050482584453,50.574027025640504,55.88217941457387,32.03835569204349
6506,88.00928606797856,84.29004504273416,42.252379557360726,46.277624888507255
6507,25.885084137640757,16.85800900854683,64.06005932890174,85.43561517878263
6508,5.177016827528151,0.0,10.90383988577051,2.3732115327439622
6509,176.01857213595713,185.43809909401514,241.24745747267252,201.72298028323675
6510,5.177016827528151,0.0,32.711519657311534,55.770471019483104
6511,15.531050482584453,33.71601801709366,17.71873981437708,13.05266343009179
6512,5.177016827528151,16.85800900854683,72.23793924322963,81.87579787966669
6513,10.354033655056302,16.85800900854683,8.177879914327884,15.425874962835751
6514,139.77945434326008,50.574027025640504,54.51919942885255,74.7561632814348
6515,0.0,0.0,0.0,1.1866057663719811
6516,0.0,0.0,1.3629799857213138,0.0
6517,41.41613462022521,33.71601801709366,64.06005932890174,60.51689408497103
6518,67.30121875786597,0.0,62.697079343180434,40.34459605664735
6519,41.41613462022521,33.71601801709366,29.985559685868903,18.985692261951698
6520,36.23911779269706,50.574027025640504,16.355759828655767,17.799086495579715
6521,5.177016827528151,0.0,14.992779842934452,30.851749925671502
6522,0.0,0.0,1.3629799857213138,0.0
6523,15.531050482584453,16.85800900854683,14.992779842934452,10.679451897347828
6524,5.177016827528151,33.71601801709366,1.3629799857213138,4.7464230654879245
6525,25.885084137640757,33.71601801709366,27.259599714426276,7.119634598231885
6526,10.354033655056302,0.0,1.3629799857213138,11.86605766371981
6527,56.94718510280967,33.71601801709366,49.0672794859673,55.770471019483104
6528,0.0,16.85800900854683,1.3629799857213138,1.1866057663719811
6529,20.708067310112604,16.85800900854683,13.629799857213138,9.492846130975849
6530,119.07138703314749,118.00606305982784,141.74991851501665,157.81856692747348
6531,15.531050482584453,33.71601801709366,38.16343960019679,23.73211532743962
6532,15.531050482584453,0.0,62.697079343180434,49.837442187623196
6533,98.36331972303488,118.00606305982784,1292.1050264638054,2094.3591776465464
6534,56.94718510280967,50.574027025640504,81.77879914327883,55.770471019483104
6535,129.4254206882038,84.29004504273416,74.96389921467225,55.770471019483104
6536,20.708067310112604,0.0,43.61535954308204,68.82313444957491
6537,51.77016827528151,16.85800900854683,49.0672794859673,39.15799029027537
6538,0.0,0.0,4.088939957163942,9.492846130975849
6539,160.48752165337268,151.72208107692148,359.8267162304268,366.6611818089421
6540,5.177016827528151,16.85800900854683,24.53363974298365,14.23926919646377
6541,5.177016827528151,0.0,62.697079343180434,100.86149014161838
6542,15.531050482584453,16.85800900854683,57.24515940029518,41.53120182301934
6543,0.0,0.0,8.177879914327884,4.7464230654879245
6544,0.0,0.0,1.3629799857213138,1.1866057663719811
6545,0.0,0.0,1.3629799857213138,1.1866057663719811
6546,0.0,0.0,4.088939957163942,3.5598172991159425
6547,25.885084137640757,0.0,29.985559685868903,28.47853839292754
6548,10.354033655056302,33.71601801709366,40.889399571639416,13.05266343009179
6549,31.062100965168906,50.574027025640504,49.0672794859673,60.51689408497103
6550,15.531050482584453,0.0,4.088939957163942,4.7464230654879245
6551,10.354033655056302,50.574027025640504,17.71873981437708,9.492846130975849
6552,41.41613462022521,50.574027025640504,34.074499643032844,27.291932626555564
6553,5.177016827528151,0.0,0.0,1.1866057663719811
6554,0.0,0.0,10.90383988577051,23.73211532743962
6555,0.0,0.0,2.7259599714426277,13.05266343009179
6556,98.36331972303488,50.574027025640504,92.68263902904934,115.10075933808216
6557,5.177016827528151,0.0,2.7259599714426277,0.0
6558,20.708067310112604,16.85800900854683,13.629799857213138,9.492846130975849
6559,15.531050482584453,16.85800900854683,42.252379557360726,20.172298028323674
6560,72.47823558539412,16.85800900854683,34.074499643032844,37.971384523903396
6561,0.0,16.85800900854683,35.43747962875416,30.851749925671502
6562,5.177016827528151,50.574027025640504,2.7259599714426277,1.1866057663719811
6563,5.177016827528151,16.85800900854683,4.088939957163942,0.0
6564,0.0,0.0,14.992779842934452,16.612480729207732
6565,5.177016827528151,0.0,6.814899928606569,8.306240364603866
6566,5.177016827528151,50.574027025640504,23.170659757262335,32.03835569204349
6567,93.18630289550673,84.29004504273416,100.86051894337723,78.31598058055074
6568,0.0,0.0,0.0,1.1866057663719811
6569,5.177016827528151,50.574027025640504,27.259599714426276,1.1866057663719811
6570,5.177016827528151,16.85800900854683,6.814899928606569,9.492846130975849
6571,5.177016827528151,0.0,12.266819871491824,14.23926919646377
6572,88.00928606797856,16.85800900854683,99.4975389576559,124.59360546905799
6573,119.07138703314749,50.574027025640504,83.14177912900014,98.48827860887442
6574,5.177016827528151,16.85800900854683,9.540859900049197,8.306240364603866
6575,5.177016827528151,16.85800900854683,5.451919942885255,17.799086495579715
6576,119.07138703314749,67.43203603418732,129.4830986435248,150.6989323292416
6577,5.177016827528151,16.85800900854683,2.7259599714426277,4.7464230654879245
6578,0.0,0.0,0.0,1.1866057663719811
6579,0.0,0.0,1.3629799857213138,1.1866057663719811
6580,0.0,50.574027025640504,4.088939957163942,14.23926919646377
6581,41.41613462022521,33.71601801709366,27.259599714426276,29.665144159299523
6582,25.885084137640757,0.0,25.896619728704962,16.612480729207732
6583,5.177016827528151,0.0,4.088939957163942,1.1866057663719811
6584,253.67382454887942,168.58009008546833,222.16573767257415,198.16316298412082
6585,15.531050482584453,50.574027025640504,35.43747962875416,37.971384523903396
6586,31.062100965168906,67.43203603418732,40.889399571639416,56.95707678585508
6587,41.41613462022521,33.71601801709366,39.5264195859181,45.09101912213528
6588,5.177016827528151,16.85800900854683,57.24515940029518,22.54550956106764
6589,0.0,0.0,0.0,2.3732115327439622
6590,31.062100965168906,0.0,51.793239457409925,46.277624888507255
6591,5.177016827528151,0.0,12.266819871491824,4.7464230654879245
6592,25.885084137640757,16.85800900854683,38.16343960019679,18.985692261951698
6593,0.0,0.0,0.0,1.1866057663719811
6594,144.95647117078823,438.30823422221766,279.4108970728693,342.9290664815025
6595,0.0,0.0,0.0,1.1866057663719811
6596,0.0,0.0,19.081719800098394,21.358903794695657
6597,0.0,0.0,1.3629799857213138,0.0
6598,0.0,0.0,0.0,14.23926919646377
6599,10.354033655056302,0.0,6.814899928606569,8.306240364603866
6600,10.354033655056302,0.0,1.3629799857213138,4.7464230654879245
6601,0.0,0.0,2.7259599714426277,1.1866057663719811
6602,253.67382454887942,50.574027025640504,261.6921572584923,319.1969511540629
6603,41.41613462022521,50.574027025640504,19.081719800098394,29.665144159299523
6604,108.71735337809118,33.71601801709366,74.96389921467225,52.21065372036716
6605,10.354033655056302,16.85800900854683,44.97833952880335,64.07671138408698
6606,5.177016827528151,16.85800900854683,24.53363974298365,36.784778757531406
6607,0.0,0.0,2.7259599714426277,5.933028831859905
6608,72.47823558539412,50.574027025640504,73.60091922895094,85.43561517878263
6609,67.30121875786597,84.29004504273416,280.77387705859064,214.77564371332855
6610,0.0,16.85800900854683,32.711519657311534,113.91415357171016
6611,579.8258846831529,404.59221620512403,665.1342330320011,857.9159690869423
6612,98.36331972303488,134.86407206837464,66.78601930034436,41.53120182301934
6613,5.177016827528151,16.85800900854683,1.3629799857213138,4.7464230654879245
6614,0.0,0.0,10.90383988577051,13.05266343009179
6615,31.062100965168906,50.574027025640504,20.444699785819708,21.358903794695657
6616,25.885084137640757,16.85800900854683,23.170659757262335,18.985692261951698
6617,849.0307597146168,505.740270256405,752.3649521181652,818.7579787966667
6618,0.0,16.85800900854683,2.7259599714426277,5.933028831859905
6619,227.78874041123868,185.43809909401514,122.66819871491823,145.95250926375365
6620,0.0,0.0,1.3629799857213138,0.0
6621,10.354033655056302,33.71601801709366,20.444699785819708,27.291932626555564
6622,41.41613462022521,67.43203603418732,64.06005932890174,49.837442187623196
6623,36.23911779269706,50.574027025640504,134.93501858641005,151.88553809561358
6624,0.0,0.0,9.540859900049197,3.5598172991159425
6625,631.5960529584345,404.59221620512403,640.6005932890175,538.7190179328794
6626,0.0,0.0,1.3629799857213138,1.1866057663719811
6627,217.43470675618235,118.00606305982784,160.83163831511501,113.91415357171016
6628,0.0,16.85800900854683,0.0,0.0
6629,569.4718510280966,185.43809909401514,192.18017798670522,103.23470167436234
6630,51.77016827528151,67.43203603418732,76.32687920039358,84.24900941241064
6631,5.177016827528151,16.85800900854683,10.90383988577051,13.05266343009179
6632,0.0,0.0,13.629799857213138,16.612480729207732
6633,82.83226924045042,134.86407206837464,147.20183845790189,126.96681700180196
6634,67.30121875786597,101.14805405128101,171.73547820088552,167.31141305844932
6635,25.885084137640757,50.574027025640504,16.355759828655767,23.73211532743962
6636,5.177016827528151,0.0,2.7259599714426277,4.7464230654879245
6637,5.177016827528151,0.0,8.177879914327884,23.73211532743962
6638,0.0,0.0,6.814899928606569,5.933028831859905
6639,25.885084137640757,16.85800900854683,43.61535954308204,32.03835569204349
6640,0.0,0.0,1.3629799857213138,0.0
6641,46.593151447753364,33.71601801709366,32.711519657311534,21.358903794695657
6642,5.177016827528151,0.0,4.088939957163942,2.3732115327439622
6643,124.24840386067562,33.71601801709366,117.216278772033,105.60791320710631
6644,10.354033655056302,0.0,2.7259599714426277,5.933028831859905
6645,0.0,0.0,0.0,1.1866057663719811
6646,0.0,0.0,1.3629799857213138,0.0
6647,124.24840386067562,84.29004504273416,69.511979271787,71.19634598231886
6648,0.0,0.0,1.3629799857213138,0.0
6649,0.0,0.0,6.814899928606569,14.23926919646377
6650,93.18630289550673,33.71601801709366,73.60091922895094,70.00974021594688
6651,31.062100965168906,16.85800900854683,34.074499643032844,32.03835569204349
6652,20.708067310112604,0.0,5.451919942885255,8.306240364603866
6653,0.0,0.0,0.0,1.1866057663719811
6654,0.0,0.0,1.3629799857213138,2.3732115327439622
6655,0.0,0.0,0.0,4.7464230654879245
6656,0.0,0.0,16.355759828655767,20.172298028323674
6657,10.354033655056302,16.85800900854683,5.451919942885255,1.1866057663719811
6658,5.177016827528151,16.85800900854683,16.355759828655767,22.54550956106764
6659,119.07138703314749,118.00606305982784,119.94223874347561,122.22039393631405
6660,5.177016827528151,0.0,12.266819871491824,22.54550956106764
6661,98.36331972303488,16.85800900854683,39.5264195859181,41.53120182301934
6662,20.708067310112604,0.0,20.444699785819708,32.03835569204349
6663,10.354033655056302,0.0,1.3629799857213138,0.0
6664,41.41613462022521,33.71601801709366,28.62257970014759,15.425874962835751
6665,10.354033655056302,0.0,1.3629799857213138,1.1866057663719811
6666,0.0,0.0,8.177879914327884,1.1866057663719811
6667,1485.8038295005795,691.1783693504201,392.5382358877384,145.95250926375365
6668,20.708067310112604,0.0,23.170659757262335,35.59817299115943
6669,0.0,0.0,4.088939957163942,0.0
6670,0.0,0.0,1.3629799857213138,4.7464230654879245
6671,51.77016827528151,16.85800900854683,32.711519657311534,18.985692261951698
6672,0.0,0.0,0.0,3.5598172991159425
6673,56.94718510280967,84.29004504273416,58.6081393860165,48.65083642125122
6674,0.0,0.0,1.3629799857213138,0.0
6675,5.177016827528151,0.0,5.451919942885255,1.1866057663719811
6676,10.354033655056302,0.0,0.0,1.1866057663719811
6677,0.0,0.0,0.0,1.1866057663719811
6678,25.885084137640757,16.85800900854683,19.081719800098394,11.86605766371981
6679,0.0,0.0,1.3629799857213138,5.933028831859905
6680,113.89437020561934,84.29004504273416,109.0383988577051,115.10075933808216
6681,5.177016827528151,0.0,6.814899928606569,14.23926919646377
6682,0.0,0.0,0.0,1.1866057663719811
6683,41.41613462022521,84.29004504273416,43.61535954308204,39.15799029027537
6684,20.708067310112604,0.0,12.266819871491824,4.7464230654879245
6685,0.0,0.0,9.540859900049197,16.612480729207732
6686,0.0,0.0,0.0,1.1866057663719811
6687,15.531050482584453,16.85800900854683,43.61535954308204,42.71780758939131
6688,0.0,0.0,2.7259599714426277,0.0
6689,10.354033655056302,0.0,16.355759828655767,21.358903794695657
6690,10.354033655056302,0.0,9.540859900049197,4.7464230654879245
6691,36.23911779269706,16.85800900854683,39.5264195859181,34.411567224787454
6692,10.354033655056302,16.85800900854683,28.62257970014759,24.918721093811598
6693,320.97504330674536,219.15411711110883,286.2257970014759,280.0389608637875
6694,93.18630289550673,84.29004504273416,87.23071908616409,96.11506707613046
6695,0.0,0.0,1.3629799857213138,1.1866057663719811
6696,5.177016827528151,0.0,1.3629799857213138,0.0
6697,0.0,16.85800900854683,1.3629799857213138,0.0
6698,357.21416109944244,219.15411711110883,51.793239457409925,21.358903794695657
6699,62.12420193033781,16.85800900854683,58.6081393860165,77.12937481417876
6700,10.354033655056302,16.85800900854683,19.081719800098394,30.851749925671502
6701,0.0,0.0,1.3629799857213138,0.0
6702,0.0,16.85800900854683,0.0,0.0
6703,0.0,0.0,2.7259599714426277,5.933028831859905
6704,0.0,16.85800900854683,16.355759828655767,20.172298028323674
6705,0.0,0.0,5.451919942885255,16.612480729207732
6706,88.00928606797856,151.72208107692148,177.1873981437708,193.41673991863289
6707,0.0,0.0,0.0,1.1866057663719811
6708,10.354033655056302,33.71601801709366,8.177879914327884,5.933028831859905
6709,62.12420193033781,33.71601801709366,57.24515940029518,55.770471019483104
6710,0.0,33.71601801709366,2.7259599714426277,0.0
6711,25.885084137640757,16.85800900854683,25.896619728704962,37.971384523903396
6712,1335.670341502263,724.8943873675138,489.30981487395167,246.81399940537202
6713,5.177016827528151,0.0,23.170659757262335,26.10532686018358
6714,20.708067310112604,0.0,14.992779842934452,9.492846130975849
6715,15.531050482584453,16.85800900854683,9.540859900049197,23.73211532743962
6716,0.0,0.0,1.3629799857213138,0.0
6717,129.4254206882038,84.29004504273416,49.0672794859673,39.15799029027537
6718,0.0,0.0,0.0,4.7464230654879245
6719,41.41613462022521,33.71601801709366,25.896619728704962,23.73211532743962
6720,36.23911779269706,16.85800900854683,27.259599714426276,41.53120182301934
6721,51.77016827528151,50.574027025640504,24.53363974298365,43.90441335576329
6722,5.177016827528151,16.85800900854683,9.540859900049197,13.05266343009179
6723,10.354033655056302,0.0,23.170659757262335,37.971384523903396
6724,0.0,0.0,0.0,2.3732115327439622
6725,103.54033655056303,33.71601801709366,34.074499643032844,28.47853839292754
6726,0.0,0.0,1.3629799857213138,1.1866057663719811
6727,31.062100965168906,16.85800900854683,31.348539671590217,40.34459605664735
6728,0.0,0.0,0.0,1.1866057663719811
6729,5.177016827528151,0.0,10.90383988577051,9.492846130975849
6730,5.177016827528151,0.0,14.992779842934452,30.851749925671502
6731,5.177016827528151,0.0,2.7259599714426277,5.933028831859905
6732,20.708067310112604,16.85800900854683,46.34131951452467,39.15799029027537
6733,5.177016827528151,50.574027025640504,23.170659757262335,40.34459605664735
6734,5.177016827528151,0.0,9.540859900049197,2.3732115327439622
6735,20.708067310112604,33.71601801709366,8.177879914327884,15.425874962835751
6736,0.0,33.71601801709366,5.451919942885255,9.492846130975849
6737,46.593151447753364,33.71601801709366,20.444699785819708,40.34459605664735
6738,0.0,0.0,1.3629799857213138,4.7464230654879245
6739,15.531050482584453,33.71601801709366,9.540859900049197,10.679451897347828
6740,5.177016827528151,0.0,21.80767977154102,21.358903794695657
6741,20.708067310112604,101.14805405128101,50.430259471688615,34.411567224787454
6742,217.43470675618235,269.7281441367493,303.9445368158529,257.4934513027199
6743,0.0,0.0,0.0,1.1866057663719811
6744,15.531050482584453,16.85800900854683,17.71873981437708,20.172298028323674
6745,41.41613462022521,16.85800900854683,47.70429950024598,55.770471019483104
6746,15.531050482584453,0.0,4.088939957163942,7.119634598231885
6747,0.0,0.0,5.451919942885255,1.1866057663719811
6748,0.0,0.0,0.0,1.1866057663719811
6749,0.0,0.0,0.0,1.1866057663719811
6750,98.36331972303488,67.43203603418732,42.252379557360726,47.46423065487924
6751,243.31979089382313,151.72208107692148,169.0095182294429,136.45966313277782
6752,450.4004639949492,286.5861531452962,200.35805790103313,210.02922064784065
6753,0.0,0.0,1.3629799857213138,0.0
6754,5.177016827528151,0.0,19.081719800098394,15.425874962835751
6755,41.41613462022521,118.00606305982784,139.023958543574,149.5123265628696
6756,0.0,0.0,16.355759828655767,8.306240364603866
6757,305.44399282416094,337.16018017093666,474.31703503101716,472.2690950160484
6758,5.177016827528151,0.0,0.0,0.0
6759,31.062100965168906,33.71601801709366,143.11289850073794,130.5266343009179
6760,15.531050482584453,33.71601801709366,46.34131951452467,33.224961458415464
6761,46.593151447753364,16.85800900854683,38.16343960019679,47.46423065487924
6762,150.13348799831638,101.14805405128101,179.9133581152134,179.17747072216912
6763,46.593151447753364,16.85800900854683,42.252379557360726,36.784778757531406
6764,93.18630289550673,168.58009008546833,119.94223874347561,134.08645160003385
6765,5.177016827528151,0.0,17.71873981437708,13.05266343009179
6766,31.062100965168906,33.71601801709366,39.5264195859181,26.10532686018358
6767,0.0,0.0,2.7259599714426277,1.1866057663719811
6768,10.354033655056302,33.71601801709366,12.266819871491824,22.54550956106764
6769,15.531050482584453,33.71601801709366,32.711519657311534,34.411567224787454
6770,0.0,0.0,0.0,1.1866057663719811
6771,5.177016827528151,16.85800900854683,17.71873981437708,42.71780758939131
6772,10.354033655056302,50.574027025640504,20.444699785819708,23.73211532743962
6773,5.177016827528151,0.0,17.71873981437708,27.291932626555564
6774,25.885084137640757,0.0,36.80045961447547,32.03835569204349
6775,0.0,0.0,2.7259599714426277,0.0
6776,212.2576899286542,151.72208107692148,177.1873981437708,183.92389378765705
6777,5.177016827528151,0.0,2.7259599714426277,2.3732115327439622
6778,62.12420193033781,33.71601801709366,51.793239457409925,46.277624888507255
6779,46.593151447753364,16.85800900854683,10.90383988577051,11.86605766371981
6780,5.177016827528151,0.0,6.814899928606569,5.933028831859905
6781,15.531050482584453,0.0,13.629799857213138,15.425874962835751
6782,10.354033655056302,0.0,12.266819871491824,9.492846130975849
6783,10.354033655056302,33.71601801709366,25.896619728704962,30.851749925671502
6784,10.354033655056302,0.0,1.3629799857213138,3.5598172991159425
6785,31.062100965168906,0.0,8.177879914327884,7.119634598231885
6786,5.177016827528151,0.0,4.088939957163942,2.3732115327439622
6787,62.12420193033781,33.71601801709366,50.430259471688615,46.277624888507255
6788,72.47823558539412,33.71601801709366,16.355759828655767,21.358903794695657
6789,67.30121875786597,0.0,19.081719800098394,23.73211532743962
6790,0.0,0.0,1.3629799857213138,0.0
6791,25.885084137640757,0.0,14.992779842934452,20.172298028323674
6792,0.0,0.0,2.7259599714426277,0.0
6793,0.0,0.0,13.629799857213138,4.7464230654879245
6794,5.177016827528151,0.0,2.7259599714426277,4.7464230654879245
6795,25.885084137640757,33.71601801709366,8.177879914327884,7.119634598231885
6796,0.0,0.0,0.0,1.1866057663719811
6797,5.177016827528151,0.0,19.081719800098394,3.5598172991159425
6798,5.177016827528151,0.0,1.3629799857213138,2.3732115327439622
6799,113.89437020561934,84.29004504273416,74.96389921467225,80.6891921132947
6800,98.36331972303488,84.29004504273416,74.96389921467225,104.42130744073432
6801,10.354033655056302,0.0,0.0,0.0
6802,0.0,0.0,0.0,1.1866057663719811
6803,41.41613462022521,0.0,19.081719800098394,24.918721093811598
6804,10.354033655056302,0.0,8.177879914327884,5.933028831859905
6805,15.531050482584453,0.0,23.170659757262335,30.851749925671502
6806,155.31050482584453,269.7281441367493,62.697079343180434,33.224961458415464
6807,150.13348799831638,0.0,59.97111937173781,62.89010561771499
6808,25.885084137640757,16.85800900854683,14.992779842934452,15.425874962835751
6809,5.177016827528151,0.0,5.451919942885255,11.86605766371981
6810,0.0,0.0,1.3629799857213138,1.1866057663719811
6811,25.885084137640757,33.71601801709366,205.80997784391838,140.01948043189375
6812,15.531050482584453,0.0,61.33409935745912,71.19634598231886
6813,15.531050482584453,16.85800900854683,8.177879914327884,10.679451897347828
6814,10.354033655056302,16.85800900854683,12.266819871491824,22.54550956106764
6815,5.177016827528151,16.85800900854683,5.451919942885255,4.7464230654879245
6816,217.43470675618235,33.71601801709366,114.49031880059036,59.330288318599045
6817,88.00928606797856,118.00606305982784,76.32687920039358,78.31598058055074
6818,5.177016827528151,0.0,6.814899928606569,7.119634598231885
6819,5.177016827528151,0.0,0.0,0.0
6820,5.177016827528151,0.0,14.992779842934452,8.306240364603866
6821,25.885084137640757,33.71601801709366,8.177879914327884,24.918721093811598
6822,88.00928606797856,219.15411711110883,377.5454560448039,493.62799881074403
6823,36.23911779269706,0.0,29.985559685868903,17.799086495579715
6824,25.885084137640757,33.71601801709366,38.16343960019679,43.90441335576329
6825,176.01857213595713,202.29610810256202,94.04561901477065,137.64626889914982
6826,31.062100965168906,0.0,17.71873981437708,7.119634598231885
6827,5.177016827528151,16.85800900854683,12.266819871491824,17.799086495579715
6828,160.48752165337268,151.72208107692148,185.36527805809868,156.6319611611015
6829,160.48752165337268,151.72208107692148,77.68985918611489,43.90441335576329
6830,5.177016827528151,33.71601801709366,10.90383988577051,11.86605766371981
6831,170.84155530842898,16.85800900854683,72.23793924322963,104.42130744073432
6832,274.381891858992,101.14805405128101,169.0095182294429,213.58903794695655
6833,20.708067310112604,16.85800900854683,14.992779842934452,16.612480729207732
6834,0.0,0.0,1.3629799857213138,1.1866057663719811
6835,0.0,0.0,12.266819871491824,1.1866057663719811
6836,56.94718510280967,33.71601801709366,24.53363974298365,43.90441335576329
6837,0.0,0.0,12.266819871491824,8.306240364603866
6838,41.41613462022521,0.0,34.074499643032844,37.971384523903396
6839,41.41613462022521,50.574027025640504,61.33409935745912,56.95707678585508
6840,0.0,0.0,17.71873981437708,21.358903794695657
6841,46.593151447753364,67.43203603418732,17.71873981437708,18.985692261951698
6842,72.47823558539412,16.85800900854683,29.985559685868903,27.291932626555564
6843,139.77945434326008,84.29004504273416,119.94223874347561,138.83287466552176
6844,5.177016827528151,16.85800900854683,19.081719800098394,28.47853839292754
6845,5.177016827528151,0.0,0.0,1.1866057663719811
6846,196.72663944606975,16.85800900854683,171.73547820088552,137.64626889914982
6847,25.885084137640757,0.0,16.355759828655767,26.10532686018358
6848,5.177016827528151,50.574027025640504,14.992779842934452,24.918721093811598
6849,36.23911779269706,0.0,44.97833952880335,37.971384523903396
6850,0.0,0.0,4.088939957163942,5.933028831859905
6851,77.65525241292227,67.43203603418732,19.081719800098394,14.23926919646377
6852,517.7016827528151,472.02425223931135,921.374470347608,1016.9211417807877
6853,31.062100965168906,16.85800900854683,65.42303931462307,51.024047953995186
6854,36.23911779269706,67.43203603418732,24.53363974298365,66.44992291683093
6855,36.23911779269706,84.29004504273416,35.43747962875416,42.71780758939131
6856,56.94718510280967,67.43203603418732,13.629799857213138,29.665144159299523
6857,36.23911779269706,67.43203603418732,47.70429950024598,47.46423065487924
6858,222.6117235837105,151.72208107692148,208.535937815361,281.2255666301595
6859,0.0,0.0,0.0,1.1866057663719811
6860,0.0,0.0,1.3629799857213138,1.1866057663719811
6861,0.0,0.0,6.814899928606569,0.0
6862,51.77016827528151,16.85800900854683,51.793239457409925,28.47853839292754
6863,25.885084137640757,84.29004504273416,34.074499643032844,41.53120182301934
6864,25.885084137640757,50.574027025640504,58.6081393860165,65.26331715045895
6865,25.885084137640757,16.85800900854683,17.71873981437708,20.172298028323674
6866,15.531050482584453,0.0,31.348539671590217,22.54550956106764
6867,0.0,0.0,5.451919942885255,7.119634598231885
6868,93.18630289550673,118.00606305982784,61.33409935745912,64.07671138408698
6869,56.94718510280967,118.00606305982784,55.88217941457387,61.703499851343004
6870,0.0,0.0,1.3629799857213138,0.0
6871,186.37260579101346,118.00606305982784,145.83885847218056,167.31141305844932
6872,62.12420193033781,16.85800900854683,53.15621944313124,54.58386525311113
6873,20.708067310112604,0.0,27.259599714426276,33.224961458415464
6874,41.41613462022521,0.0,49.0672794859673,47.46423065487924
6875,56.94718510280967,50.574027025640504,49.0672794859673,45.09101912213528
6876,67.30121875786597,50.574027025640504,81.77879914327883,70.00974021594688
6877,36.23911779269706,67.43203603418732,20.444699785819708,18.985692261951698
6878,0.0,0.0,2.7259599714426277,2.3732115327439622
6879,62.12420193033781,50.574027025640504,81.77879914327883,53.39725948673914
6880,201.9036562735979,320.3021711623898,193.54315797242654,176.80425918942515
6881,20.708067310112604,33.71601801709366,36.80045961447547,60.51689408497103
6882,31.062100965168906,16.85800900854683,4.088939957163942,30.851749925671502
6883,5.177016827528151,0.0,19.081719800098394,20.172298028323674
6884,98.36331972303488,101.14805405128101,76.32687920039358,84.24900941241064
6885,0.0,16.85800900854683,0.0,0.0
6886,77.65525241292227,67.43203603418732,28.62257970014759,23.73211532743962
6887,62.12420193033781,33.71601801709366,14.992779842934452,24.918721093811598
6888,5.177016827528151,0.0,2.7259599714426277,5.933028831859905
6889,0.0,0.0,0.0,1.1866057663719811
6890,15.531050482584453,0.0,8.177879914327884,11.86605766371981
6891,217.43470675618235,219.15411711110883,87.23071908616409,53.39725948673914
6892,0.0,0.0,5.451919942885255,1.1866057663719811
6893,0.0,0.0,1.3629799857213138,2.3732115327439622
6894,0.0,0.0,0.0,9.492846130975849
6895,0.0,0.0,0.0,1.1866057663719811
6896,0.0,0.0,1.3629799857213138,0.0
6897,51.77016827528151,0.0,62.697079343180434,49.837442187623196
6898,0.0,0.0,1.3629799857213138,3.5598172991159425
6899,393.4532788921395,354.0181891794835,213.98785775824624,242.0675763398841
6900,491.8165986151744,370.8761981880303,313.48539671590214,379.7138452390339
6901,20.708067310112604,16.85800900854683,13.629799857213138,10.679451897347828
6902,0.0,0.0,0.0,1.1866057663719811
6903,5.177016827528151,33.71601801709366,80.41581915755751,46.277624888507255
6904,5.177016827528151,16.85800900854683,20.444699785819708,16.612480729207732
6905,10.354033655056302,33.71601801709366,46.34131951452467,64.07671138408698
6906,5.177016827528151,16.85800900854683,5.451919942885255,4.7464230654879245
6907,46.593151447753364,67.43203603418732,49.0672794859673,43.90441335576329
6908,51.77016827528151,134.86407206837464,49.0672794859673,41.53120182301934
6909,36.23911779269706,50.574027025640504,104.94945890054116,88.99543247789858
6910,31.062100965168906,16.85800900854683,50.430259471688615,49.837442187623196
6911,72.47823558539412,101.14805405128101,81.77879914327883,88.99543247789858
6912,20.708067310112604,16.85800900854683,2.7259599714426277,9.492846130975849
6913,0.0,0.0,1.3629799857213138,0.0
6914,20.708067310112604,33.71601801709366,14.992779842934452,17.799086495579715
6915,36.23911779269706,84.29004504273416,137.66097855785267,129.34002853454592
6916,0.0,0.0,5.451919942885255,3.5598172991159425
6917,0.0,0.0,0.0,5.933028831859905
6918,0.0,0.0,0.0,1.1866057663719811
6919,15.531050482584453,50.574027025640504,10.90383988577051,9.492846130975849
6920,36.23911779269706,16.85800900854683,4.088939957163942,1.1866057663719811
6921,113.89437020561934,151.72208107692148,73.60091922895094,83.06240364603867
6922,5.177016827528151,16.85800900854683,9.540859900049197,18.985692261951698
6923,0.0,0.0,1.3629799857213138,1.1866057663719811
6924,5.177016827528151,16.85800900854683,32.711519657311534,28.47853839292754
6925,67.30121875786597,33.71601801709366,32.711519657311534,40.34459605664735
6926,41.41613462022521,16.85800900854683,34.074499643032844,34.411567224787454
6927,0.0,0.0,6.814899928606569,10.679451897347828
6928,0.0,0.0,2.7259599714426277,3.5598172991159425
6929,0.0,0.0,0.0,1.1866057663719811
6930,0.0,0.0,20.444699785819708,29.665144159299523
6931,212.2576899286542,185.43809909401514,194.90613795814787,201.72298028323675
6932,20.708067310112604,0.0,10.90383988577051,16.612480729207732
6933,20.708067310112604,16.85800900854683,49.0672794859673,163.75159575933338
6934,113.89437020561934,151.72208107692148,140.38693852929532,150.6989323292416
6935,0.0,0.0,0.0,1.1866057663719811
6936,15.531050482584453,0.0,1.3629799857213138,0.0
6937,25.885084137640757,16.85800900854683,9.540859900049197,8.306240364603866
6938,5.177016827528151,0.0,2.7259599714426277,9.492846130975849
6939,5.177016827528151,0.0,4.088939957163942,5.933028831859905
6940,5.177016827528151,16.85800900854683,16.355759828655767,9.492846130975849
6941,0.0,0.0,8.177879914327884,16.612480729207732
6942,56.94718510280967,84.29004504273416,23.170659757262335,22.54550956106764
6943,5.177016827528151,33.71601801709366,83.14177912900014,87.80882671152658
6944,51.77016827528151,67.43203603418732,28.62257970014759,37.971384523903396
6945,15.531050482584453,16.85800900854683,21.80767977154102,24.918721093811598
6946,41.41613462022521,0.0,25.896619728704962,34.411567224787454
6947,51.77016827528151,16.85800900854683,31.348539671590217,39.15799029027537
6948,10.354033655056302,16.85800900854683,9.540859900049197,16.612480729207732
6949,5.177016827528151,16.85800900854683,9.540859900049197,16.612480729207732
6950,36.23911779269706,16.85800900854683,31.348539671590217,30.851749925671502
6951,160.48752165337268,84.29004504273416,62.697079343180434,51.024047953995186
6952,0.0,0.0,1.3629799857213138,1.1866057663719811
6953,232.96575723876683,522.5982792649519,421.1608155878859,280.0389608637875
6954,0.0,16.85800900854683,1.3629799857213138,2.3732115327439622
6955,5.177016827528151,16.85800900854683,10.90383988577051,7.119634598231885
6956,25.885084137640757,16.85800900854683,38.16343960019679,33.224961458415464
6957,25.885084137640757,50.574027025640504,35.43747962875416,21.358903794695657
6958,5.177016827528151,16.85800900854683,9.540859900049197,5.933028831859905
6959,15.531050482584453,16.85800900854683,9.540859900049197,15.425874962835751
6960,0.0,0.0,6.814899928606569,10.679451897347828
6961,0.0,16.85800900854683,4.088939957163942,4.7464230654879245
6962,62.12420193033781,67.43203603418732,264.4181172299349,316.8237396213189
6963,25.885084137640757,0.0,16.355759828655767,11.86605766371981
6964,15.531050482584453,67.43203603418732,20.444699785819708,26.10532686018358
6965,289.91294234157647,151.72208107692148,156.74269835795107,124.59360546905799
6966,20.708067310112604,16.85800900854683,40.889399571639416,51.024047953995186
6967,62.12420193033781,67.43203603418732,31.348539671590217,58.14368255222707
6968,10.354033655056302,0.0,17.71873981437708,16.612480729207732
6969,5.177016827528151,16.85800900854683,0.0,0.0
6970,0.0,0.0,0.0,5.933028831859905
6971,25.885084137640757,33.71601801709366,29.985559685868903,47.46423065487924
6972,15.531050482584453,0.0,13.629799857213138,15.425874962835751
6973,119.07138703314749,16.85800900854683,62.697079343180434,59.330288318599045
6974,10.354033655056302,16.85800900854683,2.7259599714426277,4.7464230654879245
6975,5.177016827528151,0.0,5.451919942885255,4.7464230654879245
6976,0.0,0.0,1.3629799857213138,1.1866057663719811
6977,5.177016827528151,16.85800900854683,13.629799857213138,14.23926919646377
6978,62.12420193033781,118.00606305982784,46.34131951452467,36.784778757531406
6979,0.0,33.71601801709366,5.451919942885255,10.679451897347828
6980,0.0,0.0,9.540859900049197,5.933028831859905
6981,0.0,16.85800900854683,1.3629799857213138,2.3732115327439622
6982,0.0,0.0,4.088939957163942,7.119634598231885
6983,496.9936154427025,522.5982792649519,460.687235173804,434.29771049214503
6984,5.177016827528151,0.0,1.3629799857213138,3.5598172991159425
6985,31.062100965168906,0.0,23.170659757262335,21.358903794695657
6986,51.77016827528151,67.43203603418732,47.70429950024598,55.770471019483104
6987,124.24840386067562,101.14805405128101,70.87495925750832,92.55524977701451
6988,25.885084137640757,50.574027025640504,14.992779842934452,34.411567224787454
6989,62.12420193033781,67.43203603418732,32.711519657311534,39.15799029027537
6990,15.531050482584453,0.0,2.7259599714426277,2.3732115327439622
6991,25.885084137640757,16.85800900854683,12.266819871491824,10.679451897347828
6992,10.354033655056302,0.0,10.90383988577051,15.425874962835751
6993,139.77945434326008,151.72208107692148,175.82441815804947,128.15342276817395
6994,217.43470675618235,134.86407206837464,79.0528391718362,83.06240364603867
6995,20.708067310112604,16.85800900854683,34.074499643032844,26.10532686018358
6996,10.354033655056302,0.0,10.90383988577051,23.73211532743962
6997,0.0,16.85800900854683,55.88217941457387,49.837442187623196
6998,20.708067310112604,16.85800900854683,34.074499643032844,48.65083642125122
6999,36.23911779269706,67.43203603418732,44.97833952880335,48.65083642125122
7000,20.708067310112604,0.0,50.430259471688615,39.15799029027537
7001,31.062100965168906,33.71601801709366,64.06005932890174,40.34459605664735
7002,227.78874041123868,168.58009008546833,152.65375840078715,118.66057663719809
7003,0.0,0.0,1.3629799857213138,0.0
7004,0.0,0.0,1.3629799857213138,3.5598172991159425
7005,0.0,0.0,31.348539671590217,14.23926919646377
7006,0.0,0.0,0.0,1.1866057663719811
7007,41.41613462022521,50.574027025640504,23.170659757262335,23.73211532743962
7008,36.23911779269706,33.71601801709366,40.889399571639416,14.23926919646377
7009,25.885084137640757,33.71601801709366,6.814899928606569,4.7464230654879245
7010,786.906557784279,320.3021711623898,294.40367691580377,189.85692261951695
7011,5.177016827528151,0.0,17.71873981437708,11.86605766371981
7012,51.77016827528151,50.574027025640504,25.896619728704962,16.612480729207732
7013,10.354033655056302,0.0,4.088939957163942,2.3732115327439622
7014,139.77945434326008,168.58009008546833,73.60091922895094,47.46423065487924
7015,82.83226924045042,16.85800900854683,68.14899928606569,54.58386525311113
7016,5.177016827528151,0.0,2.7259599714426277,1.1866057663719811
7017,0.0,0.0,2.7259599714426277,2.3732115327439622
7018,10.354033655056302,16.85800900854683,19.081719800098394,17.799086495579715
7019,0.0,0.0,24.53363974298365,40.34459605664735
7020,46.593151447753364,33.71601801709366,57.24515940029518,66.44992291683093
7021,0.0,16.85800900854683,6.814899928606569,0.0
7022,20.708067310112604,0.0,8.177879914327884,4.7464230654879245
7023,5.177016827528151,16.85800900854683,12.266819871491824,18.985692261951698
7024,88.00928606797856,84.29004504273416,167.64653824372158,136.45966313277782
7025,0.0,0.0,0.0,1.1866057663719811
7026,67.30121875786597,67.43203603418732,39.5264195859181,42.71780758939131
7027,46.593151447753364,50.574027025640504,31.348539671590217,29.665144159299523
7028,10.354033655056302,16.85800900854683,0.0,7.119634598231885
7029,20.708067310112604,0.0,10.90383988577051,10.679451897347828
7030,10.354033655056302,0.0,0.0,5.933028831859905
7031,843.8537428870886,674.3203603418733,798.7062716326899,576.6904024567827
7032,4183.029596642746,2073.53510805126,1803.222521109298,1565.1330058446429
7033,0.0,0.0,1.3629799857213138,2.3732115327439622
7034,0.0,50.574027025640504,5.451919942885255,2.3732115327439622
7035,0.0,0.0,4.088939957163942,4.7464230654879245
7036,0.0,0.0,4.088939957163942,11.86605766371981
7037,10.354033655056302,0.0,17.71873981437708,16.612480729207732
7038,56.94718510280967,33.71601801709366,65.42303931462307,79.50258634692273
7039,36.23911779269706,50.574027025640504,10.90383988577051,13.05266343009179
7040,36.23911779269706,16.85800900854683,80.41581915755751,58.14368255222707
7041,709.2513053713567,286.5861531452962,482.49491494534504,403.4459605664735
7042,0.0,0.0,10.90383988577051,4.7464230654879245
7043,15.531050482584453,0.0,8.177879914327884,3.5598172991159425
7044,367.56819475449873,269.7281441367493,212.62487777252497,118.66057663719809
7045,0.0,0.0,1.3629799857213138,0.0
7046,10.354033655056302,50.574027025640504,8.177879914327884,13.05266343009179
7047,103.54033655056303,33.71601801709366,47.70429950024598,65.26331715045895
7048,191.5496226185416,185.43809909401514,134.93501858641005,109.16773050622226
7049,186.37260579101346,16.85800900854683,139.023958543574,187.48371108677298
7050,93.18630289550673,0.0,80.41581915755751,86.62222094515461
7051,20.708067310112604,33.71601801709366,38.16343960019679,55.770471019483104
7052,41.41613462022521,0.0,9.540859900049197,9.492846130975849
7053,51.77016827528151,33.71601801709366,80.41581915755751,55.770471019483104
7054,0.0,0.0,2.7259599714426277,2.3732115327439622
7055,201.9036562735979,50.574027025640504,110.40137884342641,107.98112473985027
7056,67.30121875786597,16.85800900854683,34.074499643032844,49.837442187623196
7057,0.0,0.0,1.3629799857213138,0.0
7058,46.593151447753364,16.85800900854683,25.896619728704962,23.73211532743962
7059,0.0,16.85800900854683,9.540859900049197,9.492846130975849
7060,15.531050482584453,16.85800900854683,8.177879914327884,5.933028831859905
7061,0.0,0.0,10.90383988577051,13.05266343009179
7062,362.3911779269706,337.16018017093666,317.5743366730661,271.73272049918364
7063,5.177016827528151,0.0,12.266819871491824,17.799086495579715
7064,25.885084137640757,33.71601801709366,89.9566790576067,74.7561632814348
7065,0.0,16.85800900854683,2.7259599714426277,21.358903794695657
7066,51.77016827528151,0.0,51.793239457409925,29.665144159299523
7067,15.531050482584453,0.0,10.90383988577051,3.5598172991159425
7068,5.177016827528151,0.0,0.0,0.0
7069,0.0,33.71601801709366,9.540859900049197,13.05266343009179
7070,36.23911779269706,50.574027025640504,29.985559685868903,48.65083642125122
7071,5.177016827528151,0.0,31.348539671590217,23.73211532743962
7072,0.0,0.0,2.7259599714426277,4.7464230654879245
7073,88.00928606797856,84.29004504273416,163.55759828655766,214.77564371332855
7074,20.708067310112604,0.0,29.985559685868903,36.784778757531406
7075,5.177016827528151,16.85800900854683,24.53363974298365,26.10532686018358
7076,0.0,0.0,5.451919942885255,80.6891921132947
7077,82.83226924045042,67.43203603418732,104.94945890054116,59.330288318599045
7078,31.062100965168906,33.71601801709366,20.444699785819708,37.971384523903396
7079,0.0,16.85800900854683,9.540859900049197,7.119634598231885
7080,56.94718510280967,67.43203603418732,51.793239457409925,59.330288318599045
7081,0.0,0.0,1.3629799857213138,1.1866057663719811
7082,315.79802647921724,101.14805405128101,253.51427734416438,306.14428772397105
7083,36.23911779269706,84.29004504273416,31.348539671590217,40.34459605664735
7084,31.062100965168906,0.0,10.90383988577051,14.23926919646377
7085,20.708067310112604,0.0,5.451919942885255,0.0
7086,15.531050482584453,16.85800900854683,35.43747962875416,34.411567224787454
7087,0.0,0.0,1.3629799857213138,0.0
7088,46.593151447753364,33.71601801709366,44.97833952880335,61.703499851343004
7089,248.49680772135125,252.8701351282025,344.83393638749243,313.263922322203
7090,56.94718510280967,67.43203603418732,14.992779842934452,14.23926919646377
7091,31.062100965168906,16.85800900854683,36.80045961447547,35.59817299115943
7092,0.0,16.85800900854683,6.814899928606569,17.799086495579715
7093,20.708067310112604,0.0,12.266819871491824,30.851749925671502
7094,450.4004639949492,387.73420719657713,467.5021351024106,567.1975563258069
7095,0.0,0.0,2.7259599714426277,3.5598172991159425
7096,5.177016827528151,16.85800900854683,2.7259599714426277,2.3732115327439622
7097,10.354033655056302,0.0,4.088939957163942,3.5598172991159425
7098,0.0,0.0,1.3629799857213138,1.1866057663719811
7099,0.0,0.0,4.088939957163942,9.492846130975849
7100,0.0,0.0,1.3629799857213138,4.7464230654879245
7101,0.0,0.0,2.7259599714426277,7.119634598231885
7102,0.0,0.0,1.3629799857213138,0.0
7103,31.062100965168906,0.0,13.629799857213138,13.05266343009179
7104,25.885084137640757,16.85800900854683,28.62257970014759,37.971384523903396
7105,279.55890868652017,303.44416215384297,308.0334767730169,287.1585954620194
7106,0.0,0.0,0.0,1.1866057663719811
7107,108.71735337809118,151.72208107692148,139.023958543574,149.5123265628696
7108,20.708067310112604,67.43203603418732,40.889399571639416,51.024047953995186
7109,10.354033655056302,16.85800900854683,69.511979271787,54.58386525311113
7110,0.0,0.0,17.71873981437708,22.54550956106764
7111,31.062100965168906,50.574027025640504,100.86051894337723,105.60791320710631
7112,5.177016827528151,16.85800900854683,20.444699785819708,8.306240364603866
7113,46.593151447753364,33.71601801709366,36.80045961447547,26.10532686018358
7114,0.0,0.0,1.3629799857213138,0.0
7115,31.062100965168906,16.85800900854683,43.61535954308204,28.47853839292754
7116,20.708067310112604,0.0,19.081719800098394,13.05266343009179
7117,41.41613462022521,16.85800900854683,49.0672794859673,24.918721093811598
7118,0.0,16.85800900854683,14.992779842934452,8.306240364603866
7119,0.0,0.0,27.259599714426276,24.918721093811598
7120,0.0,0.0,32.711519657311534,22.54550956106764
7121,0.0,0.0,1.3629799857213138,0.0
7122,10.354033655056302,16.85800900854683,1.3629799857213138,7.119634598231885
7123,41.41613462022521,16.85800900854683,70.87495925750832,46.277624888507255
7124,0.0,0.0,46.34131951452467,32.03835569204349
7125,0.0,0.0,17.71873981437708,0.0
7126,31.062100965168906,0.0,111.76435882914774,104.42130744073432
7127,15.531050482584453,33.71601801709366,36.80045961447547,42.71780758939131
7128,0.0,0.0,2.7259599714426277,5.933028831859905
7129,5.177016827528151,0.0,50.430259471688615,37.971384523903396
7130,0.0,0.0,0.0,1.1866057663719811
7131,0.0,0.0,0.0,2.3732115327439622
7132,31.062100965168906,0.0,74.96389921467225,83.06240364603867
7133,5.177016827528151,0.0,6.814899928606569,3.5598172991159425
7134,5.177016827528151,33.71601801709366,21.80767977154102,32.03835569204349
7135,15.531050482584453,0.0,5.451919942885255,18.985692261951698
7136,0.0,16.85800900854683,19.081719800098394,16.612480729207732
7137,5.177016827528151,33.71601801709366,16.355759828655767,15.425874962835751
7138,88.00928606797856,84.29004504273416,81.77879914327883,91.36864401064253
7139,15.531050482584453,33.71601801709366,9.540859900049197,10.679451897347828
7140,5.177016827528151,16.85800900854683,31.348539671590217,30.851749925671502
7141,82.83226924045042,134.86407206837464,79.0528391718362,74.7561632814348
7142,486.63958178764625,354.0181891794835,250.78831737272174,124.59360546905799
7143,93.18630289550673,101.14805405128101,92.68263902904934,107.98112473985027
7144,10.354033655056302,33.71601801709366,53.15621944313124,40.34459605664735
7145,5.177016827528151,0.0,19.081719800098394,21.358903794695657
7146,31.062100965168906,33.71601801709366,20.444699785819708,26.10532686018358
7147,0.0,16.85800900854683,0.0,1.1866057663719811
7148,5.177016827528151,0.0,1.3629799857213138,2.3732115327439622
7149,0.0,0.0,0.0,2.3732115327439622
7150,25.885084137640757,16.85800900854683,25.896619728704962,23.73211532743962
7151,0.0,0.0,6.814899928606569,14.23926919646377
7152,0.0,0.0,2.7259599714426277,1.1866057663719811
7153,0.0,0.0,1.3629799857213138,0.0
7154,56.94718510280967,50.574027025640504,43.61535954308204,20.172298028323674
7155,15.531050482584453,16.85800900854683,28.62257970014759,24.918721093811598
7156,0.0,0.0,2.7259599714426277,3.5598172991159425
7157,5.177016827528151,16.85800900854683,2.7259599714426277,0.0
7158,25.885084137640757,0.0,23.170659757262335,14.23926919646377
7159,15.531050482584453,16.85800900854683,17.71873981437708,24.918721093811598
7160,0.0,0.0,4.088939957163942,1.1866057663719811
7161,41.41613462022521,0.0,29.985559685868903,28.47853839292754
7162,0.0,0.0,1.3629799857213138,1.1866057663719811
7163,10.354033655056302,16.85800900854683,10.90383988577051,15.425874962835751
7164,5.177016827528151,16.85800900854683,9.540859900049197,10.679451897347828
7165,5.177016827528151,16.85800900854683,14.992779842934452,10.679451897347828
7166,5.177016827528151,33.71601801709366,19.081719800098394,11.86605766371981
7167,51.77016827528151,84.29004504273416,43.61535954308204,49.837442187623196
7168,10.354033655056302,33.71601801709366,2.7259599714426277,3.5598172991159425
7169,5.177016827528151,0.0,0.0,2.3732115327439622
7170,0.0,0.0,4.088939957163942,8.306240364603866
7171,398.63029571966763,202.29610810256202,393.90121587345965,369.03439334168604
7172,191.5496226185416,168.58009008546833,111.76435882914774,100.86149014161838
7173,10.354033655056302,16.85800900854683,9.540859900049197,14.23926919646377
7174,46.593151447753364,84.29004504273416,42.252379557360726,73.56955751506281
7175,5.177016827528151,0.0,6.814899928606569,14.23926919646377
7176,0.0,0.0,0.0,2.3732115327439622
7177,31.062100965168906,16.85800900854683,24.53363974298365,30.851749925671502
7178,88.00928606797856,33.71601801709366,174.46143817232817,121.03378816994206
7179,31.062100965168906,33.71601801709366,36.80045961447547,55.770471019483104
7180,20.708067310112604,0.0,32.711519657311534,27.291932626555564
7181,56.94718510280967,33.71601801709366,53.15621944313124,60.51689408497103
7182,5.177016827528151,16.85800900854683,42.252379557360726,37.971384523903396
7183,0.0,0.0,4.088939957163942,3.5598172991159425
7184,0.0,0.0,4.088939957163942,4.7464230654879245
7185,67.30121875786597,50.574027025640504,76.32687920039358,77.12937481417876
7186,20.708067310112604,16.85800900854683,40.889399571639416,37.971384523903396
7187,15.531050482584453,0.0,42.252379557360726,42.71780758939131
7188,108.71735337809118,84.29004504273416,160.83163831511501,113.91415357171016
7189,56.94718510280967,50.574027025640504,39.5264195859181,47.46423065487924
7190,336.50609378932984,236.01212611965568,79.0528391718362,59.330288318599045
7191,36.23911779269706,50.574027025640504,28.62257970014759,33.224961458415464
7192,15.531050482584453,33.71601801709366,36.80045961447547,30.851749925671502
7193,88.00928606797856,50.574027025640504,115.85329878631167,87.80882671152658
7194,20.708067310112604,33.71601801709366,27.259599714426276,16.612480729207732
7195,0.0,0.0,14.992779842934452,7.119634598231885
7196,160.48752165337268,151.72208107692148,188.0912380295413,173.24444189030922
7197,41.41613462022521,0.0,24.53363974298365,18.985692261951698
7198,10.354033655056302,16.85800900854683,19.081719800098394,16.612480729207732
7199,5.177016827528151,16.85800900854683,27.259599714426276,39.15799029027537
7200,25.885084137640757,0.0,29.985559685868903,11.86605766371981
7201,67.30121875786597,50.574027025640504,62.697079343180434,66.44992291683093
7202,93.18630289550673,33.71601801709366,87.23071908616409,78.31598058055074
7203,0.0,0.0,5.451919942885255,14.23926919646377
7204,10.354033655056302,33.71601801709366,12.266819871491824,26.10532686018358
7205,15.531050482584453,0.0,14.992779842934452,33.224961458415464
7206,0.0,0.0,5.451919942885255,24.918721093811598
7207,0.0,0.0,6.814899928606569,8.306240364603866
7208,88.00928606797856,101.14805405128101,76.32687920039358,74.7561632814348
7209,0.0,16.85800900854683,2.7259599714426277,8.306240364603866
7210,15.531050482584453,0.0,16.355759828655767,24.918721093811598
7211,20.708067310112604,33.71601801709366,17.71873981437708,18.985692261951698
7212,0.0,0.0,2.7259599714426277,7.119634598231885
7213,0.0,0.0,1.3629799857213138,1.1866057663719811
7214,0.0,0.0,2.7259599714426277,1.1866057663719811
7215,212.2576899286542,134.86407206837464,189.45421801526263,193.41673991863289
7216,25.885084137640757,0.0,31.348539671590217,24.918721093811598
7217,15.531050482584453,0.0,20.444699785819708,9.492846130975849
7218,31.062100965168906,0.0,34.074499643032844,22.54550956106764
7219,0.0,0.0,0.0,1.1866057663719811
7220,46.593151447753364,33.71601801709366,59.97111937173781,77.12937481417876
7221,0.0,0.0,201.72103788675446,104.42130744073432
7222,25.885084137640757,33.71601801709366,35.43747962875416,23.73211532743962
7223,10.354033655056302,0.0,8.177879914327884,5.933028831859905
7224,36.23911779269706,33.71601801709366,23.170659757262335,22.54550956106764
7225,5.177016827528151,0.0,1.3629799857213138,0.0
7226,0.0,0.0,0.0,2.3732115327439622
7227,0.0,0.0,1.3629799857213138,2.3732115327439622
7228,20.708067310112604,16.85800900854683,8.177879914327884,10.679451897347828
7229,5.177016827528151,0.0,0.0,7.119634598231885
7230,569.4718510280966,354.0181891794835,257.6032173013283,154.25874962835752
7231,0.0,0.0,2.7259599714426277,4.7464230654879245
7232,62.12420193033781,84.29004504273416,40.889399571639416,58.14368255222707
7233,471.1085313050618,337.16018017093666,294.40367691580377,328.6897972850387
7234,15.531050482584453,33.71601801709366,40.889399571639416,48.65083642125122
7235,67.30121875786597,50.574027025640504,19.081719800098394,30.851749925671502
7236,0.0,0.0,0.0,5.933028831859905
7237,15.531050482584453,16.85800900854683,17.71873981437708,24.918721093811598
7238,46.593151447753364,33.71601801709366,27.259599714426276,24.918721093811598
7239,77.65525241292227,16.85800900854683,46.34131951452467,67.63652868320291
7240,5.177016827528151,0.0,6.814899928606569,10.679451897347828
7241,274.381891858992,84.29004504273416,88.5936990718854,74.7561632814348
7242,15.531050482584453,50.574027025640504,27.259599714426276,41.53120182301934
7243,10.354033655056302,33.71601801709366,19.081719800098394,13.05266343009179
7244,10.354033655056302,0.0,19.081719800098394,18.985692261951698
7245,0.0,0.0,14.992779842934452,28.47853839292754
7246,0.0,0.0,1.3629799857213138,8.306240364603866
7247,20.708067310112604,33.71601801709366,13.629799857213138,15.425874962835751
7248,5.177016827528151,0.0,43.61535954308204,39.15799029027537
7249,341.68311061685796,354.0181891794835,411.61995568783675,363.10136450982617
7250,5.177016827528151,16.85800900854683,0.0,3.5598172991159425
7251,20.708067310112604,16.85800900854683,5.451919942885255,10.679451897347828
7252,0.0,0.0,0.0,1.1866057663719811
7253,0.0,0.0,5.451919942885255,2.3732115327439622
7254,15.531050482584453,0.0,9.540859900049197,2.3732115327439622
7255,0.0,0.0,2.7259599714426277,1.1866057663719811
7256,5.177016827528151,16.85800900854683,68.14899928606569,29.665144159299523
7257,20.708067310112604,0.0,31.348539671590217,21.358903794695657
7258,15.531050482584453,0.0,5.451919942885255,23.73211532743962
7259,440.0464303398929,202.29610810256202,323.02625661595135,234.94794174165222
7260,15.531050482584453,0.0,23.170659757262335,20.172298028323674
7261,5.177016827528151,0.0,4.088939957163942,11.86605766371981
7262,62.12420193033781,0.0,68.14899928606569,78.31598058055074
7263,10.354033655056302,0.0,21.80767977154102,18.985692261951698
7264,25.885084137640757,33.71601801709366,8.177879914327884,7.119634598231885
7265,5.177016827528151,0.0,1.3629799857213138,0.0
7266,31.062100965168906,16.85800900854683,10.90383988577051,11.86605766371981
7267,5.177016827528151,16.85800900854683,9.540859900049197,11.86605766371981
7268,10.354033655056302,16.85800900854683,23.170659757262335,18.985692261951698
7269,5.177016827528151,0.0,0.0,0.0
7270,0.0,0.0,4.088939957163942,4.7464230654879245
7271,46.593151447753364,50.574027025640504,92.68263902904934,91.36864401064253
7272,67.30121875786597,67.43203603418732,55.88217941457387,40.34459605664735
7273,1268.3691227443971,691.1783693504201,308.0334767730169,223.08188407793241
7274,0.0,0.0,0.0,2.3732115327439622
7275,41.41613462022521,67.43203603418732,23.170659757262335,20.172298028323674
7276,5.177016827528151,16.85800900854683,47.70429950024598,67.63652868320291
7277,144.95647117078823,151.72208107692148,139.023958543574,105.60791320710631
7278,10.354033655056302,0.0,1.3629799857213138,0.0
7279,20.708067310112604,16.85800900854683,10.90383988577051,15.425874962835751
7280,46.593151447753364,67.43203603418732,39.5264195859181,13.05266343009179
7281,0.0,0.0,1.3629799857213138,1.1866057663719811
7282,5.177016827528151,0.0,12.266819871491824,22.54550956106764
7283,5.177016827528151,0.0,14.992779842934452,15.425874962835751
7284,15.531050482584453,50.574027025640504,10.90383988577051,14.23926919646377
7285,25.885084137640757,0.0,9.540859900049197,8.306240364603866
7286,0.0,0.0,1.3629799857213138,0.0
7287,0.0,0.0,5.451919942885255,3.5598172991159425
7288,10.354033655056302,0.0,2.7259599714426277,14.23926919646377
7289,0.0,16.85800900854683,4.088939957163942,5.933028831859905
7290,0.0,0.0,2.7259599714426277,5.933028831859905
7291,15.531050482584453,33.71601801709366,31.348539671590217,39.15799029027537
7292,0.0,0.0,1.3629799857213138,14.23926919646377
7293,0.0,0.0,10.90383988577051,8.306240364603866
7294,1076.8195001258555,438.30823422221766,775.5356118754275,638.3939023081258
7295,62.12420193033781,0.0,14.992779842934452,14.23926919646377
7296,10.354033655056302,50.574027025640504,23.170659757262335,28.47853839292754
7297,0.0,16.85800900854683,14.992779842934452,11.86605766371981
7298,0.0,0.0,0.0,1.1866057663719811
7299,82.83226924045042,50.574027025640504,25.896619728704962,16.612480729207732
7300,543.5867668904558,286.5861531452962,55.88217941457387,27.291932626555564
7301,25.885084137640757,33.71601801709366,8.177879914327884,27.291932626555564
7302,108.71735337809118,50.574027025640504,43.61535954308204,21.358903794695657
7303,0.0,0.0,4.088939957163942,1.1866057663719811
7304,20.708067310112604,67.43203603418732,43.61535954308204,67.63652868320291
7305,25.885084137640757,0.0,6.814899928606569,16.612480729207732
7306,25.885084137640757,50.574027025640504,38.16343960019679,29.665144159299523
7307,5.177016827528151,0.0,5.451919942885255,5.933028831859905
7308,0.0,0.0,2.7259599714426277,5.933028831859905
7309,77.65525241292227,101.14805405128101,59.97111937173781,58.14368255222707
7310,15.531050482584453,50.574027025640504,19.081719800098394,24.918721093811598
7311,5.177016827528151,0.0,2.7259599714426277,7.119634598231885
7312,10.354033655056302,16.85800900854683,46.34131951452467,85.43561517878263
7313,36.23911779269706,101.14805405128101,59.97111937173781,60.51689408497103
7314,5.177016827528151,0.0,0.0,0.0
7315,5.177016827528151,0.0,0.0,0.0
7316,10.354033655056302,0.0,14.992779842934452,9.492846130975849
7317,10.354033655056302,0.0,2.7259599714426277,5.933028831859905
7318,25.885084137640757,0.0,8.177879914327884,11.86605766371981
7319,67.30121875786597,16.85800900854683,35.43747962875416,34.411567224787454
7320,31.062100965168906,0.0,49.0672794859673,46.277624888507255
7321,46.593151447753364,0.0,13.629799857213138,26.10532686018358
7322,46.593151447753364,101.14805405128101,25.896619728704962,32.03835569204349
7323,67.30121875786597,16.85800900854683,49.0672794859673,53.39725948673914
7324,20.708067310112604,50.574027025640504,62.697079343180434,70.00974021594688
7325,0.0,0.0,23.170659757262335,35.59817299115943
7326,67.30121875786597,16.85800900854683,50.430259471688615,46.277624888507255
7327,880.0928606797858,590.0303152991391,1424.314085078773,1835.6791205774546
7328,36.23911779269706,0.0,8.177879914327884,22.54550956106764
7329,0.0,16.85800900854683,1.3629799857213138,0.0
7330,5.177016827528151,0.0,6.814899928606569,11.86605766371981
7331,0.0,0.0,0.0,1.1866057663719811
7332,72.47823558539412,101.14805405128101,149.9277984293445,110.35433627259422
7333,191.5496226185416,269.7281441367493,133.57203860068873,175.61765342305316
7334,31.062100965168906,0.0,92.68263902904934,96.11506707613046
7335,56.94718510280967,16.85800900854683,31.348539671590217,33.224961458415464
7336,15.531050482584453,0.0,1.3629799857213138,5.933028831859905
7337,20.708067310112604,16.85800900854683,31.348539671590217,34.411567224787454
7338,569.4718510280966,488.88226124785814,607.8890736317059,602.7957293169663
7339,93.18630289550673,84.29004504273416,72.23793924322963,55.770471019483104
7340,0.0,0.0,1.3629799857213138,1.1866057663719811
7341,0.0,0.0,2.7259599714426277,1.1866057663719811
7342,15.531050482584453,0.0,19.081719800098394,7.119634598231885
7343,15.531050482584453,16.85800900854683,12.266819871491824,13.05266343009179
7344,10.354033655056302,0.0,12.266819871491824,1.1866057663719811
7345,0.0,16.85800900854683,2.7259599714426277,0.0
7346,10.354033655056302,16.85800900854683,21.80767977154102,29.665144159299523
7347,5.177016827528151,0.0,0.0,0.0
7348,5.177016827528151,0.0,9.540859900049197,15.425874962835751
7349,5.177016827528151,0.0,104.94945890054116,86.62222094515461
7350,5.177016827528151,0.0,4.088939957163942,2.3732115327439622
7351,10.354033655056302,16.85800900854683,5.451919942885255,11.86605766371981
7352,46.593151447753364,0.0,20.444699785819708,9.492846130975849
7353,41.41613462022521,50.574027025640504,20.444699785819708,29.665144159299523
7354,113.89437020561934,33.71601801709366,171.73547820088552,104.42130744073432
7355,144.95647117078823,101.14805405128101,154.01673838650845,118.66057663719809
7356,269.20487503146387,168.58009008546833,144.47587848645927,144.7659034973817
7357,36.23911779269706,50.574027025640504,23.170659757262335,46.277624888507255
7358,5.177016827528151,0.0,0.0,0.0
7359,0.0,0.0,1.3629799857213138,0.0
7360,0.0,0.0,2.7259599714426277,2.3732115327439622
7361,41.41613462022521,50.574027025640504,46.34131951452467,45.09101912213528
7362,0.0,0.0,9.540859900049197,15.425874962835751
7363,0.0,0.0,55.88217941457387,34.411567224787454
7364,15.531050482584453,0.0,0.0,5.933028831859905
7365,0.0,16.85800900854683,9.540859900049197,14.23926919646377
7366,5.177016827528151,0.0,1.3629799857213138,1.1866057663719811
7367,119.07138703314749,67.43203603418732,115.85329878631167,129.34002853454592
7368,15.531050482584453,0.0,23.170659757262335,32.03835569204349
7369,15.531050482584453,16.85800900854683,40.889399571639416,33.224961458415464
7370,0.0,0.0,0.0,5.933028831859905
7371,0.0,16.85800900854683,9.540859900049197,1.1866057663719811
7372,0.0,0.0,13.629799857213138,15.425874962835751
7373,0.0,0.0,2.7259599714426277,2.3732115327439622
7374,264.0278582039357,84.29004504273416,38.16343960019679,22.54550956106764
7375,10.354033655056302,0.0,0.0,0.0
7376,0.0,16.85800900854683,2.7259599714426277,1.1866057663719811
7377,610.8879856483219,421.4502252136708,391.17525590201706,333.4362203505267
7378,67.30121875786597,50.574027025640504,27.259599714426276,34.411567224787454
7379,0.0,0.0,12.266819871491824,15.425874962835751
7380,20.708067310112604,0.0,57.24515940029518,81.87579787966669
7381,212.2576899286542,101.14805405128101,133.57203860068873,166.12480729207735
7382,823.145675576976,320.3021711623898,226.25467762973807,266.9862974336957
7383,20.708067310112604,50.574027025640504,14.992779842934452,20.172298028323674
7384,10.354033655056302,0.0,6.814899928606569,4.7464230654879245
7385,15.531050482584453,0.0,9.540859900049197,15.425874962835751
7386,181.1955889634853,151.72208107692148,74.96389921467225,40.34459605664735
7387,0.0,0.0,9.540859900049197,9.492846130975849
7388,10.354033655056302,0.0,4.088939957163942,2.3732115327439622
7389,1459.9187453629386,623.7463333162328,802.7952115898538,482.9485469133963
7390,5.177016827528151,0.0,4.088939957163942,3.5598172991159425
7391,36.23911779269706,0.0,27.259599714426276,35.59817299115943
7392,0.0,0.0,0.0,1.1866057663719811
7393,56.94718510280967,101.14805405128101,38.16343960019679,58.14368255222707
7394,10.354033655056302,0.0,13.629799857213138,16.612480729207732
7395,0.0,0.0,19.081719800098394,21.358903794695657
7396,0.0,0.0,0.0,1.1866057663719811
7397,0.0,0.0,0.0,1.1866057663719811
7398,36.23911779269706,0.0,14.992779842934452,21.358903794695657
7399,41.41613462022521,67.43203603418732,32.711519657311534,28.47853839292754
7400,36.23911779269706,0.0,16.355759828655767,17.799086495579715
7401,181.1955889634853,236.01212611965568,170.3724982151642,147.13911503012562
7402,0.0,0.0,6.814899928606569,5.933028831859905
7403,0.0,0.0,10.90383988577051,11.86605766371981
7404,25.885084137640757,16.85800900854683,1.3629799857213138,1.1866057663719811
7405,0.0,16.85800900854683,27.259599714426276,29.665144159299523
7406,5.177016827528151,16.85800900854683,4.088939957163942,1.1866057663719811
7407,31.062100965168906,50.574027025640504,68.14899928606569,53.39725948673914
7408,10.354033655056302,0.0,10.90383988577051,18.985692261951698
7409,134.60243751573194,50.574027025640504,61.33409935745912,51.024047953995186
7410,46.593151447753364,0.0,47.70429950024598,27.291932626555564
7411,0.0,0.0,1.3629799857213138,3.5598172991159425
7412,5.177016827528151,0.0,6.814899928606569,15.425874962835751
7413,0.0,0.0,5.451919942885255,2.3732115327439622
7414,0.0,0.0,4.088939957163942,2.3732115327439622
7415,5.177016827528151,16.85800900854683,17.71873981437708,14.23926919646377
7416,5.177016827528151,0.0,2.7259599714426277,5.933028831859905
7417,139.77945434326008,134.86407206837464,96.77157898621327,67.63652868320291
7418,88.00928606797856,101.14805405128101,125.39415868636087,62.89010561771499
7419,0.0,0.0,1.3629799857213138,0.0
7420,72.47823558539412,33.71601801709366,40.889399571639416,36.784778757531406
7421,0.0,0.0,1.3629799857213138,1.1866057663719811
7422,72.47823558539412,0.0,32.711519657311534,29.665144159299523
7423,0.0,0.0,1.3629799857213138,0.0
7424,98.36331972303488,84.29004504273416,115.85329878631167,136.45966313277782
7425,20.708067310112604,33.71601801709366,27.259599714426276,43.90441335576329
7426,0.0,0.0,0.0,3.5598172991159425
7427,98.36331972303488,118.00606305982784,114.49031880059036,98.48827860887442
7428,0.0,16.85800900854683,13.629799857213138,9.492846130975849
7429,5.177016827528151,0.0,1.3629799857213138,0.0
7430,0.0,0.0,1.3629799857213138,0.0
7431,150.13348799831638,151.72208107692148,115.85329878631167,119.84718240357007
7432,0.0,16.85800900854683,17.71873981437708,18.985692261951698
7433,336.50609378932984,505.740270256405,344.83393638749243,385.64687407089383
7434,20.708067310112604,0.0,32.711519657311534,27.291932626555564
7435,31.062100965168906,16.85800900854683,36.80045961447547,30.851749925671502
7436,36.23911779269706,16.85800900854683,10.90383988577051,7.119634598231885
7437,41.41613462022521,84.29004504273416,28.62257970014759,36.784778757531406
7438,0.0,0.0,1.3629799857213138,0.0
7439,56.94718510280967,50.574027025640504,40.889399571639416,33.224961458415464
7440,77.65525241292227,16.85800900854683,69.511979271787,74.7561632814348
7441,15.531050482584453,16.85800900854683,14.992779842934452,11.86605766371981
7442,46.593151447753364,0.0,43.61535954308204,49.837442187623196
7443,0.0,0.0,19.081719800098394,21.358903794695657
7444,62.12420193033781,33.71601801709366,66.78601930034436,45.09101912213528
7445,0.0,0.0,9.540859900049197,8.306240364603866
7446,181.1955889634853,118.00606305982784,185.36527805809868,215.96224947970055
7447,0.0,0.0,12.266819871491824,3.5598172991159425
7448,31.062100965168906,16.85800900854683,8.177879914327884,9.492846130975849
7449,0.0,0.0,5.451919942885255,2.3732115327439622
7450,274.381891858992,252.8701351282025,370.73055611619736,199.34976875049279
7451,41.41613462022521,67.43203603418732,72.23793924322963,68.82313444957491
7452,10.354033655056302,0.0,13.629799857213138,17.799086495579715
7453,77.65525241292227,0.0,155.37971837222977,168.4980188248213
7454,0.0,0.0,1.3629799857213138,2.3732115327439622
7455,0.0,0.0,4.088939957163942,0.0
7456,20.708067310112604,67.43203603418732,113.12733881486903,100.86149014161838
7457,5.177016827528151,0.0,17.71873981437708,16.612480729207732
7458,36.23911779269706,16.85800900854683,42.252379557360726,39.15799029027537
7459,5.177016827528151,0.0,9.540859900049197,1.1866057663719811
7460,238.14277406629498,151.72208107692148,603.8001336745419,253.9336340036039
7461,88.00928606797856,101.14805405128101,200.35805790103313,102.04809590799037
7462,0.0,0.0,4.088939957163942,16.612480729207732
7463,0.0,16.85800900854683,42.252379557360726,238.50775904076818
7464,0.0,0.0,0.0,3.5598172991159425
7465,20.708067310112604,50.574027025640504,23.170659757262335,30.851749925671502
7466,15.531050482584453,16.85800900854683,19.081719800098394,14.23926919646377
7467,0.0,0.0,38.16343960019679,77.12937481417876
7468,0.0,0.0,0.0,1.1866057663719811
7469,0.0,33.71601801709366,14.992779842934452,17.799086495579715
7470,0.0,33.71601801709366,32.711519657311534,43.90441335576329
7471,150.13348799831638,84.29004504273416,235.79553752978728,246.81399940537202
7472,0.0,33.71601801709366,1.3629799857213138,0.0
7473,139.77945434326008,134.86407206837464,95.40859900049196,110.35433627259422
7474,67.30121875786597,50.574027025640504,53.15621944313124,45.09101912213528
7475,10.354033655056302,0.0,5.451919942885255,14.23926919646377
7476,36.23911779269706,16.85800900854683,34.074499643032844,35.59817299115943
7477,0.0,0.0,4.088939957163942,9.492846130975849
7478,88.00928606797856,134.86407206837464,666.4972130177224,670.4322580001692
7479,0.0,0.0,0.0,1.1866057663719811
7480,41.41613462022521,33.71601801709366,25.896619728704962,34.411567224787454
7481,305.44399282416094,118.00606305982784,625.607813446083,447.3503739222368
7482,0.0,0.0,1.3629799857213138,1.1866057663719811
7483,0.0,0.0,0.0,1.1866057663719811
7484,0.0,0.0,2.7259599714426277,1.1866057663719811
7485,5.177016827528151,33.71601801709366,12.266819871491824,5.933028831859905
7486,41.41613462022521,16.85800900854683,17.71873981437708,28.47853839292754
7487,5.177016827528151,0.0,1.3629799857213138,2.3732115327439622
7488,103.54033655056303,33.71601801709366,55.88217941457387,27.291932626555564
7489,10.354033655056302,16.85800900854683,12.266819871491824,18.985692261951698
7490,36.23911779269706,0.0,68.14899928606569,60.51689408497103
7491,1708.41555308429,674.3203603418733,3749.557940719334,3473.1950781707883
7492,0.0,0.0,2.7259599714426277,5.933028831859905
7493,0.0,0.0,2.7259599714426277,0.0
7494,5.177016827528151,0.0,13.629799857213138,15.425874962835751
7495,15.531050482584453,16.85800900854683,9.540859900049197,10.679451897347828
7496,108.71735337809118,84.29004504273416,54.51919942885255,45.09101912213528
7497,5.177016827528151,0.0,8.177879914327884,3.5598172991159425
7498,0.0,0.0,4.088939957163942,4.7464230654879245
7499,25.885084137640757,50.574027025640504,42.252379557360726,33.224961458415464
7500,0.0,0.0,5.451919942885255,4.7464230654879245
7501,5.177016827528151,33.71601801709366,17.71873981437708,8.306240364603866
7502,46.593151447753364,67.43203603418732,42.252379557360726,45.09101912213528
7503,31.062100965168906,0.0,19.081719800098394,17.799086495579715
7504,46.593151447753364,16.85800900854683,28.62257970014759,37.971384523903396
7505,10.354033655056302,16.85800900854683,28.62257970014759,39.15799029027537
7506,5.177016827528151,0.0,6.814899928606569,16.612480729207732
7507,0.0,0.0,1.3629799857213138,2.3732115327439622
7508,916.3319784724828,876.6164684444353,1264.8454267493792,1477.3241791331163
7509,0.0,0.0,4.088939957163942,3.5598172991159425
7510,93.18630289550673,84.29004504273416,141.74991851501665,142.39269196463772
7511,0.0,0.0,0.0,1.1866057663719811
7512,31.062100965168906,16.85800900854683,17.71873981437708,15.425874962835751
7513,10.354033655056302,0.0,16.355759828655767,22.54550956106764
7514,0.0,16.85800900854683,4.088939957163942,0.0
7515,10.354033655056302,0.0,10.90383988577051,18.985692261951698
7516,15.531050482584453,16.85800900854683,24.53363974298365,29.665144159299523
7517,207.08067310112605,168.58009008546833,178.55037812949212,207.65600911509665
7518,25.885084137640757,0.0,36.80045961447547,46.277624888507255
7519,0.0,0.0,0.0,1.1866057663719811
7520,20.708067310112604,50.574027025640504,34.074499643032844,23.73211532743962
7521,51.77016827528151,67.43203603418732,70.87495925750832,49.837442187623196
7522,72.47823558539412,84.29004504273416,81.77879914327883,86.62222094515461
7523,25.885084137640757,84.29004504273416,44.97833952880335,30.851749925671502
7524,10.354033655056302,0.0,4.088939957163942,7.119634598231885
7525,0.0,0.0,2.7259599714426277,1.1866057663719811
7526,0.0,0.0,19.081719800098394,13.05266343009179
7527,5.177016827528151,16.85800900854683,1.3629799857213138,15.425874962835751
7528,41.41613462022521,84.29004504273416,21.80767977154102,30.851749925671502
7529,36.23911779269706,16.85800900854683,43.61535954308204,20.172298028323674
7530,0.0,0.0,1.3629799857213138,2.3732115327439622
7531,20.708067310112604,33.71601801709366,5.451919942885255,3.5598172991159425
7532,36.23911779269706,50.574027025640504,13.629799857213138,10.679451897347828
7533,46.593151447753364,101.14805405128101,99.4975389576559,124.59360546905799
7534,0.0,0.0,0.0,7.119634598231885
7535,0.0,16.85800900854683,2.7259599714426277,0.0
7536,0.0,0.0,1.3629799857213138,2.3732115327439622
7537,93.18630289550673,67.43203603418732,94.04561901477065,75.94276904780679
7538,15.531050482584453,0.0,4.088939957163942,7.119634598231885
7539,15.531050482584453,50.574027025640504,17.71873981437708,24.918721093811598
7540,0.0,0.0,0.0,1.1866057663719811
7541,10.354033655056302,0.0,1.3629799857213138,2.3732115327439622
7542,450.4004639949492,168.58009008546833,429.33869550221385,497.18781610985997
7543,5.177016827528151,0.0,0.0,1.1866057663719811
7544,238.14277406629498,134.86407206837464,107.67541887198378,117.47397087082611
7545,46.593151447753364,16.85800900854683,81.77879914327883,58.14368255222707
7546,10.354033655056302,0.0,0.0,3.5598172991159425
7547,10.354033655056302,33.71601801709366,23.170659757262335,21.358903794695657
7548,0.0,0.0,21.80767977154102,26.10532686018358
7549,15.531050482584453,16.85800900854683,1.3629799857213138,3.5598172991159425
7550,82.83226924045042,16.85800900854683,50.430259471688615,28.47853839292754
7551,0.0,0.0,0.0,1.1866057663719811
7552,150.13348799831638,50.574027025640504,193.54315797242654,250.37381670448798
7553,20.708067310112604,0.0,29.985559685868903,47.46423065487924
7554,150.13348799831638,67.43203603418732,95.40859900049196,109.16773050622226
7555,72.47823558539412,16.85800900854683,21.80767977154102,17.799086495579715
7556,0.0,0.0,0.0,4.7464230654879245
7557,25.885084137640757,16.85800900854683,2.7259599714426277,9.492846130975849
7558,0.0,0.0,0.0,1.1866057663719811
7559,15.531050482584453,16.85800900854683,16.355759828655767,16.612480729207732
7560,5.177016827528151,16.85800900854683,10.90383988577051,4.7464230654879245
7561,10.354033655056302,16.85800900854683,250.78831737272174,320.38355692043484
7562,46.593151447753364,67.43203603418732,95.40859900049196,98.48827860887442
7563,77.65525241292227,33.71601801709366,59.97111937173781,42.71780758939131
7564,15.531050482584453,16.85800900854683,10.90383988577051,5.933028831859905
7565,10.354033655056302,0.0,4.088939957163942,4.7464230654879245
7566,0.0,0.0,2.7259599714426277,5.933028831859905
7567,15.531050482584453,67.43203603418732,35.43747962875416,32.03835569204349
7568,67.30121875786597,16.85800900854683,34.074499643032844,37.971384523903396
7569,113.89437020561934,50.574027025640504,72.23793924322963,36.784778757531406
7570,5.177016827528151,0.0,6.814899928606569,1.1866057663719811
7571,0.0,0.0,8.177879914327884,3.5598172991159425
7572,0.0,0.0,10.90383988577051,83.06240364603867
7573,113.89437020561934,84.29004504273416,85.86773910044276,113.91415357171016
7574,0.0,0.0,8.177879914327884,5.933028831859905
7575,5.177016827528151,0.0,14.992779842934452,5.933028831859905
7576,51.77016827528151,16.85800900854683,64.06005932890174,77.12937481417876
7577,36.23911779269706,0.0,24.53363974298365,26.10532686018358
7578,0.0,0.0,0.0,2.3732115327439622
7579,160.48752165337268,118.00606305982784,49.0672794859673,52.21065372036716
7580,36.23911779269706,33.71601801709366,16.355759828655767,28.47853839292754
7581,201.9036562735979,185.43809909401514,207.1729578296397,295.46483582662324
7582,5.177016827528151,0.0,0.0,0.0
7583,0.0,0.0,1.3629799857213138,0.0
7584,25.885084137640757,0.0,6.814899928606569,13.05266343009179
7585,77.65525241292227,67.43203603418732,47.70429950024598,60.51689408497103
7586,10.354033655056302,0.0,1.3629799857213138,0.0
7587,0.0,0.0,1.3629799857213138,4.7464230654879245
7588,20.708067310112604,0.0,9.540859900049197,8.306240364603866
7589,15.531050482584453,16.85800900854683,39.5264195859181,59.330288318599045
7590,0.0,0.0,2.7259599714426277,1.1866057663719811
7591,25.885084137640757,33.71601801709366,49.0672794859673,58.14368255222707
7592,5.177016827528151,0.0,1.3629799857213138,3.5598172991159425
7593,15.531050482584453,16.85800900854683,24.53363974298365,40.34459605664735
7594,150.13348799831638,101.14805405128101,179.9133581152134,125.78021123542997
7595,0.0,0.0,1.3629799857213138,4.7464230654879245
7596,0.0,0.0,1.3629799857213138,0.0
7597,36.23911779269706,33.71601801709366,32.711519657311534,24.918721093811598
7598,56.94718510280967,0.0,36.80045961447547,45.09101912213528
7599,25.885084137640757,0.0,14.992779842934452,20.172298028323674
7600,0.0,0.0,1.3629799857213138,1.1866057663719811
7601,46.593151447753364,16.85800900854683,40.889399571639416,28.47853839292754
7602,25.885084137640757,67.43203603418732,31.348539671590217,27.291932626555564
7603,15.531050482584453,0.0,12.266819871491824,16.612480729207732
7604,77.65525241292227,151.72208107692148,149.9277984293445,103.23470167436234
7605,0.0,0.0,1.3629799857213138,2.3732115327439622
7606,0.0,0.0,0.0,3.5598172991159425
7607,10.354033655056302,0.0,0.0,0.0
7608,31.062100965168906,50.574027025640504,49.0672794859673,26.10532686018358
7609,610.8879856483219,354.0181891794835,257.6032173013283,151.88553809561358
7610,46.593151447753364,33.71601801709366,13.629799857213138,28.47853839292754
7611,25.885084137640757,0.0,8.177879914327884,13.05266343009179
7612,0.0,16.85800900854683,2.7259599714426277,0.0
7613,15.531050482584453,84.29004504273416,27.259599714426276,18.985692261951698
7614,5.177016827528151,0.0,0.0,2.3732115327439622
7615,10.354033655056302,0.0,10.90383988577051,15.425874962835751
7616,331.32907696180166,387.73420719657713,636.5116533318535,766.5473250762997
7617,15.531050482584453,50.574027025640504,57.24515940029518,33.224961458415464
7618,0.0,0.0,6.814899928606569,14.23926919646377
7619,460.7544976500055,219.15411711110883,335.29307648744316,310.890710789459
7620,326.15206013427354,134.86407206837464,303.9445368158529,245.62739363900002
7621,0.0,0.0,16.355759828655767,14.23926919646377
7622,93.18630289550673,151.72208107692148,64.06005932890174,53.39725948673914
7623,129.4254206882038,101.14805405128101,79.0528391718362,85.43561517878263
7624,31.062100965168906,16.85800900854683,5.451919942885255,10.679451897347828
7625,46.593151447753364,50.574027025640504,32.711519657311534,42.71780758939131
7626,196.72663944606975,67.43203603418732,76.32687920039358,45.09101912213528
7627,20.708067310112604,16.85800900854683,2.7259599714426277,4.7464230654879245
7628,20.708067310112604,33.71601801709366,47.70429950024598,59.330288318599045
7629,20.708067310112604,16.85800900854683,12.266819871491824,8.306240364603866
7630,5.177016827528151,33.71601801709366,19.081719800098394,13.05266343009179
7631,5.177016827528151,0.0,0.0,0.0
7632,31.062100965168906,0.0,38.16343960019679,22.54550956106764
7633,5.177016827528151,0.0,19.081719800098394,27.291932626555564
7634,41.41613462022521,33.71601801709366,31.348539671590217,21.358903794695657
7635,0.0,0.0,2.7259599714426277,9.492846130975849
7636,0.0,0.0,1.3629799857213138,3.5598172991159425
7637,10.354033655056302,0.0,21.80767977154102,13.05266343009179
7638,20.708067310112604,16.85800900854683,16.355759828655767,15.425874962835751
7639,0.0,0.0,0.0,1.1866057663719811
7640,289.91294234157647,252.8701351282025,158.1056783436724,61.703499851343004
7641,0.0,0.0,2.7259599714426277,1.1866057663719811
7642,20.708067310112604,33.71601801709366,32.711519657311534,32.03835569204349
7643,25.885084137640757,0.0,39.5264195859181,43.90441335576329
7644,15.531050482584453,33.71601801709366,12.266819871491824,13.05266343009179
7645,15.531050482584453,16.85800900854683,2.7259599714426277,5.933028831859905
7646,0.0,16.85800900854683,6.814899928606569,5.933028831859905
7647,5.177016827528151,0.0,23.170659757262335,9.492846130975849
7648,20.708067310112604,0.0,12.266819871491824,8.306240364603866
7649,25.885084137640757,67.43203603418732,73.60091922895094,102.04809590799037
7650,0.0,0.0,0.0,1.1866057663719811
7651,20.708067310112604,0.0,9.540859900049197,22.54550956106764
7652,0.0,0.0,286.2257970014759,341.7424607151305
7653,15.531050482584453,0.0,43.61535954308204,41.53120182301934
7654,77.65525241292227,67.43203603418732,94.04561901477065,71.19634598231886
7655,0.0,16.85800900854683,0.0,0.0
7656,0.0,50.574027025640504,24.53363974298365,35.59817299115943
7657,155.31050482584453,168.58009008546833,493.39875483111564,465.14946041781656
7658,67.30121875786597,16.85800900854683,25.896619728704962,18.985692261951698
7659,5.177016827528151,0.0,4.088939957163942,3.5598172991159425
7660,20.708067310112604,16.85800900854683,65.42303931462307,49.837442187623196
7661,10.354033655056302,33.71601801709366,35.43747962875416,46.277624888507255
7662,0.0,0.0,1.3629799857213138,1.1866057663719811
7663,10.354033655056302,0.0,0.0,0.0
7664,0.0,0.0,20.444699785819708,26.10532686018358
7665,5.177016827528151,0.0,0.0,0.0
7666,10.354033655056302,0.0,31.348539671590217,16.612480729207732
7667,0.0,0.0,1.3629799857213138,1.1866057663719811
7668,0.0,0.0,6.814899928606569,13.05266343009179
7669,15.531050482584453,0.0,43.61535954308204,46.277624888507255
7670,0.0,0.0,1.3629799857213138,0.0
7671,25.885084137640757,16.85800900854683,25.896619728704962,15.425874962835751
7672,243.31979089382313,151.72208107692148,167.64653824372158,153.07214386198552
7673,46.593151447753364,33.71601801709366,39.5264195859181,41.53120182301934
7674,0.0,0.0,1.3629799857213138,1.1866057663719811
7675,0.0,0.0,2.7259599714426277,29.665144159299523
7676,36.23911779269706,16.85800900854683,17.71873981437708,13.05266343009179
7677,207.08067310112605,67.43203603418732,89.9566790576067,62.89010561771499
7678,0.0,16.85800900854683,1.3629799857213138,8.306240364603866
7679,41.41613462022521,16.85800900854683,19.081719800098394,23.73211532743962
7680,51.77016827528151,0.0,24.53363974298365,16.612480729207732
7681,621.2420193033781,370.8761981880303,601.0741737030994,344.1156722478745
7682,170.84155530842898,168.58009008546833,178.55037812949212,169.68462459119328
7683,56.94718510280967,67.43203603418732,49.0672794859673,43.90441335576329
7684,5.177016827528151,0.0,0.0,0.0
7685,0.0,0.0,2.7259599714426277,8.306240364603866
7686,0.0,0.0,5.451919942885255,1.1866057663719811
7687,36.23911779269706,0.0,38.16343960019679,55.770471019483104
7688,0.0,0.0,4.088939957163942,5.933028831859905
7689,10.354033655056302,0.0,20.444699785819708,15.425874962835751
7690,15.531050482584453,0.0,12.266819871491824,8.306240364603866
7691,10.354033655056302,0.0,50.430259471688615,230.2015186761643
7692,31.062100965168906,16.85800900854683,95.40859900049196,104.42130744073432
7693,72.47823558539412,33.71601801709366,35.43747962875416,24.918721093811598
7694,0.0,0.0,1.3629799857213138,2.3732115327439622
7695,25.885084137640757,0.0,10.90383988577051,9.492846130975849
7696,62.12420193033781,67.43203603418732,23.170659757262335,27.291932626555564
7697,5.177016827528151,16.85800900854683,14.992779842934452,18.985692261951698
7698,5.177016827528151,0.0,4.088939957163942,11.86605766371981
7699,5.177016827528151,0.0,0.0,8.306240364603866
7700,5.177016827528151,0.0,5.451919942885255,1.1866057663719811
7701,0.0,16.85800900854683,35.43747962875416,27.291932626555564
7702,5.177016827528151,0.0,2.7259599714426277,2.3732115327439622
7703,20.708067310112604,50.574027025640504,29.985559685868903,40.34459605664735
7704,25.885084137640757,33.71601801709366,29.985559685868903,52.21065372036716
7705,5.177016827528151,50.574027025640504,20.444699785819708,20.172298028323674
7706,36.23911779269706,67.43203603418732,35.43747962875416,18.985692261951698
7707,15.531050482584453,33.71601801709366,16.355759828655767,35.59817299115943
7708,5.177016827528151,16.85800900854683,13.629799857213138,22.54550956106764
7709,176.01857213595713,118.00606305982784,171.73547820088552,181.55068225491308
7710,88.00928606797856,67.43203603418732,32.711519657311534,49.837442187623196
7711,25.885084137640757,16.85800900854683,38.16343960019679,28.47853839292754
7712,25.885084137640757,67.43203603418732,16.355759828655767,28.47853839292754
7713,15.531050482584453,16.85800900854683,8.177879914327884,9.492846130975849
7714,7615.39175329391,4349.366324205083,4342.454234508105,2300.828580995271
7715,36.23911779269706,16.85800900854683,12.266819871491824,20.172298028323674
7716,56.94718510280967,118.00606305982784,136.29799857213138,111.54094203896621
7717,10.354033655056302,0.0,4.088939957163942,3.5598172991159425
7718,25.885084137640757,0.0,36.80045961447547,49.837442187623196
7719,82.83226924045042,50.574027025640504,35.43747962875416,51.024047953995186
7720,5.177016827528151,33.71601801709366,29.985559685868903,7.119634598231885
7721,0.0,0.0,1.3629799857213138,3.5598172991159425
7722,10.354033655056302,16.85800900854683,61.33409935745912,70.00974021594688
7723,0.0,0.0,0.0,2.3732115327439622
7724,72.47823558539412,67.43203603418732,72.23793924322963,83.06240364603867
7725,10.354033655056302,0.0,9.540859900049197,9.492846130975849
7726,0.0,0.0,2.7259599714426277,3.5598172991159425
7727,0.0,0.0,5.451919942885255,3.5598172991159425
7728,0.0,0.0,0.0,1.1866057663719811
7729,212.2576899286542,101.14805405128101,133.57203860068873,145.95250926375365
7730,31.062100965168906,33.71601801709366,27.259599714426276,29.665144159299523
7731,0.0,0.0,0.0,1.1866057663719811
7732,10.354033655056302,0.0,4.088939957163942,7.119634598231885
7733,67.30121875786597,84.29004504273416,107.67541887198378,67.63652868320291
7734,113.89437020561934,50.574027025640504,43.61535954308204,23.73211532743962
7735,56.94718510280967,67.43203603418732,50.430259471688615,59.330288318599045
7736,41.41613462022521,33.71601801709366,42.252379557360726,41.53120182301934
7737,0.0,0.0,0.0,1.1866057663719811
7738,5.177016827528151,33.71601801709366,28.62257970014759,26.10532686018358
7739,781.7295409567508,455.1662432307645,1525.17460402215,1676.6739478836091
7740,119.07138703314749,33.71601801709366,70.87495925750832,48.65083642125122
7741,15.531050482584453,50.574027025640504,21.80767977154102,9.492846130975849
7742,25.885084137640757,16.85800900854683,28.62257970014759,45.09101912213528
7743,388.27626206461133,269.7281441367493,209.89891780108232,200.53637451686478
7744,227.78874041123868,134.86407206837464,27.259599714426276,49.837442187623196
7745,0.0,0.0,9.540859900049197,17.799086495579715
7746,10.354033655056302,16.85800900854683,8.177879914327884,17.799086495579715
7747,124.24840386067562,84.29004504273416,133.57203860068873,144.7659034973817
7748,0.0,0.0,2.7259599714426277,3.5598172991159425
7749,15.531050482584453,16.85800900854683,12.266819871491824,9.492846130975849
7750,5.177016827528151,0.0,10.90383988577051,9.492846130975849
7751,113.89437020561934,84.29004504273416,125.39415868636087,123.40699970268601
7752,15.531050482584453,0.0,13.629799857213138,3.5598172991159425
7753,25.885084137640757,16.85800900854683,50.430259471688615,35.59817299115943
7754,5.177016827528151,0.0,0.0,3.5598172991159425
7755,5.177016827528151,0.0,5.451919942885255,9.492846130975849
7756,5.177016827528151,0.0,9.540859900049197,10.679451897347828
7757,46.593151447753364,16.85800900854683,46.34131951452467,53.39725948673914
7758,51.77016827528151,33.71601801709366,35.43747962875416,39.15799029027537
7759,25.885084137640757,0.0,20.444699785819708,24.918721093811598
7760,25.885084137640757,33.71601801709366,4.088939957163942,9.492846130975849
7761,10.354033655056302,33.71601801709366,27.259599714426276,33.224961458415464
7762,67.30121875786597,50.574027025640504,65.42303931462307,62.89010561771499
7763,46.593151447753364,16.85800900854683,35.43747962875416,45.09101912213528
7764,0.0,0.0,1.3629799857213138,1.1866057663719811
7765,41.41613462022521,16.85800900854683,51.793239457409925,36.784778757531406
7766,20.708067310112604,0.0,14.992779842934452,17.799086495579715
7767,0.0,0.0,4.088939957163942,0.0
7768,15.531050482584453,16.85800900854683,8.177879914327884,32.03835569204349
7769,310.62100965168906,269.7281441367493,617.4299335317551,625.341238878034
7770,46.593151447753364,33.71601801709366,36.80045961447547,17.799086495579715
7771,0.0,0.0,0.0,3.5598172991159425
7772,134.60243751573194,151.72208107692148,95.40859900049196,78.31598058055074
7773,15.531050482584453,16.85800900854683,14.992779842934452,14.23926919646377
7774,20.708067310112604,16.85800900854683,13.629799857213138,16.612480729207732
7775,5.177016827528151,0.0,1.3629799857213138,13.05266343009179
7776,0.0,0.0,1.3629799857213138,2.3732115327439622
7777,0.0,33.71601801709366,12.266819871491824,8.306240364603866
7778,15.531050482584453,16.85800900854683,13.629799857213138,4.7464230654879245
7779,0.0,0.0,8.177879914327884,5.933028831859905
7780,103.54033655056303,67.43203603418732,85.86773910044276,74.7561632814348
7781,5.177016827528151,0.0,8.177879914327884,5.933028831859905
7782,46.593151447753364,33.71601801709366,29.985559685868903,55.770471019483104
7783,10.354033655056302,0.0,2.7259599714426277,3.5598172991159425
7784,41.41613462022521,67.43203603418732,42.252379557360726,43.90441335576329
7785,5.177016827528151,16.85800900854683,0.0,3.5598172991159425
7786,108.71735337809118,151.72208107692148,98.1345589719346,166.12480729207735
7787,72.47823558539412,16.85800900854683,36.80045961447547,45.09101912213528
7788,25.885084137640757,33.71601801709366,20.444699785819708,27.291932626555564
7789,72.47823558539412,50.574027025640504,59.97111937173781,66.44992291683093
7790,388.27626206461133,269.7281441367493,377.5454560448039,366.6611818089421
7791,108.71735337809118,202.29610810256202,1585.1457233938877,1682.606976715469
7792,15.531050482584453,118.00606305982784,54.51919942885255,91.36864401064253
7793,0.0,0.0,1.3629799857213138,0.0
7794,0.0,0.0,5.451919942885255,4.7464230654879245
7795,15.531050482584453,0.0,8.177879914327884,15.425874962835751
7796,72.47823558539412,101.14805405128101,88.5936990718854,160.19177846021742
7797,36.23911779269706,67.43203603418732,38.16343960019679,55.770471019483104
7798,56.94718510280967,67.43203603418732,79.0528391718362,104.42130744073432
7799,20.708067310112604,0.0,43.61535954308204,16.612480729207732
7800,134.60243751573194,67.43203603418732,83.14177912900014,94.92846130975848
7801,56.94718510280967,33.71601801709366,46.34131951452467,43.90441335576329
7802,15.531050482584453,16.85800900854683,14.992779842934452,20.172298028323674
7803,51.77016827528151,84.29004504273416,62.697079343180434,96.11506707613046
7804,103.54033655056303,50.574027025640504,62.697079343180434,36.784778757531406
7805,62.12420193033781,50.574027025640504,35.43747962875416,33.224961458415464
7806,51.77016827528151,33.71601801709366,57.24515940029518,40.34459605664735
7807,36.23911779269706,16.85800900854683,53.15621944313124,43.90441335576329
7808,67.30121875786597,50.574027025640504,28.62257970014759,40.34459605664735
7809,15.531050482584453,33.71601801709366,23.170659757262335,26.10532686018358
7810,0.0,0.0,5.451919942885255,4.7464230654879245
7811,20.708067310112604,16.85800900854683,17.71873981437708,17.799086495579715
7812,155.31050482584453,236.01212611965568,224.89169764401677,206.46940334872468
7813,0.0,0.0,5.451919942885255,28.47853839292754
7814,46.593151447753364,16.85800900854683,110.40137884342641,97.30167284250244
7815,25.885084137640757,16.85800900854683,24.53363974298365,46.277624888507255
7816,10.354033655056302,0.0,9.540859900049197,14.23926919646377
7817,15.531050482584453,0.0,6.814899928606569,8.306240364603866
7818,284.7359255140483,219.15411711110883,222.16573767257415,248.000605171744
7819,88.00928606797856,50.574027025640504,62.697079343180434,18.985692261951698
7820,20.708067310112604,50.574027025640504,34.074499643032844,46.277624888507255
7821,0.0,0.0,2.7259599714426277,0.0
7822,20.708067310112604,0.0,16.355759828655767,10.679451897347828
7823,455.57748082247736,775.4684143931543,507.02855468832877,365.4745760425701
7824,62.12420193033781,33.71601801709366,34.074499643032844,51.024047953995186
7825,15.531050482584453,50.574027025640504,13.629799857213138,15.425874962835751
7826,10.354033655056302,0.0,47.70429950024598,20.172298028323674
7827,41.41613462022521,16.85800900854683,24.53363974298365,23.73211532743962
7828,150.13348799831638,151.72208107692148,77.68985918611489,68.82313444957491
7829,36.23911779269706,84.29004504273416,47.70429950024598,26.10532686018358
7830,20.708067310112604,16.85800900854683,14.992779842934452,14.23926919646377
7831,0.0,0.0,0.0,3.5598172991159425
7832,20.708067310112604,16.85800900854683,35.43747962875416,47.46423065487924
7833,0.0,16.85800900854683,12.266819871491824,21.358903794695657
7834,20.708067310112604,16.85800900854683,10.90383988577051,14.23926919646377
7835,93.18630289550673,101.14805405128101,70.87495925750832,84.24900941241064
7836,20.708067310112604,67.43203603418732,13.629799857213138,21.358903794695657
7837,20.708067310112604,16.85800900854683,25.896619728704962,16.612480729207732
7838,5.177016827528151,0.0,1.3629799857213138,0.0
7839,10.354033655056302,33.71601801709366,5.451919942885255,3.5598172991159425
7840,5.177016827528151,16.85800900854683,6.814899928606569,2.3732115327439622
7841,0.0,0.0,1.3629799857213138,0.0
7842,0.0,0.0,0.0,2.3732115327439622
7843,0.0,0.0,1.3629799857213138,0.0
7844,0.0,0.0,8.177879914327884,10.679451897347828
7845,5.177016827528151,0.0,1.3629799857213138,0.0
7846,36.23911779269706,50.574027025640504,27.259599714426276,46.277624888507255
7847,25.885084137640757,16.85800900854683,6.814899928606569,11.86605766371981
7848,62.12420193033781,101.14805405128101,42.252379557360726,46.277624888507255
7849,0.0,0.0,0.0,4.7464230654879245
7850,0.0,16.85800900854683,2.7259599714426277,4.7464230654879245
7851,72.47823558539412,101.14805405128101,144.47587848645927,147.13911503012562
7852,0.0,0.0,1.3629799857213138,0.0
7853,284.7359255140483,269.7281441367493,155.37971837222977,115.10075933808216
7854,25.885084137640757,0.0,34.074499643032844,36.784778757531406
7855,0.0,0.0,0.0,1.1866057663719811
7856,0.0,0.0,0.0,1.1866057663719811
7857,10.354033655056302,16.85800900854683,6.814899928606569,7.119634598231885
7858,5.177016827528151,0.0,2.7259599714426277,5.933028831859905
7859,20.708067310112604,33.71601801709366,173.09845818660685,163.75159575933338
7860,0.0,0.0,4.088939957163942,1.1866057663719811
7861,25.885084137640757,33.71601801709366,23.170659757262335,23.73211532743962
7862,5.177016827528151,0.0,2.7259599714426277,2.3732115327439622
7863,5.177016827528151,0.0,89.9566790576067,75.94276904780679
7864,72.47823558539412,101.14805405128101,203.08401787247573,215.96224947970055
7865,5.177016827528151,0.0,4.088939957163942,13.05266343009179
7866,0.0,0.0,1.3629799857213138,5.933028831859905
7867,15.531050482584453,0.0,20.444699785819708,23.73211532743962
7868,41.41613462022521,0.0,192.18017798670522,194.60334568500488
7869,0.0,0.0,4.088939957163942,5.933028831859905
7870,0.0,0.0,0.0,1.1866057663719811
7871,20.708067310112604,33.71601801709366,40.889399571639416,46.277624888507255
7872,15.531050482584453,33.71601801709366,36.80045961447547,21.358903794695657
7873,0.0,0.0,0.0,1.1866057663719811
7874,15.531050482584453,16.85800900854683,16.355759828655767,13.05266343009179
7875,56.94718510280967,101.14805405128101,55.88217941457387,52.21065372036716
7876,0.0,16.85800900854683,9.540859900049197,14.23926919646377
7877,10.354033655056302,0.0,23.170659757262335,42.71780758939131
7878,0.0,0.0,0.0,1.1866057663719811
7879,0.0,0.0,1.3629799857213138,1.1866057663719811
7880,56.94718510280967,84.29004504273416,29.985559685868903,29.665144159299523
7881,10.354033655056302,0.0,28.62257970014759,39.15799029027537
7882,36.23911779269706,33.71601801709366,73.60091922895094,49.837442187623196
7883,5.177016827528151,0.0,6.814899928606569,16.612480729207732
7884,15.531050482584453,33.71601801709366,4.088939957163942,10.679451897347828
7885,10.354033655056302,0.0,9.540859900049197,14.23926919646377
7886,36.23911779269706,50.574027025640504,38.16343960019679,35.59817299115943
7887,5.177016827528151,16.85800900854683,23.170659757262335,27.291932626555564
7888,5.177016827528151,0.0,5.451919942885255,4.7464230654879245
7889,5.177016827528151,0.0,12.266819871491824,18.985692261951698
7890,67.30121875786597,101.14805405128101,29.985559685868903,24.918721093811598
7891,1149.2977357112495,1146.3446125811847,2081.2704381964463,1968.5789664111164
7892,5399.628551111862,6793.777630444374,1885.001320252577,1056.079132071063
7893,93.18630289550673,33.71601801709366,20.444699785819708,11.86605766371981
7894,864.5618101972013,488.88226124785814,184.00229807237736,129.34002853454592
7895,0.0,0.0,1.3629799857213138,0.0
7896,931.8630289550673,590.0303152991391,1835.9340407666098,2175.048369759841
7897,144.95647117078823,370.8761981880303,381.63439600196784,379.7138452390339
7898,0.0,0.0,5.451919942885255,4.7464230654879245
7899,36.23911779269706,50.574027025640504,49.0672794859673,29.665144159299523
7900,5.177016827528151,16.85800900854683,8.177879914327884,0.0
7901,46.593151447753364,0.0,16.355759828655767,11.86605766371981
7902,207.08067310112605,118.00606305982784,70.87495925750832,107.98112473985027
7903,41.41613462022521,16.85800900854683,31.348539671590217,54.58386525311113
7904,67.30121875786597,101.14805405128101,61.33409935745912,41.53120182301934
7905,51.77016827528151,0.0,9.540859900049197,0.0
7906,0.0,0.0,1.3629799857213138,1.1866057663719811
7907,144.95647117078823,101.14805405128101,114.49031880059036,111.54094203896621
7908,15.531050482584453,16.85800900854683,8.177879914327884,8.306240364603866
7909,25.885084137640757,0.0,14.992779842934452,10.679451897347828
7910,10.354033655056302,0.0,28.62257970014759,36.784778757531406
7911,98.36331972303488,33.71601801709366,70.87495925750832,47.46423065487924
7912,108.71735337809118,101.14805405128101,51.793239457409925,27.291932626555564
7913,56.94718510280967,16.85800900854683,29.985559685868903,23.73211532743962
7914,25.885084137640757,0.0,28.62257970014759,27.291932626555564
7915,5.177016827528151,16.85800900854683,5.451919942885255,3.5598172991159425
7916,10.354033655056302,0.0,10.90383988577051,3.5598172991159425
7917,46.593151447753364,16.85800900854683,17.71873981437708,24.918721093811598
7918,51.77016827528151,50.574027025640504,35.43747962875416,37.971384523903396
7919,46.593151447753364,0.0,58.6081393860165,54.58386525311113
7920,5.177016827528151,0.0,16.355759828655767,11.86605766371981
7921,0.0,0.0,9.540859900049197,39.15799029027537
7922,20.708067310112604,16.85800900854683,19.081719800098394,21.358903794695657
7923,5.177016827528151,0.0,10.90383988577051,2.3732115327439622
7924,62.12420193033781,50.574027025640504,47.70429950024598,53.39725948673914
7925,0.0,0.0,1.3629799857213138,1.1866057663719811
7926,31.062100965168906,0.0,12.266819871491824,17.799086495579715
7927,10.354033655056302,16.85800900854683,24.53363974298365,16.612480729207732
7928,0.0,0.0,0.0,1.1866057663719811
7929,0.0,0.0,12.266819871491824,11.86605766371981
7930,10.354033655056302,0.0,4.088939957163942,4.7464230654879245
7931,10.354033655056302,0.0,10.90383988577051,4.7464230654879245
7932,31.062100965168906,33.71601801709366,42.252379557360726,45.09101912213528
7933,962.9251299202361,236.01212611965568,95.40859900049196,71.19634598231886
7934,10.354033655056302,33.71601801709366,24.53363974298365,36.784778757531406
7935,5.177016827528151,33.71601801709366,8.177879914327884,10.679451897347828
7936,5.177016827528151,0.0,0.0,4.7464230654879245
7937,5.177016827528151,16.85800900854683,0.0,2.3732115327439622
7938,5.177016827528151,0.0,2.7259599714426277,0.0
7939,0.0,0.0,4.088939957163942,1.1866057663719811
7940,20.708067310112604,0.0,9.540859900049197,9.492846130975849
7941,0.0,0.0,0.0,1.1866057663719811
7942,0.0,0.0,6.814899928606569,0.0
7943,0.0,33.71601801709366,0.0,0.0
7944,10.354033655056302,33.71601801709366,117.216278772033,102.04809590799037
7945,0.0,0.0,24.53363974298365,16.612480729207732
7946,15.531050482584453,0.0,21.80767977154102,26.10532686018358
7947,41.41613462022521,33.71601801709366,61.33409935745912,68.82313444957491
7948,274.381891858992,438.30823422221766,279.4108970728693,84.24900941241064
7949,20.708067310112604,16.85800900854683,35.43747962875416,41.53120182301934
7950,0.0,0.0,1.3629799857213138,15.425874962835751
7951,0.0,0.0,0.0,1.1866057663719811
7952,2371.073707007893,1281.2086846495592,855.9514310329849,702.4706136922126
7953,0.0,0.0,6.814899928606569,11.86605766371981
7954,5.177016827528151,0.0,1.3629799857213138,2.3732115327439622
7955,67.30121875786597,151.72208107692148,44.97833952880335,52.21065372036716
7956,41.41613462022521,33.71601801709366,53.15621944313124,55.770471019483104
7957,46.593151447753364,84.29004504273416,49.0672794859673,55.770471019483104
7958,113.89437020561934,67.43203603418732,47.70429950024598,52.21065372036716
7959,72.47823558539412,16.85800900854683,58.6081393860165,55.770471019483104
7960,20.708067310112604,33.71601801709366,39.5264195859181,40.34459605664735
7961,5.177016827528151,0.0,2.7259599714426277,2.3732115327439622
7962,15.531050482584453,33.71601801709366,23.170659757262335,17.799086495579715
7963,5.177016827528151,16.85800900854683,20.444699785819708,51.024047953995186
7964,207.08067310112605,101.14805405128101,286.2257970014759,257.4934513027199
7965,67.30121875786597,16.85800900854683,38.16343960019679,36.784778757531406
7966,15.531050482584453,33.71601801709366,27.259599714426276,26.10532686018358
7967,0.0,16.85800900854683,1.3629799857213138,0.0
7968,108.71735337809118,118.00606305982784,89.9566790576067,78.31598058055074
7969,1025.049331850574,792.3264234017012,1660.1096226085601,1610.2240249667782
7970,460.7544976500055,488.88226124785814,384.36035597341044,353.6085183788503
7971,98.36331972303488,50.574027025640504,42.252379557360726,54.58386525311113
7972,31.062100965168906,0.0,43.61535954308204,35.59817299115943
7973,5.177016827528151,16.85800900854683,6.814899928606569,5.933028831859905
7974,0.0,0.0,0.0,1.1866057663719811
7975,5.177016827528151,16.85800900854683,0.0,8.306240364603866
7976,41.41613462022521,33.71601801709366,35.43747962875416,30.851749925671502
7977,0.0,0.0,14.992779842934452,7.119634598231885
7978,10.354033655056302,0.0,8.177879914327884,7.119634598231885
7979,10.354033655056302,0.0,42.252379557360726,32.03835569204349
7980,5.177016827528151,16.85800900854683,10.90383988577051,9.492846130975849
7981,15.531050482584453,0.0,13.629799857213138,7.119634598231885
7982,25.885084137640757,16.85800900854683,23.170659757262335,42.71780758939131
7983,72.47823558539412,33.71601801709366,109.0383988577051,113.91415357171016
7984,0.0,0.0,2.7259599714426277,3.5598172991159425
7985,10.354033655056302,16.85800900854683,5.451919942885255,10.679451897347828
7986,5.177016827528151,33.71601801709366,69.511979271787,26.10532686018358
7987,0.0,0.0,1.3629799857213138,1.1866057663719811
7988,5.177016827528151,16.85800900854683,6.814899928606569,5.933028831859905
7989,62.12420193033781,50.574027025640504,42.252379557360726,72.38295174869084
7990,88.00928606797856,33.71601801709366,81.77879914327883,83.06240364603867
7991,10.354033655056302,0.0,5.451919942885255,10.679451897347828
7992,31.062100965168906,16.85800900854683,44.97833952880335,61.703499851343004
7993,46.593151447753364,84.29004504273416,53.15621944313124,56.95707678585508
7994,5.177016827528151,16.85800900854683,8.177879914327884,8.306240364603866
7995,15.531050482584453,16.85800900854683,6.814899928606569,15.425874962835751
7996,25.885084137640757,16.85800900854683,19.081719800098394,18.985692261951698
7997,0.0,0.0,2.7259599714426277,5.933028831859905
7998,5.177016827528151,0.0,5.451919942885255,5.933028831859905
7999,46.593151447753364,50.574027025640504,65.42303931462307,70.00974021594688
8000,0.0,16.85800900854683,9.540859900049197,2.3732115327439622
8001,0.0,16.85800900854683,6.814899928606569,8.306240364603866
8002,139.77945434326008,101.14805405128101,35.43747962875416,24.918721093811598
8003,103.54033655056303,0.0,14.992779842934452,7.119634598231885
8004,46.593151447753364,0.0,20.444699785819708,23.73211532743962
8005,5.177016827528151,0.0,0.0,2.3732115327439622
8006,139.77945434326008,101.14805405128101,39.5264195859181,29.665144159299523
8007,10.354033655056302,33.71601801709366,28.62257970014759,36.784778757531406
8008,0.0,0.0,0.0,1.1866057663719811
8009,0.0,0.0,1.3629799857213138,0.0
8010,0.0,0.0,1.3629799857213138,0.0
8011,25.885084137640757,50.574027025640504,38.16343960019679,18.985692261951698
8012,15.531050482584453,0.0,13.629799857213138,23.73211532743962
8013,0.0,16.85800900854683,2.7259599714426277,1.1866057663719811
8014,51.77016827528151,33.71601801709366,462.05021515952535,452.09679698772476
8015,5.177016827528151,16.85800900854683,9.540859900049197,18.985692261951698
8016,0.0,0.0,5.451919942885255,4.7464230654879245
8017,67.30121875786597,16.85800900854683,66.78601930034436,77.12937481417876
8018,0.0,0.0,6.814899928606569,8.306240364603866
8019,652.3041202685471,370.8761981880303,395.264195859181,380.90045100540584
8020,0.0,0.0,1.3629799857213138,2.3732115327439622
8021,56.94718510280967,50.574027025640504,28.62257970014759,29.665144159299523
8022,15.531050482584453,67.43203603418732,16.355759828655767,23.73211532743962
8023,51.77016827528151,16.85800900854683,35.43747962875416,48.65083642125122
8024,20.708067310112604,0.0,12.266819871491824,20.172298028323674
8025,0.0,0.0,16.355759828655767,11.86605766371981
8026,0.0,0.0,0.0,1.1866057663719811
8027,25.885084137640757,0.0,4.088939957163942,8.306240364603866
8028,10.354033655056302,0.0,1.3629799857213138,14.23926919646377
8029,10.354033655056302,0.0,6.814899928606569,1.1866057663719811
8030,36.23911779269706,0.0,16.355759828655767,23.73211532743962
8031,15.531050482584453,50.574027025640504,20.444699785819708,14.23926919646377
8032,51.77016827528151,0.0,54.51919942885255,58.14368255222707
8033,31.062100965168906,33.71601801709366,35.43747962875416,45.09101912213528
8034,46.593151447753364,50.574027025640504,83.14177912900014,94.92846130975848
8035,25.885084137640757,33.71601801709366,40.889399571639416,36.784778757531406
8036,258.8508413764076,168.58009008546833,204.44699785819705,227.82830714342032
8037,72.47823558539412,50.574027025640504,54.51919942885255,58.14368255222707
8038,41.41613462022521,33.71601801709366,36.80045961447547,36.784778757531406
8039,20.708067310112604,33.71601801709366,27.259599714426276,24.918721093811598
8040,36.23911779269706,0.0,16.355759828655767,24.918721093811598
8041,0.0,0.0,12.266819871491824,10.679451897347828
8042,31.062100965168906,16.85800900854683,36.80045961447547,27.291932626555564
8043,10.354033655056302,0.0,19.081719800098394,23.73211532743962
8044,0.0,0.0,2.7259599714426277,4.7464230654879245
8045,46.593151447753364,50.574027025640504,25.896619728704962,34.411567224787454
8046,5.177016827528151,16.85800900854683,8.177879914327884,13.05266343009179
8047,10.354033655056302,0.0,6.814899928606569,4.7464230654879245
8048,5.177016827528151,16.85800900854683,5.451919942885255,2.3732115327439622
8049,56.94718510280967,33.71601801709366,36.80045961447547,68.82313444957491
8050,15.531050482584453,16.85800900854683,2.7259599714426277,1.1866057663719811
8051,56.94718510280967,84.29004504273416,80.41581915755751,109.16773050622226
8052,15.531050482584453,16.85800900854683,29.985559685868903,22.54550956106764
8053,20.708067310112604,0.0,28.62257970014759,32.03835569204349
8054,0.0,0.0,1.3629799857213138,3.5598172991159425
8055,15.531050482584453,16.85800900854683,20.444699785819708,18.985692261951698
8056,5.177016827528151,16.85800900854683,10.90383988577051,4.7464230654879245
8057,0.0,16.85800900854683,6.814899928606569,5.933028831859905
8058,67.30121875786597,16.85800900854683,80.41581915755751,73.56955751506281
8059,25.885084137640757,118.00606305982784,32.711519657311534,23.73211532743962
8060,0.0,0.0,1.3629799857213138,0.0
8061,108.71735337809118,118.00606305982784,57.24515940029518,58.14368255222707
8062,155.31050482584453,101.14805405128101,59.97111937173781,70.00974021594688
8063,0.0,0.0,9.540859900049197,11.86605766371981
8064,704.0742885438285,421.4502252136708,746.9130321752799,688.231344495749
8065,93.18630289550673,33.71601801709366,58.6081393860165,65.26331715045895
8066,0.0,0.0,1.3629799857213138,2.3732115327439622
8067,0.0,0.0,6.814899928606569,5.933028831859905
8068,15.531050482584453,0.0,4.088939957163942,8.306240364603866
8069,56.94718510280967,33.71601801709366,66.78601930034436,49.837442187623196
8070,15.531050482584453,16.85800900854683,28.62257970014759,30.851749925671502
8071,0.0,0.0,4.088939957163942,4.7464230654879245
8072,0.0,16.85800900854683,1.3629799857213138,2.3732115327439622
8073,445.223447167421,252.8701351282025,193.54315797242654,81.87579787966669
8074,93.18630289550673,134.86407206837464,99.4975389576559,91.36864401064253
8075,295.0899591691046,134.86407206837464,129.4830986435248,55.770471019483104
8076,10.354033655056302,16.85800900854683,6.814899928606569,1.1866057663719811
8077,67.30121875786597,101.14805405128101,220.80275768685283,66.44992291683093
8078,0.0,0.0,2.7259599714426277,0.0
8079,36.23911779269706,0.0,27.259599714426276,14.23926919646377
8080,0.0,16.85800900854683,0.0,1.1866057663719811
8081,0.0,0.0,1.3629799857213138,1.1866057663719811
8082,62.12420193033781,0.0,66.78601930034436,92.55524977701451
8083,46.593151447753364,16.85800900854683,39.5264195859181,28.47853839292754
8084,5.177016827528151,16.85800900854683,4.088939957163942,5.933028831859905
8085,5.177016827528151,0.0,1.3629799857213138,1.1866057663719811
8086,5.177016827528151,0.0,6.814899928606569,17.799086495579715
8087,792.0835746118072,387.73420719657713,327.1151965731153,176.80425918942515
8088,0.0,16.85800900854683,8.177879914327884,8.306240364603866
8089,0.0,0.0,1.3629799857213138,0.0
8090,0.0,0.0,0.0,1.1866057663719811
8091,0.0,0.0,4.088939957163942,5.933028831859905
8092,191.5496226185416,606.8883243076859,132.20905861496746,67.63652868320291
8093,25.885084137640757,16.85800900854683,19.081719800098394,11.86605766371981
8094,0.0,0.0,0.0,1.1866057663719811
8095,0.0,0.0,2.7259599714426277,1.1866057663719811
8096,0.0,0.0,38.16343960019679,27.291932626555564
8097,15.531050482584453,0.0,8.177879914327884,10.679451897347828
8098,10.354033655056302,0.0,21.80767977154102,36.784778757531406
8099,108.71735337809118,134.86407206837464,59.97111937173781,66.44992291683093
8100,36.23911779269706,33.71601801709366,16.355759828655767,17.799086495579715
8101,486.63958178764625,303.44416215384297,121.30521872919692,100.86149014161838
8102,10.354033655056302,0.0,21.80767977154102,30.851749925671502
8103,0.0,33.71601801709366,16.355759828655767,7.119634598231885
8104,36.23911779269706,16.85800900854683,35.43747962875416,35.59817299115943
8105,20.708067310112604,0.0,19.081719800098394,7.119634598231885
8106,41.41613462022521,0.0,57.24515940029518,53.39725948673914
8107,217.43470675618235,168.58009008546833,252.15129735844303,214.77564371332855
8108,5.177016827528151,0.0,0.0,5.933028831859905
8109,31.062100965168906,0.0,19.081719800098394,21.358903794695657
8110,5.177016827528151,16.85800900854683,21.80767977154102,39.15799029027537
8111,5.177016827528151,0.0,2.7259599714426277,4.7464230654879245
8112,46.593151447753364,33.71601801709366,39.5264195859181,28.47853839292754
8113,5.177016827528151,16.85800900854683,16.355759828655767,16.612480729207732
8114,5.177016827528151,0.0,1.3629799857213138,1.1866057663719811
8115,5.177016827528151,0.0,23.170659757262335,10.679451897347828
8116,62.12420193033781,50.574027025640504,31.348539671590217,41.53120182301934
8117,0.0,0.0,4.088939957163942,2.3732115327439622
8118,134.60243751573194,168.58009008546833,207.1729578296397,205.28279758235269
8119,20.708067310112604,33.71601801709366,23.170659757262335,15.425874962835751
8120,5.177016827528151,33.71601801709366,47.70429950024598,41.53120182301934
8121,0.0,0.0,2.7259599714426277,4.7464230654879245
8122,0.0,0.0,13.629799857213138,5.933028831859905
8123,10.354033655056302,33.71601801709366,23.170659757262335,30.851749925671502
8124,25.885084137640757,0.0,25.896619728704962,16.612480729207732
8125,20.708067310112604,16.85800900854683,25.896619728704962,13.05266343009179
8126,31.062100965168906,0.0,25.896619728704962,53.39725948673914
8127,0.0,0.0,1.3629799857213138,0.0
8128,0.0,0.0,6.814899928606569,4.7464230654879245
8129,31.062100965168906,0.0,14.992779842934452,18.985692261951698
8130,10.354033655056302,16.85800900854683,4.088939957163942,3.5598172991159425
8131,750.6674399915819,657.4623513333265,524.7472945027057,561.264527493947
8132,103.54033655056303,84.29004504273416,64.06005932890174,68.82313444957491
8133,5.177016827528151,0.0,1.3629799857213138,2.3732115327439622
8134,15.531050482584453,33.71601801709366,92.68263902904934,85.43561517878263
8135,0.0,0.0,2.7259599714426277,0.0
8136,15.531050482584453,134.86407206837464,36.80045961447547,54.58386525311113
8137,67.30121875786597,33.71601801709366,118.57925875775429,124.59360546905799
8138,77.65525241292227,16.85800900854683,51.793239457409925,66.44992291683093
8139,5.177016827528151,16.85800900854683,28.62257970014759,15.425874962835751
8140,0.0,0.0,2.7259599714426277,4.7464230654879245
8141,10.354033655056302,0.0,1.3629799857213138,0.0
8142,0.0,0.0,1.3629799857213138,2.3732115327439622
8143,20.708067310112604,0.0,9.540859900049197,15.425874962835751
8144,10.354033655056302,0.0,1.3629799857213138,0.0
8145,88.00928606797856,67.43203603418732,50.430259471688615,66.44992291683093
8146,36.23911779269706,0.0,111.76435882914774,68.82313444957491
8147,15.531050482584453,0.0,19.081719800098394,27.291932626555564
8148,15.531050482584453,16.85800900854683,13.629799857213138,20.172298028323674
8149,0.0,0.0,1.3629799857213138,2.3732115327439622
8150,25.885084137640757,50.574027025640504,9.540859900049197,13.05266343009179
8151,36.23911779269706,33.71601801709366,40.889399571639416,40.34459605664735
8152,0.0,0.0,4.088939957163942,9.492846130975849
8153,735.1363895089975,876.6164684444353,1534.7154639221994,1592.4249384711984
8154,0.0,16.85800900854683,10.90383988577051,14.23926919646377
8155,10.354033655056302,16.85800900854683,17.71873981437708,11.86605766371981
8156,5.177016827528151,16.85800900854683,10.90383988577051,14.23926919646377
8157,25.885084137640757,0.0,117.216278772033,135.27305736640582
8158,0.0,0.0,1.3629799857213138,2.3732115327439622
8159,10.354033655056302,0.0,1.3629799857213138,3.5598172991159425
8160,0.0,0.0,1.3629799857213138,1.1866057663719811
8161,165.66453848090083,185.43809909401514,193.54315797242654,208.84261488146865
8162,0.0,0.0,1.3629799857213138,5.933028831859905
8163,15.531050482584453,0.0,32.711519657311534,11.86605766371981
8164,0.0,0.0,1.3629799857213138,3.5598172991159425
8165,5.177016827528151,0.0,6.814899928606569,10.679451897347828
8166,20.708067310112604,16.85800900854683,6.814899928606569,4.7464230654879245
8167,20.708067310112604,16.85800900854683,5.451919942885255,4.7464230654879245
8168,124.24840386067562,16.85800900854683,32.711519657311534,30.851749925671502
8169,5.177016827528151,16.85800900854683,4.088939957163942,2.3732115327439622
8170,20.708067310112604,50.574027025640504,28.62257970014759,33.224961458415464
8171,41.41613462022521,0.0,23.170659757262335,26.10532686018358
8172,15.531050482584453,67.43203603418732,27.259599714426276,22.54550956106764
8173,0.0,0.0,8.177879914327884,43.90441335576329
8174,36.23911779269706,67.43203603418732,23.170659757262335,17.799086495579715
8175,15.531050482584453,84.29004504273416,44.97833952880335,16.612480729207732
8176,25.885084137640757,84.29004504273416,36.80045961447547,56.95707678585508
8177,15.531050482584453,0.0,16.355759828655767,9.492846130975849
8178,10.354033655056302,0.0,5.451919942885255,14.23926919646377
8179,10.354033655056302,33.71601801709366,20.444699785819708,23.73211532743962
8180,0.0,0.0,10.90383988577051,7.119634598231885
8181,0.0,16.85800900854683,2.7259599714426277,7.119634598231885
8182,25.885084137640757,84.29004504273416,186.72825804381998,874.52844981615
8183,0.0,50.574027025640504,32.711519657311534,128.15342276817395
8184,10.354033655056302,0.0,16.355759828655767,13.05266343009179
8185,0.0,0.0,13.629799857213138,3.5598172991159425
8186,36.23911779269706,16.85800900854683,46.34131951452467,26.10532686018358
8187,20.708067310112604,0.0,8.177879914327884,4.7464230654879245
8188,0.0,0.0,2.7259599714426277,2.3732115327439622
8189,5.177016827528151,50.574027025640504,2.7259599714426277,4.7464230654879245
8190,98.36331972303488,33.71601801709366,38.16343960019679,10.679451897347828
8191,20.708067310112604,33.71601801709366,19.081719800098394,11.86605766371981
8192,46.593151447753364,16.85800900854683,28.62257970014759,21.358903794695657
8193,5.177016827528151,0.0,2.7259599714426277,4.7464230654879245
8194,77.65525241292227,101.14805405128101,61.33409935745912,32.03835569204349
8195,5.177016827528151,0.0,4.088939957163942,9.492846130975849
8196,51.77016827528151,101.14805405128101,65.42303931462307,41.53120182301934
8197,56.94718510280967,33.71601801709366,51.793239457409925,62.89010561771499
8198,41.41613462022521,84.29004504273416,167.64653824372158,88.99543247789858
8199,15.531050482584453,16.85800900854683,29.985559685868903,26.10532686018358
8200,10.354033655056302,0.0,6.814899928606569,4.7464230654879245
8201,232.96575723876683,67.43203603418732,58.6081393860165,48.65083642125122
8202,72.47823558539412,0.0,43.61535954308204,34.411567224787454
8203,0.0,0.0,14.992779842934452,28.47853839292754
8204,20.708067310112604,16.85800900854683,2.7259599714426277,5.933028831859905
8205,0.0,0.0,1.3629799857213138,0.0
8206,5.177016827528151,16.85800900854683,10.90383988577051,23.73211532743962
8207,5.177016827528151,0.0,5.451919942885255,2.3732115327439622
8208,46.593151447753364,84.29004504273416,32.711519657311534,33.224961458415464
8209,0.0,0.0,2.7259599714426277,2.3732115327439622
8210,134.60243751573194,151.72208107692148,136.29799857213138,138.83287466552176
8211,41.41613462022521,0.0,19.081719800098394,18.985692261951698
8212,119.07138703314749,168.58009008546833,185.36527805809868,196.97655721774885
8213,201.9036562735979,33.71601801709366,145.83885847218056,177.99086495579715
8214,56.94718510280967,50.574027025640504,50.430259471688615,54.58386525311113
8215,46.593151447753364,84.29004504273416,31.348539671590217,14.23926919646377
8216,150.13348799831638,118.00606305982784,74.96389921467225,27.291932626555564
8217,15.531050482584453,16.85800900854683,5.451919942885255,8.306240364603866
8218,10.354033655056302,16.85800900854683,14.992779842934452,10.679451897347828
8219,25.885084137640757,16.85800900854683,28.62257970014759,26.10532686018358
8220,5.177016827528151,0.0,20.444699785819708,30.851749925671502
8221,15.531050482584453,33.71601801709366,27.259599714426276,36.784778757531406
8222,10.354033655056302,0.0,2.7259599714426277,11.86605766371981
8223,0.0,0.0,1.3629799857213138,2.3732115327439622
8224,155.31050482584453,168.58009008546833,233.06957755834466,192.23013415226092
8225,134.60243751573194,185.43809909401514,80.41581915755751,116.28736510445414
8226,31.062100965168906,0.0,17.71873981437708,28.47853839292754
8227,5.177016827528151,0.0,0.0,5.933028831859905
8228,31.062100965168906,50.574027025640504,17.71873981437708,11.86605766371981
8229,20.708067310112604,33.71601801709366,20.444699785819708,15.425874962835751
8230,176.01857213595713,67.43203603418732,188.0912380295413,150.6989323292416
8231,5.177016827528151,16.85800900854683,31.348539671590217,28.47853839292754
8232,0.0,0.0,1.3629799857213138,2.3732115327439622
8233,0.0,0.0,12.266819871491824,5.933028831859905
8234,0.0,0.0,0.0,1.1866057663719811
8235,419.3383630297803,539.4562882734986,170.3724982151642,105.60791320710631
8236,15.531050482584453,0.0,5.451919942885255,15.425874962835751
8237,41.41613462022521,50.574027025640504,24.53363974298365,26.10532686018358
8238,51.77016827528151,67.43203603418732,19.081719800098394,24.918721093811598
8239,191.5496226185416,202.29610810256202,160.83163831511501,160.19177846021742
8240,25.885084137640757,33.71601801709366,54.51919942885255,46.277624888507255
8241,88.00928606797856,16.85800900854683,83.14177912900014,56.95707678585508
8242,36.23911779269706,33.71601801709366,32.711519657311534,27.291932626555564
8243,36.23911779269706,16.85800900854683,35.43747962875416,40.34459605664735
8244,5.177016827528151,0.0,4.088939957163942,9.492846130975849
8245,10.354033655056302,0.0,5.451919942885255,8.306240364603866
8246,31.062100965168906,67.43203603418732,51.793239457409925,62.89010561771499
8247,41.41613462022521,16.85800900854683,19.081719800098394,17.799086495579715
8248,5.177016827528151,0.0,1.3629799857213138,4.7464230654879245
8249,0.0,0.0,0.0,3.5598172991159425
8250,0.0,0.0,0.0,1.1866057663719811
8251,0.0,0.0,17.71873981437708,11.86605766371981
8252,0.0,0.0,5.451919942885255,8.306240364603866
8253,5.177016827528151,16.85800900854683,9.540859900049197,13.05266343009179
8254,36.23911779269706,16.85800900854683,43.61535954308204,47.46423065487924
8255,248.49680772135125,236.01212611965568,492.03577484539426,525.6663545027875
8256,0.0,0.0,1.3629799857213138,4.7464230654879245
8257,41.41613462022521,33.71601801709366,29.985559685868903,49.837442187623196
8258,0.0,0.0,1.3629799857213138,0.0
8259,10.354033655056302,0.0,8.177879914327884,8.306240364603866
8260,0.0,0.0,2.7259599714426277,1.1866057663719811
8261,10.354033655056302,0.0,2.7259599714426277,7.119634598231885
8262,0.0,0.0,1.3629799857213138,0.0
8263,0.0,50.574027025640504,35.43747962875416,49.837442187623196
8264,5.177016827528151,0.0,5.451919942885255,4.7464230654879245
8265,51.77016827528151,33.71601801709366,20.444699785819708,16.612480729207732
8266,10.354033655056302,33.71601801709366,24.53363974298365,35.59817299115943
8267,0.0,0.0,1.3629799857213138,0.0
8268,67.30121875786597,101.14805405128101,91.31965904332802,81.87579787966669
8269,5.177016827528151,50.574027025640504,29.985559685868903,41.53120182301934
8270,62.12420193033781,236.01212611965568,98.1345589719346,64.07671138408698
8271,5.177016827528151,16.85800900854683,2.7259599714426277,7.119634598231885
8272,20.708067310112604,50.574027025640504,38.16343960019679,39.15799029027537
8273,10.354033655056302,0.0,9.540859900049197,14.23926919646377
8274,98.36331972303488,118.00606305982784,84.50475911472145,105.60791320710631
8275,56.94718510280967,16.85800900854683,14.992779842934452,33.224961458415464
8276,0.0,0.0,1.3629799857213138,1.1866057663719811
8277,15.531050482584453,84.29004504273416,151.29077841506583,363.10136450982617
8278,0.0,0.0,1.3629799857213138,0.0
8279,10.354033655056302,0.0,47.70429950024598,59.330288318599045
8280,46.593151447753364,16.85800900854683,25.896619728704962,29.665144159299523
8281,5.177016827528151,0.0,0.0,0.0
8282,36.23911779269706,33.71601801709366,17.71873981437708,27.291932626555564
8283,0.0,0.0,0.0,3.5598172991159425
8284,5.177016827528151,33.71601801709366,16.355759828655767,21.358903794695657
8285,1630.7603006713678,691.1783693504201,2948.1257091152015,2827.6815412644305
8286,36.23911779269706,33.71601801709366,184.00229807237736,170.87123035756525
8287,0.0,0.0,0.0,2.3732115327439622
8288,5.177016827528151,33.71601801709366,28.62257970014759,42.71780758939131
8289,124.24840386067562,134.86407206837464,288.95175697291853,340.5558549487585
8290,139.77945434326008,101.14805405128101,124.03117870063956,106.79451897347828
8291,243.31979089382313,134.86407206837464,128.1201186578035,105.60791320710631
8292,269.20487503146387,286.5861531452962,175.82441815804947,130.5266343009179
8293,15.531050482584453,0.0,12.266819871491824,5.933028831859905
8294,5.177016827528151,16.85800900854683,43.61535954308204,30.851749925671502
8295,98.36331972303488,202.29610810256202,126.75713867208219,109.16773050622226
8296,0.0,0.0,1.3629799857213138,0.0
8297,15.531050482584453,50.574027025640504,16.355759828655767,11.86605766371981
8298,10.354033655056302,16.85800900854683,20.444699785819708,26.10532686018358
8299,10.354033655056302,84.29004504273416,14.992779842934452,10.679451897347828
8300,15.531050482584453,0.0,20.444699785819708,22.54550956106764
8301,15.531050482584453,16.85800900854683,12.266819871491824,14.23926919646377
8302,36.23911779269706,33.71601801709366,28.62257970014759,28.47853839292754
8303,0.0,16.85800900854683,2.7259599714426277,5.933028831859905
8304,10.354033655056302,16.85800900854683,9.540859900049197,14.23926919646377
8305,5.177016827528151,16.85800900854683,21.80767977154102,27.291932626555564
8306,5.177016827528151,0.0,0.0,5.933028831859905
8307,5.177016827528151,0.0,4.088939957163942,11.86605766371981
8308,56.94718510280967,16.85800900854683,80.41581915755751,79.50258634692273
8309,82.83226924045042,151.72208107692148,129.4830986435248,98.48827860887442
8310,46.593151447753364,0.0,24.53363974298365,35.59817299115943
8311,36.23911779269706,67.43203603418732,25.896619728704962,27.291932626555564
8312,67.30121875786597,50.574027025640504,43.61535954308204,51.024047953995186
8313,10.354033655056302,0.0,12.266819871491824,16.612480729207732
8314,0.0,0.0,2.7259599714426277,7.119634598231885
8315,56.94718510280967,16.85800900854683,34.074499643032844,32.03835569204349
8316,10.354033655056302,0.0,77.68985918611489,17.799086495579715
8317,341.68311061685796,320.3021711623898,192.18017798670522,187.48371108677298
8318,82.83226924045042,50.574027025640504,365.27863617331207,232.57473020890828
8319,62.12420193033781,185.43809909401514,325.75221658739395,167.31141305844932
8320,98.36331972303488,67.43203603418732,88.5936990718854,98.48827860887442
8321,0.0,16.85800900854683,13.629799857213138,3.5598172991159425
8322,20.708067310112604,16.85800900854683,16.355759828655767,16.612480729207732
8323,15.531050482584453,16.85800900854683,39.5264195859181,40.34459605664735
8324,0.0,0.0,6.814899928606569,5.933028831859905
8325,15.531050482584453,0.0,64.06005932890174,83.06240364603867
8326,5.177016827528151,0.0,6.814899928606569,16.612480729207732
8327,5.177016827528151,0.0,1.3629799857213138,3.5598172991159425
8328,0.0,0.0,1.3629799857213138,1.1866057663719811
8329,10.354033655056302,16.85800900854683,10.90383988577051,9.492846130975849
8330,5.177016827528151,16.85800900854683,19.081719800098394,17.799086495579715
8331,10.354033655056302,33.71601801709366,8.177879914327884,7.119634598231885
8332,0.0,33.71601801709366,2.7259599714426277,1.1866057663719811
8333,0.0,0.0,1.3629799857213138,1.1866057663719811
8334,0.0,33.71601801709366,4.088939957163942,2.3732115327439622
8335,31.062100965168906,0.0,14.992779842934452,28.47853839292754
8336,5.177016827528151,16.85800900854683,2.7259599714426277,2.3732115327439622
8337,0.0,0.0,1.3629799857213138,0.0
8338,217.43470675618235,101.14805405128101,59.97111937173781,51.024047953995186
8339,0.0,0.0,6.814899928606569,21.358903794695657
8340,36.23911779269706,84.29004504273416,55.88217941457387,56.95707678585508
8341,5.177016827528151,0.0,2.7259599714426277,1.1866057663719811
8342,0.0,0.0,1.3629799857213138,1.1866057663719811
8343,41.41613462022521,33.71601801709366,104.94945890054116,94.92846130975848
8344,10.354033655056302,0.0,23.170659757262335,27.291932626555564
8345,129.4254206882038,101.14805405128101,139.023958543574,156.6319611611015
8346,67.30121875786597,50.574027025640504,88.5936990718854,86.62222094515461
8347,144.95647117078823,168.58009008546833,73.60091922895094,87.80882671152658
8348,5.177016827528151,0.0,1.3629799857213138,1.1866057663719811
8349,5.177016827528151,0.0,1.3629799857213138,2.3732115327439622
8350,0.0,0.0,1.3629799857213138,0.0
8351,62.12420193033781,0.0,21.80767977154102,9.492846130975849
8352,5.177016827528151,0.0,1.3629799857213138,2.3732115327439622
8353,46.593151447753364,16.85800900854683,50.430259471688615,59.330288318599045
8354,0.0,0.0,4.088939957163942,0.0
8355,0.0,0.0,1.3629799857213138,1.1866057663719811
8356,15.531050482584453,33.71601801709366,6.814899928606569,15.425874962835751
8357,10.354033655056302,0.0,6.814899928606569,5.933028831859905
8358,0.0,16.85800900854683,17.71873981437708,10.679451897347828
8359,155.31050482584453,252.8701351282025,74.96389921467225,60.51689408497103
8360,103.54033655056303,67.43203603418732,91.31965904332802,104.42130744073432
8361,0.0,16.85800900854683,2.7259599714426277,2.3732115327439622
8362,0.0,0.0,1.3629799857213138,0.0
8363,5.177016827528151,0.0,36.80045961447547,34.411567224787454
8364,0.0,16.85800900854683,20.444699785819708,24.918721093811598
8365,5.177016827528151,0.0,10.90383988577051,11.86605766371981
8366,5.177016827528151,0.0,1.3629799857213138,5.933028831859905
8367,124.24840386067562,67.43203603418732,152.65375840078715,110.35433627259422
8368,352.03714427191426,556.3142972820455,581.992453903001,488.8815757452562
8369,5.177016827528151,16.85800900854683,5.451919942885255,1.1866057663719811
8370,62.12420193033781,33.71601801709366,110.40137884342641,113.91415357171016
8371,0.0,0.0,19.081719800098394,36.784778757531406
8372,10.354033655056302,0.0,4.088939957163942,11.86605766371981
8373,5.177016827528151,33.71601801709366,35.43747962875416,36.784778757531406
8374,139.77945434326008,151.72208107692148,196.2691179438692,195.78995145137685
8375,0.0,0.0,1.3629799857213138,0.0
8376,869.7388270247294,724.8943873675138,1177.614707663215,1249.4958719896958
8377,119.07138703314749,84.29004504273416,44.97833952880335,64.07671138408698
8378,20.708067310112604,0.0,6.814899928606569,27.291932626555564
8379,0.0,33.71601801709366,9.540859900049197,1.1866057663719811
8380,56.94718510280967,101.14805405128101,32.711519657311534,16.612480729207732
8381,0.0,0.0,1.3629799857213138,0.0
8382,0.0,0.0,5.451919942885255,35.59817299115943
8383,5.177016827528151,16.85800900854683,24.53363974298365,32.03835569204349
8384,56.94718510280967,118.00606305982784,57.24515940029518,34.411567224787454
8385,20.708067310112604,0.0,43.61535954308204,15.425874962835751
8386,0.0,16.85800900854683,0.0,0.0
8387,0.0,0.0,0.0,8.306240364603866
8388,25.885084137640757,16.85800900854683,66.78601930034436,64.07671138408698
8389,36.23911779269706,0.0,32.711519657311534,29.665144159299523
8390,10.354033655056302,0.0,0.0,0.0
8391,113.89437020561934,33.71601801709366,29.985559685868903,27.291932626555564
8392,31.062100965168906,0.0,28.62257970014759,32.03835569204349
8393,15.531050482584453,16.85800900854683,4.088939957163942,4.7464230654879245
8394,5.177016827528151,0.0,2.7259599714426277,2.3732115327439622
8395,0.0,0.0,81.77879914327883,74.7561632814348
8396,25.885084137640757,50.574027025640504,28.62257970014759,60.51689408497103
8397,248.49680772135125,84.29004504273416,107.67541887198378,78.31598058055074
8398,20.708067310112604,50.574027025640504,6.814899928606569,18.985692261951698
8399,36.23911779269706,0.0,68.14899928606569,60.51689408497103
8400,0.0,16.85800900854683,25.896619728704962,104.42130744073432
8401,0.0,0.0,1.3629799857213138,3.5598172991159425
8402,15.531050482584453,0.0,57.24515940029518,55.770471019483104
8403,5.177016827528151,16.85800900854683,6.814899928606569,7.119634598231885
8404,72.47823558539412,67.43203603418732,50.430259471688615,67.63652868320291
8405,72.47823558539412,0.0,62.697079343180434,46.277624888507255
8406,0.0,0.0,0.0,1.1866057663719811
8407,46.593151447753364,33.71601801709366,35.43747962875416,42.71780758939131
8408,0.0,0.0,21.80767977154102,29.665144159299523
8409,51.77016827528151,50.574027025640504,40.889399571639416,46.277624888507255
8410,36.23911779269706,16.85800900854683,14.992779842934452,28.47853839292754
8411,0.0,0.0,6.814899928606569,5.933028831859905
8412,5.177016827528151,16.85800900854683,1.3629799857213138,8.306240364603866
8413,31.062100965168906,16.85800900854683,10.90383988577051,7.119634598231885
8414,0.0,0.0,0.0,1.1866057663719811
8415,25.885084137640757,33.71601801709366,24.53363974298365,14.23926919646377
8416,41.41613462022521,0.0,17.71873981437708,23.73211532743962
8417,108.71735337809118,101.14805405128101,80.41581915755751,72.38295174869084
8418,538.4097500629277,438.30823422221766,460.687235173804,332.2496145841547
8419,25.885084137640757,16.85800900854683,1.3629799857213138,8.306240364603866
8420,82.83226924045042,151.72208107692148,109.0383988577051,115.10075933808216
8421,0.0,0.0,2.7259599714426277,0.0
8422,41.41613462022521,16.85800900854683,13.629799857213138,17.799086495579715
8423,191.5496226185416,134.86407206837464,98.1345589719346,92.55524977701451
8424,36.23911779269706,33.71601801709366,10.90383988577051,14.23926919646377
8425,36.23911779269706,16.85800900854683,25.896619728704962,7.119634598231885
8426,0.0,0.0,1.3629799857213138,5.933028831859905
8427,0.0,0.0,10.90383988577051,10.679451897347828
8428,15.531050482584453,0.0,12.266819871491824,13.05266343009179
8429,0.0,0.0,2.7259599714426277,2.3732115327439622
8430,67.30121875786597,33.71601801709366,154.01673838650845,174.43104765668122
8431,217.43470675618235,269.7281441367493,233.06957755834466,310.890710789459
8432,5.177016827528151,16.85800900854683,4.088939957163942,7.119634598231885
8433,62.12420193033781,67.43203603418732,64.06005932890174,56.95707678585508
8434,10.354033655056302,0.0,31.348539671590217,29.665144159299523
8435,0.0,16.85800900854683,13.629799857213138,9.492846130975849
8436,62.12420193033781,33.71601801709366,25.896619728704962,32.03835569204349
8437,72.47823558539412,33.71601801709366,88.5936990718854,68.82313444957491
8438,0.0,0.0,1.3629799857213138,0.0
8439,5.177016827528151,0.0,4.088939957163942,11.86605766371981
8440,25.885084137640757,50.574027025640504,34.074499643032844,79.50258634692273
8441,67.30121875786597,67.43203603418732,42.252379557360726,55.770471019483104
8442,0.0,0.0,1.3629799857213138,0.0
8443,46.593151447753364,50.574027025640504,36.80045961447547,11.86605766371981
8444,15.531050482584453,0.0,1.3629799857213138,0.0
8445,0.0,0.0,0.0,2.3732115327439622
8446,0.0,0.0,0.0,1.1866057663719811
8447,139.77945434326008,50.574027025640504,81.77879914327883,115.10075933808216
8448,5.177016827528151,0.0,1.3629799857213138,5.933028831859905
8449,36.23911779269706,33.71601801709366,68.14899928606569,34.411567224787454
8450,20.708067310112604,33.71601801709366,17.71873981437708,16.612480729207732
8451,186.37260579101346,50.574027025640504,171.73547820088552,129.34002853454592
8452,15.531050482584453,33.71601801709366,54.51919942885255,60.51689408497103
8453,305.44399282416094,236.01212611965568,331.20413653027924,291.9050185275073
8454,72.47823558539412,67.43203603418732,137.66097855785267,226.64170137704838
8455,0.0,0.0,4.088939957163942,3.5598172991159425
8456,20.708067310112604,0.0,32.711519657311534,53.39725948673914
8457,51.77016827528151,33.71601801709366,55.88217941457387,56.95707678585508
8458,20.708067310112604,16.85800900854683,13.629799857213138,23.73211532743962
8459,15.531050482584453,33.71601801709366,17.71873981437708,54.58386525311113
8460,295.0899591691046,286.5861531452962,159.4686583293937,177.99086495579715
8461,41.41613462022521,16.85800900854683,47.70429950024598,45.09101912213528
8462,0.0,0.0,4.088939957163942,1.1866057663719811
8463,5.177016827528151,0.0,1.3629799857213138,0.0
8464,36.23911779269706,33.71601801709366,27.259599714426276,41.53120182301934
8465,0.0,0.0,1.3629799857213138,0.0
8466,0.0,0.0,9.540859900049197,13.05266343009179
8467,0.0,0.0,2.7259599714426277,2.3732115327439622
8468,5.177016827528151,0.0,0.0,0.0
8469,82.83226924045042,84.29004504273416,32.711519657311534,24.918721093811598
8470,5.177016827528151,0.0,12.266819871491824,14.23926919646377
8471,0.0,16.85800900854683,1.3629799857213138,2.3732115327439622
8472,5.177016827528151,0.0,9.540859900049197,11.86605766371981
8473,5.177016827528151,0.0,0.0,0.0
8474,5.177016827528151,0.0,1.3629799857213138,8.306240364603866
8475,0.0,0.0,0.0,2.3732115327439622
8476,5.177016827528151,0.0,21.80767977154102,26.10532686018358
8477,0.0,0.0,4.088939957163942,4.7464230654879245
8478,103.54033655056303,134.86407206837464,280.77387705859064,307.33089349034304
8479,124.24840386067562,84.29004504273416,278.047917087148,333.4362203505267
8480,0.0,0.0,0.0,1.1866057663719811
8481,15.531050482584453,33.71601801709366,14.992779842934452,27.291932626555564
8482,0.0,0.0,1.3629799857213138,0.0
8483,56.94718510280967,16.85800900854683,29.985559685868903,39.15799029027537
8484,15.531050482584453,33.71601801709366,35.43747962875416,36.784778757531406
8485,5.177016827528151,0.0,1.3629799857213138,4.7464230654879245
8486,5.177016827528151,0.0,2.7259599714426277,1.1866057663719811
8487,0.0,0.0,1.3629799857213138,1.1866057663719811
8488,0.0,0.0,9.540859900049197,10.679451897347828
8489,25.885084137640757,0.0,29.985559685868903,17.799086495579715
8490,5.177016827528151,0.0,1.3629799857213138,2.3732115327439622
8491,5.177016827528151,0.0,4.088939957163942,1.1866057663719811
8492,77.65525241292227,50.574027025640504,27.259599714426276,39.15799029027537
8493,5.177016827528151,0.0,1.3629799857213138,7.119634598231885
8494,0.0,0.0,2.7259599714426277,0.0
8495,0.0,0.0,1.3629799857213138,2.3732115327439622
8496,41.41613462022521,33.71601801709366,61.33409935745912,48.65083642125122
8497,0.0,33.71601801709366,8.177879914327884,8.306240364603866
8498,20.708067310112604,0.0,17.71873981437708,9.492846130975849
8499,5.177016827528151,0.0,2.7259599714426277,0.0
8500,0.0,0.0,1.3629799857213138,2.3732115327439622
8501,0.0,16.85800900854683,6.814899928606569,5.933028831859905
8502,15.531050482584453,0.0,16.355759828655767,22.54550956106764
8503,5.177016827528151,0.0,0.0,1.1866057663719811
8504,0.0,0.0,1.3629799857213138,1.1866057663719811
8505,5.177016827528151,33.71601801709366,4.088939957163942,4.7464230654879245
8506,113.89437020561934,50.574027025640504,95.40859900049196,97.30167284250244
8507,5.177016827528151,0.0,2.7259599714426277,3.5598172991159425
8508,15.531050482584453,16.85800900854683,19.081719800098394,20.172298028323674
8509,41.41613462022521,33.71601801709366,9.540859900049197,27.291932626555564
8510,36.23911779269706,67.43203603418732,47.70429950024598,58.14368255222707
8511,5.177016827528151,0.0,0.0,0.0
8512,41.41613462022521,33.71601801709366,36.80045961447547,41.53120182301934
8513,25.885084137640757,33.71601801709366,38.16343960019679,30.851749925671502
8514,108.71735337809118,67.43203603418732,130.84607862924614,144.7659034973817
8515,383.0992452370832,236.01212611965568,317.5743366730661,338.18264341601457
8516,0.0,0.0,0.0,3.5598172991159425
8517,5.177016827528151,0.0,10.90383988577051,16.612480729207732
8518,20.708067310112604,67.43203603418732,28.62257970014759,32.03835569204349
8519,0.0,0.0,1.3629799857213138,0.0
8520,72.47823558539412,33.71601801709366,61.33409935745912,47.46423065487924
8521,0.0,16.85800900854683,2.7259599714426277,1.1866057663719811
8522,0.0,0.0,0.0,2.3732115327439622
8523,10.354033655056302,16.85800900854683,4.088939957163942,11.86605766371981
8524,0.0,0.0,1.3629799857213138,0.0
8525,31.062100965168906,50.574027025640504,40.889399571639416,46.277624888507255
8526,25.885084137640757,33.71601801709366,46.34131951452467,43.90441335576329
8527,377.92222840955503,472.02425223931135,261.6921572584923,275.29253779829963
8528,46.593151447753364,0.0,66.78601930034436,53.39725948673914
8529,25.885084137640757,16.85800900854683,27.259599714426276,20.172298028323674
8530,0.0,33.71601801709366,4.088939957163942,4.7464230654879245
8531,31.062100965168906,0.0,9.540859900049197,16.612480729207732
8532,5.177016827528151,16.85800900854683,8.177879914327884,24.918721093811598
8533,0.0,0.0,13.629799857213138,3.5598172991159425
8534,5.177016827528151,0.0,6.814899928606569,3.5598172991159425
8535,5.177016827528151,16.85800900854683,21.80767977154102,14.23926919646377
8536,0.0,0.0,0.0,1.1866057663719811
8537,31.062100965168906,16.85800900854683,20.444699785819708,27.291932626555564
8538,0.0,0.0,1.3629799857213138,1.1866057663719811
8539,15.531050482584453,0.0,2.7259599714426277,5.933028831859905
8540,5.177016827528151,0.0,16.355759828655767,20.172298028323674
8541,0.0,0.0,2.7259599714426277,2.3732115327439622
8542,113.89437020561934,33.71601801709366,47.70429950024598,43.90441335576329
8543,0.0,0.0,1.3629799857213138,2.3732115327439622
8544,10.354033655056302,0.0,1.3629799857213138,4.7464230654879245
8545,31.062100965168906,16.85800900854683,10.90383988577051,15.425874962835751
8546,98.36331972303488,101.14805405128101,59.97111937173781,35.59817299115943
8547,134.60243751573194,67.43203603418732,121.30521872919692,123.40699970268601
8548,269.20487503146387,84.29004504273416,107.67541887198378,74.7561632814348
8549,207.08067310112605,16.85800900854683,72.23793924322963,51.024047953995186
8550,41.41613462022521,0.0,19.081719800098394,43.90441335576329
8551,36.23911779269706,84.29004504273416,44.97833952880335,43.90441335576329
8552,36.23911779269706,50.574027025640504,44.97833952880335,70.00974021594688
8553,0.0,0.0,1.3629799857213138,8.306240364603866
8554,139.77945434326008,33.71601801709366,70.87495925750832,96.11506707613046
8555,10.354033655056302,0.0,9.540859900049197,18.985692261951698
8556,0.0,0.0,9.540859900049197,4.7464230654879245
8557,0.0,0.0,0.0,2.3732115327439622
8558,10.354033655056302,0.0,6.814899928606569,2.3732115327439622
8559,10.354033655056302,0.0,14.992779842934452,15.425874962835751
8560,41.41613462022521,67.43203603418732,53.15621944313124,34.411567224787454
8561,31.062100965168906,50.574027025640504,65.42303931462307,43.90441335576329
8562,0.0,0.0,0.0,1.1866057663719811
8563,25.885084137640757,16.85800900854683,9.540859900049197,14.23926919646377
8564,25.885084137640757,67.43203603418732,36.80045961447547,23.73211532743962
8565,15.531050482584453,0.0,5.451919942885255,5.933028831859905
8566,46.593151447753364,16.85800900854683,50.430259471688615,48.65083642125122
8567,0.0,0.0,1.3629799857213138,0.0
8568,5.177016827528151,0.0,5.451919942885255,7.119634598231885
8569,10.354033655056302,0.0,13.629799857213138,17.799086495579715
8570,0.0,0.0,6.814899928606569,2.3732115327439622
8571,0.0,0.0,1.3629799857213138,0.0
8572,0.0,0.0,4.088939957163942,4.7464230654879245
8573,31.062100965168906,0.0,14.992779842934452,23.73211532743962
8574,227.78874041123868,286.5861531452962,261.6921572584923,239.69436480714015
8575,5.177016827528151,0.0,25.896619728704962,21.358903794695657
8576,0.0,0.0,1.3629799857213138,1.1866057663719811
8577,0.0,0.0,2.7259599714426277,4.7464230654879245
8578,93.18630289550673,33.71601801709366,59.97111937173781,77.12937481417876
8579,108.71735337809118,151.72208107692148,70.87495925750832,77.12937481417876
8580,25.885084137640757,0.0,4.088939957163942,5.933028831859905
8581,103.54033655056303,185.43809909401514,167.64653824372158,175.61765342305316
8582,590.1799183382092,320.3021711623898,493.39875483111564,570.7573736249228
8583,0.0,0.0,0.0,1.1866057663719811
8584,56.94718510280967,16.85800900854683,31.348539671590217,22.54550956106764
8585,36.23911779269706,0.0,44.97833952880335,42.71780758939131
8586,5.177016827528151,33.71601801709366,111.76435882914774,128.15342276817395
8587,605.7109688207937,269.7281441367493,1335.7203860068876,1267.2949584852756
8588,0.0,0.0,1.3629799857213138,1.1866057663719811
8589,0.0,0.0,1.3629799857213138,0.0
8590,0.0,0.0,1.3629799857213138,1.1866057663719811
8591,0.0,0.0,2.7259599714426277,1.1866057663719811
8592,0.0,0.0,0.0,2.3732115327439622
8593,5.177016827528151,0.0,2.7259599714426277,3.5598172991159425
8594,56.94718510280967,134.86407206837464,57.24515940029518,66.44992291683093
8595,82.83226924045042,84.29004504273416,102.22349892909853,100.86149014161838
8596,46.593151447753364,84.29004504273416,35.43747962875416,45.09101912213528
8597,15.531050482584453,33.71601801709366,16.355759828655767,14.23926919646377
8598,51.77016827528151,33.71601801709366,39.5264195859181,65.26331715045895
8599,25.885084137640757,50.574027025640504,17.71873981437708,20.172298028323674
8600,10.354033655056302,50.574027025640504,6.814899928606569,8.306240364603866
8601,25.885084137640757,84.29004504273416,12.266819871491824,7.119634598231885
8602,20.708067310112604,0.0,38.16343960019679,47.46423065487924
8603,5.177016827528151,16.85800900854683,16.355759828655767,22.54550956106764
8604,0.0,0.0,2.7259599714426277,4.7464230654879245
8605,25.885084137640757,84.29004504273416,28.62257970014759,24.918721093811598
8606,31.062100965168906,33.71601801709366,32.711519657311534,42.71780758939131
8607,15.531050482584453,33.71601801709366,13.629799857213138,15.425874962835751
8608,20.708067310112604,33.71601801709366,31.348539671590217,67.63652868320291
8609,20.708067310112604,33.71601801709366,21.80767977154102,39.15799029027537
8610,15.531050482584453,50.574027025640504,12.266819871491824,13.05266343009179
8611,20.708067310112604,0.0,20.444699785819708,33.224961458415464
8612,31.062100965168906,0.0,24.53363974298365,18.985692261951698
8613,51.77016827528151,16.85800900854683,59.97111937173781,104.42130744073432
8614,890.446894334842,539.4562882734986,1630.1240629226913,1998.2441105704158
8615,258.8508413764076,185.43809909401514,234.432557544066,270.54611473281165
8616,0.0,0.0,0.0,1.1866057663719811
8617,62.12420193033781,16.85800900854683,88.5936990718854,94.92846130975848
8618,0.0,0.0,8.177879914327884,2.3732115327439622
8619,10.354033655056302,16.85800900854683,10.90383988577051,23.73211532743962
8620,77.65525241292227,50.574027025640504,32.711519657311534,47.46423065487924
8621,82.83226924045042,33.71601801709366,77.68985918611489,68.82313444957491
8622,31.062100965168906,16.85800900854683,9.540859900049197,21.358903794695657
8623,5.177016827528151,0.0,6.814899928606569,14.23926919646377
8624,51.77016827528151,67.43203603418732,62.697079343180434,54.58386525311113
8625,62.12420193033781,16.85800900854683,34.074499643032844,52.21065372036716
8626,176.01857213595713,67.43203603418732,80.41581915755751,91.36864401064253
8627,248.49680772135125,151.72208107692148,44.97833952880335,43.90441335576329
8628,15.531050482584453,16.85800900854683,13.629799857213138,13.05266343009179
8629,67.30121875786597,67.43203603418732,21.80767977154102,18.985692261951698
8630,0.0,0.0,42.252379557360726,70.00974021594688
8631,5.177016827528151,16.85800900854683,24.53363974298365,34.411567224787454
8632,31.062100965168906,16.85800900854683,87.23071908616409,111.54094203896621
8633,10.354033655056302,0.0,2.7259599714426277,5.933028831859905
8634,56.94718510280967,33.71601801709366,29.985559685868903,35.59817299115943
8635,15.531050482584453,0.0,13.629799857213138,16.612480729207732
8636,36.23911779269706,33.71601801709366,58.6081393860165,77.12937481417876
8637,36.23911779269706,16.85800900854683,24.53363974298365,20.172298028323674
8638,72.47823558539412,67.43203603418732,94.04561901477065,78.31598058055074
8639,0.0,0.0,1.3629799857213138,2.3732115327439622
8640,0.0,0.0,0.0,1.1866057663719811
8641,77.65525241292227,101.14805405128101,62.697079343180434,62.89010561771499
8642,5.177016827528151,0.0,0.0,1.1866057663719811
8643,20.708067310112604,0.0,19.081719800098394,23.73211532743962
8644,25.885084137640757,16.85800900854683,31.348539671590217,4.7464230654879245
8645,5.177016827528151,0.0,4.088939957163942,2.3732115327439622
8646,15.531050482584453,16.85800900854683,8.177879914327884,14.23926919646377
8647,5.177016827528151,0.0,0.0,0.0
8648,36.23911779269706,33.71601801709366,16.355759828655767,15.425874962835751
8649,15.531050482584453,16.85800900854683,4.088939957163942,3.5598172991159425
8650,77.65525241292227,33.71601801709366,69.511979271787,68.82313444957491
8651,176.01857213595713,84.29004504273416,117.216278772033,109.16773050622226
8652,0.0,0.0,6.814899928606569,4.7464230654879245
8653,15.531050482584453,0.0,17.71873981437708,15.425874962835751
8654,10.354033655056302,0.0,25.896619728704962,36.784778757531406
8655,186.37260579101346,67.43203603418732,156.74269835795107,119.84718240357007
8656,36.23911779269706,0.0,17.71873981437708,5.933028831859905
8657,25.885084137640757,16.85800900854683,19.081719800098394,20.172298028323674
8658,0.0,0.0,6.814899928606569,7.119634598231885
8659,5.177016827528151,67.43203603418732,14.992779842934452,9.492846130975849
8660,25.885084137640757,16.85800900854683,21.80767977154102,21.358903794695657
8661,15.531050482584453,16.85800900854683,6.814899928606569,5.933028831859905
8662,46.593151447753364,33.71601801709366,43.61535954308204,37.971384523903396
8663,274.381891858992,168.58009008546833,103.58647891481985,91.36864401064253
8664,0.0,0.0,2.7259599714426277,1.1866057663719811
8665,10.354033655056302,16.85800900854683,6.814899928606569,9.492846130975849
8666,20.708067310112604,33.71601801709366,35.43747962875416,21.358903794695657
8667,5.177016827528151,0.0,14.992779842934452,11.86605766371981
8668,0.0,0.0,16.355759828655767,16.612480729207732
8669,15.531050482584453,16.85800900854683,9.540859900049197,10.679451897347828
8670,88.00928606797856,50.574027025640504,70.87495925750832,72.38295174869084
8671,46.593151447753364,16.85800900854683,40.889399571639416,24.918721093811598
8672,0.0,16.85800900854683,1.3629799857213138,1.1866057663719811
8673,0.0,0.0,1.3629799857213138,4.7464230654879245
8674,10.354033655056302,16.85800900854683,2.7259599714426277,7.119634598231885
8675,20.708067310112604,16.85800900854683,14.992779842934452,22.54550956106764
8676,15.531050482584453,50.574027025640504,40.889399571639416,46.277624888507255
8677,36.23911779269706,50.574027025640504,25.896619728704962,36.784778757531406
8678,25.885084137640757,33.71601801709366,29.985559685868903,22.54550956106764
8679,82.83226924045042,219.15411711110883,66.78601930034436,67.63652868320291
8680,46.593151447753364,33.71601801709366,31.348539671590217,30.851749925671502
8681,31.062100965168906,33.71601801709366,17.71873981437708,28.47853839292754
8682,31.062100965168906,33.71601801709366,43.61535954308204,32.03835569204349
8683,124.24840386067562,185.43809909401514,241.24745747267252,257.4934513027199
8684,0.0,0.0,6.814899928606569,2.3732115327439622
8685,15.531050482584453,16.85800900854683,43.61535954308204,43.90441335576329
8686,10.354033655056302,0.0,23.170659757262335,32.03835569204349
8687,5.177016827528151,0.0,50.430259471688615,71.19634598231886
8688,5.177016827528151,0.0,6.814899928606569,10.679451897347828
8689,0.0,16.85800900854683,53.15621944313124,55.770471019483104
8690,108.71735337809118,84.29004504273416,89.9566790576067,90.18203824427056
8691,113.89437020561934,67.43203603418732,258.9661972870496,308.51749925671504
8692,5.177016827528151,16.85800900854683,2.7259599714426277,3.5598172991159425
8693,10.354033655056302,0.0,2.7259599714426277,0.0
8694,10.354033655056302,0.0,1.3629799857213138,9.492846130975849
8695,5.177016827528151,16.85800900854683,44.97833952880335,65.26331715045895
8696,0.0,0.0,54.51919942885255,41.53120182301934
8697,0.0,0.0,1.3629799857213138,0.0
8698,0.0,0.0,4.088939957163942,1.1866057663719811
8699,10.354033655056302,0.0,1.3629799857213138,3.5598172991159425
8700,82.83226924045042,168.58009008546833,73.60091922895094,85.43561517878263
8701,5.177016827528151,16.85800900854683,2.7259599714426277,4.7464230654879245
8702,5.177016827528151,16.85800900854683,31.348539671590217,34.411567224787454
8703,5.177016827528151,0.0,20.444699785819708,10.679451897347828
8704,0.0,0.0,9.540859900049197,15.425874962835751
8705,0.0,0.0,0.0,1.1866057663719811
8706,20.708067310112604,16.85800900854683,59.97111937173781,43.90441335576329
8707,51.77016827528151,33.71601801709366,47.70429950024598,42.71780758939131
8708,119.07138703314749,134.86407206837464,212.62487777252497,189.85692261951695
8709,0.0,16.85800900854683,4.088939957163942,8.306240364603866
8710,0.0,0.0,2.7259599714426277,0.0
8711,0.0,0.0,4.088939957163942,4.7464230654879245
8712,0.0,0.0,6.814899928606569,11.86605766371981
8713,56.94718510280967,0.0,40.889399571639416,40.34459605664735
8714,0.0,0.0,6.814899928606569,9.492846130975849
8715,5.177016827528151,0.0,10.90383988577051,15.425874962835751
8716,20.708067310112604,0.0,14.992779842934452,15.425874962835751
8717,108.71735337809118,16.85800900854683,65.42303931462307,53.39725948673914
8718,0.0,0.0,0.0,1.1866057663719811
8719,36.23911779269706,101.14805405128101,61.33409935745912,73.56955751506281
8720,36.23911779269706,16.85800900854683,74.96389921467225,72.38295174869084
8721,20.708067310112604,33.71601801709366,77.68985918611489,65.26331715045895
8722,0.0,16.85800900854683,4.088939957163942,7.119634598231885
8723,10.354033655056302,16.85800900854683,13.629799857213138,18.985692261951698
8724,10.354033655056302,16.85800900854683,9.540859900049197,22.54550956106764
8725,196.72663944606975,33.71601801709366,34.074499643032844,13.05266343009179
8726,165.66453848090083,67.43203603418732,104.94945890054116,100.86149014161838
8727,25.885084137640757,16.85800900854683,20.444699785819708,30.851749925671502
8728,5.177016827528151,0.0,4.088939957163942,11.86605766371981
8729,522.8786995803432,438.30823422221766,1069.9392887912313,1124.902266520638
8730,56.94718510280967,84.29004504273416,44.97833952880335,34.411567224787454
8731,5.177016827528151,33.71601801709366,21.80767977154102,23.73211532743962
8732,20.708067310112604,33.71601801709366,61.33409935745912,26.10532686018358
8733,20.708067310112604,0.0,19.081719800098394,33.224961458415464
8734,25.885084137640757,0.0,17.71873981437708,17.799086495579715
8735,51.77016827528151,33.71601801709366,50.430259471688615,67.63652868320291
8736,0.0,0.0,1.3629799857213138,0.0
8737,0.0,0.0,0.0,1.1866057663719811
8738,46.593151447753364,0.0,53.15621944313124,66.44992291683093
8739,0.0,0.0,1.3629799857213138,3.5598172991159425
8740,10.354033655056302,16.85800900854683,34.074499643032844,16.612480729207732
8741,129.4254206882038,67.43203603418732,51.793239457409925,41.53120182301934
8742,486.63958178764625,286.5861531452962,260.3291772727709,237.32115327439618
8743,88.00928606797856,134.86407206837464,72.23793924322963,68.82313444957491
8744,0.0,0.0,5.451919942885255,5.933028831859905
8745,652.3041202685471,303.44416215384297,674.6750929320503,505.4940564744639
8746,15.531050482584453,33.71601801709366,66.78601930034436,67.63652868320291
8747,20.708067310112604,50.574027025640504,20.444699785819708,51.024047953995186
8748,5.177016827528151,0.0,10.90383988577051,10.679451897347828
8749,662.6581539236033,573.1723062905924,575.1775539743944,510.2404795399518
8750,0.0,0.0,1.3629799857213138,1.1866057663719811
8751,150.13348799831638,202.29610810256202,171.73547820088552,160.19177846021742
8752,31.062100965168906,16.85800900854683,50.430259471688615,84.24900941241064
8753,5.177016827528151,16.85800900854683,14.992779842934452,15.425874962835751
8754,0.0,0.0,0.0,1.1866057663719811
8755,0.0,0.0,0.0,1.1866057663719811
8756,5.177016827528151,16.85800900854683,0.0,3.5598172991159425
8757,0.0,0.0,2.7259599714426277,8.306240364603866
8758,0.0,0.0,5.451919942885255,3.5598172991159425
8759,56.94718510280967,33.71601801709366,28.62257970014759,46.277624888507255
8760,67.30121875786597,67.43203603418732,51.793239457409925,8.306240364603866
8761,0.0,0.0,1.3629799857213138,1.1866057663719811
8762,98.36331972303488,185.43809909401514,115.85329878631167,113.91415357171016
8763,0.0,0.0,0.0,1.1866057663719811
8764,0.0,0.0,0.0,1.1866057663719811
8765,62.12420193033781,16.85800900854683,73.60091922895094,102.04809590799037
8766,0.0,0.0,6.814899928606569,8.306240364603866
8767,0.0,0.0,2.7259599714426277,1.1866057663719811
8768,486.63958178764625,337.16018017093666,299.855596858689,291.9050185275073
8769,0.0,0.0,4.088939957163942,2.3732115327439622
8770,72.47823558539412,50.574027025640504,126.75713867208219,123.40699970268601
8771,98.36331972303488,67.43203603418732,137.66097855785267,164.93820152570535
8772,238.14277406629498,101.14805405128101,287.5887769871972,208.84261488146865
8773,62.12420193033781,67.43203603418732,151.29077841506583,182.73728802128505
8774,10.354033655056302,0.0,2.7259599714426277,7.119634598231885
8775,108.71735337809118,33.71601801709366,70.87495925750832,79.50258634692273
8776,833.4997092320324,505.740270256405,715.5644925036897,691.7911617948649
8777,15.531050482584453,16.85800900854683,9.540859900049197,0.0
8778,869.7388270247294,472.02425223931135,271.23301715854143,132.89984583366186
8779,10.354033655056302,0.0,10.90383988577051,18.985692261951698
8780,0.0,0.0,4.088939957163942,5.933028831859905
8781,15.531050482584453,0.0,20.444699785819708,24.918721093811598
8782,0.0,0.0,5.451919942885255,17.799086495579715
8783,5.177016827528151,16.85800900854683,21.80767977154102,15.425874962835751
8784,0.0,16.85800900854683,6.814899928606569,7.119634598231885
8785,0.0,0.0,2.7259599714426277,0.0
8786,25.885084137640757,84.29004504273416,129.4830986435248,140.01948043189375
8787,0.0,16.85800900854683,23.170659757262335,30.851749925671502
8788,36.23911779269706,50.574027025640504,20.444699785819708,17.799086495579715
8789,113.89437020561934,84.29004504273416,85.86773910044276,67.63652868320291
8790,5.177016827528151,0.0,0.0,2.3732115327439622
8791,98.36331972303488,50.574027025640504,69.511979271787,77.12937481417876
8792,25.885084137640757,33.71601801709366,5.451919942885255,10.679451897347828
8793,838.6767260595606,505.740270256405,556.095834174296,523.2931429700435
8794,77.65525241292227,50.574027025640504,305.3075168015743,628.9010561771499
8795,51.77016827528151,33.71601801709366,44.97833952880335,70.00974021594688
8796,46.593151447753364,67.43203603418732,95.40859900049196,132.89984583366186
8797,181.1955889634853,118.00606305982784,106.31243888626248,136.45966313277782
8798,0.0,0.0,6.814899928606569,2.3732115327439622
8799,113.89437020561934,101.14805405128101,820.5139514042309,990.815814920604
8800,0.0,0.0,1.3629799857213138,0.0
8801,0.0,0.0,1.3629799857213138,0.0
8802,616.06500247585,792.3264234017012,1661.4726025942816,1715.8319381738845
8803,217.43470675618235,168.58009008546833,351.64883631609894,401.07274903372956
8804,77.65525241292227,16.85800900854683,118.57925875775429,119.84718240357007
8805,0.0,0.0,2.7259599714426277,2.3732115327439622
8806,0.0,0.0,0.0,3.5598172991159425
8807,0.0,0.0,1.3629799857213138,1.1866057663719811
8808,36.23911779269706,50.574027025640504,23.170659757262335,24.918721093811598
8809,0.0,0.0,4.088939957163942,7.119634598231885
8810,0.0,0.0,1.3629799857213138,0.0
8811,41.41613462022521,67.43203603418732,36.80045961447547,79.50258634692273
8812,67.30121875786597,67.43203603418732,144.47587848645927,104.42130744073432
8813,25.885084137640757,16.85800900854683,44.97833952880335,45.09101912213528
8814,5.177016827528151,33.71601801709366,13.629799857213138,15.425874962835751
8815,139.77945434326008,50.574027025640504,92.68263902904934,109.16773050622226
8816,5.177016827528151,0.0,5.451919942885255,18.985692261951698
8817,15.531050482584453,0.0,23.170659757262335,52.21065372036716
8818,5.177016827528151,0.0,19.081719800098394,16.612480729207732
8819,36.23911779269706,0.0,59.97111937173781,53.39725948673914
8820,10.354033655056302,33.71601801709366,24.53363974298365,26.10532686018358
8821,15.531050482584453,33.71601801709366,10.90383988577051,9.492846130975849
8822,41.41613462022521,16.85800900854683,20.444699785819708,20.172298028323674
8823,0.0,0.0,4.088939957163942,0.0
8824,0.0,0.0,2.7259599714426277,1.1866057663719811
8825,0.0,0.0,0.0,1.1866057663719811
8826,0.0,0.0,2.7259599714426277,0.0
8827,5.177016827528151,16.85800900854683,4.088939957163942,8.306240364603866
8828,15.531050482584453,0.0,2.7259599714426277,10.679451897347828
8829,5.177016827528151,16.85800900854683,4.088939957163942,2.3732115327439622
8830,326.15206013427354,236.01212611965568,190.81719800098392,168.4980188248213
8831,103.54033655056303,33.71601801709366,14.992779842934452,41.53120182301934
8832,41.41613462022521,67.43203603418732,53.15621944313124,71.19634598231886
8833,20.708067310112604,16.85800900854683,17.71873981437708,23.73211532743962
8834,5.177016827528151,0.0,21.80767977154102,24.918721093811598
8835,0.0,0.0,1.3629799857213138,0.0
8836,5.177016827528151,0.0,10.90383988577051,7.119634598231885
8837,931.8630289550673,421.4502252136708,253.51427734416438,121.03378816994206
8838,295.0899591691046,101.14805405128101,171.73547820088552,176.80425918942515
8839,56.94718510280967,67.43203603418732,62.697079343180434,66.44992291683093
8840,46.593151447753364,33.71601801709366,24.53363974298365,27.291932626555564
8841,269.20487503146387,202.29610810256202,314.84837670162347,308.51749925671504
8842,0.0,0.0,1.3629799857213138,5.933028831859905
8843,0.0,0.0,2.7259599714426277,0.0
8844,5.177016827528151,33.71601801709366,9.540859900049197,14.23926919646377
8845,5.177016827528151,0.0,0.0,3.5598172991159425
8846,5.177016827528151,16.85800900854683,16.355759828655767,36.784778757531406
8847,0.0,0.0,23.170659757262335,18.985692261951698
8848,181.1955889634853,151.72208107692148,110.40137884342641,115.10075933808216
8849,67.30121875786597,33.71601801709366,62.697079343180434,59.330288318599045
8850,46.593151447753364,33.71601801709366,64.06005932890174,79.50258634692273
8851,15.531050482584453,0.0,6.814899928606569,7.119634598231885
8852,36.23911779269706,16.85800900854683,21.80767977154102,10.679451897347828
8853,0.0,0.0,1.3629799857213138,2.3732115327439622
8854,20.708067310112604,16.85800900854683,5.451919942885255,8.306240364603866
8855,5.177016827528151,16.85800900854683,24.53363974298365,23.73211532743962
8856,31.062100965168906,50.574027025640504,122.66819871491823,116.28736510445414
8857,77.65525241292227,50.574027025640504,68.14899928606569,56.95707678585508
8858,0.0,16.85800900854683,2.7259599714426277,3.5598172991159425
8859,25.885084137640757,0.0,16.355759828655767,23.73211532743962
8860,51.77016827528151,101.14805405128101,44.97833952880335,47.46423065487924
8861,25.885084137640757,50.574027025640504,35.43747962875416,37.971384523903396
8862,0.0,0.0,0.0,1.1866057663719811
8863,5.177016827528151,0.0,5.451919942885255,5.933028831859905
8864,0.0,0.0,2.7259599714426277,2.3732115327439622
8865,144.95647117078823,134.86407206837464,88.5936990718854,113.91415357171016
8866,93.18630289550673,16.85800900854683,84.50475911472145,67.63652868320291
8867,36.23911779269706,101.14805405128101,19.081719800098394,18.985692261951698
8868,0.0,0.0,2.7259599714426277,7.119634598231885
8869,0.0,0.0,8.177879914327884,5.933028831859905
8870,93.18630289550673,50.574027025640504,49.0672794859673,39.15799029027537
8871,46.593151447753364,33.71601801709366,25.896619728704962,33.224961458415464
8872,0.0,0.0,5.451919942885255,4.7464230654879245
8873,0.0,0.0,1.3629799857213138,1.1866057663719811
8874,176.01857213595713,67.43203603418732,69.511979271787,65.26331715045895
8875,0.0,16.85800900854683,1.3629799857213138,0.0
8876,0.0,0.0,1.3629799857213138,3.5598172991159425
8877,144.95647117078823,134.86407206837464,25.896619728704962,17.799086495579715
8878,253.67382454887942,50.574027025640504,96.77157898621327,94.92846130975848
8879,0.0,0.0,6.814899928606569,9.492846130975849
8880,51.77016827528151,67.43203603418732,70.87495925750832,48.65083642125122
8881,77.65525241292227,16.85800900854683,58.6081393860165,71.19634598231886
8882,0.0,0.0,13.629799857213138,15.425874962835751
8883,77.65525241292227,84.29004504273416,40.889399571639416,43.90441335576329
8884,20.708067310112604,16.85800900854683,9.540859900049197,4.7464230654879245
8885,10.354033655056302,0.0,6.814899928606569,4.7464230654879245
8886,15.531050482584453,16.85800900854683,8.177879914327884,7.119634598231885
8887,15.531050482584453,16.85800900854683,61.33409935745912,71.19634598231886
8888,0.0,16.85800900854683,2.7259599714426277,2.3732115327439622
8889,36.23911779269706,16.85800900854683,51.793239457409925,48.65083642125122
8890,626.4190361309063,303.44416215384297,395.264195859181,418.8718355293093
8891,0.0,16.85800900854683,89.9566790576067,68.82313444957491
8892,181.1955889634853,118.00606305982784,184.00229807237736,262.2398743682078
8893,5.177016827528151,0.0,20.444699785819708,18.985692261951698
8894,15.531050482584453,16.85800900854683,21.80767977154102,27.291932626555564
8895,0.0,16.85800900854683,8.177879914327884,2.3732115327439622
8896,0.0,0.0,4.088939957163942,0.0
8897,5.177016827528151,0.0,4.088939957163942,5.933028831859905
8898,88.00928606797856,84.29004504273416,64.06005932890174,54.58386525311113
8899,10.354033655056302,0.0,1.3629799857213138,1.1866057663719811
8900,201.9036562735979,168.58009008546833,181.2763381009347,202.90958604960875
8901,5.177016827528151,16.85800900854683,8.177879914327884,4.7464230654879245
8902,15.531050482584453,0.0,6.814899928606569,7.119634598231885
8903,20.708067310112604,0.0,12.266819871491824,13.05266343009179
8904,5.177016827528151,33.71601801709366,9.540859900049197,7.119634598231885
8905,15.531050482584453,16.85800900854683,16.355759828655767,11.86605766371981
8906,0.0,0.0,0.0,1.1866057663719811
8907,0.0,0.0,1.3629799857213138,4.7464230654879245
8908,5.177016827528151,0.0,0.0,4.7464230654879245
8909,10.354033655056302,0.0,24.53363974298365,18.985692261951698
8910,20.708067310112604,33.71601801709366,20.444699785819708,17.799086495579715
8911,0.0,16.85800900854683,1.3629799857213138,2.3732115327439622
8912,46.593151447753364,0.0,31.348539671590217,100.86149014161838
8913,0.0,0.0,2.7259599714426277,0.0
8914,0.0,0.0,2.7259599714426277,5.933028831859905
8915,103.54033655056303,33.71601801709366,59.97111937173781,56.95707678585508
8916,0.0,0.0,5.451919942885255,4.7464230654879245
8917,5.177016827528151,16.85800900854683,13.629799857213138,21.358903794695657
8918,5.177016827528151,33.71601801709366,66.78601930034436,48.65083642125122
8919,1423.6796275702416,691.1783693504201,2296.621275940414,2507.2979843439957
8920,0.0,0.0,1.3629799857213138,1.1866057663719811
8921,0.0,0.0,0.0,1.1866057663719811
8922,20.708067310112604,0.0,16.355759828655767,17.799086495579715
8923,36.23911779269706,67.43203603418732,42.252379557360726,35.59817299115943
8924,51.77016827528151,16.85800900854683,39.5264195859181,33.224961458415464
8925,0.0,0.0,9.540859900049197,10.679451897347828
8926,36.23911779269706,0.0,17.71873981437708,29.665144159299523
8927,0.0,0.0,8.177879914327884,15.425874962835751
8928,139.77945434326008,134.86407206837464,85.86773910044276,99.67488437524639
8929,5.177016827528151,0.0,6.814899928606569,13.05266343009179
8930,0.0,0.0,0.0,3.5598172991159425
8931,0.0,0.0,1.3629799857213138,1.1866057663719811
8932,10.354033655056302,0.0,0.0,2.3732115327439622
8933,5.177016827528151,16.85800900854683,2.7259599714426277,4.7464230654879245
8934,72.47823558539412,0.0,46.34131951452467,73.56955751506281
8935,0.0,0.0,1.3629799857213138,0.0
8936,15.531050482584453,33.71601801709366,40.889399571639416,56.95707678585508
8937,0.0,0.0,1.3629799857213138,4.7464230654879245
8938,5.177016827528151,0.0,4.088939957163942,5.933028831859905
8939,186.37260579101346,50.574027025640504,178.55037812949212,167.31141305844932
8940,0.0,33.71601801709366,9.540859900049197,13.05266343009179
8941,5.177016827528151,33.71601801709366,13.629799857213138,15.425874962835751
8942,0.0,0.0,9.540859900049197,13.05266343009179
8943,5.177016827528151,0.0,8.177879914327884,8.306240364603866
8944,15.531050482584453,50.574027025640504,40.889399571639416,53.39725948673914
8945,170.84155530842898,472.02425223931135,344.83393638749243,250.37381670448798
8946,0.0,0.0,5.451919942885255,1.1866057663719811
8947,62.12420193033781,16.85800900854683,47.70429950024598,51.024047953995186
8948,56.94718510280967,50.574027025640504,43.61535954308204,49.837442187623196
8949,0.0,0.0,1.3629799857213138,0.0
8950,36.23911779269706,0.0,65.42303931462307,71.19634598231886
8951,0.0,16.85800900854683,872.3071908616408,850.7963344887103
8952,367.56819475449873,269.7281441367493,472.9540550452959,535.1592006337634
8953,41.41613462022521,33.71601801709366,36.80045961447547,40.34459605664735
8954,20.708067310112604,33.71601801709366,51.793239457409925,41.53120182301934
8955,25.885084137640757,33.71601801709366,94.04561901477065,94.92846130975848
8956,77.65525241292227,67.43203603418732,53.15621944313124,79.50258634692273
8957,77.65525241292227,84.29004504273416,64.06005932890174,42.71780758939131
8958,0.0,0.0,0.0,3.5598172991159425
8959,5.177016827528151,0.0,0.0,5.933028831859905
8960,0.0,16.85800900854683,1.3629799857213138,1.1866057663719811
8961,5.177016827528151,0.0,2.7259599714426277,0.0
8962,315.79802647921724,185.43809909401514,242.61043745839385,288.3452012283914
8963,15.531050482584453,16.85800900854683,28.62257970014759,33.224961458415464
8964,0.0,0.0,5.451919942885255,3.5598172991159425
8965,36.23911779269706,0.0,23.170659757262335,36.784778757531406
8966,5.177016827528151,0.0,31.348539671590217,47.46423065487924
8967,377.92222840955503,303.44416215384297,418.4348556164433,437.85752779126096
8968,0.0,0.0,1.3629799857213138,0.0
8969,5.177016827528151,0.0,0.0,0.0
8970,56.94718510280967,50.574027025640504,20.444699785819708,40.34459605664735
8971,72.47823558539412,84.29004504273416,99.4975389576559,140.01948043189375
8972,471.1085313050618,472.02425223931135,1031.7758491910345,942.1649784993529
8973,46.593151447753364,33.71601801709366,61.33409935745912,80.6891921132947
8974,0.0,16.85800900854683,17.71873981437708,18.985692261951698
8975,51.77016827528151,50.574027025640504,61.33409935745912,48.65083642125122
8976,10.354033655056302,33.71601801709366,20.444699785819708,14.23926919646377
8977,5.177016827528151,0.0,17.71873981437708,10.679451897347828
8978,5.177016827528151,0.0,14.992779842934452,131.7132400672899
8979,0.0,16.85800900854683,4.088939957163942,5.933028831859905
8980,0.0,0.0,2.7259599714426277,0.0
8981,0.0,0.0,4.088939957163942,34.411567224787454
8982,0.0,0.0,8.177879914327884,5.933028831859905
8983,5.177016827528151,0.0,6.814899928606569,2.3732115327439622
8984,25.885084137640757,16.85800900854683,49.0672794859673,85.43561517878263
8985,367.56819475449873,202.29610810256202,516.5694145883779,529.2261718019034
8986,5.177016827528151,0.0,4.088939957163942,5.933028831859905
8987,10.354033655056302,50.574027025640504,28.62257970014759,24.918721093811598
8988,5.177016827528151,16.85800900854683,38.16343960019679,36.784778757531406
8989,15.531050482584453,0.0,20.444699785819708,30.851749925671502
8990,5.177016827528151,0.0,62.697079343180434,83.06240364603867
8991,0.0,0.0,4.088939957163942,0.0
8992,5.177016827528151,0.0,2.7259599714426277,1.1866057663719811
8993,5.177016827528151,0.0,0.0,0.0
8994,207.08067310112605,219.15411711110883,152.65375840078715,166.12480729207735
8995,5.177016827528151,0.0,36.80045961447547,27.291932626555564
8996,129.4254206882038,33.71601801709366,73.60091922895094,49.837442187623196
8997,5.177016827528151,0.0,1.3629799857213138,1.1866057663719811
8998,20.708067310112604,0.0,9.540859900049197,17.799086495579715
8999,88.00928606797856,0.0,57.24515940029518,33.224961458415464
9000,631.5960529584345,252.8701351282025,1101.2878284628214,987.2559976214881
9001,5.177016827528151,0.0,0.0,10.679451897347828
9002,25.885084137640757,0.0,49.0672794859673,60.51689408497103
9003,56.94718510280967,16.85800900854683,55.88217941457387,52.21065372036716
9004,113.89437020561934,387.73420719657713,119.94223874347561,73.56955751506281
9005,5.177016827528151,16.85800900854683,1.3629799857213138,0.0
9006,0.0,0.0,21.80767977154102,9.492846130975849
9007,62.12420193033781,118.00606305982784,47.70429950024598,51.024047953995186
9008,10.354033655056302,16.85800900854683,49.0672794859673,39.15799029027537
9009,10.354033655056302,0.0,12.266819871491824,11.86605766371981
9010,82.83226924045042,33.71601801709366,136.29799857213138,140.01948043189375
9011,67.30121875786597,16.85800900854683,53.15621944313124,45.09101912213528
9012,0.0,0.0,4.088939957163942,4.7464230654879245
9013,5.177016827528151,16.85800900854683,12.266819871491824,53.39725948673914
9014,10.354033655056302,0.0,12.266819871491824,7.119634598231885
9015,10.354033655056302,0.0,0.0,1.1866057663719811
9016,10.354033655056302,0.0,5.451919942885255,2.3732115327439622
9017,952.5710962651799,708.036378358967,377.5454560448039,319.1969511540629
9018,0.0,0.0,4.088939957163942,8.306240364603866
9019,0.0,0.0,4.088939957163942,4.7464230654879245
9020,5.177016827528151,0.0,13.629799857213138,18.985692261951698
9021,124.24840386067562,151.72208107692148,160.83163831511501,162.5649899929614
9022,93.18630289550673,16.85800900854683,35.43747962875416,47.46423065487924
9023,0.0,16.85800900854683,5.451919942885255,4.7464230654879245
9024,0.0,0.0,1.3629799857213138,0.0
9025,25.885084137640757,0.0,2.7259599714426277,8.306240364603866
9026,31.062100965168906,0.0,5.451919942885255,2.3732115327439622
9027,82.83226924045042,50.574027025640504,39.5264195859181,46.277624888507255
9028,62.12420193033781,16.85800900854683,13.629799857213138,26.10532686018358
9029,98.36331972303488,118.00606305982784,39.5264195859181,66.44992291683093
9030,67.30121875786597,84.29004504273416,59.97111937173781,58.14368255222707
9031,0.0,0.0,1.3629799857213138,7.119634598231885
9032,36.23911779269706,0.0,19.081719800098394,24.918721093811598
9033,0.0,0.0,0.0,3.5598172991159425
9034,0.0,0.0,4.088939957163942,2.3732115327439622
9035,5.177016827528151,0.0,19.081719800098394,28.47853839292754
9036,5.177016827528151,33.71601801709366,13.629799857213138,8.306240364603866
9037,10.354033655056302,50.574027025640504,14.992779842934452,17.799086495579715
9038,5.177016827528151,0.0,6.814899928606569,1.1866057663719811
9039,88.00928606797856,134.86407206837464,89.9566790576067,70.00974021594688
9040,41.41613462022521,67.43203603418732,140.38693852929532,172.05783612393725
9041,15.531050482584453,0.0,8.177879914327884,15.425874962835751
9042,10.354033655056302,0.0,1.3629799857213138,5.933028831859905
9043,0.0,0.0,6.814899928606569,5.933028831859905
9044,160.48752165337268,134.86407206837464,49.0672794859673,98.48827860887442
9045,0.0,0.0,2.7259599714426277,0.0
9046,0.0,0.0,12.266819871491824,9.492846130975849
9047,62.12420193033781,16.85800900854683,81.77879914327883,46.277624888507255
9048,362.3911779269706,185.43809909401514,219.4397777011315,239.69436480714015
9049,0.0,84.29004504273416,12.266819871491824,26.10532686018358
9050,5.177016827528151,16.85800900854683,25.896619728704962,27.291932626555564
9051,0.0,0.0,12.266819871491824,10.679451897347828
9052,15.531050482584453,0.0,31.348539671590217,37.971384523903396
9053,0.0,0.0,0.0,2.3732115327439622
9054,10.354033655056302,0.0,9.540859900049197,21.358903794695657
9055,0.0,0.0,2.7259599714426277,3.5598172991159425
9056,15.531050482584453,0.0,2.7259599714426277,5.933028831859905
9057,0.0,0.0,5.451919942885255,5.933028831859905
9058,62.12420193033781,16.85800900854683,31.348539671590217,34.411567224787454
9059,5.177016827528151,0.0,6.814899928606569,4.7464230654879245
9060,0.0,16.85800900854683,28.62257970014759,111.54094203896621
9061,0.0,0.0,2.7259599714426277,1.1866057663719811
9062,20.708067310112604,16.85800900854683,42.252379557360726,51.024047953995186
9063,0.0,0.0,6.814899928606569,3.5598172991159425
9064,0.0,0.0,4.088939957163942,14.23926919646377
9065,25.885084137640757,33.71601801709366,25.896619728704962,29.665144159299523
9066,31.062100965168906,33.71601801709366,54.51919942885255,42.71780758939131
9067,10.354033655056302,0.0,25.896619728704962,29.665144159299523
9068,5.177016827528151,0.0,4.088939957163942,16.612480729207732
9069,5.177016827528151,0.0,27.259599714426276,27.291932626555564
9070,10.354033655056302,0.0,19.081719800098394,16.612480729207732
9071,82.83226924045042,84.29004504273416,49.0672794859673,65.26331715045895
9072,5.177016827528151,0.0,6.814899928606569,7.119634598231885
9073,31.062100965168906,33.71601801709366,21.80767977154102,28.47853839292754
9074,93.18630289550673,84.29004504273416,68.14899928606569,96.11506707613046
9075,0.0,0.0,2.7259599714426277,4.7464230654879245
9076,5.177016827528151,0.0,4.088939957163942,0.0
9077,5.177016827528151,50.574027025640504,40.889399571639416,52.21065372036716
9078,124.24840386067562,101.14805405128101,114.49031880059036,135.27305736640582
9079,41.41613462022521,16.85800900854683,50.430259471688615,29.665144159299523
9080,93.18630289550673,168.58009008546833,144.47587848645927,115.10075933808216
9081,698.8972717163005,472.02425223931135,583.3554338887222,600.4225177842224
9082,5.177016827528151,0.0,6.814899928606569,5.933028831859905
9083,5.177016827528151,16.85800900854683,4.088939957163942,0.0
9084,0.0,0.0,0.0,1.1866057663719811
9085,25.885084137640757,33.71601801709366,27.259599714426276,39.15799029027537
9086,15.531050482584453,101.14805405128101,55.88217941457387,49.837442187623196
9087,0.0,0.0,0.0,5.933028831859905
9088,88.00928606797856,134.86407206837464,118.57925875775429,33.224961458415464
9089,5.177016827528151,0.0,12.266819871491824,15.425874962835751
9090,5.177016827528151,0.0,8.177879914327884,8.306240364603866
9091,93.18630289550673,50.574027025640504,139.023958543574,99.67488437524639
9092,0.0,0.0,1.3629799857213138,0.0
9093,0.0,0.0,9.540859900049197,9.492846130975849
9094,20.708067310112604,16.85800900854683,38.16343960019679,29.665144159299523
9095,31.062100965168906,16.85800900854683,47.70429950024598,46.277624888507255
9096,56.94718510280967,67.43203603418732,115.85329878631167,116.28736510445414
9097,36.23911779269706,16.85800900854683,36.80045961447547,10.679451897347828
9098,20.708067310112604,33.71601801709366,21.80767977154102,30.851749925671502
9099,20.708067310112604,16.85800900854683,9.540859900049197,13.05266343009179
9100,5.177016827528151,0.0,1.3629799857213138,1.1866057663719811
9101,0.0,16.85800900854683,0.0,0.0
9102,5.177016827528151,0.0,1.3629799857213138,0.0
9103,20.708067310112604,50.574027025640504,64.06005932890174,75.94276904780679
9104,10.354033655056302,16.85800900854683,21.80767977154102,14.23926919646377
9105,10.354033655056302,16.85800900854683,44.97833952880335,65.26331715045895
9106,36.23911779269706,16.85800900854683,20.444699785819708,11.86605766371981
9107,15.531050482584453,33.71601801709366,20.444699785819708,14.23926919646377
9108,0.0,0.0,6.814899928606569,8.306240364603866
9109,15.531050482584453,33.71601801709366,23.170659757262335,42.71780758939131
9110,15.531050482584453,16.85800900854683,9.540859900049197,7.119634598231885
9111,616.06500247585,421.4502252136708,1083.5690886484444,1183.045949072865
9112,10.354033655056302,16.85800900854683,28.62257970014759,56.95707678585508
9113,0.0,0.0,2.7259599714426277,0.0
9114,62.12420193033781,50.574027025640504,66.78601930034436,83.06240364603867
9115,103.54033655056303,101.14805405128101,94.04561901477065,125.78021123542997
9116,103.54033655056303,67.43203603418732,89.9566790576067,58.14368255222707
9117,20.708067310112604,33.71601801709366,25.896619728704962,21.358903794695657
9118,1630.7603006713678,1685.8009008546833,1204.8743073776413,598.0493062514784
9119,25.885084137640757,33.71601801709366,36.80045961447547,34.411567224787454
9120,25.885084137640757,33.71601801709366,32.711519657311534,32.03835569204349
9121,0.0,0.0,12.266819871491824,17.799086495579715
9122,0.0,0.0,5.451919942885255,0.0
9123,46.593151447753364,0.0,42.252379557360726,40.34459605664735
9124,46.593151447753364,16.85800900854683,47.70429950024598,47.46423065487924
9125,77.65525241292227,50.574027025640504,69.511979271787,94.92846130975848
9126,5.177016827528151,0.0,32.711519657311534,29.665144159299523
9127,113.89437020561934,50.574027025640504,102.22349892909853,94.92846130975848
9128,46.593151447753364,33.71601801709366,16.355759828655767,20.172298028323674
9129,0.0,0.0,1.3629799857213138,1.1866057663719811
9130,46.593151447753364,16.85800900854683,39.5264195859181,13.05266343009179
9131,46.593151447753364,50.574027025640504,20.444699785819708,30.851749925671502
9132,36.23911779269706,33.71601801709366,19.081719800098394,21.358903794695657
9133,10.354033655056302,16.85800900854683,10.90383988577051,7.119634598231885
9134,72.47823558539412,50.574027025640504,134.93501858641005,157.81856692747348
9135,10.354033655056302,0.0,9.540859900049197,5.933028831859905
9136,0.0,0.0,0.0,1.1866057663719811
9137,310.62100965168906,252.8701351282025,73.60091922895094,55.770471019483104
9138,0.0,0.0,19.081719800098394,13.05266343009179
9139,621.2420193033781,185.43809909401514,271.23301715854143,201.72298028323675
9140,36.23911779269706,50.574027025640504,17.71873981437708,10.679451897347828
9141,0.0,0.0,0.0,2.3732115327439622
9142,20.708067310112604,0.0,21.80767977154102,33.224961458415464
9143,15.531050482584453,50.574027025640504,34.074499643032844,33.224961458415464
9144,10.354033655056302,16.85800900854683,1.3629799857213138,1.1866057663719811
9145,25.885084137640757,0.0,4.088939957163942,7.119634598231885
9146,0.0,0.0,9.540859900049197,9.492846130975849
9147,0.0,0.0,6.814899928606569,10.679451897347828
9148,25.885084137640757,16.85800900854683,32.711519657311534,29.665144159299523
9149,15.531050482584453,0.0,6.814899928606569,4.7464230654879245
9150,0.0,0.0,2.7259599714426277,2.3732115327439622
9151,150.13348799831638,101.14805405128101,114.49031880059036,135.27305736640582
9152,56.94718510280967,16.85800900854683,76.32687920039358,55.770471019483104
9153,207.08067310112605,118.00606305982784,84.50475911472145,67.63652868320291
9154,139.77945434326008,33.71601801709366,81.77879914327883,58.14368255222707
9155,0.0,0.0,4.088939957163942,3.5598172991159425
9156,0.0,0.0,0.0,1.1866057663719811
9157,0.0,16.85800900854683,13.629799857213138,16.612480729207732
9158,0.0,16.85800900854683,4.088939957163942,5.933028831859905
9159,5.177016827528151,0.0,1.3629799857213138,0.0
9160,15.531050482584453,0.0,9.540859900049197,4.7464230654879245
9161,0.0,0.0,1.3629799857213138,1.1866057663719811
9162,72.47823558539412,67.43203603418732,27.259599714426276,29.665144159299523
9163,274.381891858992,134.86407206837464,100.86051894337723,87.80882671152658
9164,10.354033655056302,50.574027025640504,13.629799857213138,10.679451897347828
9165,5.177016827528151,0.0,13.629799857213138,14.23926919646377
9166,5.177016827528151,33.71601801709366,51.793239457409925,23.73211532743962
9167,5.177016827528151,0.0,47.70429950024598,42.71780758939131
9168,5.177016827528151,33.71601801709366,104.94945890054116,153.07214386198552
9169,0.0,0.0,2.7259599714426277,1.1866057663719811
9170,0.0,0.0,25.896619728704962,5.933028831859905
9171,5.177016827528151,0.0,12.266819871491824,2.3732115327439622
9172,0.0,0.0,1.3629799857213138,0.0
9173,10.354033655056302,101.14805405128101,51.793239457409925,47.46423065487924
9174,0.0,0.0,0.0,4.7464230654879245
9175,0.0,0.0,4.088939957163942,15.425874962835751
9176,0.0,0.0,1.3629799857213138,8.306240364603866
9177,0.0,0.0,36.80045961447547,37.971384523903396
9178,0.0,0.0,17.71873981437708,17.799086495579715
9179,0.0,0.0,4.088939957163942,3.5598172991159425
9180,5.177016827528151,0.0,9.540859900049197,0.0
9181,0.0,0.0,1.3629799857213138,0.0
9182,20.708067310112604,16.85800900854683,20.444699785819708,20.172298028323674
9183,0.0,0.0,1.3629799857213138,0.0
9184,10.354033655056302,0.0,17.71873981437708,21.358903794695657
9185,5.177016827528151,0.0,2.7259599714426277,5.933028831859905
9186,0.0,16.85800900854683,8.177879914327884,10.679451897347828
9187,5.177016827528151,0.0,5.451919942885255,3.5598172991159425
9188,5.177016827528151,0.0,0.0,0.0
9189,72.47823558539412,67.43203603418732,95.40859900049196,73.56955751506281
9190,15.531050482584453,0.0,9.540859900049197,4.7464230654879245
9191,0.0,0.0,2.7259599714426277,2.3732115327439622
9192,15.531050482584453,0.0,9.540859900049197,21.358903794695657
9193,15.531050482584453,16.85800900854683,2.7259599714426277,1.1866057663719811
9194,62.12420193033781,67.43203603418732,70.87495925750832,60.51689408497103
9195,0.0,0.0,4.088939957163942,8.306240364603866
9196,77.65525241292227,101.14805405128101,46.34131951452467,48.65083642125122
9197,72.47823558539412,67.43203603418732,38.16343960019679,39.15799029027537
9198,10.354033655056302,0.0,19.081719800098394,14.23926919646377
9199,0.0,0.0,1.3629799857213138,5.933028831859905
9200,0.0,0.0,2.7259599714426277,0.0
9201,5.177016827528151,0.0,14.992779842934452,7.119634598231885
9202,25.885084137640757,0.0,13.629799857213138,4.7464230654879245
9203,10.354033655056302,0.0,12.266819871491824,10.679451897347828
9204,20.708067310112604,0.0,38.16343960019679,36.784778757531406
9205,5.177016827528151,0.0,13.629799857213138,15.425874962835751
9206,258.8508413764076,168.58009008546833,230.343617586902,180.36407648854112
9207,25.885084137640757,0.0,5.451919942885255,17.799086495579715
9208,362.3911779269706,219.15411711110883,485.2208749167877,401.07274903372956
9209,5.177016827528151,16.85800900854683,9.540859900049197,9.492846130975849
9210,67.30121875786597,50.574027025640504,73.60091922895094,58.14368255222707
9211,15.531050482584453,16.85800900854683,17.71873981437708,23.73211532743962
9212,25.885084137640757,16.85800900854683,6.814899928606569,5.933028831859905
9213,10.354033655056302,16.85800900854683,13.629799857213138,18.985692261951698
9214,10.354033655056302,50.574027025640504,27.259599714426276,20.172298028323674
9215,0.0,0.0,2.7259599714426277,1.1866057663719811
9216,0.0,0.0,2.7259599714426277,2.3732115327439622
9217,0.0,0.0,1.3629799857213138,2.3732115327439622
9218,20.708067310112604,0.0,25.896619728704962,21.358903794695657
9219,222.6117235837105,168.58009008546833,129.4830986435248,138.83287466552176
9220,31.062100965168906,16.85800900854683,28.62257970014759,20.172298028323674
9221,0.0,0.0,0.0,1.1866057663719811
9222,232.96575723876683,118.00606305982784,124.03117870063956,111.54094203896621
9223,5.177016827528151,0.0,1.3629799857213138,4.7464230654879245
9224,10.354033655056302,16.85800900854683,6.814899928606569,15.425874962835751
9225,160.48752165337268,438.30823422221766,245.33639742983647,236.1345475080242
9226,62.12420193033781,84.29004504273416,89.9566790576067,91.36864401064253
9227,0.0,0.0,4.088939957163942,1.1866057663719811
9228,31.062100965168906,50.574027025640504,72.23793924322963,46.277624888507255
9229,10.354033655056302,0.0,6.814899928606569,4.7464230654879245
9230,82.83226924045042,84.29004504273416,107.67541887198378,109.16773050622226
9231,62.12420193033781,67.43203603418732,88.5936990718854,58.14368255222707
9232,36.23911779269706,0.0,29.985559685868903,33.224961458415464
9233,56.94718510280967,0.0,346.1969163732137,355.9817299115943
9234,5.177016827528151,0.0,6.814899928606569,5.933028831859905
9235,10.354033655056302,0.0,2.7259599714426277,8.306240364603866
9236,0.0,0.0,4.088939957163942,1.1866057663719811
9237,10.354033655056302,16.85800900854683,13.629799857213138,7.119634598231885
9238,0.0,0.0,0.0,2.3732115327439622
9239,0.0,0.0,6.814899928606569,20.172298028323674
9240,10.354033655056302,0.0,9.540859900049197,11.86605766371981
9241,5.177016827528151,16.85800900854683,38.16343960019679,67.63652868320291
9242,0.0,0.0,0.0,1.1866057663719811
9243,10.354033655056302,0.0,10.90383988577051,21.358903794695657
9244,10.354033655056302,0.0,0.0,9.492846130975849
9245,0.0,33.71601801709366,2.7259599714426277,1.1866057663719811
9246,0.0,0.0,0.0,1.1866057663719811
9247,10.354033655056302,33.71601801709366,23.170659757262335,11.86605766371981
9248,5.177016827528151,33.71601801709366,16.355759828655767,7.119634598231885
9249,10.354033655056302,33.71601801709366,9.540859900049197,8.306240364603866
9250,0.0,0.0,0.0,1.1866057663719811
9251,15.531050482584453,33.71601801709366,21.80767977154102,16.612480729207732
9252,15.531050482584453,0.0,27.259599714426276,27.291932626555564
9253,440.0464303398929,691.1783693504201,557.4588141600174,602.7957293169663
9254,51.77016827528151,118.00606305982784,130.84607862924614,110.35433627259422
9255,274.381891858992,101.14805405128101,147.20183845790189,128.15342276817395
9256,20.708067310112604,0.0,6.814899928606569,2.3732115327439622
9257,51.77016827528151,50.574027025640504,42.252379557360726,28.47853839292754
9258,15.531050482584453,0.0,1.3629799857213138,2.3732115327439622
9259,62.12420193033781,84.29004504273416,85.86773910044276,87.80882671152658
9260,217.43470675618235,151.72208107692148,110.40137884342641,140.01948043189375
9261,0.0,0.0,19.081719800098394,10.679451897347828
9262,0.0,0.0,0.0,2.3732115327439622
9263,0.0,0.0,0.0,1.1866057663719811
9264,0.0,0.0,2.7259599714426277,0.0
9265,10.354033655056302,0.0,5.451919942885255,1.1866057663719811
9266,0.0,0.0,0.0,1.1866057663719811
9267,20.708067310112604,84.29004504273416,55.88217941457387,56.95707678585508
9268,0.0,0.0,1.3629799857213138,0.0
9269,46.593151447753364,16.85800900854683,66.78601930034436,77.12937481417876
9270,119.07138703314749,134.86407206837464,110.40137884342641,134.08645160003385
9271,31.062100965168906,16.85800900854683,36.80045961447547,30.851749925671502
9272,0.0,0.0,1.3629799857213138,5.933028831859905
9273,31.062100965168906,67.43203603418732,222.16573767257415,1115.409420389662
9274,5.177016827528151,67.43203603418732,21.80767977154102,16.612480729207732
9275,0.0,0.0,0.0,2.3732115327439622
9276,0.0,0.0,2.7259599714426277,0.0
9277,51.77016827528151,33.71601801709366,99.4975389576559,91.36864401064253
9278,129.4254206882038,33.71601801709366,102.22349892909853,91.36864401064253
9279,10.354033655056302,16.85800900854683,8.177879914327884,8.306240364603866
9280,0.0,0.0,0.0,1.1866057663719811
9281,0.0,0.0,1.3629799857213138,0.0
9282,0.0,0.0,16.355759828655767,5.933028831859905
9283,31.062100965168906,33.71601801709366,38.16343960019679,42.71780758939131
9284,0.0,0.0,6.814899928606569,11.86605766371981
9285,98.36331972303488,168.58009008546833,95.40859900049196,99.67488437524639
9286,77.65525241292227,50.574027025640504,64.06005932890174,87.80882671152658
9287,0.0,16.85800900854683,13.629799857213138,16.612480729207732
9288,98.36331972303488,101.14805405128101,91.31965904332802,68.82313444957491
9289,0.0,16.85800900854683,5.451919942885255,5.933028831859905
9290,0.0,16.85800900854683,1.3629799857213138,1.1866057663719811
9291,5.177016827528151,0.0,6.814899928606569,7.119634598231885
9292,41.41613462022521,0.0,54.51919942885255,68.82313444957491
9293,10.354033655056302,0.0,192.18017798670522,250.37381670448798
9294,56.94718510280967,84.29004504273416,94.04561901477065,109.16773050622226
9295,46.593151447753364,16.85800900854683,59.97111937173781,62.89010561771499
9296,201.9036562735979,84.29004504273416,208.535937815361,213.58903794695655
9297,0.0,0.0,0.0,1.1866057663719811
9298,10.354033655056302,0.0,16.355759828655767,26.10532686018358
9299,5.177016827528151,0.0,9.540859900049197,28.47853839292754
9300,0.0,0.0,0.0,1.1866057663719811
9301,0.0,0.0,8.177879914327884,16.612480729207732
9302,5.177016827528151,0.0,0.0,3.5598172991159425
9303,0.0,0.0,8.177879914327884,1.1866057663719811
9304,0.0,0.0,4.088939957163942,4.7464230654879245
9305,0.0,0.0,0.0,1.1866057663719811
9306,10.354033655056302,0.0,0.0,0.0
9307,0.0,0.0,1.3629799857213138,16.612480729207732
9308,0.0,0.0,1.3629799857213138,0.0
9309,36.23911779269706,16.85800900854683,29.985559685868903,28.47853839292754
9310,10.354033655056302,50.574027025640504,57.24515940029518,28.47853839292754
9311,51.77016827528151,33.71601801709366,110.40137884342641,59.330288318599045
9312,0.0,16.85800900854683,14.992779842934452,36.784778757531406
9313,119.07138703314749,101.14805405128101,84.50475911472145,96.11506707613046
9314,51.77016827528151,84.29004504273416,70.87495925750832,27.291932626555564
9315,5.177016827528151,0.0,13.629799857213138,4.7464230654879245
9316,10.354033655056302,0.0,17.71873981437708,13.05266343009179
9317,15.531050482584453,16.85800900854683,6.814899928606569,4.7464230654879245
9318,5.177016827528151,0.0,1.3629799857213138,2.3732115327439622
9319,67.30121875786597,16.85800900854683,39.5264195859181,54.58386525311113
9320,20.708067310112604,0.0,5.451919942885255,9.492846130975849
9321,5.177016827528151,33.71601801709366,17.71873981437708,13.05266343009179
9322,0.0,0.0,1.3629799857213138,1.1866057663719811
9323,139.77945434326008,50.574027025640504,69.511979271787,65.26331715045895
9324,72.47823558539412,16.85800900854683,74.96389921467225,52.21065372036716
9325,10.354033655056302,33.71601801709366,23.170659757262335,17.799086495579715
9326,181.1955889634853,134.86407206837464,109.0383988577051,78.31598058055074
9327,0.0,0.0,2.7259599714426277,0.0
9328,20.708067310112604,67.43203603418732,39.5264195859181,42.71780758939131
9329,46.593151447753364,33.71601801709366,40.889399571639416,42.71780758939131
9330,0.0,0.0,5.451919942885255,1.1866057663719811
9331,181.1955889634853,101.14805405128101,166.28355825800028,202.90958604960875
9332,62.12420193033781,0.0,43.61535954308204,39.15799029027537
9333,15.531050482584453,16.85800900854683,6.814899928606569,21.358903794695657
9334,1314.9622741921503,775.4684143931543,1752.7922616376095,1912.8084953916334
9335,10.354033655056302,50.574027025640504,185.36527805809868,134.08645160003385
9336,0.0,16.85800900854683,0.0,2.3732115327439622
9337,0.0,50.574027025640504,36.80045961447547,17.799086495579715
9338,0.0,0.0,4.088939957163942,2.3732115327439622
9339,0.0,0.0,8.177879914327884,5.933028831859905
9340,15.531050482584453,0.0,12.266819871491824,15.425874962835751
9341,750.6674399915819,573.1723062905924,1459.751564707527,1506.989323292416
9342,0.0,0.0,21.80767977154102,14.23926919646377
9343,36.23911779269706,33.71601801709366,17.71873981437708,26.10532686018358
9344,20.708067310112604,0.0,17.71873981437708,21.358903794695657
9345,5.177016827528151,0.0,5.451919942885255,4.7464230654879245
9346,15.531050482584453,0.0,2.7259599714426277,10.679451897347828
9347,31.062100965168906,50.574027025640504,27.259599714426276,5.933028831859905
9348,264.0278582039357,151.72208107692148,106.31243888626248,91.36864401064253
9349,0.0,0.0,5.451919942885255,8.306240364603866
9350,5.177016827528151,0.0,0.0,2.3732115327439622
9351,10.354033655056302,0.0,4.088939957163942,3.5598172991159425
9352,0.0,0.0,0.0,1.1866057663719811
9353,5.177016827528151,0.0,0.0,2.3732115327439622
9354,41.41613462022521,50.574027025640504,61.33409935745912,71.19634598231886
9355,0.0,0.0,1.3629799857213138,0.0
9356,0.0,0.0,0.0,1.1866057663719811
9357,82.83226924045042,101.14805405128101,70.87495925750832,70.00974021594688
9358,62.12420193033781,33.71601801709366,29.985559685868903,37.971384523903396
9359,191.5496226185416,168.58009008546833,91.31965904332802,169.68462459119328
9360,10.354033655056302,16.85800900854683,10.90383988577051,15.425874962835751
9361,41.41613462022521,33.71601801709366,66.78601930034436,59.330288318599045
9362,0.0,0.0,1.3629799857213138,0.0
9363,0.0,0.0,0.0,3.5598172991159425
9364,0.0,0.0,0.0,1.1866057663719811
9365,0.0,0.0,1.3629799857213138,2.3732115327439622
9366,0.0,0.0,17.71873981437708,20.172298028323674
9367,0.0,0.0,2.7259599714426277,1.1866057663719811
9368,0.0,0.0,5.451919942885255,7.119634598231885
9369,77.65525241292227,33.71601801709366,80.41581915755751,88.99543247789858
9370,0.0,0.0,0.0,1.1866057663719811
9371,31.062100965168906,16.85800900854683,2.7259599714426277,5.933028831859905
9372,5.177016827528151,0.0,0.0,0.0
9373,0.0,0.0,0.0,1.1866057663719811
9374,667.8351707511315,269.7281441367493,498.85067477400077,499.56102764260396
9375,0.0,33.71601801709366,16.355759828655767,22.54550956106764
9376,165.66453848090083,101.14805405128101,84.50475911472145,65.26331715045895
9377,5.177016827528151,0.0,0.0,0.0
9378,82.83226924045042,50.574027025640504,34.074499643032844,35.59817299115943
9379,10.354033655056302,0.0,24.53363974298365,34.411567224787454
9380,10.354033655056302,16.85800900854683,23.170659757262335,17.799086495579715
9381,372.7452115820269,286.5861531452962,133.57203860068873,91.36864401064253
9382,5.177016827528151,0.0,2.7259599714426277,0.0
9383,5145.954726562983,3169.3056936068047,1826.3931808665604,1905.6888607934013
9384,51.77016827528151,33.71601801709366,39.5264195859181,61.703499851343004
9385,10.354033655056302,16.85800900854683,10.90383988577051,22.54550956106764
9386,0.0,16.85800900854683,31.348539671590217,27.291932626555564
9387,51.77016827528151,50.574027025640504,29.985559685868903,40.34459605664735
9388,243.31979089382313,219.15411711110883,241.24745747267252,240.88097057351214
9389,5.177016827528151,0.0,5.451919942885255,16.612480729207732
9390,0.0,0.0,5.451919942885255,5.933028831859905
9391,20.708067310112604,33.71601801709366,25.896619728704962,17.799086495579715
9392,67.30121875786597,84.29004504273416,121.30521872919692,134.08645160003385
9393,134.60243751573194,134.86407206837464,124.03117870063956,129.34002853454592
9394,25.885084137640757,16.85800900854683,77.68985918611489,172.05783612393725
9395,5.177016827528151,0.0,5.451919942885255,5.933028831859905
9396,88.00928606797856,0.0,55.88217941457387,55.770471019483104
9397,25.885084137640757,33.71601801709366,39.5264195859181,40.34459605664735
9398,10.354033655056302,0.0,14.992779842934452,11.86605766371981
9399,25.885084137640757,0.0,32.711519657311534,24.918721093811598
9400,41.41613462022521,33.71601801709366,17.71873981437708,51.024047953995186
9401,5.177016827528151,0.0,2.7259599714426277,2.3732115327439622
9402,20.708067310112604,33.71601801709366,5.451919942885255,17.799086495579715
9403,0.0,0.0,1.3629799857213138,0.0
9404,10.354033655056302,33.71601801709366,10.90383988577051,20.172298028323674
9405,36.23911779269706,0.0,24.53363974298365,24.918721093811598
9406,134.60243751573194,50.574027025640504,57.24515940029518,87.80882671152658
9407,129.4254206882038,84.29004504273416,91.31965904332802,106.79451897347828
9408,10.354033655056302,16.85800900854683,1.3629799857213138,2.3732115327439622
9409,15.531050482584453,0.0,0.0,8.306240364603866
9410,124.24840386067562,118.00606305982784,81.77879914327883,90.18203824427056
9411,15.531050482584453,0.0,0.0,1.1866057663719811
9412,82.83226924045042,101.14805405128101,91.31965904332802,75.94276904780679
9413,36.23911779269706,0.0,40.889399571639416,43.90441335576329
9414,0.0,0.0,1.3629799857213138,1.1866057663719811
9415,46.593151447753364,33.71601801709366,39.5264195859181,37.971384523903396
9416,0.0,0.0,6.814899928606569,9.492846130975849
9417,31.062100965168906,33.71601801709366,24.53363974298365,23.73211532743962
9418,429.6923966848366,354.0181891794835,1019.5090293195427,1108.2897857914302
9419,10.354033655056302,16.85800900854683,31.348539671590217,23.73211532743962
9420,274.381891858992,134.86407206837464,505.66557470260744,411.75220093107737
9421,843.8537428870886,505.740270256405,246.69937741555782,299.0246531257392
9422,0.0,0.0,2.7259599714426277,5.933028831859905
9423,113.89437020561934,84.29004504273416,124.03117870063956,98.48827860887442
9424,0.0,0.0,10.90383988577051,11.86605766371981
9425,20.708067310112604,0.0,20.444699785819708,16.612480729207732
9426,0.0,0.0,1.3629799857213138,2.3732115327439622
9427,5.177016827528151,0.0,4.088939957163942,8.306240364603866
9428,0.0,0.0,20.444699785819708,37.971384523903396
9429,15.531050482584453,33.71601801709366,10.90383988577051,11.86605766371981
9430,320.97504330674536,202.29610810256202,134.93501858641005,201.72298028323675
9431,0.0,0.0,2.7259599714426277,3.5598172991159425
9432,56.94718510280967,16.85800900854683,29.985559685868903,24.918721093811598
9433,0.0,0.0,0.0,1.1866057663719811
9434,31.062100965168906,16.85800900854683,19.081719800098394,18.985692261951698
9435,36.23911779269706,0.0,62.697079343180434,81.87579787966669
9436,72.47823558539412,67.43203603418732,64.06005932890174,49.837442187623196
9437,103.54033655056303,118.00606305982784,68.14899928606569,62.89010561771499
9438,0.0,0.0,1.3629799857213138,0.0
9439,72.47823558539412,67.43203603418732,50.430259471688615,54.58386525311113
9440,41.41613462022521,50.574027025640504,46.34131951452467,40.34459605664735
9441,25.885084137640757,33.71601801709366,68.14899928606569,68.82313444957491
9442,25.885084137640757,67.43203603418732,51.793239457409925,60.51689408497103
9443,98.36331972303488,67.43203603418732,155.37971837222977,111.54094203896621
9444,108.71735337809118,134.86407206837464,1677.8283624229373,1433.419765777353
9445,0.0,33.71601801709366,2.7259599714426277,2.3732115327439622
9446,5.177016827528151,0.0,5.451919942885255,3.5598172991159425
9447,51.77016827528151,33.71601801709366,38.16343960019679,40.34459605664735
9448,0.0,0.0,1.3629799857213138,0.0
9449,5.177016827528151,16.85800900854683,5.451919942885255,17.799086495579715
9450,0.0,0.0,31.348539671590217,36.784778757531406
9451,25.885084137640757,84.29004504273416,9.540859900049197,41.53120182301934
9452,5.177016827528151,0.0,1.3629799857213138,3.5598172991159425
9453,0.0,0.0,13.629799857213138,3.5598172991159425
9454,36.23911779269706,101.14805405128101,68.14899928606569,70.00974021594688
9455,1708.41555308429,2832.145513435868,6234.270454689289,3800.698269689455
9456,0.0,0.0,4.088939957163942,1.1866057663719811
9457,82.83226924045042,118.00606305982784,121.30521872919692,91.36864401064253
9458,25.885084137640757,33.71601801709366,29.985559685868903,40.34459605664735
9459,46.593151447753364,33.71601801709366,66.78601930034436,66.44992291683093
9460,10.354033655056302,33.71601801709366,21.80767977154102,11.86605766371981
9461,36.23911779269706,33.71601801709366,23.170659757262335,11.86605766371981
9462,25.885084137640757,0.0,21.80767977154102,26.10532686018358
9463,0.0,16.85800900854683,16.355759828655767,9.492846130975849
9464,10.354033655056302,16.85800900854683,21.80767977154102,46.277624888507255
9465,5.177016827528151,16.85800900854683,1.3629799857213138,2.3732115327439622
9466,0.0,16.85800900854683,9.540859900049197,17.799086495579715
9467,10.354033655056302,0.0,31.348539671590217,23.73211532743962
9468,20.708067310112604,0.0,24.53363974298365,21.358903794695657
9469,10.354033655056302,0.0,1.3629799857213138,4.7464230654879245
9470,0.0,0.0,0.0,1.1866057663719811
9471,88.00928606797856,101.14805405128101,74.96389921467225,61.703499851343004
9472,0.0,0.0,0.0,1.1866057663719811
9473,31.062100965168906,16.85800900854683,31.348539671590217,20.172298028323674
9474,10.354033655056302,0.0,1.3629799857213138,7.119634598231885
9475,212.2576899286542,219.15411711110883,152.65375840078715,91.36864401064253
9476,20.708067310112604,0.0,34.074499643032844,36.784778757531406
9477,25.885084137640757,33.71601801709366,29.985559685868903,29.665144159299523
9478,0.0,0.0,0.0,2.3732115327439622
9479,0.0,0.0,8.177879914327884,3.5598172991159425
9480,31.062100965168906,33.71601801709366,28.62257970014759,30.851749925671502
9481,51.77016827528151,84.29004504273416,42.252379557360726,77.12937481417876
9482,5.177016827528151,0.0,0.0,1.1866057663719811
9483,77.65525241292227,50.574027025640504,47.70429950024598,28.47853839292754
9484,0.0,0.0,4.088939957163942,5.933028831859905
9485,0.0,0.0,4.088939957163942,2.3732115327439622
9486,56.94718510280967,0.0,62.697079343180434,70.00974021594688
9487,0.0,0.0,4.088939957163942,1.1866057663719811
9488,31.062100965168906,33.71601801709366,20.444699785819708,35.59817299115943
9489,77.65525241292227,16.85800900854683,188.0912380295413,157.81856692747348
9490,15.531050482584453,67.43203603418732,17.71873981437708,27.291932626555564
9491,103.54033655056303,151.72208107692148,104.94945890054116,90.18203824427056
9492,10.354033655056302,16.85800900854683,51.793239457409925,37.971384523903396
9493,10.354033655056302,67.43203603418732,29.985559685868903,27.291932626555564
9494,124.24840386067562,168.58009008546833,126.75713867208219,112.72754780533819
9495,46.593151447753364,33.71601801709366,38.16343960019679,47.46423065487924
9496,0.0,0.0,1.3629799857213138,9.492846130975849
9497,15.531050482584453,0.0,17.71873981437708,8.306240364603866
9498,10.354033655056302,0.0,12.266819871491824,4.7464230654879245
9499,72.47823558539412,67.43203603418732,159.4686583293937,131.7132400672899
9500,41.41613462022521,33.71601801709366,47.70429950024598,53.39725948673914
9501,10.354033655056302,16.85800900854683,23.170659757262335,11.86605766371981
9502,5.177016827528151,0.0,23.170659757262335,2.3732115327439622
9503,15.531050482584453,0.0,6.814899928606569,8.306240364603866
9504,538.4097500629277,370.8761981880303,622.8818534746404,613.4751812143141
9505,36.23911779269706,50.574027025640504,16.355759828655767,13.05266343009179
9506,31.062100965168906,33.71601801709366,42.252379557360726,32.03835569204349
9507,10.354033655056302,16.85800900854683,12.266819871491824,8.306240364603866
9508,134.60243751573194,0.0,14.992779842934452,32.03835569204349
9509,31.062100965168906,33.71601801709366,29.985559685868903,36.784778757531406
9510,10.354033655056302,16.85800900854683,24.53363974298365,37.971384523903396
9511,36.23911779269706,67.43203603418732,121.30521872919692,123.40699970268601
9512,25.885084137640757,33.71601801709366,92.68263902904934,84.24900941241064
9513,46.593151447753364,84.29004504273416,55.88217941457387,64.07671138408698
9514,5.177016827528151,0.0,5.451919942885255,11.86605766371981
9515,5.177016827528151,16.85800900854683,0.0,0.0
9516,0.0,0.0,0.0,1.1866057663719811
9517,67.30121875786597,67.43203603418732,61.33409935745912,42.71780758939131
9518,0.0,0.0,4.088939957163942,2.3732115327439622
9519,0.0,0.0,1.3629799857213138,0.0
9520,0.0,0.0,0.0,1.1866057663719811
9521,0.0,0.0,2.7259599714426277,0.0
9522,46.593151447753364,50.574027025640504,42.252379557360726,33.224961458415464
9523,0.0,0.0,13.629799857213138,13.05266343009179
9524,10.354033655056302,0.0,10.90383988577051,7.119634598231885
9525,134.60243751573194,67.43203603418732,66.78601930034436,61.703499851343004
9526,10.354033655056302,16.85800900854683,13.629799857213138,7.119634598231885
9527,445.223447167421,337.16018017093666,455.2353152309188,344.1156722478745
9528,31.062100965168906,0.0,4.088939957163942,14.23926919646377
9529,0.0,16.85800900854683,2.7259599714426277,3.5598172991159425
9530,119.07138703314749,50.574027025640504,188.0912380295413,163.75159575933338
9531,0.0,0.0,1.3629799857213138,0.0
9532,10.354033655056302,16.85800900854683,0.0,0.0
9533,5.177016827528151,16.85800900854683,4.088939957163942,5.933028831859905
9534,25.885084137640757,0.0,1.3629799857213138,2.3732115327439622
9535,0.0,0.0,1.3629799857213138,0.0
9536,41.41613462022521,118.00606305982784,61.33409935745912,28.47853839292754
9537,5.177016827528151,0.0,2.7259599714426277,1.1866057663719811
9538,31.062100965168906,84.29004504273416,73.60091922895094,26.10532686018358
9539,10.354033655056302,0.0,0.0,0.0
9540,5.177016827528151,33.71601801709366,17.71873981437708,17.799086495579715
9541,5.177016827528151,0.0,23.170659757262335,20.172298028323674
9542,0.0,0.0,0.0,1.1866057663719811
9543,25.885084137640757,16.85800900854683,35.43747962875416,28.47853839292754
9544,67.30121875786597,33.71601801709366,68.14899928606569,84.24900941241064
9545,20.708067310112604,0.0,8.177879914327884,9.492846130975849
9546,36.23911779269706,33.71601801709366,28.62257970014759,41.53120182301934
9547,46.593151447753364,16.85800900854683,19.081719800098394,18.985692261951698
9548,0.0,0.0,0.0,1.1866057663719811
9549,0.0,0.0,2.7259599714426277,8.306240364603866
9550,491.8165986151744,337.16018017093666,869.5812308901982,620.594815812546
9551,5.177016827528151,0.0,1.3629799857213138,0.0
9552,0.0,0.0,4.088939957163942,0.0
9553,0.0,0.0,10.90383988577051,8.306240364603866
9554,5.177016827528151,16.85800900854683,0.0,0.0
9555,0.0,16.85800900854683,2.7259599714426277,3.5598172991159425
9556,5.177016827528151,0.0,43.61535954308204,58.14368255222707
9557,0.0,0.0,36.80045961447547,51.024047953995186
9558,227.78874041123868,67.43203603418732,24.53363974298365,4.7464230654879245
9559,15.531050482584453,0.0,28.62257970014759,47.46423065487924
9560,15.531050482584453,0.0,14.992779842934452,3.5598172991159425
9561,0.0,0.0,0.0,1.1866057663719811
9562,67.30121875786597,33.71601801709366,51.793239457409925,42.71780758939131
9563,10.354033655056302,0.0,42.252379557360726,68.82313444957491
9564,5.177016827528151,0.0,1.3629799857213138,0.0
9565,25.885084137640757,134.86407206837464,29.985559685868903,4.7464230654879245
9566,15.531050482584453,16.85800900854683,14.992779842934452,7.119634598231885
9567,36.23911779269706,0.0,47.70429950024598,22.54550956106764
9568,41.41613462022521,16.85800900854683,25.896619728704962,32.03835569204349
9569,31.062100965168906,33.71601801709366,80.41581915755751,71.19634598231886
9570,533.2327332353996,320.3021711623898,363.9156561875908,475.82891231516436
9571,88.00928606797856,33.71601801709366,34.074499643032844,47.46423065487924
9572,5.177016827528151,16.85800900854683,12.266819871491824,13.05266343009179
9573,0.0,16.85800900854683,14.992779842934452,34.411567224787454
9574,46.593151447753364,67.43203603418732,144.47587848645927,166.12480729207735
9575,186.37260579101346,118.00606305982784,252.15129735844303,245.62739363900002
9576,5.177016827528151,0.0,8.177879914327884,13.05266343009179
9577,15.531050482584453,16.85800900854683,19.081719800098394,27.291932626555564
9578,191.5496226185416,67.43203603418732,65.42303931462307,102.04809590799037
9579,25.885084137640757,33.71601801709366,46.34131951452467,60.51689408497103
9580,20.708067310112604,0.0,8.177879914327884,17.799086495579715
9581,103.54033655056303,67.43203603418732,167.64653824372158,154.25874962835752
9582,62.12420193033781,50.574027025640504,25.896619728704962,23.73211532743962
9583,10.354033655056302,0.0,10.90383988577051,10.679451897347828
9584,0.0,0.0,2.7259599714426277,1.1866057663719811
9585,98.36331972303488,84.29004504273416,13.629799857213138,5.933028831859905
9586,5.177016827528151,16.85800900854683,12.266819871491824,17.799086495579715
9587,113.89437020561934,101.14805405128101,47.70429950024598,10.679451897347828
9588,46.593151447753364,16.85800900854683,36.80045961447547,29.665144159299523
9589,5.177016827528151,0.0,21.80767977154102,27.291932626555564
9590,5.177016827528151,16.85800900854683,10.90383988577051,37.971384523903396
9591,56.94718510280967,33.71601801709366,32.711519657311534,47.46423065487924
9592,460.7544976500055,320.3021711623898,581.992453903001,753.494661646208
9593,10.354033655056302,16.85800900854683,24.53363974298365,29.665144159299523
9594,5.177016827528151,0.0,17.71873981437708,22.54550956106764
9595,269.20487503146387,202.29610810256202,220.80275768685283,195.78995145137685
9596,0.0,0.0,1.3629799857213138,1.1866057663719811
9597,10.354033655056302,16.85800900854683,35.43747962875416,35.59817299115943
9598,10.354033655056302,0.0,14.992779842934452,15.425874962835751
9599,0.0,16.85800900854683,19.081719800098394,28.47853839292754
9600,10.354033655056302,0.0,19.081719800098394,17.799086495579715
9601,5.177016827528151,16.85800900854683,0.0,0.0
9602,0.0,0.0,54.51919942885255,47.46423065487924
9603,0.0,0.0,351.64883631609894,346.48888378061844
9604,0.0,0.0,373.45651608763995,452.09679698772476
9605,72.47823558539412,33.71601801709366,42.252379557360726,49.837442187623196
9606,5.177016827528151,0.0,0.0,0.0
9607,36.23911779269706,50.574027025640504,62.697079343180434,58.14368255222707
9608,15.531050482584453,16.85800900854683,23.170659757262335,26.10532686018358
9609,0.0,0.0,1.3629799857213138,0.0
9610,5.177016827528151,0.0,13.629799857213138,7.119634598231885
9611,15.531050482584453,33.71601801709366,12.266819871491824,17.799086495579715
9612,144.95647117078823,118.00606305982784,205.80997784391838,199.34976875049279
9613,0.0,0.0,2.7259599714426277,3.5598172991159425
9614,98.36331972303488,33.71601801709366,68.14899928606569,59.330288318599045
9615,0.0,0.0,12.266819871491824,4.7464230654879245
9616,20.708067310112604,33.71601801709366,19.081719800098394,14.23926919646377
9617,0.0,16.85800900854683,0.0,1.1866057663719811
9618,5.177016827528151,0.0,14.992779842934452,28.47853839292754
9619,10.354033655056302,16.85800900854683,4.088939957163942,22.54550956106764
9620,0.0,0.0,1.3629799857213138,0.0
9621,25.885084137640757,16.85800900854683,21.80767977154102,20.172298028323674
9622,5.177016827528151,16.85800900854683,2.7259599714426277,3.5598172991159425
9623,0.0,0.0,12.266819871491824,24.918721093811598
9624,20.708067310112604,0.0,13.629799857213138,16.612480729207732
9625,31.062100965168906,16.85800900854683,19.081719800098394,15.425874962835751
9626,201.9036562735979,168.58009008546833,243.97341744411517,243.25418210625608
9627,10.354033655056302,33.71601801709366,109.0383988577051,145.95250926375365
9628,15.531050482584453,16.85800900854683,4.088939957163942,4.7464230654879245
9629,77.65525241292227,33.71601801709366,39.5264195859181,35.59817299115943
9630,56.94718510280967,33.71601801709366,121.30521872919692,115.10075933808216
9631,124.24840386067562,118.00606305982784,169.0095182294429,150.6989323292416
9632,0.0,0.0,2.7259599714426277,2.3732115327439622
9633,0.0,0.0,2.7259599714426277,0.0
9634,20.708067310112604,0.0,31.348539671590217,16.612480729207732
9635,51.77016827528151,33.71601801709366,25.896619728704962,47.46423065487924
9636,0.0,0.0,0.0,2.3732115327439622
9637,0.0,0.0,1.3629799857213138,2.3732115327439622
9638,5.177016827528151,16.85800900854683,12.266819871491824,16.612480729207732
9639,15.531050482584453,0.0,6.814899928606569,14.23926919646377
9640,10.354033655056302,0.0,2.7259599714426277,2.3732115327439622
9641,0.0,0.0,0.0,1.1866057663719811
9642,0.0,0.0,1.3629799857213138,3.5598172991159425
9643,0.0,16.85800900854683,21.80767977154102,17.799086495579715
9644,36.23911779269706,50.574027025640504,72.23793924322963,77.12937481417876
9645,119.07138703314749,101.14805405128101,50.430259471688615,74.7561632814348
9646,0.0,0.0,23.170659757262335,18.985692261951698
9647,93.18630289550673,236.01212611965568,1054.946508948297,1046.586285940087
9648,0.0,0.0,0.0,1.1866057663719811
9649,20.708067310112604,50.574027025640504,216.71381772968888,212.40243218058458
9650,67.30121875786597,50.574027025640504,47.70429950024598,45.09101912213528
9651,0.0,0.0,5.451919942885255,14.23926919646377
9652,25.885084137640757,16.85800900854683,23.170659757262335,29.665144159299523
9653,0.0,0.0,0.0,1.1866057663719811
9654,0.0,16.85800900854683,0.0,0.0
9655,0.0,33.71601801709366,4.088939957163942,4.7464230654879245
9656,119.07138703314749,118.00606305982784,393.90121587345965,475.82891231516436
9657,56.94718510280967,0.0,130.84607862924614,123.40699970268601
9658,5.177016827528151,0.0,1.3629799857213138,2.3732115327439622
9659,0.0,0.0,77.68985918611489,140.01948043189375
9660,0.0,0.0,16.355759828655767,7.119634598231885
9661,5.177016827528151,16.85800900854683,9.540859900049197,20.172298028323674
9662,10.354033655056302,33.71601801709366,94.04561901477065,42.71780758939131
9663,20.708067310112604,16.85800900854683,14.992779842934452,9.492846130975849
9664,0.0,0.0,0.0,2.3732115327439622
9665,36.23911779269706,0.0,27.259599714426276,26.10532686018358
9666,25.885084137640757,0.0,76.32687920039358,78.31598058055074
9667,36.23911779269706,0.0,53.15621944313124,48.65083642125122
9668,750.6674399915819,236.01212611965568,284.86281701575456,211.21582641421261
9669,15.531050482584453,0.0,35.43747962875416,30.851749925671502
9670,25.885084137640757,0.0,20.444699785819708,20.172298028323674
9671,108.71735337809118,84.29004504273416,94.04561901477065,98.48827860887442
9672,46.593151447753364,33.71601801709366,92.68263902904934,90.18203824427056
9673,113.89437020561934,67.43203603418732,51.793239457409925,64.07671138408698
9674,15.531050482584453,0.0,8.177879914327884,5.933028831859905
9675,93.18630289550673,134.86407206837464,83.14177912900014,85.43561517878263
9676,5.177016827528151,0.0,0.0,0.0
9677,0.0,0.0,13.629799857213138,14.23926919646377
9678,15.531050482584453,0.0,8.177879914327884,11.86605766371981
9679,5.177016827528151,0.0,20.444699785819708,16.612480729207732
9680,15.531050482584453,33.71601801709366,17.71873981437708,13.05266343009179
9681,10.354033655056302,33.71601801709366,4.088939957163942,13.05266343009179
9682,77.65525241292227,84.29004504273416,61.33409935745912,54.58386525311113
9683,108.71735337809118,151.72208107692148,81.77879914327883,109.16773050622226
9684,134.60243751573194,33.71601801709366,94.04561901477065,75.94276904780679
9685,0.0,16.85800900854683,8.177879914327884,7.119634598231885
9686,93.18630289550673,134.86407206837464,95.40859900049196,115.10075933808216
9687,289.91294234157647,168.58009008546833,468.865115088132,504.3074507080919
9688,548.763783717984,404.59221620512403,842.3216311757718,747.5616328143481
9689,82.83226924045042,16.85800900854683,84.50475911472145,54.58386525311113
9690,310.62100965168906,202.29610810256202,197.6320979295905,201.72298028323675
9691,0.0,0.0,1.3629799857213138,2.3732115327439622
9692,238.14277406629498,185.43809909401514,59.97111937173781,71.19634598231886
9693,25.885084137640757,16.85800900854683,35.43747962875416,28.47853839292754
9694,15.531050482584453,16.85800900854683,46.34131951452467,45.09101912213528
9695,0.0,0.0,4.088939957163942,2.3732115327439622
9696,0.0,0.0,1.3629799857213138,0.0
9697,5.177016827528151,16.85800900854683,0.0,1.1866057663719811
9698,20.708067310112604,50.574027025640504,49.0672794859673,42.71780758939131
9699,5.177016827528151,33.71601801709366,25.896619728704962,32.03835569204349
9700,5.177016827528151,0.0,6.814899928606569,15.425874962835751
9701,10.354033655056302,16.85800900854683,46.34131951452467,43.90441335576329
9702,46.593151447753364,16.85800900854683,34.074499643032844,30.851749925671502
9703,103.54033655056303,168.58009008546833,121.30521872919692,115.10075933808216
9704,25.885084137640757,0.0,28.62257970014759,28.47853839292754
9705,766.1984904741664,320.3021711623898,154.01673838650845,149.5123265628696
9706,0.0,0.0,14.992779842934452,15.425874962835751
9707,113.89437020561934,67.43203603418732,117.216278772033,100.86149014161838
9708,0.0,0.0,2.7259599714426277,1.1866057663719811
9709,5.177016827528151,0.0,2.7259599714426277,1.1866057663719811
9710,20.708067310112604,16.85800900854683,16.355759828655767,30.851749925671502
9711,15.531050482584453,0.0,14.992779842934452,14.23926919646377
9712,31.062100965168906,67.43203603418732,87.23071908616409,99.67488437524639
9713,10.354033655056302,50.574027025640504,23.170659757262335,18.985692261951698
9714,36.23911779269706,67.43203603418732,32.711519657311534,33.224961458415464
9715,25.885084137640757,0.0,73.60091922895094,51.024047953995186
9716,5.177016827528151,0.0,0.0,4.7464230654879245
9717,15.531050482584453,16.85800900854683,2.7259599714426277,1.1866057663719811
9718,31.062100965168906,0.0,55.88217941457387,40.34459605664735
9719,5.177016827528151,0.0,0.0,4.7464230654879245
9720,5.177016827528151,16.85800900854683,47.70429950024598,71.19634598231886
9721,15.531050482584453,0.0,10.90383988577051,13.05266343009179
9722,20.708067310112604,16.85800900854683,13.629799857213138,8.306240364603866
9723,5.177016827528151,0.0,2.7259599714426277,8.306240364603866
9724,5.177016827528151,0.0,0.0,1.1866057663719811
9725,0.0,0.0,1.3629799857213138,2.3732115327439622
9726,15.531050482584453,16.85800900854683,13.629799857213138,10.679451897347828
9727,25.885084137640757,67.43203603418732,51.793239457409925,70.00974021594688
9728,15.531050482584453,16.85800900854683,17.71873981437708,10.679451897347828
9729,0.0,0.0,6.814899928606569,3.5598172991159425
9730,15.531050482584453,0.0,28.62257970014759,23.73211532743962
9731,0.0,0.0,4.088939957163942,3.5598172991159425
9732,20.708067310112604,0.0,14.992779842934452,26.10532686018358
9733,5.177016827528151,0.0,0.0,0.0
9734,10.354033655056302,0.0,16.355759828655767,7.119634598231885
9735,0.0,0.0,2.7259599714426277,2.3732115327439622
9736,0.0,0.0,19.081719800098394,13.05266343009179
9737,5.177016827528151,0.0,17.71873981437708,9.492846130975849
9738,0.0,0.0,1.3629799857213138,1.1866057663719811
9739,5.177016827528151,0.0,4.088939957163942,3.5598172991159425
9740,0.0,0.0,1.3629799857213138,1.1866057663719811
9741,0.0,16.85800900854683,25.896619728704962,34.411567224787454
9742,15.531050482584453,0.0,17.71873981437708,29.665144159299523
9743,31.062100965168906,0.0,14.992779842934452,3.5598172991159425
9744,0.0,0.0,1.3629799857213138,3.5598172991159425
9745,5.177016827528151,0.0,10.90383988577051,2.3732115327439622
9746,0.0,0.0,6.814899928606569,1.1866057663719811
9747,0.0,16.85800900854683,13.629799857213138,23.73211532743962
9748,56.94718510280967,168.58009008546833,128.1201186578035,35.59817299115943
9749,0.0,0.0,0.0,1.1866057663719811
9750,357.21416109944244,370.8761981880303,414.3459156592794,429.5512874266571
9751,25.885084137640757,33.71601801709366,31.348539671590217,33.224961458415464
9752,1625.5832838438396,1062.0545675384506,1074.0282287483953,1129.6486895861258
9753,0.0,16.85800900854683,13.629799857213138,5.933028831859905
9754,5.177016827528151,0.0,5.451919942885255,13.05266343009179
9755,5.177016827528151,0.0,0.0,0.0
9756,15.531050482584453,0.0,9.540859900049197,22.54550956106764
9757,20.708067310112604,16.85800900854683,9.540859900049197,14.23926919646377
9758,5.177016827528151,16.85800900854683,4.088939957163942,9.492846130975849
9759,10.354033655056302,0.0,5.451919942885255,15.425874962835751
9760,93.18630289550673,185.43809909401514,178.55037812949212,142.39269196463772
9761,5.177016827528151,0.0,2.7259599714426277,1.1866057663719811
9762,10.354033655056302,33.71601801709366,28.62257970014759,47.46423065487924
9763,5.177016827528151,0.0,42.252379557360726,49.837442187623196
9764,0.0,0.0,0.0,4.7464230654879245
9765,0.0,16.85800900854683,5.451919942885255,2.3732115327439622
9766,315.79802647921724,370.8761981880303,346.1969163732137,253.9336340036039
9767,10.354033655056302,16.85800900854683,19.081719800098394,16.612480729207732
9768,5.177016827528151,0.0,1.3629799857213138,4.7464230654879245
9769,15.531050482584453,0.0,13.629799857213138,8.306240364603866
9770,0.0,0.0,5.451919942885255,3.5598172991159425
9771,72.47823558539412,0.0,36.80045961447547,39.15799029027537
9772,0.0,0.0,5.451919942885255,3.5598172991159425
9773,51.77016827528151,33.71601801709366,24.53363974298365,24.918721093811598
9774,0.0,0.0,2.7259599714426277,5.933028831859905
9775,155.31050482584453,50.574027025640504,54.51919942885255,106.79451897347828
9776,564.2948342005685,590.0303152991391,377.5454560448039,415.3120182301933
9777,0.0,33.71601801709366,27.259599714426276,33.224961458415464
9778,36.23911779269706,33.71601801709366,62.697079343180434,58.14368255222707
9779,31.062100965168906,67.43203603418732,106.31243888626248,112.72754780533819
9780,15.531050482584453,33.71601801709366,88.5936990718854,160.19177846021742
9781,108.71735337809118,118.00606305982784,83.14177912900014,77.12937481417876
9782,0.0,0.0,0.0,1.1866057663719811
9783,62.12420193033781,16.85800900854683,34.074499643032844,39.15799029027537
9784,119.07138703314749,101.14805405128101,233.06957755834466,199.34976875049279
9785,0.0,0.0,10.90383988577051,11.86605766371981
9786,20.708067310112604,50.574027025640504,27.259599714426276,28.47853839292754
9787,0.0,0.0,0.0,2.3732115327439622
9788,383.0992452370832,320.3021711623898,453.87233524519746,392.7665086691257
9789,207.08067310112605,101.14805405128101,121.30521872919692,115.10075933808216
9790,0.0,0.0,0.0,1.1866057663719811
9791,20.708067310112604,0.0,5.451919942885255,2.3732115327439622
9792,62.12420193033781,50.574027025640504,66.78601930034436,85.43561517878263
9793,36.23911779269706,33.71601801709366,92.68263902904934,88.99543247789858
9794,5.177016827528151,0.0,24.53363974298365,14.23926919646377
9795,15.531050482584453,0.0,21.80767977154102,18.985692261951698
9796,31.062100965168906,16.85800900854683,14.992779842934452,11.86605766371981
9797,15.531050482584453,16.85800900854683,16.355759828655767,30.851749925671502
9798,0.0,16.85800900854683,6.814899928606569,1.1866057663719811
9799,15.531050482584453,16.85800900854683,10.90383988577051,13.05266343009179
9800,5.177016827528151,50.574027025640504,23.170659757262335,16.612480729207732
9801,5.177016827528151,0.0,4.088939957163942,5.933028831859905
9802,0.0,0.0,2.7259599714426277,2.3732115327439622
9803,36.23911779269706,33.71601801709366,13.629799857213138,20.172298028323674
9804,0.0,0.0,0.0,1.1866057663719811
9805,227.78874041123868,168.58009008546833,102.22349892909853,122.22039393631405
9806,139.77945434326008,252.8701351282025,134.93501858641005,117.47397087082611
9807,15.531050482584453,33.71601801709366,29.985559685868903,49.837442187623196
9808,31.062100965168906,0.0,42.252379557360726,52.21065372036716
9809,0.0,0.0,0.0,7.119634598231885
9810,0.0,0.0,5.451919942885255,3.5598172991159425
9811,10.354033655056302,16.85800900854683,28.62257970014759,22.54550956106764
9812,56.94718510280967,0.0,39.5264195859181,43.90441335576329
9813,31.062100965168906,16.85800900854683,23.170659757262335,8.306240364603866
9814,113.89437020561934,67.43203603418732,47.70429950024598,53.39725948673914
9815,5.177016827528151,0.0,0.0,2.3732115327439622
9816,124.24840386067562,33.71601801709366,50.430259471688615,13.05266343009179
9817,46.593151447753364,33.71601801709366,23.170659757262335,32.03835569204349
9818,77.65525241292227,16.85800900854683,20.444699785819708,9.492846130975849
9819,0.0,0.0,81.77879914327883,20.172298028323674
9820,0.0,16.85800900854683,0.0,1.1866057663719811
9821,31.062100965168906,0.0,70.87495925750832,15.425874962835751
9822,0.0,0.0,8.177879914327884,8.306240364603866
9823,0.0,33.71601801709366,4.088939957163942,7.119634598231885
9824,5.177016827528151,16.85800900854683,12.266819871491824,10.679451897347828
9825,20.708067310112604,0.0,2.7259599714426277,13.05266343009179
9826,25.885084137640757,0.0,1.3629799857213138,0.0
9827,0.0,0.0,0.0,1.1866057663719811
9828,0.0,0.0,1.3629799857213138,0.0
9829,5.177016827528151,16.85800900854683,10.90383988577051,18.985692261951698
9830,25.885084137640757,50.574027025640504,24.53363974298365,20.172298028323674
9831,0.0,50.574027025640504,12.266819871491824,15.425874962835751
9832,279.55890868652017,134.86407206837464,156.74269835795107,138.83287466552176
9833,139.77945434326008,101.14805405128101,73.60091922895094,41.53120182301934
9834,25.885084137640757,50.574027025640504,49.0672794859673,24.918721093811598
9835,0.0,0.0,1.3629799857213138,4.7464230654879245
9836,10.354033655056302,0.0,13.629799857213138,27.291932626555564
9837,15.531050482584453,16.85800900854683,2.7259599714426277,3.5598172991159425
9838,0.0,0.0,1.3629799857213138,4.7464230654879245
9839,15.531050482584453,33.71601801709366,16.355759828655767,20.172298028323674
9840,5.177016827528151,0.0,1.3629799857213138,1.1866057663719811
9841,77.65525241292227,0.0,64.06005932890174,68.82313444957491
9842,72.47823558539412,16.85800900854683,50.430259471688615,48.65083642125122
9843,5.177016827528151,0.0,6.814899928606569,4.7464230654879245
9844,134.60243751573194,84.29004504273416,115.85329878631167,98.48827860887442
9845,0.0,16.85800900854683,5.451919942885255,4.7464230654879245
9846,25.885084137640757,16.85800900854683,9.540859900049197,7.119634598231885
9847,15.531050482584453,16.85800900854683,29.985559685868903,9.492846130975849
9848,150.13348799831638,168.58009008546833,134.93501858641005,143.5792977310097
9849,10.354033655056302,0.0,16.355759828655767,20.172298028323674
9850,10.354033655056302,0.0,4.088939957163942,7.119634598231885
9851,957.748113092708,657.4623513333265,1388.8766054500188,1550.8937366481791
9852,0.0,0.0,1.3629799857213138,5.933028831859905
9853,5.177016827528151,0.0,6.814899928606569,8.306240364603866
9854,0.0,16.85800900854683,17.71873981437708,13.05266343009179
9855,31.062100965168906,0.0,13.629799857213138,15.425874962835751
9856,10.354033655056302,0.0,17.71873981437708,13.05266343009179
9857,5.177016827528151,0.0,27.259599714426276,29.665144159299523
9858,25.885084137640757,0.0,19.081719800098394,14.23926919646377
9859,134.60243751573194,151.72208107692148,198.9950779153118,201.72298028323675
9860,31.062100965168906,0.0,13.629799857213138,17.799086495579715
9861,0.0,0.0,1.3629799857213138,4.7464230654879245
9862,10.354033655056302,33.71601801709366,20.444699785819708,22.54550956106764
9863,5.177016827528151,16.85800900854683,8.177879914327884,15.425874962835751
9864,0.0,0.0,2.7259599714426277,1.1866057663719811
9865,0.0,0.0,4.088939957163942,3.5598172991159425
9866,15.531050482584453,0.0,5.451919942885255,9.492846130975849
9867,20.708067310112604,50.574027025640504,57.24515940029518,138.83287466552176
9868,46.593151447753364,118.00606305982784,64.06005932890174,54.58386525311113
9869,0.0,0.0,4.088939957163942,0.0
9870,10.354033655056302,0.0,1.3629799857213138,0.0
9871,67.30121875786597,67.43203603418732,100.86051894337723,72.38295174869084
9872,181.1955889634853,151.72208107692148,100.86051894337723,99.67488437524639
9873,56.94718510280967,67.43203603418732,35.43747962875416,24.918721093811598
9874,25.885084137640757,0.0,47.70429950024598,65.26331715045895
9875,0.0,0.0,25.896619728704962,15.425874962835751
9876,5.177016827528151,0.0,6.814899928606569,15.425874962835751
9877,0.0,0.0,8.177879914327884,5.933028831859905
9878,5.177016827528151,0.0,6.814899928606569,10.679451897347828
9879,0.0,0.0,2.7259599714426277,7.119634598231885
9880,0.0,0.0,5.451919942885255,13.05266343009179
9881,0.0,0.0,1.3629799857213138,1.1866057663719811
9882,15.531050482584453,0.0,6.814899928606569,13.05266343009179
9883,15.531050482584453,50.574027025640504,54.51919942885255,40.34459605664735
9884,72.47823558539412,84.29004504273416,130.84607862924614,167.31141305844932
9885,0.0,0.0,2.7259599714426277,0.0
9886,15.531050482584453,0.0,1.3629799857213138,4.7464230654879245
9887,15.531050482584453,16.85800900854683,4.088939957163942,3.5598172991159425
9888,5.177016827528151,0.0,23.170659757262335,11.86605766371981
9889,98.36331972303488,33.71601801709366,119.94223874347561,92.55524977701451
9890,15.531050482584453,0.0,12.266819871491824,20.172298028323674
9891,5.177016827528151,0.0,5.451919942885255,8.306240364603866
9892,31.062100965168906,16.85800900854683,23.170659757262335,22.54550956106764
9893,0.0,0.0,1.3629799857213138,2.3732115327439622
9894,62.12420193033781,67.43203603418732,47.70429950024598,46.277624888507255
9895,5.177016827528151,0.0,0.0,1.1866057663719811
9896,51.77016827528151,0.0,50.430259471688615,67.63652868320291
9897,5.177016827528151,0.0,13.629799857213138,22.54550956106764
9898,0.0,0.0,2.7259599714426277,3.5598172991159425
9899,134.60243751573194,50.574027025640504,276.6849371014267,270.54611473281165
9900,5.177016827528151,0.0,1.3629799857213138,1.1866057663719811
9901,93.18630289550673,50.574027025640504,91.31965904332802,78.31598058055074
9902,5.177016827528151,16.85800900854683,49.0672794859673,155.4453553947295
9903,445.223447167421,252.8701351282025,190.81719800098392,174.43104765668122
9904,5.177016827528151,0.0,0.0,0.0
9905,20.708067310112604,33.71601801709366,14.992779842934452,18.985692261951698
9906,5.177016827528151,0.0,2.7259599714426277,1.1866057663719811
9907,10.354033655056302,0.0,115.85329878631167,51.024047953995186
9908,51.77016827528151,16.85800900854683,51.793239457409925,37.971384523903396
9909,0.0,0.0,2.7259599714426277,2.3732115327439622
9910,10.354033655056302,16.85800900854683,12.266819871491824,10.679451897347828
9911,0.0,0.0,1.3629799857213138,0.0
9912,25.885084137640757,16.85800900854683,50.430259471688615,35.59817299115943
9913,5.177016827528151,0.0,1.3629799857213138,9.492846130975849
9914,20.708067310112604,16.85800900854683,19.081719800098394,35.59817299115943
9915,134.60243751573194,67.43203603418732,124.03117870063956,116.28736510445414
9916,0.0,0.0,1.3629799857213138,3.5598172991159425
9917,51.77016827528151,50.574027025640504,58.6081393860165,24.918721093811598
9918,5.177016827528151,16.85800900854683,31.348539671590217,24.918721093811598
9919,0.0,0.0,0.0,1.1866057663719811
9920,10.354033655056302,16.85800900854683,31.348539671590217,32.03835569204349
9921,15.531050482584453,0.0,10.90383988577051,3.5598172991159425
9922,41.41613462022521,84.29004504273416,55.88217941457387,46.277624888507255
9923,0.0,0.0,13.629799857213138,3.5598172991159425
9924,15.531050482584453,16.85800900854683,24.53363974298365,21.358903794695657
9925,0.0,0.0,2.7259599714426277,0.0
9926,51.77016827528151,16.85800900854683,17.71873981437708,13.05266343009179
9927,119.07138703314749,84.29004504273416,83.14177912900014,75.94276904780679
9928,72.47823558539412,185.43809909401514,204.44699785819705,55.770471019483104
9929,0.0,16.85800900854683,4.088939957163942,8.306240364603866
9930,20.708067310112604,33.71601801709366,5.451919942885255,2.3732115327439622
9931,5.177016827528151,0.0,0.0,0.0
9932,0.0,0.0,0.0,1.1866057663719811
9933,36.23911779269706,0.0,61.33409935745912,36.784778757531406
9934,82.83226924045042,118.00606305982784,175.82441815804947,125.78021123542997
9935,113.89437020561934,50.574027025640504,68.14899928606569,48.65083642125122
9936,56.94718510280967,50.574027025640504,35.43747962875416,39.15799029027537
9937,41.41613462022521,33.71601801709366,42.252379557360726,49.837442187623196
9938,10.354033655056302,0.0,66.78601930034436,48.65083642125122
9939,0.0,0.0,2.7259599714426277,3.5598172991159425
9940,129.4254206882038,118.00606305982784,395.264195859181,284.78538392927544
9941,0.0,0.0,0.0,1.1866057663719811
9942,20.708067310112604,0.0,42.252379557360726,21.358903794695657
9943,46.593151447753364,50.574027025640504,74.96389921467225,51.024047953995186
9944,46.593151447753364,33.71601801709366,51.793239457409925,61.703499851343004
9945,41.41613462022521,33.71601801709366,57.24515940029518,58.14368255222707
9946,144.95647117078823,16.85800900854683,27.259599714426276,29.665144159299523
9947,31.062100965168906,33.71601801709366,50.430259471688615,66.44992291683093
9948,46.593151447753364,0.0,19.081719800098394,23.73211532743962
9949,10.354033655056302,16.85800900854683,16.355759828655767,11.86605766371981
9950,0.0,0.0,9.540859900049197,10.679451897347828
9951,46.593151447753364,101.14805405128101,16.355759828655767,20.172298028323674
9952,0.0,0.0,44.97833952880335,32.03835569204349
9953,25.885084137640757,16.85800900854683,49.0672794859673,59.330288318599045
9954,31.062100965168906,50.574027025640504,21.80767977154102,39.15799029027537
9955,139.77945434326008,185.43809909401514,143.11289850073794,144.7659034973817
9956,0.0,0.0,0.0,1.1866057663719811
9957,0.0,0.0,12.266819871491824,2.3732115327439622
9958,56.94718510280967,67.43203603418732,21.80767977154102,17.799086495579715
9959,11539.57050856025,2899.577549470055,3158.024626916284,1628.023111462358
9960,56.94718510280967,67.43203603418732,94.04561901477065,75.94276904780679
9961,0.0,0.0,1.3629799857213138,1.1866057663719811
9962,0.0,0.0,1.3629799857213138,1.1866057663719811
9963,10.354033655056302,16.85800900854683,27.259599714426276,4.7464230654879245
9964,5.177016827528151,0.0,17.71873981437708,14.23926919646377
9965,20.708067310112604,0.0,34.074499643032844,35.59817299115943
9966,62.12420193033781,33.71601801709366,20.444699785819708,21.358903794695657
9967,15.531050482584453,0.0,19.081719800098394,16.612480729207732
9968,5.177016827528151,50.574027025640504,9.540859900049197,15.425874962835751
9969,36.23911779269706,67.43203603418732,61.33409935745912,51.024047953995186
9970,0.0,0.0,2.7259599714426277,1.1866057663719811
9971,0.0,16.85800900854683,1.3629799857213138,1.1866057663719811
9972,0.0,0.0,1.3629799857213138,2.3732115327439622
9973,15.531050482584453,33.71601801709366,10.90383988577051,10.679451897347828
9974,62.12420193033781,33.71601801709366,17.71873981437708,17.799086495579715
9975,67.30121875786597,84.29004504273416,64.06005932890174,68.82313444957491
9976,20.708067310112604,0.0,12.266819871491824,7.119634598231885
9977,0.0,0.0,5.451919942885255,1.1866057663719811
9978,5.177016827528151,0.0,14.992779842934452,24.918721093811598
9979,25.885084137640757,16.85800900854683,23.170659757262335,36.784778757531406
9980,5.177016827528151,0.0,4.088939957163942,2.3732115327439622
9981,0.0,0.0,27.259599714426276,14.23926919646377
9982,0.0,67.43203603418732,4.088939957163942,46.277624888507255
9983,0.0,33.71601801709366,51.793239457409925,41.53120182301934
9984,0.0,0.0,6.814899928606569,4.7464230654879245
9985,5.177016827528151,16.85800900854683,66.78601930034436,155.4453553947295
9986,5.177016827528151,33.71601801709366,36.80045961447547,35.59817299115943
9987,10.354033655056302,16.85800900854683,21.80767977154102,24.918721093811598
9988,279.55890868652017,370.8761981880303,351.64883631609894,325.1299799859228
9989,36.23911779269706,0.0,62.697079343180434,61.703499851343004
9990,0.0,0.0,1.3629799857213138,1.1866057663719811
9991,20.708067310112604,33.71601801709366,32.711519657311534,33.224961458415464
9992,0.0,0.0,1.3629799857213138,0.0
9993,77.65525241292227,67.43203603418732,94.04561901477065,119.84718240357007
9994,0.0,0.0,9.540859900049197,11.86605766371981
9995,15.531050482584453,16.85800900854683,36.80045961447547,21.358903794695657
9996,0.0,0.0,0.0,1.1866057663719811
9997,5.177016827528151,0.0,8.177879914327884,4.7464230654879245
9998,0.0,0.0,0.0,1.1866057663719811
9999,0.0,0.0,4.088939957163942,0.0
10000,119.07138703314749,16.85800900854683,109.0383988577051,86.62222094515461
10001,93.18630289550673,101.14805405128101,39.5264195859181,46.277624888507255
10002,0.0,0.0,1.3629799857213138,1.1866057663719811
10003,10.354033655056302,0.0,1.3629799857213138,3.5598172991159425
10004,0.0,0.0,1.3629799857213138,2.3732115327439622
10005,0.0,0.0,5.451919942885255,0.0
10006,108.71735337809118,118.00606305982784,147.20183845790189,143.5792977310097
10007,10.354033655056302,0.0,9.540859900049197,4.7464230654879245
10008,5.177016827528151,0.0,8.177879914327884,5.933028831859905
10009,10.354033655056302,33.71601801709366,20.444699785819708,23.73211532743962
10010,0.0,0.0,4.088939957163942,3.5598172991159425
10011,56.94718510280967,33.71601801709366,43.61535954308204,45.09101912213528
10012,248.49680772135125,202.29610810256202,298.49261687296774,342.9290664815025
10013,41.41613462022521,33.71601801709366,39.5264195859181,49.837442187623196
10014,5.177016827528151,16.85800900854683,40.889399571639416,42.71780758939131
10015,0.0,0.0,5.451919942885255,2.3732115327439622
10016,5.177016827528151,0.0,1.3629799857213138,1.1866057663719811
10017,10.354033655056302,0.0,12.266819871491824,8.306240364603866
10018,67.30121875786597,50.574027025640504,69.511979271787,88.99543247789858
10019,56.94718510280967,16.85800900854683,32.711519657311534,41.53120182301934
10020,41.41613462022521,33.71601801709366,55.88217941457387,61.703499851343004
10021,0.0,0.0,27.259599714426276,18.985692261951698
10022,0.0,0.0,2.7259599714426277,0.0
10023,15.531050482584453,16.85800900854683,23.170659757262335,28.47853839292754
10024,10.354033655056302,16.85800900854683,6.814899928606569,5.933028831859905
10025,51.77016827528151,84.29004504273416,55.88217941457387,56.95707678585508
10026,0.0,0.0,1.3629799857213138,3.5598172991159425
10027,186.37260579101346,118.00606305982784,177.1873981437708,71.19634598231886
10028,0.0,0.0,0.0,1.1866057663719811
10029,56.94718510280967,67.43203603418732,28.62257970014759,40.34459605664735
10030,0.0,0.0,0.0,1.1866057663719811
10031,10.354033655056302,0.0,6.814899928606569,11.86605766371981
10032,0.0,0.0,8.177879914327884,3.5598172991159425
10033,10.354033655056302,0.0,17.71873981437708,14.23926919646377
10034,10.354033655056302,0.0,282.1368570443119,88.99543247789858
10035,15.531050482584453,33.71601801709366,28.62257970014759,18.985692261951698
10036,15.531050482584453,0.0,29.985559685868903,17.799086495579715
10037,20.708067310112604,0.0,28.62257970014759,32.03835569204349
10038,10.354033655056302,16.85800900854683,9.540859900049197,17.799086495579715
10039,62.12420193033781,84.29004504273416,107.67541887198378,99.67488437524639
10040,5.177016827528151,0.0,25.896619728704962,20.172298028323674
10041,36.23911779269706,33.71601801709366,12.266819871491824,8.306240364603866
10042,108.71735337809118,134.86407206837464,89.9566790576067,78.31598058055074
10043,10.354033655056302,0.0,1.3629799857213138,0.0
10044,232.96575723876683,33.71601801709366,85.86773910044276,68.82313444957491
10045,25.885084137640757,0.0,6.814899928606569,17.799086495579715
10046,10.354033655056302,0.0,1.3629799857213138,2.3732115327439622
10047,46.593151447753364,33.71601801709366,46.34131951452467,64.07671138408698
10048,46.593151447753364,50.574027025640504,35.43747962875416,36.784778757531406
10049,5.177016827528151,0.0,2.7259599714426277,0.0
10050,5.177016827528151,0.0,0.0,0.0
10051,10.354033655056302,16.85800900854683,16.355759828655767,20.172298028323674
10052,0.0,0.0,2.7259599714426277,1.1866057663719811
10053,31.062100965168906,0.0,23.170659757262335,41.53120182301934
10054,25.885084137640757,101.14805405128101,28.62257970014759,23.73211532743962
10055,0.0,0.0,8.177879914327884,24.918721093811598
10056,5.177016827528151,0.0,2.7259599714426277,2.3732115327439622
10057,5.177016827528151,16.85800900854683,42.252379557360726,49.837442187623196
10058,51.77016827528151,33.71601801709366,40.889399571639416,71.19634598231886
10059,41.41613462022521,50.574027025640504,28.62257970014759,36.784778757531406
10060,0.0,0.0,1.3629799857213138,0.0
10061,320.97504330674536,151.72208107692148,288.95175697291853,243.25418210625608
10062,31.062100965168906,16.85800900854683,13.629799857213138,8.306240364603866
10063,165.66453848090083,33.71601801709366,158.1056783436724,162.5649899929614
10064,46.593151447753364,67.43203603418732,49.0672794859673,51.024047953995186
10065,15.531050482584453,0.0,5.451919942885255,8.306240364603866
10066,88.00928606797856,101.14805405128101,113.12733881486903,92.55524977701451
10067,88.00928606797856,50.574027025640504,36.80045961447547,23.73211532743962
10068,5.177016827528151,16.85800900854683,17.71873981437708,22.54550956106764
10069,5.177016827528151,0.0,0.0,0.0
10070,5.177016827528151,0.0,6.814899928606569,0.0
10071,46.593151447753364,67.43203603418732,66.78601930034436,56.95707678585508
10072,10.354033655056302,0.0,5.451919942885255,14.23926919646377
10073,0.0,0.0,2.7259599714426277,0.0
10074,10.354033655056302,16.85800900854683,39.5264195859181,62.89010561771499
10075,5.177016827528151,0.0,8.177879914327884,10.679451897347828
10076,41.41613462022521,33.71601801709366,29.985559685868903,32.03835569204349
10077,31.062100965168906,0.0,23.170659757262335,15.425874962835751
10078,0.0,0.0,1.3629799857213138,0.0
10079,0.0,0.0,6.814899928606569,14.23926919646377
10080,98.36331972303488,33.71601801709366,58.6081393860165,43.90441335576329
10081,0.0,0.0,4.088939957163942,5.933028831859905
10082,0.0,0.0,0.0,1.1866057663719811
10083,0.0,0.0,8.177879914327884,9.492846130975849
10084,15.531050482584453,0.0,6.814899928606569,10.679451897347828
10085,10.354033655056302,0.0,5.451919942885255,2.3732115327439622
10086,15.531050482584453,0.0,23.170659757262335,35.59817299115943
10087,51.77016827528151,84.29004504273416,50.430259471688615,49.837442187623196
10088,5.177016827528151,0.0,9.540859900049197,16.612480729207732
10089,25.885084137640757,0.0,4.088939957163942,3.5598172991159425
10090,25.885084137640757,0.0,14.992779842934452,17.799086495579715
10091,0.0,0.0,1.3629799857213138,1.1866057663719811
10092,15.531050482584453,67.43203603418732,19.081719800098394,18.985692261951698
10093,20.708067310112604,16.85800900854683,10.90383988577051,7.119634598231885
10094,20.708067310112604,0.0,27.259599714426276,35.59817299115943
10095,31.062100965168906,0.0,34.074499643032844,37.971384523903396
10096,31.062100965168906,0.0,17.71873981437708,22.54550956106764
10097,0.0,0.0,1.3629799857213138,1.1866057663719811
10098,25.885084137640757,0.0,32.711519657311534,45.09101912213528
10099,196.72663944606975,101.14805405128101,177.1873981437708,153.07214386198552
10100,0.0,0.0,34.074499643032844,34.411567224787454
10101,98.36331972303488,50.574027025640504,69.511979271787,48.65083642125122
10102,36.23911779269706,33.71601801709366,61.33409935745912,48.65083642125122
10103,15.531050482584453,16.85800900854683,19.081719800098394,16.612480729207732
10104,88.00928606797856,0.0,25.896619728704962,36.784778757531406
10105,310.62100965168906,202.29610810256202,177.1873981437708,141.20608619826572
10106,5.177016827528151,0.0,4.088939957163942,0.0
10107,5.177016827528151,0.0,13.629799857213138,4.7464230654879245
10108,0.0,33.71601801709366,1.3629799857213138,4.7464230654879245
10109,67.30121875786597,134.86407206837464,38.16343960019679,20.172298028323674
10110,10.354033655056302,16.85800900854683,9.540859900049197,3.5598172991159425
10111,25.885084137640757,16.85800900854683,9.540859900049197,8.306240364603866
10112,41.41613462022521,16.85800900854683,8.177879914327884,7.119634598231885
10113,5.177016827528151,0.0,23.170659757262335,32.03835569204349
10114,36.23911779269706,84.29004504273416,58.6081393860165,49.837442187623196
10115,0.0,0.0,0.0,1.1866057663719811
10116,25.885084137640757,0.0,19.081719800098394,29.665144159299523
10117,0.0,0.0,2.7259599714426277,4.7464230654879245
10118,5.177016827528151,0.0,27.259599714426276,27.291932626555564
10119,20.708067310112604,16.85800900854683,21.80767977154102,10.679451897347828
10120,0.0,0.0,2.7259599714426277,1.1866057663719811
10121,67.30121875786597,202.29610810256202,118.57925875775429,118.66057663719809
10122,0.0,0.0,1.3629799857213138,1.1866057663719811
10123,5.177016827528151,0.0,2.7259599714426277,1.1866057663719811
10124,745.4904231640538,455.1662432307645,366.64161615903345,397.5129317346136
10125,15.531050482584453,16.85800900854683,25.896619728704962,18.985692261951698
10126,0.0,0.0,0.0,3.5598172991159425
10127,5.177016827528151,0.0,21.80767977154102,18.985692261951698
10128,300.26697599663277,286.5861531452962,313.48539671590214,199.34976875049279
10129,20.708067310112604,67.43203603418732,25.896619728704962,7.119634598231885
10130,5.177016827528151,50.574027025640504,38.16343960019679,28.47853839292754
10131,0.0,0.0,2.7259599714426277,0.0
10132,124.24840386067562,67.43203603418732,91.31965904332802,77.12937481417876
10133,20.708067310112604,0.0,31.348539671590217,18.985692261951698
10134,5.177016827528151,33.71601801709366,23.170659757262335,23.73211532743962
10135,36.23911779269706,33.71601801709366,58.6081393860165,58.14368255222707
10136,735.1363895089975,640.6043423247796,1200.7853674204775,1160.5004395117974
10137,5.177016827528151,0.0,2.7259599714426277,1.1866057663719811
10138,0.0,0.0,4.088939957163942,0.0
10139,10.354033655056302,16.85800900854683,14.992779842934452,20.172298028323674
10140,0.0,0.0,10.90383988577051,20.172298028323674
10141,5.177016827528151,0.0,4.088939957163942,1.1866057663719811
10142,20.708067310112604,33.71601801709366,13.629799857213138,16.612480729207732
10143,5.177016827528151,33.71601801709366,5.451919942885255,13.05266343009179
10144,600.5339519932655,606.8883243076859,562.9107341029027,567.1975563258069
10145,0.0,0.0,16.355759828655767,24.918721093811598
10146,31.062100965168906,16.85800900854683,14.992779842934452,16.612480729207732
10147,113.89437020561934,50.574027025640504,96.77157898621327,113.91415357171016
10148,62.12420193033781,84.29004504273416,106.31243888626248,126.96681700180196
10149,82.83226924045042,118.00606305982784,464.77617513096794,539.9056236992514
10150,176.01857213595713,151.72208107692148,207.1729578296397,248.000605171744
10151,62.12420193033781,16.85800900854683,44.97833952880335,49.837442187623196
10152,51.77016827528151,16.85800900854683,40.889399571639416,54.58386525311113
10153,5.177016827528151,0.0,13.629799857213138,30.851749925671502
10154,5.177016827528151,0.0,13.629799857213138,11.86605766371981
10155,0.0,0.0,0.0,1.1866057663719811
10156,129.4254206882038,50.574027025640504,376.1824760590826,386.83347983726577
10157,0.0,0.0,0.0,4.7464230654879245
10158,36.23911779269706,16.85800900854683,68.14899928606569,104.42130744073432
10159,5.177016827528151,16.85800900854683,13.629799857213138,21.358903794695657
10160,51.77016827528151,50.574027025640504,34.074499643032844,55.770471019483104
10161,5.177016827528151,0.0,1.3629799857213138,0.0
10162,0.0,33.71601801709366,10.90383988577051,13.05266343009179
10163,25.885084137640757,33.71601801709366,39.5264195859181,29.665144159299523
10164,5.177016827528151,0.0,1.3629799857213138,10.679451897347828
10165,20.708067310112604,50.574027025640504,17.71873981437708,5.933028831859905
10166,15.531050482584453,16.85800900854683,17.71873981437708,11.86605766371981
10167,0.0,0.0,1.3629799857213138,2.3732115327439622
10168,15.531050482584453,0.0,8.177879914327884,10.679451897347828
10169,5.177016827528151,0.0,9.540859900049197,15.425874962835751
10170,823.145675576976,573.1723062905924,726.4683323894602,626.527844644406
10171,129.4254206882038,84.29004504273416,124.03117870063956,86.62222094515461
10172,20.708067310112604,50.574027025640504,44.97833952880335,51.024047953995186
10173,10.354033655056302,84.29004504273416,31.348539671590217,17.799086495579715
10174,0.0,0.0,0.0,1.1866057663719811
10175,41.41613462022521,16.85800900854683,19.081719800098394,37.971384523903396
10176,31.062100965168906,0.0,19.081719800098394,22.54550956106764
10177,0.0,16.85800900854683,2.7259599714426277,0.0
10178,5.177016827528151,16.85800900854683,1.3629799857213138,4.7464230654879245
10179,15.531050482584453,0.0,10.90383988577051,16.612480729207732
10180,0.0,0.0,5.451919942885255,3.5598172991159425
10181,10.354033655056302,0.0,21.80767977154102,30.851749925671502
10182,191.5496226185416,286.5861531452962,275.32195711570535,252.74702823723194
10183,88.00928606797856,33.71601801709366,88.5936990718854,115.10075933808216
10184,15.531050482584453,0.0,1.3629799857213138,9.492846130975849
10185,10.354033655056302,33.71601801709366,34.074499643032844,36.784778757531406
10186,0.0,0.0,16.355759828655767,5.933028831859905
10187,10.354033655056302,0.0,6.814899928606569,5.933028831859905
10188,398.63029571966763,236.01212611965568,94.04561901477065,64.07671138408698
10189,0.0,0.0,1.3629799857213138,10.679451897347828
10190,25.885084137640757,101.14805405128101,43.61535954308204,32.03835569204349
10191,0.0,0.0,1.3629799857213138,1.1866057663719811
10192,0.0,16.85800900854683,19.081719800098394,21.358903794695657
10193,0.0,0.0,0.0,1.1866057663719811
10194,15.531050482584453,33.71601801709366,51.793239457409925,36.784778757531406
10195,729.9593726814693,522.5982792649519,380.2714160162465,348.86209531336243
10196,20.708067310112604,0.0,5.451919942885255,11.86605766371981
10197,15.531050482584453,16.85800900854683,17.71873981437708,14.23926919646377
10198,10.354033655056302,16.85800900854683,13.629799857213138,9.492846130975849
10199,20.708067310112604,16.85800900854683,59.97111937173781,83.06240364603867
10200,10.354033655056302,16.85800900854683,28.62257970014759,14.23926919646377
10201,5.177016827528151,0.0,2.7259599714426277,0.0
10202,5.177016827528151,0.0,44.97833952880335,37.971384523903396
10203,15.531050482584453,0.0,4.088939957163942,2.3732115327439622
10204,56.94718510280967,84.29004504273416,126.75713867208219,132.89984583366186
10205,10.354033655056302,33.71601801709366,23.170659757262335,18.985692261951698
10206,0.0,0.0,16.355759828655767,11.86605766371981
10207,20.708067310112604,0.0,2.7259599714426277,1.1866057663719811
10208,0.0,16.85800900854683,6.814899928606569,13.05266343009179
10209,0.0,0.0,1.3629799857213138,2.3732115327439622
10210,88.00928606797856,118.00606305982784,80.41581915755751,72.38295174869084
10211,5.177016827528151,0.0,12.266819871491824,21.358903794695657
10212,36.23911779269706,16.85800900854683,29.985559685868903,48.65083642125122
10213,15.531050482584453,0.0,6.814899928606569,8.306240364603866
10214,0.0,0.0,0.0,1.1866057663719811
10215,31.062100965168906,0.0,21.80767977154102,34.411567224787454
10216,10.354033655056302,0.0,27.259599714426276,29.665144159299523
10217,5.177016827528151,0.0,4.088939957163942,2.3732115327439622
10218,10.354033655056302,16.85800900854683,27.259599714426276,27.291932626555564
10219,10.354033655056302,50.574027025640504,36.80045961447547,24.918721093811598
10220,662.6581539236033,286.5861531452962,144.47587848645927,98.48827860887442
10221,269.20487503146387,168.58009008546833,107.67541887198378,52.21065372036716
10222,124.24840386067562,50.574027025640504,81.77879914327883,70.00974021594688
10223,41.41613462022521,16.85800900854683,21.80767977154102,37.971384523903396
10224,31.062100965168906,16.85800900854683,21.80767977154102,15.425874962835751
10225,31.062100965168906,101.14805405128101,20.444699785819708,47.46423065487924
10226,238.14277406629498,168.58009008546833,77.68985918611489,81.87579787966669
10227,56.94718510280967,16.85800900854683,216.71381772968888,199.34976875049279
10228,5.177016827528151,0.0,8.177879914327884,2.3732115327439622
10229,20.708067310112604,50.574027025640504,16.355759828655767,22.54550956106764
10230,10.354033655056302,0.0,8.177879914327884,8.306240364603866
10231,124.24840386067562,16.85800900854683,72.23793924322963,65.26331715045895
10232,31.062100965168906,33.71601801709366,36.80045961447547,34.411567224787454
10233,129.4254206882038,67.43203603418732,39.5264195859181,51.024047953995186
10234,10.354033655056302,0.0,42.252379557360726,37.971384523903396
10235,5.177016827528151,0.0,0.0,2.3732115327439622
10236,10.354033655056302,0.0,2.7259599714426277,1.1866057663719811
10237,0.0,0.0,0.0,2.3732115327439622
10238,82.83226924045042,0.0,91.31965904332802,81.87579787966669
10239,20.708067310112604,0.0,6.814899928606569,7.119634598231885
10240,0.0,0.0,1.3629799857213138,2.3732115327439622
10241,0.0,0.0,1.3629799857213138,0.0
10242,0.0,16.85800900854683,14.992779842934452,10.679451897347828
10243,0.0,0.0,0.0,2.3732115327439622
10244,108.71735337809118,168.58009008546833,162.19461830083634,116.28736510445414
10245,41.41613462022521,33.71601801709366,27.259599714426276,27.291932626555564
10246,0.0,0.0,2.7259599714426277,3.5598172991159425
10247,15.531050482584453,16.85800900854683,21.80767977154102,20.172298028323674
10248,20.708067310112604,0.0,12.266819871491824,26.10532686018358
10249,5.177016827528151,16.85800900854683,5.451919942885255,5.933028831859905
10250,0.0,16.85800900854683,1.3629799857213138,0.0
10251,5.177016827528151,0.0,4.088939957163942,0.0
10252,305.44399282416094,151.72208107692148,325.75221658739395,278.8523550974155
10253,0.0,0.0,10.90383988577051,15.425874962835751
10254,0.0,16.85800900854683,27.259599714426276,32.03835569204349
10255,0.0,0.0,1.3629799857213138,1.1866057663719811
10256,0.0,0.0,2.7259599714426277,4.7464230654879245
10257,0.0,0.0,24.53363974298365,45.09101912213528
10258,10.354033655056302,0.0,1.3629799857213138,1.1866057663719811
10259,0.0,0.0,13.629799857213138,18.985692261951698
10260,0.0,0.0,2.7259599714426277,2.3732115327439622
10261,25.885084137640757,33.71601801709366,8.177879914327884,2.3732115327439622
10262,0.0,0.0,2.7259599714426277,1.1866057663719811
10263,15.531050482584453,16.85800900854683,19.081719800098394,9.492846130975849
10264,0.0,0.0,2.7259599714426277,3.5598172991159425
10265,0.0,0.0,5.451919942885255,9.492846130975849
10266,10.354033655056302,16.85800900854683,35.43747962875416,37.971384523903396
10267,5.177016827528151,0.0,42.252379557360726,122.22039393631405
10268,31.062100965168906,16.85800900854683,31.348539671590217,41.53120182301934
10269,5.177016827528151,0.0,0.0,0.0
10270,5.177016827528151,0.0,2.7259599714426277,3.5598172991159425
10271,284.7359255140483,151.72208107692148,268.50705718709884,397.5129317346136
10272,36.23911779269706,0.0,13.629799857213138,15.425874962835751
10273,51.77016827528151,33.71601801709366,32.711519657311534,40.34459605664735
10274,5.177016827528151,0.0,5.451919942885255,2.3732115327439622
10275,0.0,0.0,2.7259599714426277,3.5598172991159425
10276,31.062100965168906,16.85800900854683,38.16343960019679,34.411567224787454
10277,5.177016827528151,0.0,19.081719800098394,39.15799029027537
10278,36.23911779269706,67.43203603418732,42.252379557360726,54.58386525311113
10279,15.531050482584453,16.85800900854683,12.266819871491824,10.679451897347828
10280,10.354033655056302,0.0,6.814899928606569,9.492846130975849
10281,0.0,0.0,4.088939957163942,11.86605766371981
10282,88.00928606797856,16.85800900854683,81.77879914327883,86.62222094515461
10283,5.177016827528151,33.71601801709366,44.97833952880335,49.837442187623196
10284,88.00928606797856,67.43203603418732,76.32687920039358,70.00974021594688
10285,67.30121875786597,16.85800900854683,65.42303931462307,68.82313444957491
10286,1004.3412645404613,505.740270256405,479.76895497390245,404.6325663328455
10287,5.177016827528151,0.0,14.992779842934452,7.119634598231885
10288,0.0,0.0,0.0,2.3732115327439622
10289,124.24840386067562,151.72208107692148,351.64883631609894,299.0246531257392
10290,5.177016827528151,0.0,14.992779842934452,18.985692261951698
10291,15.531050482584453,16.85800900854683,12.266819871491824,16.612480729207732
10292,0.0,0.0,9.540859900049197,11.86605766371981
10293,15.531050482584453,0.0,10.90383988577051,9.492846130975849
10294,0.0,50.574027025640504,12.266819871491824,8.306240364603866
10295,77.65525241292227,84.29004504273416,81.77879914327883,88.99543247789858
10296,15.531050482584453,0.0,40.889399571639416,53.39725948673914
10297,25.885084137640757,0.0,17.71873981437708,18.985692261951698
10298,10.354033655056302,0.0,6.814899928606569,5.933028831859905
10299,150.13348799831638,168.58009008546833,256.240237315607,162.5649899929614
10300,46.593151447753364,118.00606305982784,408.8939957163941,424.80486436116917
10301,5.177016827528151,0.0,2.7259599714426277,5.933028831859905
10302,207.08067310112605,252.8701351282025,179.9133581152134,198.16316298412082
10303,10.354033655056302,0.0,8.177879914327884,2.3732115327439622
10304,20.708067310112604,67.43203603418732,62.697079343180434,53.39725948673914
10305,77.65525241292227,67.43203603418732,133.57203860068873,115.10075933808216
10306,36.23911779269706,50.574027025640504,47.70429950024598,34.411567224787454
10307,0.0,0.0,1.3629799857213138,0.0
10308,93.18630289550673,84.29004504273416,50.430259471688615,51.024047953995186
10309,51.77016827528151,67.43203603418732,28.62257970014759,36.784778757531406
10310,15.531050482584453,0.0,6.814899928606569,7.119634598231885
10311,20.708067310112604,0.0,8.177879914327884,2.3732115327439622
10312,36.23911779269706,33.71601801709366,54.51919942885255,62.89010561771499
10313,25.885084137640757,33.71601801709366,23.170659757262335,29.665144159299523
10314,5.177016827528151,0.0,14.992779842934452,5.933028831859905
10315,5.177016827528151,16.85800900854683,14.992779842934452,4.7464230654879245
10316,0.0,0.0,1.3629799857213138,5.933028831859905
10317,0.0,33.71601801709366,13.629799857213138,14.23926919646377
10318,36.23911779269706,0.0,13.629799857213138,26.10532686018358
10319,0.0,0.0,4.088939957163942,15.425874962835751
10320,10.354033655056302,33.71601801709366,10.90383988577051,15.425874962835751
10321,0.0,0.0,1.3629799857213138,1.1866057663719811
10322,0.0,0.0,0.0,2.3732115327439622
10323,0.0,0.0,0.0,1.1866057663719811
10324,0.0,16.85800900854683,5.451919942885255,23.73211532743962
10325,20.708067310112604,0.0,36.80045961447547,21.358903794695657
10326,331.32907696180166,202.29610810256202,297.12963688724636,295.46483582662324
10327,25.885084137640757,50.574027025640504,44.97833952880335,23.73211532743962
10328,46.593151447753364,16.85800900854683,16.355759828655767,23.73211532743962
10329,0.0,0.0,0.0,1.1866057663719811
10330,196.72663944606975,118.00606305982784,128.1201186578035,77.12937481417876
10331,5.177016827528151,0.0,0.0,15.425874962835751
10332,222.6117235837105,219.15411711110883,170.3724982151642,173.24444189030922
10333,10.354033655056302,16.85800900854683,141.74991851501665,374.96742217354597
10334,15.531050482584453,0.0,6.814899928606569,7.119634598231885
10335,10.354033655056302,0.0,14.992779842934452,20.172298028323674
10336,0.0,0.0,8.177879914327884,15.425874962835751
10337,0.0,0.0,0.0,2.3732115327439622
10338,25.885084137640757,16.85800900854683,24.53363974298365,29.665144159299523
10339,165.66453848090083,67.43203603418732,83.14177912900014,83.06240364603867
10340,25.885084137640757,16.85800900854683,83.14177912900014,102.04809590799037
10341,31.062100965168906,0.0,24.53363974298365,14.23926919646377
10342,5.177016827528151,0.0,2.7259599714426277,0.0
10343,124.24840386067562,67.43203603418732,51.793239457409925,62.89010561771499
10344,36.23911779269706,84.29004504273416,53.15621944313124,53.39725948673914
10345,46.593151447753364,16.85800900854683,43.61535954308204,15.425874962835751
10346,0.0,16.85800900854683,89.9566790576067,124.59360546905799
10347,0.0,33.71601801709366,4.088939957163942,2.3732115327439622
10348,10.354033655056302,16.85800900854683,16.355759828655767,16.612480729207732
10349,51.77016827528151,101.14805405128101,55.88217941457387,117.47397087082611
10350,512.524665925287,404.59221620512403,313.48539671590214,199.34976875049279
10351,5.177016827528151,0.0,0.0,1.1866057663719811
10352,20.708067310112604,0.0,21.80767977154102,26.10532686018358
10353,82.83226924045042,33.71601801709366,72.23793924322963,115.10075933808216
10354,36.23911779269706,67.43203603418732,19.081719800098394,17.799086495579715
10355,41.41613462022521,33.71601801709366,54.51919942885255,46.277624888507255
10356,56.94718510280967,33.71601801709366,99.4975389576559,73.56955751506281
10357,5.177016827528151,16.85800900854683,4.088939957163942,8.306240364603866
10358,0.0,0.0,0.0,1.1866057663719811
10359,36.23911779269706,67.43203603418732,12.266819871491824,27.291932626555564
10360,0.0,0.0,2.7259599714426277,2.3732115327439622
10361,0.0,0.0,0.0,2.3732115327439622
10362,196.72663944606975,168.58009008546833,264.4181172299349,299.0246531257392
10363,0.0,16.85800900854683,19.081719800098394,17.799086495579715
10364,10.354033655056302,0.0,10.90383988577051,8.306240364603866
10365,51.77016827528151,50.574027025640504,42.252379557360726,51.024047953995186
10366,0.0,0.0,1.3629799857213138,0.0
10367,56.94718510280967,50.574027025640504,65.42303931462307,52.21065372036716
10368,0.0,0.0,4.088939957163942,1.1866057663719811
10369,5.177016827528151,0.0,6.814899928606569,7.119634598231885
10370,0.0,0.0,2.7259599714426277,1.1866057663719811
10371,5.177016827528151,0.0,1.3629799857213138,0.0
10372,207.08067310112605,50.574027025640504,17.71873981437708,10.679451897347828
10373,5.177016827528151,0.0,14.992779842934452,5.933028831859905
10374,20.708067310112604,67.43203603418732,23.170659757262335,28.47853839292754
10375,1195.890887159003,927.1904954700758,920.0114903618868,848.4231229559664
10376,41.41613462022521,67.43203603418732,156.74269835795107,168.4980188248213
10377,93.18630289550673,50.574027025640504,64.06005932890174,92.55524977701451
10378,0.0,0.0,1.3629799857213138,0.0
10379,10.354033655056302,33.71601801709366,8.177879914327884,15.425874962835751
10380,0.0,0.0,1.3629799857213138,0.0
10381,0.0,0.0,2.7259599714426277,1.1866057663719811
10382,0.0,0.0,4.088939957163942,8.306240364603866
10383,0.0,16.85800900854683,6.814899928606569,15.425874962835751
10384,36.23911779269706,50.574027025640504,40.889399571639416,36.784778757531406
10385,15.531050482584453,0.0,19.081719800098394,20.172298028323674
10386,243.31979089382313,118.00606305982784,249.42533738700038,246.81399940537202
10387,93.18630289550673,16.85800900854683,65.42303931462307,36.784778757531406
10388,36.23911779269706,101.14805405128101,31.348539671590217,47.46423065487924
10389,36.23911779269706,0.0,55.88217941457387,79.50258634692273
10390,67.30121875786597,0.0,40.889399571639416,55.770471019483104
10391,31.062100965168906,33.71601801709366,14.992779842934452,26.10532686018358
10392,336.50609378932984,101.14805405128101,158.1056783436724,215.96224947970055
10393,5.177016827528151,0.0,6.814899928606569,4.7464230654879245
10394,5.177016827528151,16.85800900854683,0.0,7.119634598231885
10395,5.177016827528151,0.0,12.266819871491824,10.679451897347828
10396,51.77016827528151,16.85800900854683,50.430259471688615,32.03835569204349
10397,0.0,0.0,5.451919942885255,4.7464230654879245
10398,0.0,0.0,1.3629799857213138,0.0
10399,10.354033655056302,16.85800900854683,5.451919942885255,7.119634598231885
10400,0.0,0.0,1.3629799857213138,0.0
10401,25.885084137640757,50.574027025640504,38.16343960019679,33.224961458415464
10402,139.77945434326008,134.86407206837464,35.43747962875416,43.90441335576329
10403,0.0,0.0,0.0,4.7464230654879245
10404,51.77016827528151,33.71601801709366,43.61535954308204,61.703499851343004
10405,5.177016827528151,0.0,1.3629799857213138,1.1866057663719811
10406,51.77016827528151,101.14805405128101,76.32687920039358,78.31598058055074
10407,41.41613462022521,50.574027025640504,32.711519657311534,28.47853839292754
10408,5.177016827528151,16.85800900854683,50.430259471688615,52.21065372036716
10409,15.531050482584453,16.85800900854683,20.444699785819708,16.612480729207732
10410,36.23911779269706,16.85800900854683,25.896619728704962,22.54550956106764
10411,62.12420193033781,33.71601801709366,21.80767977154102,30.851749925671502
10412,0.0,0.0,1.3629799857213138,1.1866057663719811
10413,25.885084137640757,16.85800900854683,16.355759828655767,26.10532686018358
10414,15.531050482584453,16.85800900854683,16.355759828655767,17.799086495579715
10415,31.062100965168906,33.71601801709366,5.451919942885255,10.679451897347828
10416,0.0,16.85800900854683,4.088939957163942,9.492846130975849
10417,5.177016827528151,0.0,4.088939957163942,4.7464230654879245
10418,36.23911779269706,16.85800900854683,53.15621944313124,47.46423065487924
10419,5.177016827528151,0.0,0.0,0.0
10420,10.354033655056302,16.85800900854683,19.081719800098394,20.172298028323674
10421,41.41613462022521,33.71601801709366,40.889399571639416,34.411567224787454
10422,196.72663944606975,134.86407206837464,171.73547820088552,179.17747072216912
10423,5.177016827528151,0.0,1.3629799857213138,4.7464230654879245
10424,31.062100965168906,16.85800900854683,65.42303931462307,132.89984583366186
10425,5.177016827528151,0.0,16.355759828655767,22.54550956106764
10426,232.96575723876683,236.01212611965568,245.33639742983647,199.34976875049279
10427,20.708067310112604,16.85800900854683,27.259599714426276,22.54550956106764
10428,191.5496226185416,118.00606305982784,425.24975554504994,367.8477875753141
10429,20.708067310112604,0.0,10.90383988577051,5.933028831859905
10430,31.062100965168906,0.0,17.71873981437708,28.47853839292754
10431,108.71735337809118,101.14805405128101,132.20905861496746,121.03378816994206
10432,5.177016827528151,0.0,2.7259599714426277,8.306240364603866
10433,5.177016827528151,0.0,10.90383988577051,8.306240364603866
10434,0.0,0.0,8.177879914327884,14.23926919646377
10435,144.95647117078823,151.72208107692148,209.89891780108232,256.3068455363479
10436,15.531050482584453,0.0,4.088939957163942,13.05266343009179
10437,5.177016827528151,16.85800900854683,17.71873981437708,10.679451897347828
10438,31.062100965168906,33.71601801709366,83.14177912900014,74.7561632814348
10439,51.77016827528151,84.29004504273416,51.793239457409925,61.703499851343004
10440,46.593151447753364,0.0,29.985559685868903,34.411567224787454
10441,5.177016827528151,0.0,8.177879914327884,13.05266343009179
10442,170.84155530842898,185.43809909401514,273.9589771299841,177.99086495579715
10443,46.593151447753364,33.71601801709366,46.34131951452467,32.03835569204349
10444,5.177016827528151,0.0,1.3629799857213138,8.306240364603866
10445,10.354033655056302,0.0,1.3629799857213138,0.0
10446,238.14277406629498,134.86407206837464,508.39153467405004,632.4608734762659
10447,10.354033655056302,0.0,20.444699785819708,18.985692261951698
10448,139.77945434326008,151.72208107692148,96.77157898621327,73.56955751506281
10449,103.54033655056303,101.14805405128101,62.697079343180434,65.26331715045895
10450,641.9500866134907,421.4502252136708,1076.7541887198379,1412.0608619826573
10451,305.44399282416094,488.88226124785814,196.2691179438692,170.87123035756525
10452,5.177016827528151,0.0,10.90383988577051,3.5598172991159425
10453,0.0,0.0,10.90383988577051,4.7464230654879245
10454,0.0,0.0,0.0,1.1866057663719811
10455,10.354033655056302,16.85800900854683,14.992779842934452,8.306240364603866
10456,0.0,0.0,2.7259599714426277,13.05266343009179
10457,0.0,0.0,0.0,1.1866057663719811
10458,31.062100965168906,84.29004504273416,57.24515940029518,53.39725948673914
10459,31.062100965168906,16.85800900854683,4.088939957163942,18.985692261951698
10460,5.177016827528151,0.0,4.088939957163942,1.1866057663719811
10461,46.593151447753364,33.71601801709366,64.06005932890174,51.024047953995186
10462,0.0,0.0,36.80045961447547,43.90441335576329
10463,217.43470675618235,134.86407206837464,253.51427734416438,278.8523550974155
10464,20.708067310112604,16.85800900854683,14.992779842934452,22.54550956106764
10465,0.0,0.0,1.3629799857213138,9.492846130975849
10466,0.0,16.85800900854683,1.3629799857213138,1.1866057663719811
10467,5.177016827528151,0.0,1.3629799857213138,4.7464230654879245
10468,20.708067310112604,16.85800900854683,31.348539671590217,36.784778757531406
10469,0.0,0.0,1.3629799857213138,0.0
10470,0.0,0.0,1.3629799857213138,3.5598172991159425
10471,0.0,0.0,12.266819871491824,13.05266343009179
10472,0.0,0.0,2.7259599714426277,1.1866057663719811
10473,46.593151447753364,33.71601801709366,35.43747962875416,41.53120182301934
10474,0.0,0.0,4.088939957163942,3.5598172991159425
10475,36.23911779269706,16.85800900854683,14.992779842934452,16.612480729207732
10476,0.0,0.0,0.0,1.1866057663719811
10477,15.531050482584453,33.71601801709366,10.90383988577051,9.492846130975849
10478,108.71735337809118,101.14805405128101,124.03117870063956,131.7132400672899
10479,0.0,0.0,2.7259599714426277,5.933028831859905
10480,1677.3534521191211,1045.1965585299038,780.9875318183128,733.3223636178842
10481,0.0,0.0,2.7259599714426277,1.1866057663719811
10482,31.062100965168906,0.0,44.97833952880335,36.784778757531406
10483,20.708067310112604,101.14805405128101,122.66819871491823,55.770471019483104
10484,0.0,0.0,1.3629799857213138,2.3732115327439622
10485,5.177016827528151,84.29004504273416,35.43747962875416,62.89010561771499
10486,0.0,0.0,1.3629799857213138,1.1866057663719811
10487,10.354033655056302,0.0,0.0,3.5598172991159425
10488,15.531050482584453,16.85800900854683,46.34131951452467,33.224961458415464
10489,82.83226924045042,67.43203603418732,50.430259471688615,55.770471019483104
10490,1004.3412645404613,674.3203603418733,2667.3518320566113,3011.6054350520876
10491,20.708067310112604,50.574027025640504,47.70429950024598,55.770471019483104
10492,0.0,16.85800900854683,6.814899928606569,4.7464230654879245
10493,5.177016827528151,0.0,2.7259599714426277,7.119634598231885
10494,0.0,0.0,1.3629799857213138,0.0
10495,921.508995300011,556.3142972820455,775.5356118754275,796.2124692355992
10496,82.83226924045042,33.71601801709366,43.61535954308204,39.15799029027537
10497,20.708067310112604,0.0,38.16343960019679,30.851749925671502
10498,1325.3163078472066,539.4562882734986,554.7328541885747,711.9634598231886
10499,15.531050482584453,33.71601801709366,25.896619728704962,14.23926919646377
10500,77.65525241292227,33.71601801709366,83.14177912900014,99.67488437524639
10501,25.885084137640757,33.71601801709366,19.081719800098394,20.172298028323674
10502,5.177016827528151,16.85800900854683,8.177879914327884,5.933028831859905
10503,0.0,0.0,1.3629799857213138,0.0
10504,155.31050482584453,101.14805405128101,107.67541887198378,97.30167284250244
10505,51.77016827528151,0.0,38.16343960019679,41.53120182301934
10506,15.531050482584453,16.85800900854683,40.889399571639416,43.90441335576329
10507,93.18630289550673,50.574027025640504,83.14177912900014,110.35433627259422
10508,258.8508413764076,101.14805405128101,92.68263902904934,104.42130744073432
10509,0.0,0.0,10.90383988577051,8.306240364603866
10510,0.0,0.0,6.814899928606569,1.1866057663719811
10511,82.83226924045042,33.71601801709366,32.711519657311534,36.784778757531406
10512,62.12420193033781,84.29004504273416,179.9133581152134,214.77564371332855
10513,36.23911779269706,16.85800900854683,70.87495925750832,87.80882671152658
10514,15.531050482584453,33.71601801709366,31.348539671590217,27.291932626555564
10515,0.0,0.0,14.992779842934452,16.612480729207732
10516,0.0,0.0,0.0,2.3732115327439622
10517,579.8258846831529,303.44416215384297,328.4781765588366,473.45570078242037
10518,0.0,0.0,0.0,1.1866057663719811
10519,25.885084137640757,0.0,21.80767977154102,5.933028831859905
10520,196.72663944606975,101.14805405128101,13.629799857213138,16.612480729207732
10521,5.177016827528151,0.0,2.7259599714426277,2.3732115327439622
10522,36.23911779269706,67.43203603418732,43.61535954308204,52.21065372036716
10523,20.708067310112604,33.71601801709366,32.711519657311534,39.15799029027537
10524,0.0,0.0,4.088939957163942,3.5598172991159425
10525,5.177016827528151,0.0,10.90383988577051,13.05266343009179
10526,0.0,0.0,8.177879914327884,17.799086495579715
10527,25.885084137640757,16.85800900854683,29.985559685868903,45.09101912213528
10528,0.0,0.0,5.451919942885255,4.7464230654879245
10529,10.354033655056302,0.0,8.177879914327884,2.3732115327439622
10530,5.177016827528151,0.0,1.3629799857213138,3.5598172991159425
10531,77.65525241292227,84.29004504273416,159.4686583293937,121.03378816994206
10532,36.23911779269706,101.14805405128101,28.62257970014759,53.39725948673914
10533,357.21416109944244,219.15411711110883,166.28355825800028,211.21582641421261
10534,20.708067310112604,16.85800900854683,17.71873981437708,20.172298028323674
10535,20.708067310112604,16.85800900854683,8.177879914327884,13.05266343009179
10536,0.0,0.0,55.88217941457387,71.19634598231886
10537,0.0,0.0,0.0,2.3732115327439622
10538,0.0,0.0,1.3629799857213138,3.5598172991159425
10539,10.354033655056302,0.0,2.7259599714426277,8.306240364603866
10540,0.0,33.71601801709366,13.629799857213138,14.23926919646377
10541,0.0,0.0,5.451919942885255,3.5598172991159425
10542,20.708067310112604,50.574027025640504,28.62257970014759,67.63652868320291
10543,0.0,33.71601801709366,9.540859900049197,9.492846130975849
10544,41.41613462022521,33.71601801709366,42.252379557360726,37.971384523903396
10545,10.354033655056302,16.85800900854683,13.629799857213138,11.86605766371981
10546,36.23911779269706,33.71601801709366,28.62257970014759,28.47853839292754
10547,62.12420193033781,0.0,31.348539671590217,40.34459605664735
10548,15.531050482584453,16.85800900854683,1.3629799857213138,1.1866057663719811
10549,5.177016827528151,33.71601801709366,1.3629799857213138,8.306240364603866
10550,0.0,0.0,2.7259599714426277,2.3732115327439622
10551,36.23911779269706,16.85800900854683,54.51919942885255,61.703499851343004
10552,0.0,0.0,12.266819871491824,22.54550956106764
10553,0.0,33.71601801709366,5.451919942885255,4.7464230654879245
10554,36.23911779269706,16.85800900854683,35.43747962875416,24.918721093811598
10555,25.885084137640757,16.85800900854683,10.90383988577051,22.54550956106764
10556,15.531050482584453,0.0,20.444699785819708,22.54550956106764
10557,46.593151447753364,16.85800900854683,25.896619728704962,17.799086495579715
10558,31.062100965168906,0.0,14.992779842934452,11.86605766371981
10559,0.0,0.0,16.355759828655767,17.799086495579715
10560,5.177016827528151,0.0,5.451919942885255,3.5598172991159425
10561,36.23911779269706,67.43203603418732,31.348539671590217,28.47853839292754
10562,0.0,16.85800900854683,2.7259599714426277,7.119634598231885
10563,67.30121875786597,16.85800900854683,32.711519657311534,18.985692261951698
10564,15.531050482584453,16.85800900854683,16.355759828655767,23.73211532743962
10565,0.0,0.0,1.3629799857213138,2.3732115327439622
10566,5.177016827528151,0.0,27.259599714426276,28.47853839292754
10567,36.23911779269706,84.29004504273416,51.793239457409925,54.58386525311113
10568,10.354033655056302,0.0,1.3629799857213138,3.5598172991159425
10569,5.177016827528151,16.85800900854683,1.3629799857213138,2.3732115327439622
10570,0.0,16.85800900854683,1.3629799857213138,1.1866057663719811
10571,5.177016827528151,0.0,1.3629799857213138,8.306240364603866
10572,46.593151447753364,16.85800900854683,35.43747962875416,17.799086495579715
10573,20.708067310112604,0.0,13.629799857213138,10.679451897347828
10574,31.062100965168906,33.71601801709366,29.985559685868903,22.54550956106764
10575,31.062100965168906,16.85800900854683,5.451919942885255,4.7464230654879245
10576,5.177016827528151,0.0,10.90383988577051,13.05266343009179
10577,41.41613462022521,16.85800900854683,23.170659757262335,28.47853839292754
10578,36.23911779269706,0.0,9.540859900049197,8.306240364603866
10579,15.531050482584453,0.0,21.80767977154102,11.86605766371981
10580,124.24840386067562,84.29004504273416,79.0528391718362,68.82313444957491
10581,5.177016827528151,0.0,5.451919942885255,0.0
10582,31.062100965168906,0.0,24.53363974298365,36.784778757531406
10583,108.71735337809118,101.14805405128101,80.41581915755751,56.95707678585508
10584,0.0,0.0,4.088939957163942,0.0
10585,0.0,0.0,0.0,1.1866057663719811
10586,0.0,0.0,1.3629799857213138,0.0
10587,10.354033655056302,0.0,6.814899928606569,7.119634598231885
10588,5.177016827528151,0.0,4.088939957163942,4.7464230654879245
10589,15.531050482584453,0.0,42.252379557360726,26.10532686018358
10590,0.0,16.85800900854683,24.53363974298365,30.851749925671502
10591,0.0,0.0,1.3629799857213138,1.1866057663719811
10592,5.177016827528151,0.0,0.0,3.5598172991159425
10593,0.0,16.85800900854683,4.088939957163942,2.3732115327439622
10594,20.708067310112604,16.85800900854683,57.24515940029518,51.024047953995186
10595,31.062100965168906,67.43203603418732,39.5264195859181,40.34459605664735
10596,0.0,0.0,0.0,1.1866057663719811
10597,31.062100965168906,67.43203603418732,35.43747962875416,22.54550956106764
10598,15.531050482584453,0.0,6.814899928606569,7.119634598231885
10599,0.0,0.0,0.0,1.1866057663719811
10600,0.0,0.0,61.33409935745912,49.837442187623196
10601,1589.3441660511426,1584.6528468034023,1048.1316090196904,955.2176419294447
10602,0.0,0.0,0.0,4.7464230654879245
10603,5.177016827528151,0.0,8.177879914327884,18.985692261951698
10604,0.0,0.0,1.3629799857213138,5.933028831859905
10605,20.708067310112604,33.71601801709366,19.081719800098394,36.784778757531406
10606,36.23911779269706,16.85800900854683,44.97833952880335,56.95707678585508
10607,5.177016827528151,16.85800900854683,17.71873981437708,17.799086495579715
10608,10.354033655056302,16.85800900854683,4.088939957163942,3.5598172991159425
10609,31.062100965168906,0.0,111.76435882914774,94.92846130975848
10610,5.177016827528151,16.85800900854683,36.80045961447547,22.54550956106764
10611,15.531050482584453,33.71601801709366,27.259599714426276,10.679451897347828
10612,0.0,0.0,2.7259599714426277,0.0
10613,82.83226924045042,16.85800900854683,19.081719800098394,41.53120182301934
10614,0.0,0.0,1.3629799857213138,0.0
10615,20.708067310112604,50.574027025640504,40.889399571639416,58.14368255222707
10616,46.593151447753364,50.574027025640504,35.43747962875416,45.09101912213528
10617,25.885084137640757,16.85800900854683,4.088939957163942,8.306240364603866
10618,51.77016827528151,0.0,21.80767977154102,22.54550956106764
10619,62.12420193033781,118.00606305982784,84.50475911472145,75.94276904780679
10620,5.177016827528151,0.0,19.081719800098394,14.23926919646377
10621,82.83226924045042,67.43203603418732,74.96389921467225,88.99543247789858
10622,0.0,0.0,9.540859900049197,10.679451897347828
10623,0.0,0.0,94.04561901477065,148.32572079649762
10624,15.531050482584453,0.0,2.7259599714426277,2.3732115327439622
10625,0.0,0.0,0.0,5.933028831859905
10626,5.177016827528151,0.0,1.3629799857213138,0.0
10627,10.354033655056302,0.0,1.3629799857213138,2.3732115327439622
10628,5.177016827528151,16.85800900854683,19.081719800098394,18.985692261951698
10629,0.0,0.0,4.088939957163942,0.0
10630,108.71735337809118,84.29004504273416,162.19461830083634,155.4453553947295
10631,0.0,0.0,2.7259599714426277,7.119634598231885
10632,10.354033655056302,16.85800900854683,23.170659757262335,20.172298028323674
10633,5.177016827528151,0.0,14.992779842934452,24.918721093811598
10634,0.0,0.0,6.814899928606569,22.54550956106764
10635,36.23911779269706,33.71601801709366,81.77879914327883,67.63652868320291
10636,5.177016827528151,0.0,23.170659757262335,11.86605766371981
10637,41.41613462022521,0.0,62.697079343180434,87.80882671152658
10638,5.177016827528151,0.0,9.540859900049197,4.7464230654879245
10639,25.885084137640757,67.43203603418732,36.80045961447547,52.21065372036716
10640,15.531050482584453,16.85800900854683,38.16343960019679,49.837442187623196
10641,98.36331972303488,168.58009008546833,113.12733881486903,87.80882671152658
10642,62.12420193033781,0.0,13.629799857213138,4.7464230654879245
10643,36.23911779269706,67.43203603418732,42.252379557360726,36.784778757531406
10644,5.177016827528151,0.0,1.3629799857213138,2.3732115327439622
10645,346.86012744438614,118.00606305982784,68.14899928606569,64.07671138408698
10646,0.0,0.0,1.3629799857213138,1.1866057663719811
10647,5.177016827528151,0.0,6.814899928606569,8.306240364603866
10648,372.7452115820269,168.58009008546833,99.4975389576559,86.62222094515461
10649,124.24840386067562,118.00606305982784,57.24515940029518,51.024047953995186
10650,10.354033655056302,0.0,20.444699785819708,16.612480729207732
10651,0.0,0.0,0.0,1.1866057663719811
10652,129.4254206882038,134.86407206837464,73.60091922895094,36.784778757531406
10653,217.43470675618235,320.3021711623898,265.7810972156562,510.2404795399518
10654,25.885084137640757,50.574027025640504,29.985559685868903,33.224961458415464
10655,82.83226924045042,16.85800900854683,44.97833952880335,39.15799029027537
10656,0.0,0.0,1.3629799857213138,0.0
10657,67.30121875786597,134.86407206837464,57.24515940029518,59.330288318599045
10658,10.354033655056302,16.85800900854683,17.71873981437708,7.119634598231885
10659,0.0,16.85800900854683,0.0,0.0
10660,134.60243751573194,50.574027025640504,188.0912380295413,300.2112588921112
10661,20.708067310112604,50.574027025640504,14.992779842934452,15.425874962835751
10662,51.77016827528151,0.0,14.992779842934452,21.358903794695657
10663,0.0,0.0,16.355759828655767,32.03835569204349
10664,0.0,0.0,0.0,1.1866057663719811
10665,67.30121875786597,33.71601801709366,36.80045961447547,35.59817299115943
10666,20.708067310112604,33.71601801709366,83.14177912900014,126.96681700180196
10667,0.0,0.0,23.170659757262335,5.933028831859905
10668,5.177016827528151,0.0,14.992779842934452,9.492846130975849
10669,31.062100965168906,84.29004504273416,61.33409935745912,43.90441335576329
10670,36.23911779269706,16.85800900854683,25.896619728704962,5.933028831859905
10671,5.177016827528151,0.0,6.814899928606569,5.933028831859905
10672,20.708067310112604,16.85800900854683,57.24515940029518,61.703499851343004
10673,36.23911779269706,33.71601801709366,76.32687920039358,51.024047953995186
10674,238.14277406629498,354.0181891794835,254.87725732988568,223.08188407793241
10675,25.885084137640757,16.85800900854683,9.540859900049197,10.679451897347828
10676,15.531050482584453,16.85800900854683,10.90383988577051,9.492846130975849
10677,20.708067310112604,16.85800900854683,13.629799857213138,27.291932626555564
10678,0.0,0.0,0.0,1.1866057663719811
10679,5.177016827528151,0.0,1.3629799857213138,5.933028831859905
10680,0.0,0.0,2.7259599714426277,1.1866057663719811
10681,10.354033655056302,0.0,1.3629799857213138,0.0
10682,0.0,0.0,2.7259599714426277,0.0
10683,0.0,0.0,16.355759828655767,20.172298028323674
10684,258.8508413764076,101.14805405128101,197.6320979295905,191.04352838588892
10685,201.9036562735979,236.01212611965568,109.0383988577051,132.89984583366186
10686,36.23911779269706,16.85800900854683,47.70429950024598,61.703499851343004
10687,119.07138703314749,67.43203603418732,66.78601930034436,60.51689408497103
10688,5.177016827528151,33.71601801709366,6.814899928606569,3.5598172991159425
10689,10.354033655056302,16.85800900854683,5.451919942885255,3.5598172991159425
10690,51.77016827528151,33.71601801709366,50.430259471688615,51.024047953995186
10691,77.65525241292227,16.85800900854683,104.94945890054116,136.45966313277782
10692,0.0,33.71601801709366,2.7259599714426277,4.7464230654879245
10693,812.7916419219198,556.3142972820455,457.96127520236143,382.08705677177784
10694,20.708067310112604,0.0,39.5264195859181,47.46423065487924
10695,0.0,0.0,1.3629799857213138,0.0
10696,0.0,0.0,2.7259599714426277,5.933028831859905
10697,0.0,33.71601801709366,5.451919942885255,5.933028831859905
10698,20.708067310112604,67.43203603418732,25.896619728704962,45.09101912213528
10699,31.062100965168906,16.85800900854683,12.266819871491824,28.47853839292754
10700,10.354033655056302,16.85800900854683,9.540859900049197,10.679451897347828
10701,36.23911779269706,16.85800900854683,69.511979271787,53.39725948673914
10702,5.177016827528151,16.85800900854683,8.177879914327884,5.933028831859905
10703,0.0,0.0,0.0,1.1866057663719811
10704,0.0,16.85800900854683,23.170659757262335,5.933028831859905
10705,0.0,0.0,2.7259599714426277,0.0
10706,5.177016827528151,33.71601801709366,130.84607862924614,117.47397087082611
10707,134.60243751573194,134.86407206837464,117.216278772033,86.62222094515461
10708,10.354033655056302,16.85800900854683,17.71873981437708,33.224961458415464
10709,5.177016827528151,0.0,14.992779842934452,8.306240364603866
10710,31.062100965168906,0.0,13.629799857213138,13.05266343009179
10711,0.0,0.0,2.7259599714426277,13.05266343009179
10712,62.12420193033781,84.29004504273416,417.071875630722,490.06818151162815
10713,5.177016827528151,0.0,4.088939957163942,2.3732115327439622
10714,0.0,0.0,2.7259599714426277,1.1866057663719811
10715,103.54033655056303,16.85800900854683,88.5936990718854,111.54094203896621
10716,31.062100965168906,0.0,16.355759828655767,23.73211532743962
10717,0.0,0.0,19.081719800098394,40.34459605664735
10718,0.0,0.0,1.3629799857213138,1.1866057663719811
10719,0.0,0.0,6.814899928606569,11.86605766371981
10720,5.177016827528151,0.0,4.088939957163942,5.933028831859905
10721,5.177016827528151,0.0,4.088939957163942,4.7464230654879245
10722,10.354033655056302,16.85800900854683,25.896619728704962,20.172298028323674
10723,36.23911779269706,33.71601801709366,55.88217941457387,53.39725948673914
10724,0.0,16.85800900854683,0.0,2.3732115327439622
10725,5.177016827528151,0.0,1.3629799857213138,1.1866057663719811
10726,553.9408005455122,590.0303152991391,283.4998370300333,132.89984583366186
10727,5.177016827528151,0.0,14.992779842934452,8.306240364603866
10728,15.531050482584453,0.0,21.80767977154102,21.358903794695657
10729,31.062100965168906,0.0,47.70429950024598,26.10532686018358
10730,36.23911779269706,67.43203603418732,50.430259471688615,42.71780758939131
10731,41.41613462022521,33.71601801709366,23.170659757262335,32.03835569204349
10732,46.593151447753364,16.85800900854683,28.62257970014759,18.985692261951698
10733,31.062100965168906,0.0,20.444699785819708,13.05266343009179
10734,0.0,0.0,49.0672794859673,46.277624888507255
10735,108.71735337809118,67.43203603418732,243.97341744411517,250.37381670448798
10736,0.0,0.0,28.62257970014759,22.54550956106764
10737,20.708067310112604,0.0,13.629799857213138,17.799086495579715
10738,0.0,0.0,0.0,1.1866057663719811
10739,0.0,0.0,1.3629799857213138,0.0
10740,41.41613462022521,33.71601801709366,66.78601930034436,118.66057663719809
10741,25.885084137640757,118.00606305982784,70.87495925750832,59.330288318599045
10742,5.177016827528151,33.71601801709366,77.68985918611489,109.16773050622226
10743,0.0,0.0,0.0,3.5598172991159425
10744,36.23911779269706,16.85800900854683,34.074499643032844,29.665144159299523
10745,15.531050482584453,0.0,19.081719800098394,21.358903794695657
10746,771.3755073016946,455.1662432307645,1264.8454267493792,851.9829402550823
10747,0.0,0.0,1.3629799857213138,3.5598172991159425
10748,0.0,0.0,0.0,1.1866057663719811
10749,10.354033655056302,84.29004504273416,88.5936990718854,70.00974021594688
10750,0.0,0.0,1.3629799857213138,0.0
10751,31.062100965168906,33.71601801709366,61.33409935745912,45.09101912213528
10752,10.354033655056302,0.0,5.451919942885255,11.86605766371981
10753,25.885084137640757,50.574027025640504,44.97833952880335,34.411567224787454
10754,20.708067310112604,33.71601801709366,47.70429950024598,30.851749925671502
10755,0.0,0.0,1.3629799857213138,0.0
10756,10.354033655056302,0.0,17.71873981437708,20.172298028323674
10757,113.89437020561934,0.0,83.14177912900014,80.6891921132947
10758,0.0,0.0,0.0,1.1866057663719811
10759,0.0,16.85800900854683,4.088939957163942,16.612480729207732
10760,15.531050482584453,33.71601801709366,19.081719800098394,16.612480729207732
10761,31.062100965168906,16.85800900854683,32.711519657311534,27.291932626555564
10762,5.177016827528151,0.0,29.985559685868903,20.172298028323674
10763,5.177016827528151,16.85800900854683,8.177879914327884,4.7464230654879245
10764,25.885084137640757,16.85800900854683,64.06005932890174,51.024047953995186
10765,31.062100965168906,33.71601801709366,25.896619728704962,28.47853839292754
10766,15.531050482584453,0.0,5.451919942885255,5.933028831859905
10767,0.0,16.85800900854683,2.7259599714426277,8.306240364603866
10768,88.00928606797856,84.29004504273416,59.97111937173781,53.39725948673914
10769,62.12420193033781,50.574027025640504,31.348539671590217,49.837442187623196
10770,0.0,0.0,1.3629799857213138,1.1866057663719811
10771,0.0,0.0,10.90383988577051,9.492846130975849
10772,67.30121875786597,118.00606305982784,76.32687920039358,91.36864401064253
10773,181.1955889634853,84.29004504273416,98.1345589719346,107.98112473985027
10774,31.062100965168906,16.85800900854683,24.53363974298365,10.679451897347828
10775,46.593151447753364,67.43203603418732,16.355759828655767,28.47853839292754
10776,0.0,16.85800900854683,4.088939957163942,2.3732115327439622
10777,5.177016827528151,33.71601801709366,12.266819871491824,9.492846130975849
10778,300.26697599663277,185.43809909401514,265.7810972156562,252.74702823723194
10779,5.177016827528151,16.85800900854683,2.7259599714426277,9.492846130975849
10780,0.0,0.0,2.7259599714426277,14.23926919646377
10781,20.708067310112604,16.85800900854683,6.814899928606569,7.119634598231885
10782,5.177016827528151,0.0,5.451919942885255,4.7464230654879245
10783,5.177016827528151,16.85800900854683,19.081719800098394,13.05266343009179
10784,0.0,0.0,9.540859900049197,26.10532686018358
10785,36.23911779269706,16.85800900854683,14.992779842934452,28.47853839292754
10786,41.41613462022521,33.71601801709366,42.252379557360726,42.71780758939131
10787,51.77016827528151,118.00606305982784,31.348539671590217,21.358903794695657
10788,0.0,0.0,1.3629799857213138,0.0
10789,10.354033655056302,0.0,9.540859900049197,13.05266343009179
10790,108.71735337809118,67.43203603418732,61.33409935745912,55.770471019483104
10791,0.0,0.0,0.0,1.1866057663719811
10792,0.0,0.0,10.90383988577051,1.1866057663719811
10793,5.177016827528151,0.0,1.3629799857213138,7.119634598231885
10794,0.0,16.85800900854683,1.3629799857213138,0.0
10795,31.062100965168906,33.71601801709366,13.629799857213138,14.23926919646377
10796,98.36331972303488,101.14805405128101,55.88217941457387,45.09101912213528
10797,10.354033655056302,16.85800900854683,8.177879914327884,11.86605766371981
10798,0.0,0.0,4.088939957163942,3.5598172991159425
10799,5.177016827528151,0.0,6.814899928606569,11.86605766371981
10800,0.0,0.0,12.266819871491824,10.679451897347828
10801,56.94718510280967,67.43203603418732,54.51919942885255,35.59817299115943
10802,0.0,0.0,12.266819871491824,10.679451897347828
10803,20.708067310112604,16.85800900854683,12.266819871491824,15.425874962835751
10804,186.37260579101346,134.86407206837464,1086.2950486198872,841.3034883577345
10805,10.354033655056302,33.71601801709366,13.629799857213138,36.784778757531406
10806,20.708067310112604,50.574027025640504,23.170659757262335,15.425874962835751
10807,46.593151447753364,50.574027025640504,34.074499643032844,29.665144159299523
10808,0.0,0.0,5.451919942885255,1.1866057663719811
10809,31.062100965168906,33.71601801709366,13.629799857213138,11.86605766371981
10810,471.1085313050618,101.14805405128101,205.80997784391838,207.65600911509665
10811,0.0,0.0,2.7259599714426277,0.0
10812,98.36331972303488,50.574027025640504,87.23071908616409,198.16316298412082
10813,0.0,0.0,21.80767977154102,23.73211532743962
10814,36.23911779269706,0.0,136.29799857213138,137.64626889914982
10815,0.0,0.0,0.0,1.1866057663719811
10816,0.0,0.0,2.7259599714426277,1.1866057663719811
10817,5.177016827528151,16.85800900854683,4.088939957163942,13.05266343009179
10818,10.354033655056302,0.0,0.0,2.3732115327439622
10819,36.23911779269706,67.43203603418732,20.444699785819708,41.53120182301934
10820,0.0,0.0,2.7259599714426277,3.5598172991159425
10821,5.177016827528151,0.0,8.177879914327884,7.119634598231885
10822,93.18630289550673,33.71601801709366,114.49031880059036,103.23470167436234
10823,139.77945434326008,50.574027025640504,98.1345589719346,109.16773050622226
10824,792.0835746118072,320.3021711623898,154.01673838650845,88.99543247789858
10825,67.30121875786597,0.0,25.896619728704962,16.612480729207732
10826,0.0,0.0,5.451919942885255,5.933028831859905
10827,5.177016827528151,0.0,2.7259599714426277,5.933028831859905
10828,0.0,0.0,0.0,1.1866057663719811
10829,0.0,16.85800900854683,8.177879914327884,2.3732115327439622
10830,0.0,16.85800900854683,0.0,1.1866057663719811
10831,56.94718510280967,67.43203603418732,8.177879914327884,4.7464230654879245
10832,0.0,16.85800900854683,12.266819871491824,23.73211532743962
10833,139.77945434326008,101.14805405128101,62.697079343180434,58.14368255222707
10834,5.177016827528151,0.0,0.0,5.933028831859905
10835,0.0,0.0,4.088939957163942,0.0
10836,0.0,16.85800900854683,0.0,0.0
10837,0.0,0.0,1.3629799857213138,3.5598172991159425
10838,0.0,0.0,1.3629799857213138,0.0
10839,0.0,0.0,0.0,1.1866057663719811
10840,25.885084137640757,16.85800900854683,12.266819871491824,18.985692261951698
10841,20.708067310112604,67.43203603418732,31.348539671590217,58.14368255222707
10842,0.0,0.0,2.7259599714426277,8.306240364603866
10843,0.0,0.0,0.0,5.933028831859905
10844,0.0,0.0,2.7259599714426277,4.7464230654879245
10845,5.177016827528151,0.0,8.177879914327884,10.679451897347828
10846,10.354033655056302,33.71601801709366,186.72825804381998,115.10075933808216
10847,5.177016827528151,16.85800900854683,91.31965904332802,67.63652868320291
10848,0.0,0.0,4.088939957163942,1.1866057663719811
10849,186.37260579101346,118.00606305982784,194.90613795814787,225.45509561067638
10850,15.531050482584453,16.85800900854683,5.451919942885255,45.09101912213528
10851,5.177016827528151,16.85800900854683,2.7259599714426277,17.799086495579715
10852,15.531050482584453,33.71601801709366,23.170659757262335,16.612480729207732
10853,155.31050482584453,168.58009008546833,1346.624225892658,1263.7351411861598
10854,341.68311061685796,219.15411711110883,177.1873981437708,170.87123035756525
10855,186.37260579101346,151.72208107692148,129.4830986435248,79.50258634692273
10856,10.354033655056302,0.0,34.074499643032844,28.47853839292754
10857,15.531050482584453,0.0,10.90383988577051,15.425874962835751
10858,5.177016827528151,0.0,16.355759828655767,14.23926919646377
10859,181.1955889634853,134.86407206837464,152.65375840078715,148.32572079649762
10860,5.177016827528151,16.85800900854683,8.177879914327884,7.119634598231885
10861,36.23911779269706,67.43203603418732,35.43747962875416,54.58386525311113
10862,129.4254206882038,50.574027025640504,76.32687920039358,97.30167284250244
10863,5.177016827528151,0.0,0.0,2.3732115327439622
10864,0.0,16.85800900854683,2.7259599714426277,4.7464230654879245
10865,5.177016827528151,0.0,0.0,0.0
10866,56.94718510280967,50.574027025640504,51.793239457409925,67.63652868320291
10867,10.354033655056302,0.0,4.088939957163942,3.5598172991159425
10868,0.0,0.0,24.53363974298365,14.23926919646377
10869,0.0,0.0,4.088939957163942,1.1866057663719811
10870,0.0,16.85800900854683,1.3629799857213138,2.3732115327439622
10871,0.0,16.85800900854683,2.7259599714426277,1.1866057663719811
10872,31.062100965168906,67.43203603418732,181.2763381009347,187.48371108677298
10873,0.0,0.0,0.0,1.1866057663719811
10874,0.0,0.0,6.814899928606569,9.492846130975849
10875,82.83226924045042,50.574027025640504,84.50475911472145,144.7659034973817
10876,88.00928606797856,50.574027025640504,88.5936990718854,122.22039393631405
10877,72.47823558539412,16.85800900854683,42.252379557360726,40.34459605664735
10878,103.54033655056303,118.00606305982784,59.97111937173781,74.7561632814348
10879,4514.358673604548,3506.4658737777413,2123.522817753807,1205.5914586339327
10880,15.531050482584453,0.0,1.3629799857213138,2.3732115327439622
10881,621.2420193033781,842.9004504273416,350.2858563303776,269.3595089664397
10882,113.89437020561934,50.574027025640504,77.68985918611489,84.24900941241064
10883,5.177016827528151,0.0,0.0,0.0
10884,72.47823558539412,67.43203603418732,213.98785775824624,278.8523550974155
10885,0.0,0.0,1.3629799857213138,0.0
10886,0.0,0.0,42.252379557360726,40.34459605664735
10887,0.0,0.0,2.7259599714426277,1.1866057663719811
10888,0.0,16.85800900854683,16.355759828655767,5.933028831859905
10889,0.0,0.0,87.23071908616409,99.67488437524639
10890,41.41613462022521,0.0,61.33409935745912,68.82313444957491
10891,5.177016827528151,0.0,25.896619728704962,5.933028831859905
10892,5.177016827528151,0.0,16.355759828655767,11.86605766371981
10893,0.0,0.0,6.814899928606569,7.119634598231885
10894,0.0,0.0,2.7259599714426277,0.0
10895,0.0,0.0,1.3629799857213138,1.1866057663719811
10896,41.41613462022521,0.0,23.170659757262335,17.799086495579715
10897,10.354033655056302,0.0,1.3629799857213138,2.3732115327439622
10898,10.354033655056302,0.0,0.0,5.933028831859905
10899,41.41613462022521,33.71601801709366,16.355759828655767,3.5598172991159425
10900,502.17063227023067,455.1662432307645,403.4420757735089,346.48888378061844
10901,31.062100965168906,33.71601801709366,64.06005932890174,53.39725948673914
10902,15.531050482584453,0.0,2.7259599714426277,3.5598172991159425
10903,0.0,0.0,1.3629799857213138,4.7464230654879245
10904,67.30121875786597,16.85800900854683,55.88217941457387,73.56955751506281
10905,15.531050482584453,16.85800900854683,8.177879914327884,17.799086495579715
10906,5.177016827528151,0.0,1.3629799857213138,0.0
10907,0.0,0.0,4.088939957163942,1.1866057663719811
10908,0.0,16.85800900854683,0.0,1.1866057663719811
10909,41.41613462022521,0.0,39.5264195859181,58.14368255222707
10910,0.0,0.0,6.814899928606569,2.3732115327439622
10911,41.41613462022521,84.29004504273416,68.14899928606569,77.12937481417876
10912,15.531050482584453,50.574027025640504,20.444699785819708,24.918721093811598
10913,41.41613462022521,67.43203603418732,32.711519657311534,42.71780758939131
10914,243.31979089382313,168.58009008546833,278.047917087148,270.54611473281165
10915,15.531050482584453,0.0,1.3629799857213138,7.119634598231885
10916,0.0,0.0,2.7259599714426277,2.3732115327439622
10917,15.531050482584453,0.0,31.348539671590217,24.918721093811598
10918,0.0,16.85800900854683,12.266819871491824,11.86605766371981
10919,326.15206013427354,286.5861531452962,139.023958543574,113.91415357171016
10920,36.23911779269706,0.0,23.170659757262335,16.612480729207732
10921,5.177016827528151,0.0,16.355759828655767,17.799086495579715
10922,31.062100965168906,0.0,17.71873981437708,27.291932626555564
10923,15.531050482584453,16.85800900854683,4.088939957163942,8.306240364603866
10924,15.531050482584453,33.71601801709366,12.266819871491824,14.23926919646377
10925,88.00928606797856,50.574027025640504,70.87495925750832,53.39725948673914
10926,82.83226924045042,101.14805405128101,114.49031880059036,88.99543247789858
10927,0.0,0.0,1.3629799857213138,1.1866057663719811
10928,5.177016827528151,0.0,0.0,3.5598172991159425
10929,51.77016827528151,50.574027025640504,70.87495925750832,90.18203824427056
10930,0.0,0.0,6.814899928606569,4.7464230654879245
10931,20.708067310112604,50.574027025640504,34.074499643032844,45.09101912213528
10932,440.0464303398929,202.29610810256202,295.7666569015251,276.4791435646715
10933,20.708067310112604,16.85800900854683,21.80767977154102,14.23926919646377
10934,62.12420193033781,84.29004504273416,39.5264195859181,51.024047953995186
10935,0.0,0.0,1.3629799857213138,0.0
10936,238.14277406629498,252.8701351282025,106.31243888626248,51.024047953995186
10937,10.354033655056302,0.0,19.081719800098394,9.492846130975849
10938,10.354033655056302,0.0,9.540859900049197,11.86605766371981
10939,56.94718510280967,50.574027025640504,74.96389921467225,88.99543247789858
10940,98.36331972303488,84.29004504273416,121.30521872919692,122.22039393631405
10941,5.177016827528151,0.0,0.0,0.0
10942,88.00928606797856,50.574027025640504,155.37971837222977,173.24444189030922
10943,25.885084137640757,16.85800900854683,27.259599714426276,41.53120182301934
10944,5.177016827528151,0.0,0.0,3.5598172991159425
10945,5.177016827528151,0.0,0.0,1.1866057663719811
10946,0.0,0.0,1.3629799857213138,1.1866057663719811
10947,119.07138703314749,50.574027025640504,77.68985918611489,97.30167284250244
10948,346.86012744438614,219.15411711110883,196.2691179438692,182.73728802128505
10949,5.177016827528151,0.0,6.814899928606569,3.5598172991159425
10950,36.23911779269706,50.574027025640504,20.444699785819708,20.172298028323674
10951,144.95647117078823,50.574027025640504,145.83885847218056,153.07214386198552
10952,5.177016827528151,0.0,5.451919942885255,10.679451897347828
10953,5.177016827528151,0.0,4.088939957163942,8.306240364603866
10954,77.65525241292227,50.574027025640504,76.32687920039358,75.94276904780679
10955,62.12420193033781,0.0,69.511979271787,53.39725948673914
10956,88.00928606797856,0.0,44.97833952880335,54.58386525311113
10957,0.0,0.0,9.540859900049197,9.492846130975849
10958,0.0,16.85800900854683,27.259599714426276,21.358903794695657
10959,10.354033655056302,0.0,8.177879914327884,10.679451897347828
10960,150.13348799831638,33.71601801709366,87.23071908616409,59.330288318599045
10961,5.177016827528151,16.85800900854683,6.814899928606569,4.7464230654879245
10962,5.177016827528151,0.0,4.088939957163942,9.492846130975849
10963,0.0,0.0,17.71873981437708,23.73211532743962
10964,31.062100965168906,50.574027025640504,40.889399571639416,32.03835569204349
10965,46.593151447753364,33.71601801709366,50.430259471688615,45.09101912213528
10966,119.07138703314749,134.86407206837464,130.84607862924614,166.12480729207735
10967,0.0,0.0,2.7259599714426277,3.5598172991159425
10968,15.531050482584453,50.574027025640504,13.629799857213138,15.425874962835751
10969,5.177016827528151,16.85800900854683,4.088939957163942,11.86605766371981
10970,25.885084137640757,33.71601801709366,59.97111937173781,20.172298028323674
10971,0.0,0.0,12.266819871491824,26.10532686018358
10972,5.177016827528151,0.0,0.0,1.1866057663719811
10973,15.531050482584453,16.85800900854683,28.62257970014759,22.54550956106764
10974,5.177016827528151,0.0,6.814899928606569,1.1866057663719811
10975,88.00928606797856,33.71601801709366,49.0672794859673,29.665144159299523
10976,20.708067310112604,0.0,10.90383988577051,5.933028831859905
10977,0.0,0.0,1.3629799857213138,13.05266343009179
10978,0.0,0.0,4.088939957163942,4.7464230654879245
10979,0.0,16.85800900854683,1.3629799857213138,0.0
10980,0.0,0.0,2.7259599714426277,0.0
10981,36.23911779269706,33.71601801709366,28.62257970014759,14.23926919646377
10982,41.41613462022521,16.85800900854683,49.0672794859673,36.784778757531406
10983,0.0,0.0,2.7259599714426277,8.306240364603866
10984,25.885084137640757,0.0,19.081719800098394,22.54550956106764
10985,36.23911779269706,16.85800900854683,20.444699785819708,30.851749925671502
10986,0.0,0.0,2.7259599714426277,2.3732115327439622
10987,10.354033655056302,33.71601801709366,6.814899928606569,1.1866057663719811
10988,15.531050482584453,16.85800900854683,17.71873981437708,10.679451897347828
10989,0.0,0.0,5.451919942885255,5.933028831859905
10990,5.177016827528151,0.0,2.7259599714426277,3.5598172991159425
10991,0.0,0.0,65.42303931462307,74.7561632814348
10992,5.177016827528151,16.85800900854683,0.0,2.3732115327439622
10993,150.13348799831638,168.58009008546833,144.47587848645927,220.70867254518845
10994,41.41613462022521,16.85800900854683,77.68985918611489,66.44992291683093
10995,93.18630289550673,67.43203603418732,59.97111937173781,52.21065372036716
10996,0.0,0.0,0.0,2.3732115327439622
10997,72.47823558539412,50.574027025640504,66.78601930034436,59.330288318599045
10998,0.0,0.0,0.0,2.3732115327439622
10999,0.0,16.85800900854683,5.451919942885255,7.119634598231885
11000,5.177016827528151,0.0,0.0,2.3732115327439622
11001,10.354033655056302,0.0,16.355759828655767,17.799086495579715
11002,0.0,0.0,0.0,1.1866057663719811
11003,0.0,0.0,0.0,1.1866057663719811
11004,10.354033655056302,0.0,5.451919942885255,5.933028831859905
11005,10.354033655056302,16.85800900854683,13.629799857213138,11.86605766371981
11006,20.708067310112604,50.574027025640504,8.177879914327884,15.425874962835751
11007,5.177016827528151,16.85800900854683,5.451919942885255,4.7464230654879245
11008,0.0,0.0,5.451919942885255,15.425874962835751
11009,15.531050482584453,16.85800900854683,74.96389921467225,70.00974021594688
11010,5.177016827528151,16.85800900854683,24.53363974298365,37.971384523903396
11011,5.177016827528151,0.0,2.7259599714426277,5.933028831859905
11012,0.0,0.0,2.7259599714426277,9.492846130975849
11013,0.0,0.0,4.088939957163942,3.5598172991159425
11014,0.0,0.0,1.3629799857213138,0.0
11015,31.062100965168906,33.71601801709366,70.87495925750832,65.26331715045895
11016,15.531050482584453,0.0,4.088939957163942,17.799086495579715
11017,15.531050482584453,0.0,4.088939957163942,1.1866057663719811
11018,10.354033655056302,16.85800900854683,55.88217941457387,49.837442187623196
11019,10.354033655056302,0.0,141.74991851501665,113.91415357171016
11020,31.062100965168906,16.85800900854683,19.081719800098394,20.172298028323674
11021,0.0,0.0,0.0,3.5598172991159425
11022,0.0,0.0,5.451919942885255,3.5598172991159425
11023,0.0,0.0,0.0,2.3732115327439622
11024,62.12420193033781,84.29004504273416,69.511979271787,65.26331715045895
11025,41.41613462022521,33.71601801709366,59.97111937173781,81.87579787966669
11026,0.0,0.0,10.90383988577051,20.172298028323674
11027,41.41613462022521,0.0,10.90383988577051,16.612480729207732
11028,25.885084137640757,16.85800900854683,47.70429950024598,53.39725948673914
11029,41.41613462022521,84.29004504273416,29.985559685868903,13.05266343009179
11030,0.0,0.0,2.7259599714426277,1.1866057663719811
11031,0.0,16.85800900854683,1.3629799857213138,2.3732115327439622
11032,916.3319784724828,674.3203603418733,667.8601930034438,516.1735083718117
11033,0.0,0.0,1.3629799857213138,1.1866057663719811
11034,0.0,0.0,0.0,2.3732115327439622
11035,5.177016827528151,0.0,19.081719800098394,14.23926919646377
11036,0.0,0.0,1.3629799857213138,0.0
11037,77.65525241292227,33.71601801709366,35.43747962875416,29.665144159299523
11038,714.4283221988849,826.0424414187947,1480.1962644933467,1442.912611908329
11039,15.531050482584453,0.0,44.97833952880335,40.34459605664735
11040,5.177016827528151,33.71601801709366,5.451919942885255,7.119634598231885
11041,15.531050482584453,16.85800900854683,9.540859900049197,15.425874962835751
11042,15.531050482584453,50.574027025640504,21.80767977154102,10.679451897347828
11043,0.0,16.85800900854683,0.0,0.0
11044,72.47823558539412,33.71601801709366,6.814899928606569,5.933028831859905
11045,10.354033655056302,0.0,0.0,0.0
11046,0.0,0.0,1.3629799857213138,0.0
11047,5.177016827528151,0.0,4.088939957163942,5.933028831859905
11048,36.23911779269706,33.71601801709366,19.081719800098394,34.411567224787454
11049,0.0,33.71601801709366,1.3629799857213138,0.0
11050,5.177016827528151,0.0,1.3629799857213138,0.0
11051,67.30121875786597,16.85800900854683,66.78601930034436,83.06240364603867
11052,51.77016827528151,16.85800900854683,38.16343960019679,28.47853839292754
11053,67.30121875786597,50.574027025640504,47.70429950024598,51.024047953995186
11054,0.0,16.85800900854683,1.3629799857213138,1.1866057663719811
11055,0.0,0.0,0.0,1.1866057663719811
11056,31.062100965168906,0.0,10.90383988577051,18.985692261951698
11057,0.0,0.0,1.3629799857213138,0.0
11058,10.354033655056302,33.71601801709366,13.629799857213138,2.3732115327439622
11059,0.0,0.0,1.3629799857213138,1.1866057663719811
11060,0.0,0.0,13.629799857213138,3.5598172991159425
11061,20.708067310112604,0.0,8.177879914327884,10.679451897347828
11062,5.177016827528151,0.0,4.088939957163942,2.3732115327439622
11063,20.708067310112604,33.71601801709366,9.540859900049197,21.358903794695657
11064,5.177016827528151,16.85800900854683,24.53363974298365,37.971384523903396
11065,15.531050482584453,0.0,1786.8667612806423,1789.4014956889473
11066,0.0,0.0,2.7259599714426277,1.1866057663719811
11067,1149.2977357112495,2140.9671440854477,1316.6386662067891,1255.4289008215558
11068,5.177016827528151,16.85800900854683,0.0,0.0
11069,88.00928606797856,84.29004504273416,83.14177912900014,77.12937481417876
11070,181.1955889634853,101.14805405128101,92.68263902904934,73.56955751506281
11071,0.0,0.0,0.0,2.3732115327439622
11072,56.94718510280967,0.0,24.53363974298365,10.679451897347828
11073,10.354033655056302,0.0,20.444699785819708,36.784778757531406
11074,5.177016827528151,0.0,6.814899928606569,10.679451897347828
11075,41.41613462022521,33.71601801709366,10.90383988577051,21.358903794695657
11076,5.177016827528151,0.0,9.540859900049197,4.7464230654879245
11077,15.531050482584453,0.0,17.71873981437708,17.799086495579715
11078,170.84155530842898,84.29004504273416,164.92057827227896,109.16773050622226
11079,15.531050482584453,0.0,2.7259599714426277,1.1866057663719811
11080,0.0,0.0,4.088939957163942,1.1866057663719811
11081,0.0,0.0,4.088939957163942,3.5598172991159425
11082,0.0,0.0,1.3629799857213138,7.119634598231885
11083,98.36331972303488,33.71601801709366,65.42303931462307,60.51689408497103
11084,0.0,16.85800900854683,2.7259599714426277,2.3732115327439622
11085,10.354033655056302,0.0,61.33409935745912,61.703499851343004
11086,10.354033655056302,50.574027025640504,19.081719800098394,29.665144159299523
11087,10.354033655056302,0.0,1.3629799857213138,2.3732115327439622
11088,0.0,0.0,0.0,5.933028831859905
11089,103.54033655056303,118.00606305982784,79.0528391718362,80.6891921132947
11090,0.0,16.85800900854683,4.088939957163942,1.1866057663719811
11091,15.531050482584453,16.85800900854683,14.992779842934452,21.358903794695657
11092,5.177016827528151,16.85800900854683,6.814899928606569,7.119634598231885
11093,20.708067310112604,50.574027025640504,65.42303931462307,60.51689408497103
11094,15.531050482584453,0.0,14.992779842934452,8.306240364603866
11095,232.96575723876683,118.00606305982784,118.57925875775429,115.10075933808216
11096,196.72663944606975,202.29610810256202,160.83163831511501,121.03378816994206
11097,72.47823558539412,67.43203603418732,102.22349892909853,92.55524977701451
11098,0.0,0.0,0.0,1.1866057663719811
11099,10.354033655056302,16.85800900854683,5.451919942885255,27.291932626555564
11100,0.0,0.0,4.088939957163942,4.7464230654879245
11101,0.0,16.85800900854683,10.90383988577051,16.612480729207732
11102,0.0,0.0,1.3629799857213138,0.0
11103,93.18630289550673,16.85800900854683,21.80767977154102,21.358903794695657
11104,46.593151447753364,16.85800900854683,74.96389921467225,62.89010561771499
11105,5.177016827528151,0.0,6.814899928606569,1.1866057663719811
11106,243.31979089382313,219.15411711110883,710.1125725608044,660.9394118691935
11107,0.0,0.0,1.3629799857213138,2.3732115327439622
11108,10.354033655056302,0.0,19.081719800098394,20.172298028323674
11109,0.0,0.0,1.3629799857213138,0.0
11110,41.41613462022521,33.71601801709366,43.61535954308204,49.837442187623196
11111,98.36331972303488,252.8701351282025,282.1368570443119,167.31141305844932
11112,0.0,0.0,4.088939957163942,1.1866057663719811
11113,5.177016827528151,0.0,8.177879914327884,3.5598172991159425
11114,36.23911779269706,0.0,47.70429950024598,47.46423065487924
11115,31.062100965168906,16.85800900854683,21.80767977154102,16.612480729207732
11116,144.95647117078823,33.71601801709366,24.53363974298365,21.358903794695657
11117,0.0,0.0,8.177879914327884,2.3732115327439622
11118,0.0,0.0,49.0672794859673,20.172298028323674
11119,5.177016827528151,0.0,8.177879914327884,3.5598172991159425
11120,5.177016827528151,50.574027025640504,107.67541887198378,103.23470167436234
11121,0.0,0.0,2.7259599714426277,0.0
11122,62.12420193033781,50.574027025640504,84.50475911472145,74.7561632814348
11123,201.9036562735979,84.29004504273416,102.22349892909853,117.47397087082611
11124,20.708067310112604,0.0,16.355759828655767,9.492846130975849
11125,0.0,0.0,0.0,1.1866057663719811
11126,25.885084137640757,16.85800900854683,8.177879914327884,5.933028831859905
11127,46.593151447753364,67.43203603418732,66.78601930034436,65.26331715045895
11128,5.177016827528151,0.0,4.088939957163942,2.3732115327439622
11129,5.177016827528151,0.0,5.451919942885255,3.5598172991159425
11130,0.0,0.0,0.0,4.7464230654879245
11131,0.0,0.0,1.3629799857213138,0.0
11132,0.0,16.85800900854683,126.75713867208219,115.10075933808216
11133,0.0,0.0,0.0,2.3732115327439622
11134,56.94718510280967,118.00606305982784,51.793239457409925,52.21065372036716
11135,25.885084137640757,33.71601801709366,5.451919942885255,10.679451897347828
11136,176.01857213595713,404.59221620512403,173.09845818660685,123.40699970268601
11137,0.0,0.0,1.3629799857213138,0.0
11138,31.062100965168906,0.0,70.87495925750832,62.89010561771499
11139,217.43470675618235,84.29004504273416,145.83885847218056,126.96681700180196
11140,5.177016827528151,33.71601801709366,29.985559685868903,28.47853839292754
11141,5.177016827528151,16.85800900854683,2.7259599714426277,4.7464230654879245
11142,25.885084137640757,33.71601801709366,34.074499643032844,56.95707678585508
11143,25.885084137640757,0.0,42.252379557360726,21.358903794695657
11144,0.0,0.0,5.451919942885255,11.86605766371981
11145,0.0,16.85800900854683,6.814899928606569,15.425874962835751
11146,0.0,0.0,1.3629799857213138,0.0
11147,0.0,0.0,0.0,3.5598172991159425
11148,108.71735337809118,84.29004504273416,65.42303931462307,47.46423065487924
11149,113.89437020561934,118.00606305982784,267.14407720137746,569.5707678585509
11150,0.0,0.0,16.355759828655767,9.492846130975849
11151,20.708067310112604,33.71601801709366,43.61535954308204,58.14368255222707
11152,10.354033655056302,16.85800900854683,8.177879914327884,13.05266343009179
11153,10.354033655056302,0.0,28.62257970014759,34.411567224787454
11154,434.8694135123647,455.1662432307645,348.92287634465634,236.1345475080242
11155,0.0,0.0,1.3629799857213138,0.0
11156,0.0,0.0,5.451919942885255,2.3732115327439622
11157,15.531050482584453,0.0,21.80767977154102,14.23926919646377
11158,5.177016827528151,33.71601801709366,24.53363974298365,20.172298028323674
11159,5.177016827528151,0.0,0.0,0.0
11160,10.354033655056302,16.85800900854683,5.451919942885255,7.119634598231885
11161,5.177016827528151,0.0,0.0,0.0
11162,0.0,0.0,0.0,3.5598172991159425
11163,0.0,0.0,2.7259599714426277,2.3732115327439622
11164,0.0,0.0,2.7259599714426277,2.3732115327439622
11165,51.77016827528151,16.85800900854683,50.430259471688615,55.770471019483104
11166,0.0,0.0,0.0,5.933028831859905
11167,5.177016827528151,16.85800900854683,25.896619728704962,21.358903794695657
11168,72.47823558539412,50.574027025640504,50.430259471688615,84.24900941241064
11169,31.062100965168906,33.71601801709366,69.511979271787,59.330288318599045
11170,20.708067310112604,16.85800900854683,16.355759828655767,5.933028831859905
11171,0.0,16.85800900854683,1.3629799857213138,13.05266343009179
11172,20.708067310112604,67.43203603418732,47.70429950024598,84.24900941241064
11173,5.177016827528151,0.0,21.80767977154102,35.59817299115943
11174,15.531050482584453,0.0,4.088939957163942,11.86605766371981
11175,10.354033655056302,0.0,28.62257970014759,28.47853839292754
11176,15.531050482584453,0.0,13.629799857213138,17.799086495579715
11177,56.94718510280967,33.71601801709366,5.451919942885255,23.73211532743962
11178,10.354033655056302,0.0,6.814899928606569,13.05266343009179
11179,36.23911779269706,50.574027025640504,43.61535954308204,33.224961458415464
11180,155.31050482584453,202.29610810256202,118.57925875775429,81.87579787966669
11181,0.0,0.0,1.3629799857213138,1.1866057663719811
11182,93.18630289550673,118.00606305982784,66.78601930034436,43.90441335576329
11183,5.177016827528151,0.0,5.451919942885255,16.612480729207732
11184,207.08067310112605,134.86407206837464,141.74991851501665,151.88553809561358
11185,113.89437020561934,67.43203603418732,51.793239457409925,47.46423065487924
11186,36.23911779269706,84.29004504273416,40.889399571639416,37.971384523903396
11187,0.0,16.85800900854683,32.711519657311534,52.21065372036716
11188,0.0,0.0,1.3629799857213138,0.0
11189,20.708067310112604,0.0,8.177879914327884,10.679451897347828
11190,0.0,0.0,0.0,1.1866057663719811
11191,10.354033655056302,0.0,4.088939957163942,16.612480729207732
11192,36.23911779269706,16.85800900854683,49.0672794859673,62.89010561771499
11193,25.885084137640757,67.43203603418732,23.170659757262335,15.425874962835751
11194,0.0,0.0,2.7259599714426277,2.3732115327439622
11195,10.354033655056302,16.85800900854683,2.7259599714426277,8.306240364603866
11196,51.77016827528151,33.71601801709366,50.430259471688615,56.95707678585508
11197,5.177016827528151,0.0,6.814899928606569,7.119634598231885
11198,232.96575723876683,185.43809909401514,88.5936990718854,74.7561632814348
11199,5.177016827528151,0.0,0.0,1.1866057663719811
11200,5.177016827528151,0.0,1.3629799857213138,13.05266343009179
11201,15.531050482584453,0.0,4.088939957163942,8.306240364603866
11202,134.60243751573194,118.00606305982784,87.23071908616409,100.86149014161838
11203,72.47823558539412,67.43203603418732,64.06005932890174,40.34459605664735
11204,139.77945434326008,84.29004504273416,94.04561901477065,71.19634598231886
11205,548.763783717984,236.01212611965568,235.79553752978728,154.25874962835752
11206,98.36331972303488,67.43203603418732,59.97111937173781,41.53120182301934
11207,31.062100965168906,16.85800900854683,8.177879914327884,0.0
11208,0.0,0.0,29.985559685868903,16.612480729207732
11209,5.177016827528151,0.0,4.088939957163942,11.86605766371981
11210,5.177016827528151,0.0,13.629799857213138,20.172298028323674
11211,46.593151447753364,67.43203603418732,51.793239457409925,51.024047953995186
11212,72.47823558539412,33.71601801709366,96.77157898621327,115.10075933808216
11213,31.062100965168906,50.574027025640504,80.41581915755751,72.38295174869084
11214,150.13348799831638,151.72208107692148,122.66819871491823,105.60791320710631
11215,15.531050482584453,84.29004504273416,19.081719800098394,36.784778757531406
11216,36.23911779269706,50.574027025640504,25.896619728704962,26.10532686018358
11217,1144.1207188837213,606.8883243076859,1446.1217648503139,1562.759794311899
11218,98.36331972303488,50.574027025640504,59.97111937173781,59.330288318599045
11219,0.0,0.0,2.7259599714426277,0.0
11220,51.77016827528151,118.00606305982784,102.22349892909853,110.35433627259422
11221,5.177016827528151,0.0,16.355759828655767,16.612480729207732
11222,25.885084137640757,16.85800900854683,19.081719800098394,30.851749925671502
11223,0.0,0.0,14.992779842934452,17.799086495579715
11224,0.0,33.71601801709366,4.088939957163942,1.1866057663719811
11225,46.593151447753364,33.71601801709366,58.6081393860165,61.703499851343004
11226,5.177016827528151,0.0,32.711519657311534,43.90441335576329
11227,5.177016827528151,33.71601801709366,40.889399571639416,41.53120182301934
11228,15.531050482584453,33.71601801709366,1.3629799857213138,4.7464230654879245
11229,36.23911779269706,0.0,53.15621944313124,30.851749925671502
11230,0.0,0.0,20.444699785819708,16.612480729207732
11231,5.177016827528151,0.0,0.0,2.3732115327439622
11232,0.0,0.0,4.088939957163942,1.1866057663719811
11233,20.708067310112604,0.0,27.259599714426276,21.358903794695657
11234,10.354033655056302,0.0,1.3629799857213138,3.5598172991159425
11235,0.0,0.0,1.3629799857213138,0.0
11236,5.177016827528151,0.0,8.177879914327884,2.3732115327439622
11237,77.65525241292227,16.85800900854683,50.430259471688615,43.90441335576329
11238,0.0,0.0,0.0,3.5598172991159425
11239,67.30121875786597,67.43203603418732,36.80045961447547,18.985692261951698
11240,36.23911779269706,16.85800900854683,38.16343960019679,46.277624888507255
11241,41.41613462022521,16.85800900854683,24.53363974298365,26.10532686018358
11242,25.885084137640757,16.85800900854683,42.252379557360726,27.291932626555564
11243,20.708067310112604,0.0,9.540859900049197,11.86605766371981
11244,51.77016827528151,33.71601801709366,81.77879914327883,104.42130744073432
11245,77.65525241292227,33.71601801709366,91.31965904332802,92.55524977701451
11246,0.0,16.85800900854683,14.992779842934452,14.23926919646377
11247,31.062100965168906,33.71601801709366,44.97833952880335,51.024047953995186
11248,5.177016827528151,0.0,8.177879914327884,7.119634598231885
11249,31.062100965168906,33.71601801709366,19.081719800098394,16.612480729207732
11250,31.062100965168906,16.85800900854683,5.451919942885255,4.7464230654879245
11251,15.531050482584453,16.85800900854683,47.70429950024598,56.95707678585508
11252,72.47823558539412,16.85800900854683,106.31243888626248,91.36864401064253
11253,0.0,16.85800900854683,4.088939957163942,4.7464230654879245
11254,15.531050482584453,16.85800900854683,23.170659757262335,26.10532686018358
11255,20.708067310112604,0.0,25.896619728704962,27.291932626555564
11256,15.531050482584453,0.0,2.7259599714426277,4.7464230654879245
11257,10.354033655056302,16.85800900854683,21.80767977154102,29.665144159299523
11258,0.0,0.0,4.088939957163942,8.306240364603866
11259,0.0,16.85800900854683,8.177879914327884,9.492846130975849
11260,0.0,0.0,2.7259599714426277,11.86605766371981
11261,36.23911779269706,16.85800900854683,23.170659757262335,37.971384523903396
11262,0.0,0.0,0.0,1.1866057663719811
11263,5.177016827528151,0.0,1.3629799857213138,1.1866057663719811
11264,98.36331972303488,33.71601801709366,83.14177912900014,116.28736510445414
11265,305.44399282416094,252.8701351282025,389.81227591629573,359.54154721071023
11266,1004.3412645404613,927.1904954700758,363.9156561875908,113.91415357171016
11267,0.0,16.85800900854683,5.451919942885255,7.119634598231885
11268,10.354033655056302,16.85800900854683,24.53363974298365,41.53120182301934
11269,31.062100965168906,33.71601801709366,14.992779842934452,13.05266343009179
11270,15.531050482584453,0.0,46.34131951452467,26.10532686018358
11271,0.0,0.0,9.540859900049197,15.425874962835751
11272,67.30121875786597,33.71601801709366,72.23793924322963,52.21065372036716
11273,5.177016827528151,16.85800900854683,4.088939957163942,5.933028831859905
11274,150.13348799831638,67.43203603418732,111.76435882914774,68.82313444957491
11275,222.6117235837105,134.86407206837464,113.12733881486903,97.30167284250244
11276,0.0,0.0,2.7259599714426277,0.0
11277,0.0,0.0,0.0,1.1866057663719811
11278,31.062100965168906,16.85800900854683,38.16343960019679,34.411567224787454
11279,77.65525241292227,101.14805405128101,58.6081393860165,71.19634598231886
11280,15.531050482584453,0.0,8.177879914327884,10.679451897347828
11281,31.062100965168906,0.0,13.629799857213138,10.679451897347828
11282,139.77945434326008,320.3021711623898,385.7233359591318,251.56042247085995
11283,0.0,0.0,12.266819871491824,5.933028831859905
11284,108.71735337809118,16.85800900854683,88.5936990718854,90.18203824427056
11285,5.177016827528151,16.85800900854683,17.71873981437708,23.73211532743962
11286,0.0,0.0,5.451919942885255,2.3732115327439622
11287,25.885084137640757,84.29004504273416,49.0672794859673,48.65083642125122
11288,31.062100965168906,16.85800900854683,31.348539671590217,8.306240364603866
11289,15.531050482584453,16.85800900854683,10.90383988577051,5.933028831859905
11290,0.0,0.0,10.90383988577051,5.933028831859905
11291,5.177016827528151,0.0,13.629799857213138,7.119634598231885
11292,5.177016827528151,16.85800900854683,10.90383988577051,22.54550956106764
11293,5.177016827528151,0.0,2.7259599714426277,4.7464230654879245
11294,62.12420193033781,50.574027025640504,53.15621944313124,51.024047953995186
11295,41.41613462022521,16.85800900854683,287.5887769871972,380.90045100540584
11296,512.524665925287,522.5982792649519,407.53101573067283,404.6325663328455
11297,36.23911779269706,0.0,23.170659757262335,41.53120182301934
11298,0.0,0.0,2.7259599714426277,0.0
11299,124.24840386067562,151.72208107692148,76.32687920039358,88.99543247789858
11300,72.47823558539412,84.29004504273416,98.1345589719346,53.39725948673914
11301,0.0,0.0,1.3629799857213138,0.0
11302,25.885084137640757,50.574027025640504,16.355759828655767,14.23926919646377
11303,93.18630289550673,67.43203603418732,88.5936990718854,83.06240364603867
11304,0.0,0.0,8.177879914327884,11.86605766371981
11305,25.885084137640757,50.574027025640504,44.97833952880335,48.65083642125122
11306,10.354033655056302,0.0,12.266819871491824,13.05266343009179
11307,10.354033655056302,0.0,51.793239457409925,144.7659034973817
11308,15.531050482584453,0.0,39.5264195859181,30.851749925671502
11309,0.0,0.0,8.177879914327884,7.119634598231885
11310,10.354033655056302,0.0,13.629799857213138,56.95707678585508
11311,0.0,0.0,1.3629799857213138,0.0
11312,36.23911779269706,50.574027025640504,44.97833952880335,60.51689408497103
11313,25.885084137640757,16.85800900854683,14.992779842934452,11.86605766371981
11314,0.0,16.85800900854683,1.3629799857213138,0.0
11315,25.885084137640757,16.85800900854683,21.80767977154102,34.411567224787454
11316,41.41613462022521,0.0,19.081719800098394,27.291932626555564
11317,5.177016827528151,50.574027025640504,29.985559685868903,18.985692261951698
11318,20.708067310112604,33.71601801709366,31.348539671590217,42.71780758939131
11319,196.72663944606975,118.00606305982784,149.9277984293445,189.85692261951695
11320,10.354033655056302,16.85800900854683,27.259599714426276,39.15799029027537
11321,10.354033655056302,33.71601801709366,13.629799857213138,20.172298028323674
11322,5.177016827528151,16.85800900854683,24.53363974298365,35.59817299115943
11323,62.12420193033781,101.14805405128101,103.58647891481985,102.04809590799037
11324,0.0,0.0,4.088939957163942,4.7464230654879245
11325,62.12420193033781,67.43203603418732,91.31965904332802,77.12937481417876
11326,0.0,0.0,0.0,3.5598172991159425
11327,5.177016827528151,0.0,1.3629799857213138,2.3732115327439622
11328,10.354033655056302,16.85800900854683,8.177879914327884,10.679451897347828
11329,10.354033655056302,16.85800900854683,10.90383988577051,5.933028831859905
11330,25.885084137640757,50.574027025640504,16.355759828655767,20.172298028323674
11331,10.354033655056302,0.0,13.629799857213138,21.358903794695657
11332,20.708067310112604,16.85800900854683,31.348539671590217,18.985692261951698
11333,5.177016827528151,0.0,8.177879914327884,9.492846130975849
11334,82.83226924045042,84.29004504273416,43.61535954308204,52.21065372036716
11335,0.0,50.574027025640504,20.444699785819708,30.851749925671502
11336,41.41613462022521,0.0,17.71873981437708,21.358903794695657
11337,5.177016827528151,0.0,50.430259471688615,40.34459605664735
11338,5.177016827528151,16.85800900854683,9.540859900049197,11.86605766371981
11339,0.0,0.0,0.0,2.3732115327439622
11340,67.30121875786597,67.43203603418732,73.60091922895094,77.12937481417876
11341,176.01857213595713,118.00606305982784,159.4686583293937,140.01948043189375
11342,5.177016827528151,0.0,5.451919942885255,10.679451897347828
11343,134.60243751573194,269.7281441367493,380.2714160162465,347.67548954699043
11344,20.708067310112604,16.85800900854683,17.71873981437708,10.679451897347828
11345,25.885084137640757,0.0,20.444699785819708,22.54550956106764
11346,46.593151447753364,33.71601801709366,21.80767977154102,41.53120182301934
11347,10.354033655056302,0.0,13.629799857213138,18.985692261951698
11348,25.885084137640757,16.85800900854683,24.53363974298365,30.851749925671502
11349,10.354033655056302,0.0,25.896619728704962,16.612480729207732
11350,25.885084137640757,33.71601801709366,34.074499643032844,37.971384523903396
11351,31.062100965168906,16.85800900854683,58.6081393860165,66.44992291683093
11352,20.708067310112604,33.71601801709366,20.444699785819708,27.291932626555564
11353,15.531050482584453,0.0,27.259599714426276,29.665144159299523
11354,93.18630289550673,16.85800900854683,5.451919942885255,4.7464230654879245
11355,15.531050482584453,16.85800900854683,5.451919942885255,5.933028831859905
11356,336.50609378932984,219.15411711110883,245.33639742983647,218.3354610124445
11357,0.0,16.85800900854683,5.451919942885255,1.1866057663719811
11358,25.885084137640757,33.71601801709366,55.88217941457387,40.34459605664735
11359,31.062100965168906,0.0,12.266819871491824,15.425874962835751
11360,25.885084137640757,0.0,10.90383988577051,21.358903794695657
11361,41.41613462022521,0.0,13.629799857213138,15.425874962835751
11362,98.36331972303488,118.00606305982784,40.889399571639416,29.665144159299523
11363,129.4254206882038,33.71601801709366,192.18017798670522,188.67031685314498
11364,20.708067310112604,67.43203603418732,54.51919942885255,58.14368255222707
11365,264.0278582039357,236.01212611965568,57.24515940029518,51.024047953995186
11366,0.0,0.0,1.3629799857213138,0.0
11367,5.177016827528151,0.0,9.540859900049197,5.933028831859905
11368,5.177016827528151,0.0,1.3629799857213138,1.1866057663719811
11369,51.77016827528151,16.85800900854683,19.081719800098394,13.05266343009179
11370,15.531050482584453,33.71601801709366,12.266819871491824,32.03835569204349
11371,20.708067310112604,33.71601801709366,14.992779842934452,35.59817299115943
11372,0.0,16.85800900854683,2.7259599714426277,1.1866057663719811
11373,5.177016827528151,16.85800900854683,5.451919942885255,9.492846130975849
11374,0.0,0.0,9.540859900049197,4.7464230654879245
11375,0.0,0.0,2.7259599714426277,1.1866057663719811
11376,31.062100965168906,0.0,32.711519657311534,48.65083642125122
11377,10.354033655056302,0.0,4.088939957163942,13.05266343009179
11378,496.9936154427025,269.7281441367493,497.48769478827955,514.9869026054398
11379,41.41613462022521,50.574027025640504,31.348539671590217,34.411567224787454
11380,5.177016827528151,0.0,8.177879914327884,5.933028831859905
11381,41.41613462022521,33.71601801709366,35.43747962875416,51.024047953995186
11382,20.708067310112604,84.29004504273416,9.540859900049197,23.73211532743962
11383,20.708067310112604,16.85800900854683,50.430259471688615,33.224961458415464
11384,36.23911779269706,67.43203603418732,28.62257970014759,8.306240364603866
11385,46.593151447753364,50.574027025640504,76.32687920039358,73.56955751506281
11386,124.24840386067562,50.574027025640504,65.42303931462307,47.46423065487924
11387,5.177016827528151,0.0,5.451919942885255,5.933028831859905
11388,77.65525241292227,118.00606305982784,66.78601930034436,73.56955751506281
11389,46.593151447753364,0.0,31.348539671590217,28.47853839292754
11390,10.354033655056302,0.0,8.177879914327884,13.05266343009179
11391,5.177016827528151,0.0,0.0,0.0
11392,82.83226924045042,67.43203603418732,100.86051894337723,104.42130744073432
11393,0.0,16.85800900854683,0.0,2.3732115327439622
11394,0.0,0.0,1.3629799857213138,0.0
11395,67.30121875786597,67.43203603418732,87.23071908616409,84.24900941241064
11396,15.531050482584453,0.0,16.355759828655767,22.54550956106764
11397,139.77945434326008,84.29004504273416,184.00229807237736,193.41673991863289
11398,10.354033655056302,16.85800900854683,17.71873981437708,10.679451897347828
11399,155.31050482584453,236.01212611965568,453.87233524519746,503.1208449417199
11400,10.354033655056302,33.71601801709366,8.177879914327884,13.05266343009179
11401,0.0,0.0,0.0,1.1866057663719811
11402,67.30121875786597,33.71601801709366,81.77879914327883,77.12937481417876
11403,25.885084137640757,33.71601801709366,5.451919942885255,17.799086495579715
11404,0.0,16.85800900854683,2.7259599714426277,1.1866057663719811
11405,0.0,0.0,4.088939957163942,3.5598172991159425
11406,88.00928606797856,67.43203603418732,53.15621944313124,56.95707678585508
11407,0.0,0.0,1.3629799857213138,0.0
11408,5.177016827528151,0.0,0.0,1.1866057663719811
11409,1149.2977357112495,573.1723062905924,512.480474631214,598.0493062514784
11410,98.36331972303488,101.14805405128101,111.76435882914774,131.7132400672899
11411,0.0,33.71601801709366,27.259599714426276,20.172298028323674
11412,0.0,0.0,9.540859900049197,22.54550956106764
11413,15.531050482584453,16.85800900854683,6.814899928606569,11.86605766371981
11414,51.77016827528151,67.43203603418732,35.43747962875416,48.65083642125122
11415,238.14277406629498,185.43809909401514,121.30521872919692,92.55524977701451
11416,36.23911779269706,16.85800900854683,28.62257970014759,20.172298028323674
11417,134.60243751573194,50.574027025640504,46.34131951452467,16.612480729207732
11418,0.0,16.85800900854683,14.992779842934452,14.23926919646377
11419,0.0,0.0,16.355759828655767,188.67031685314498
11420,0.0,16.85800900854683,4.088939957163942,0.0
11421,0.0,0.0,0.0,1.1866057663719811
11422,113.89437020561934,236.01212611965568,185.36527805809868,208.84261488146865
11423,41.41613462022521,16.85800900854683,10.90383988577051,14.23926919646377
11424,20.708067310112604,16.85800900854683,27.259599714426276,11.86605766371981
11425,46.593151447753364,33.71601801709366,5.451919942885255,9.492846130975849
11426,5.177016827528151,0.0,1.3629799857213138,3.5598172991159425
11427,0.0,0.0,4.088939957163942,1.1866057663719811
11428,0.0,0.0,0.0,1.1866057663719811
11429,15.531050482584453,0.0,8.177879914327884,2.3732115327439622
11430,10.354033655056302,0.0,5.451919942885255,20.172298028323674
11431,0.0,0.0,2.7259599714426277,7.119634598231885
11432,0.0,0.0,5.451919942885255,0.0
11433,0.0,0.0,0.0,1.1866057663719811
11434,5.177016827528151,0.0,0.0,0.0
11435,5.177016827528151,0.0,0.0,0.0
11436,0.0,0.0,1.3629799857213138,0.0
11437,0.0,0.0,2.7259599714426277,1.1866057663719811
11438,5.177016827528151,0.0,2.7259599714426277,0.0
11439,10.354033655056302,0.0,0.0,2.3732115327439622
11440,269.20487503146387,236.01212611965568,253.51427734416438,335.8094318832706
11441,0.0,0.0,10.90383988577051,5.933028831859905
11442,5.177016827528151,16.85800900854683,5.451919942885255,1.1866057663719811
11443,31.062100965168906,33.71601801709366,85.86773910044276,80.6891921132947
11444,10.354033655056302,0.0,12.266819871491824,17.799086495579715
11445,72.47823558539412,67.43203603418732,98.1345589719346,98.48827860887442
11446,31.062100965168906,67.43203603418732,35.43747962875416,39.15799029027537
11447,15.531050482584453,16.85800900854683,6.814899928606569,9.492846130975849
11448,67.30121875786597,16.85800900854683,65.42303931462307,46.277624888507255
11449,20.708067310112604,16.85800900854683,8.177879914327884,13.05266343009179
11450,129.4254206882038,134.86407206837464,400.71611580206627,435.484316258517
11451,0.0,0.0,6.814899928606569,2.3732115327439622
11452,124.24840386067562,151.72208107692148,317.5743366730661,221.89527831156045
11453,36.23911779269706,0.0,12.266819871491824,15.425874962835751
11454,0.0,0.0,0.0,1.1866057663719811
11455,5.177016827528151,0.0,5.451919942885255,1.1866057663719811
11456,31.062100965168906,0.0,34.074499643032844,30.851749925671502
11457,51.77016827528151,50.574027025640504,36.80045961447547,26.10532686018358
11458,31.062100965168906,0.0,61.33409935745912,77.12937481417876
11459,5.177016827528151,16.85800900854683,27.259599714426276,29.665144159299523
11460,0.0,0.0,1.3629799857213138,1.1866057663719811
11461,0.0,0.0,4.088939957163942,0.0
11462,41.41613462022521,50.574027025640504,73.60091922895094,100.86149014161838
11463,10.354033655056302,0.0,46.34131951452467,43.90441335576329
11464,51.77016827528151,168.58009008546833,99.4975389576559,99.67488437524639
11465,289.91294234157647,303.44416215384297,245.33639742983647,206.46940334872468
11466,20.708067310112604,0.0,2.7259599714426277,3.5598172991159425
11467,5.177016827528151,0.0,6.814899928606569,10.679451897347828
11468,10.354033655056302,16.85800900854683,17.71873981437708,9.492846130975849
11469,20.708067310112604,0.0,2.7259599714426277,4.7464230654879245
11470,25.885084137640757,0.0,25.896619728704962,18.985692261951698
11471,0.0,0.0,1.3629799857213138,3.5598172991159425
11472,124.24840386067562,84.29004504273416,89.9566790576067,129.34002853454592
11473,15.531050482584453,0.0,9.540859900049197,5.933028831859905
11474,144.95647117078823,151.72208107692148,203.08401787247573,202.90958604960875
11475,0.0,0.0,1.3629799857213138,0.0
11476,10.354033655056302,0.0,19.081719800098394,18.985692261951698
11477,20.708067310112604,118.00606305982784,40.889399571639416,49.837442187623196
11478,5.177016827528151,16.85800900854683,10.90383988577051,13.05266343009179
11479,31.062100965168906,16.85800900854683,14.992779842934452,22.54550956106764
11480,36.23911779269706,33.71601801709366,25.896619728704962,39.15799029027537
11481,10.354033655056302,16.85800900854683,19.081719800098394,16.612480729207732
11482,0.0,0.0,1.3629799857213138,2.3732115327439622
11483,5.177016827528151,0.0,8.177879914327884,4.7464230654879245
11484,0.0,0.0,0.0,8.306240364603866
11485,25.885084137640757,0.0,13.629799857213138,11.86605766371981
11486,5.177016827528151,0.0,9.540859900049197,3.5598172991159425
11487,0.0,16.85800900854683,8.177879914327884,20.172298028323674
11488,15.531050482584453,33.71601801709366,12.266819871491824,15.425874962835751
11489,5.177016827528151,16.85800900854683,6.814899928606569,9.492846130975849
11490,31.062100965168906,67.43203603418732,70.87495925750832,26.10532686018358
11491,103.54033655056303,202.29610810256202,70.87495925750832,73.56955751506281
11492,98.36331972303488,134.86407206837464,62.697079343180434,30.851749925671502
11493,10.354033655056302,16.85800900854683,9.540859900049197,10.679451897347828
11494,10.354033655056302,0.0,12.266819871491824,15.425874962835751
11495,2143.2849665966546,2309.547234170916,2607.3807126848733,2475.259628651952
11496,0.0,0.0,1.3629799857213138,1.1866057663719811
11497,1170.0058030213622,590.0303152991391,774.1726318897062,587.3698543541306
11498,15.531050482584453,16.85800900854683,8.177879914327884,2.3732115327439622
11499,388.27626206461133,320.3021711623898,343.47095640177105,310.890710789459
11500,196.72663944606975,67.43203603418732,54.51919942885255,64.07671138408698
11501,77.65525241292227,67.43203603418732,91.31965904332802,86.62222094515461
11502,0.0,0.0,1.3629799857213138,2.3732115327439622
11503,67.30121875786597,33.71601801709366,65.42303931462307,64.07671138408698
11504,5.177016827528151,0.0,1.3629799857213138,0.0
11505,0.0,16.85800900854683,1.3629799857213138,11.86605766371981
11506,31.062100965168906,50.574027025640504,19.081719800098394,15.425874962835751
11507,0.0,0.0,2.7259599714426277,1.1866057663719811
11508,25.885084137640757,0.0,17.71873981437708,23.73211532743962
11509,15.531050482584453,0.0,9.540859900049197,9.492846130975849
11510,88.00928606797856,50.574027025640504,70.87495925750832,77.12937481417876
11511,367.56819475449873,219.15411711110883,492.03577484539426,339.36924918238657
11512,144.95647117078823,151.72208107692148,100.86051894337723,81.87579787966669
11513,0.0,0.0,17.71873981437708,22.54550956106764
11514,10.354033655056302,0.0,1.3629799857213138,2.3732115327439622
11515,103.54033655056303,33.71601801709366,51.793239457409925,30.851749925671502
11516,41.41613462022521,118.00606305982784,77.68985918611489,74.7561632814348
11517,82.83226924045042,84.29004504273416,119.94223874347561,61.703499851343004
11518,0.0,0.0,84.50475911472145,32.03835569204349
11519,0.0,0.0,0.0,1.1866057663719811
11520,77.65525241292227,118.00606305982784,106.31243888626248,138.83287466552176
11521,0.0,0.0,1.3629799857213138,0.0
11522,88.00928606797856,50.574027025640504,62.697079343180434,62.89010561771499
11523,196.72663944606975,101.14805405128101,42.252379557360726,46.277624888507255
11524,0.0,16.85800900854683,4.088939957163942,2.3732115327439622
11525,10.354033655056302,50.574027025640504,94.04561901477065,99.67488437524639
11526,5.177016827528151,16.85800900854683,10.90383988577051,10.679451897347828
11527,93.18630289550673,33.71601801709366,68.14899928606569,102.04809590799037
11528,72.47823558539412,16.85800900854683,40.889399571639416,53.39725948673914
11529,36.23911779269706,16.85800900854683,17.71873981437708,24.918721093811598
11530,31.062100965168906,0.0,25.896619728704962,16.612480729207732
11531,15.531050482584453,0.0,10.90383988577051,14.23926919646377
11532,15.531050482584453,16.85800900854683,16.355759828655767,9.492846130975849
11533,77.65525241292227,33.71601801709366,89.9566790576067,102.04809590799037
11534,408.984329374724,202.29610810256202,215.35083774396756,227.82830714342032
11535,0.0,0.0,8.177879914327884,36.784778757531406
11536,72.47823558539412,33.71601801709366,35.43747962875416,41.53120182301934
11537,113.89437020561934,67.43203603418732,117.216278772033,111.54094203896621
11538,5.177016827528151,16.85800900854683,2.7259599714426277,1.1866057663719811
11539,688.5432380612441,505.740270256405,1120.3695482629198,1407.3144389171694
11540,46.593151447753364,33.71601801709366,57.24515940029518,33.224961458415464
11541,15.531050482584453,0.0,5.451919942885255,0.0
11542,5.177016827528151,0.0,2.7259599714426277,3.5598172991159425
11543,5.177016827528151,16.85800900854683,5.451919942885255,11.86605766371981
11544,0.0,0.0,4.088939957163942,8.306240364603866
11545,5.177016827528151,0.0,2.7259599714426277,0.0
11546,5.177016827528151,16.85800900854683,6.814899928606569,7.119634598231885
11547,0.0,0.0,2.7259599714426277,3.5598172991159425
11548,0.0,0.0,0.0,1.1866057663719811
11549,0.0,0.0,4.088939957163942,7.119634598231885
11550,10.354033655056302,0.0,20.444699785819708,26.10532686018358
11551,160.48752165337268,118.00606305982784,106.31243888626248,109.16773050622226
11552,5.177016827528151,67.43203603418732,13.629799857213138,20.172298028323674
11553,72.47823558539412,84.29004504273416,58.6081393860165,59.330288318599045
11554,5.177016827528151,50.574027025640504,12.266819871491824,10.679451897347828
11555,113.89437020561934,67.43203603418732,64.06005932890174,91.36864401064253
11556,5.177016827528151,0.0,2.7259599714426277,14.23926919646377
11557,0.0,0.0,0.0,2.3732115327439622
11558,0.0,0.0,8.177879914327884,1.1866057663719811
11559,15.531050482584453,16.85800900854683,5.451919942885255,1.1866057663719811
11560,0.0,0.0,1.3629799857213138,0.0
11561,15.531050482584453,16.85800900854683,10.90383988577051,3.5598172991159425
11562,36.23911779269706,16.85800900854683,95.40859900049196,118.66057663719809
11563,5.177016827528151,0.0,1.3629799857213138,0.0
11564,15.531050482584453,16.85800900854683,6.814899928606569,8.306240364603866
11565,93.18630289550673,33.71601801709366,85.86773910044276,54.58386525311113
11566,15.531050482584453,50.574027025640504,46.34131951452467,37.971384523903396
11567,15.531050482584453,33.71601801709366,38.16343960019679,26.10532686018358
11568,36.23911779269706,0.0,54.51919942885255,28.47853839292754
11569,15.531050482584453,33.71601801709366,19.081719800098394,29.665144159299523
11570,0.0,0.0,1.3629799857213138,0.0
11571,0.0,0.0,0.0,1.1866057663719811
11572,15.531050482584453,0.0,2.7259599714426277,13.05266343009179
11573,119.07138703314749,252.8701351282025,115.85329878631167,96.11506707613046
11574,25.885084137640757,84.29004504273416,25.896619728704962,33.224961458415464
11575,41.41613462022521,16.85800900854683,14.992779842934452,23.73211532743962
11576,108.71735337809118,101.14805405128101,92.68263902904934,105.60791320710631
11577,5.177016827528151,0.0,4.088939957163942,4.7464230654879245
11578,108.71735337809118,16.85800900854683,58.6081393860165,33.224961458415464
11579,0.0,118.00606305982784,31.348539671590217,3.5598172991159425
11580,0.0,0.0,1.3629799857213138,14.23926919646377
11581,124.24840386067562,101.14805405128101,148.56481844362318,135.27305736640582
11582,196.72663944606975,522.5982792649519,234.432557544066,181.55068225491308
11583,31.062100965168906,33.71601801709366,47.70429950024598,28.47853839292754
11584,0.0,0.0,1.3629799857213138,1.1866057663719811
11585,10.354033655056302,0.0,8.177879914327884,1.1866057663719811
11586,15.531050482584453,0.0,23.170659757262335,11.86605766371981
11587,5.177016827528151,0.0,5.451919942885255,7.119634598231885
11588,0.0,0.0,1.3629799857213138,1.1866057663719811
11589,5.177016827528151,0.0,2.7259599714426277,3.5598172991159425
11590,51.77016827528151,286.5861531452962,2931.769949286546,2884.6386180502855
11591,0.0,0.0,6.814899928606569,36.784778757531406
11592,10.354033655056302,16.85800900854683,17.71873981437708,16.612480729207732
11593,25.885084137640757,0.0,5.451919942885255,11.86605766371981
11594,139.77945434326008,84.29004504273416,118.57925875775429,102.04809590799037
11595,25.885084137640757,33.71601801709366,24.53363974298365,13.05266343009179
11596,25.885084137640757,0.0,17.71873981437708,17.799086495579715
11597,20.708067310112604,16.85800900854683,4.088939957163942,5.933028831859905
11598,5.177016827528151,0.0,5.451919942885255,9.492846130975849
11599,62.12420193033781,50.574027025640504,46.34131951452467,45.09101912213528
11600,0.0,0.0,2.7259599714426277,2.3732115327439622
11601,20.708067310112604,84.29004504273416,10.90383988577051,20.172298028323674
11602,56.94718510280967,50.574027025640504,38.16343960019679,30.851749925671502
11603,0.0,0.0,0.0,2.3732115327439622
11604,0.0,0.0,1.3629799857213138,0.0
11605,25.885084137640757,0.0,25.896619728704962,29.665144159299523
11606,56.94718510280967,0.0,61.33409935745912,58.14368255222707
11607,5.177016827528151,0.0,0.0,0.0
11608,5.177016827528151,0.0,4.088939957163942,8.306240364603866
11609,20.708067310112604,16.85800900854683,40.889399571639416,37.971384523903396
11610,41.41613462022521,0.0,85.86773910044276,85.43561517878263
11611,160.48752165337268,67.43203603418732,83.14177912900014,90.18203824427056
11612,134.60243751573194,151.72208107692148,283.4998370300333,220.70867254518845
11613,5.177016827528151,0.0,0.0,0.0
11614,31.062100965168906,33.71601801709366,55.88217941457387,59.330288318599045
11615,10.354033655056302,0.0,1.3629799857213138,2.3732115327439622
11616,15.531050482584453,0.0,9.540859900049197,16.612480729207732
11617,626.4190361309063,876.6164684444353,423.88677555932856,276.4791435646715
11618,0.0,0.0,0.0,1.1866057663719811
11619,36.23911779269706,33.71601801709366,24.53363974298365,47.46423065487924
11620,20.708067310112604,33.71601801709366,38.16343960019679,45.09101912213528
11621,36.23911779269706,33.71601801709366,47.70429950024598,39.15799029027537
11622,25.885084137640757,0.0,35.43747962875416,45.09101912213528
11623,62.12420193033781,33.71601801709366,57.24515940029518,55.770471019483104
11624,56.94718510280967,16.85800900854683,46.34131951452467,41.53120182301934
11625,5.177016827528151,16.85800900854683,23.170659757262335,33.224961458415464
11626,10.354033655056302,33.71601801709366,14.992779842934452,10.679451897347828
11627,41.41613462022521,16.85800900854683,0.0,3.5598172991159425
11628,20.708067310112604,0.0,0.0,0.0
11629,5.177016827528151,0.0,0.0,0.0
11630,5.177016827528151,0.0,0.0,0.0
11631,20.708067310112604,0.0,0.0,0.0
11632,0.0,0.0,1.3629799857213138,0.0
11633,0.0,0.0,1.3629799857213138,0.0
11634,0.0,0.0,8.177879914327884,2.3732115327439622
11635,274.381891858992,50.574027025640504,223.52871765829548,240.88097057351214
11636,238.14277406629498,50.574027025640504,147.20183845790189,131.7132400672899
11637,67.30121875786597,33.71601801709366,77.68985918611489,91.36864401064253
11638,0.0,0.0,38.16343960019679,49.837442187623196
11639,119.07138703314749,134.86407206837464,252.15129735844303,206.46940334872468
11640,0.0,16.85800900854683,28.62257970014759,2.3732115327439622
11641,56.94718510280967,33.71601801709366,14.992779842934452,39.15799029027537
11642,98.36331972303488,16.85800900854683,76.32687920039358,136.45966313277782
11643,0.0,0.0,1.3629799857213138,0.0
11644,31.062100965168906,0.0,40.889399571639416,46.277624888507255
11645,5.177016827528151,0.0,4.088939957163942,5.933028831859905
11646,5.177016827528151,0.0,4.088939957163942,1.1866057663719811
11647,10.354033655056302,0.0,4.088939957163942,9.492846130975849
11648,238.14277406629498,168.58009008546833,174.46143817232817,223.08188407793241
11649,5.177016827528151,0.0,2.7259599714426277,2.3732115327439622
11650,15.531050482584453,16.85800900854683,34.074499643032844,43.90441335576329
11651,113.89437020561934,84.29004504273416,49.0672794859673,68.82313444957491
11652,0.0,0.0,4.088939957163942,3.5598172991159425
11653,0.0,0.0,17.71873981437708,10.679451897347828
11654,0.0,0.0,0.0,1.1866057663719811
11655,46.593151447753364,0.0,24.53363974298365,26.10532686018358
11656,51.77016827528151,67.43203603418732,103.58647891481985,138.83287466552176
11657,5.177016827528151,0.0,0.0,1.1866057663719811
11658,429.6923966848366,387.73420719657713,303.9445368158529,258.68005706909184
11659,15.531050482584453,16.85800900854683,38.16343960019679,53.39725948673914
11660,0.0,0.0,1.3629799857213138,1.1866057663719811
11661,729.9593726814693,337.16018017093666,314.84837670162347,188.67031685314498
11662,0.0,0.0,0.0,2.3732115327439622
11663,36.23911779269706,0.0,1.3629799857213138,3.5598172991159425
11664,46.593151447753364,33.71601801709366,38.16343960019679,46.277624888507255
11665,10.354033655056302,16.85800900854683,0.0,1.1866057663719811
11666,160.48752165337268,101.14805405128101,99.4975389576559,129.34002853454592
11667,31.062100965168906,0.0,10.90383988577051,9.492846130975849
11668,77.65525241292227,16.85800900854683,38.16343960019679,32.03835569204349
11669,0.0,0.0,1.3629799857213138,0.0
11670,36.23911779269706,0.0,16.355759828655767,18.985692261951698
11671,0.0,0.0,2.7259599714426277,4.7464230654879245
11672,0.0,0.0,1.3629799857213138,0.0
11673,0.0,0.0,2.7259599714426277,2.3732115327439622
11674,10.354033655056302,0.0,23.170659757262335,21.358903794695657
11675,98.36331972303488,50.574027025640504,89.9566790576067,109.16773050622226
11676,5.177016827528151,0.0,4.088939957163942,2.3732115327439622
11677,134.60243751573194,50.574027025640504,209.89891780108232,220.70867254518845
11678,10.354033655056302,16.85800900854683,12.266819871491824,2.3732115327439622
11679,88.00928606797856,50.574027025640504,87.23071908616409,84.24900941241064
11680,31.062100965168906,16.85800900854683,23.170659757262335,16.612480729207732
11681,20.708067310112604,0.0,61.33409935745912,45.09101912213528
11682,56.94718510280967,16.85800900854683,27.259599714426276,28.47853839292754
11683,15.531050482584453,16.85800900854683,32.711519657311534,22.54550956106764
11684,0.0,0.0,2.7259599714426277,1.1866057663719811
11685,10.354033655056302,0.0,19.081719800098394,15.425874962835751
11686,295.0899591691046,151.72208107692148,252.15129735844303,259.86666283546384
11687,31.062100965168906,33.71601801709366,14.992779842934452,13.05266343009179
11688,10.354033655056302,16.85800900854683,13.629799857213138,14.23926919646377
11689,0.0,0.0,1.3629799857213138,0.0
11690,15.531050482584453,33.71601801709366,23.170659757262335,21.358903794695657
11691,10.354033655056302,33.71601801709366,23.170659757262335,33.224961458415464
11692,15.531050482584453,0.0,12.266819871491824,13.05266343009179
11693,0.0,0.0,39.5264195859181,11.86605766371981
11694,10.354033655056302,0.0,35.43747962875416,47.46423065487924
11695,0.0,0.0,25.896619728704962,22.54550956106764
11696,0.0,0.0,5.451919942885255,3.5598172991159425
11697,0.0,0.0,2.7259599714426277,5.933028831859905
11698,0.0,0.0,1.3629799857213138,0.0
11699,0.0,16.85800900854683,5.451919942885255,5.933028831859905
11700,0.0,16.85800900854683,14.992779842934452,8.306240364603866
11701,56.94718510280967,16.85800900854683,59.97111937173781,45.09101912213528
11702,36.23911779269706,0.0,35.43747962875416,40.34459605664735
11703,15.531050482584453,16.85800900854683,14.992779842934452,9.492846130975849
11704,10.354033655056302,33.71601801709366,40.889399571639416,34.411567224787454
11705,15.531050482584453,16.85800900854683,29.985559685868903,43.90441335576329
11706,5.177016827528151,0.0,9.540859900049197,24.918721093811598
11707,5.177016827528151,0.0,2.7259599714426277,2.3732115327439622
11708,0.0,0.0,1.3629799857213138,1.1866057663719811
11709,56.94718510280967,16.85800900854683,27.259599714426276,8.306240364603866
11710,10.354033655056302,16.85800900854683,8.177879914327884,7.119634598231885
11711,5.177016827528151,0.0,5.451919942885255,8.306240364603866
11712,36.23911779269706,16.85800900854683,38.16343960019679,36.784778757531406
11713,10.354033655056302,16.85800900854683,8.177879914327884,7.119634598231885
11714,15.531050482584453,33.71601801709366,23.170659757262335,16.612480729207732
11715,0.0,0.0,1.3629799857213138,0.0
11716,207.08067310112605,50.574027025640504,102.22349892909853,103.23470167436234
11717,5.177016827528151,0.0,2.7259599714426277,3.5598172991159425
11718,124.24840386067562,67.43203603418732,69.511979271787,103.23470167436234
11719,56.94718510280967,16.85800900854683,16.355759828655767,8.306240364603866
11720,72.47823558539412,16.85800900854683,64.06005932890174,46.277624888507255
11721,0.0,0.0,0.0,2.3732115327439622
11722,5.177016827528151,0.0,12.266819871491824,8.306240364603866
11723,5.177016827528151,0.0,0.0,1.1866057663719811
11724,15.531050482584453,0.0,0.0,4.7464230654879245
11725,108.71735337809118,33.71601801709366,58.6081393860165,48.65083642125122
11726,88.00928606797856,33.71601801709366,57.24515940029518,48.65083642125122
11727,15.531050482584453,0.0,19.081719800098394,9.492846130975849
11728,5.177016827528151,0.0,4.088939957163942,5.933028831859905
11729,46.593151447753364,33.71601801709366,40.889399571639416,40.34459605664735
11730,0.0,0.0,2.7259599714426277,1.1866057663719811
11731,67.30121875786597,16.85800900854683,43.61535954308204,33.224961458415464
11732,98.36331972303488,16.85800900854683,65.42303931462307,18.985692261951698
11733,10.354033655056302,16.85800900854683,29.985559685868903,27.291932626555564
11734,5.177016827528151,16.85800900854683,0.0,0.0
11735,10.354033655056302,0.0,9.540859900049197,10.679451897347828
11736,25.885084137640757,0.0,9.540859900049197,3.5598172991159425
11737,10.354033655056302,0.0,152.65375840078715,180.36407648854112
11738,46.593151447753364,16.85800900854683,69.511979271787,75.94276904780679
11739,46.593151447753364,84.29004504273416,55.88217941457387,61.703499851343004
11740,77.65525241292227,50.574027025640504,28.62257970014759,33.224961458415464
11741,5.177016827528151,16.85800900854683,13.629799857213138,7.119634598231885
11742,0.0,16.85800900854683,13.629799857213138,3.5598172991159425
11743,0.0,0.0,1.3629799857213138,2.3732115327439622
11744,0.0,0.0,4.088939957163942,2.3732115327439622
11745,15.531050482584453,0.0,5.451919942885255,7.119634598231885
11746,25.885084137640757,0.0,25.896619728704962,27.291932626555564
11747,15.531050482584453,16.85800900854683,46.34131951452467,39.15799029027537
11748,1154.4747525387777,2073.53510805126,2479.2605940270696,1467.8313330021404
11749,5.177016827528151,0.0,13.629799857213138,1.1866057663719811
11750,0.0,0.0,17.71873981437708,21.358903794695657
11751,113.89437020561934,219.15411711110883,144.47587848645927,135.27305736640582
11752,1578.9901323960862,1129.4866035726377,508.39153467405004,441.4173450903769
11753,0.0,33.71601801709366,0.0,0.0
11754,1164.828786193834,876.6164684444353,753.7279321038865,659.7528061028214
11755,0.0,0.0,1.3629799857213138,1.1866057663719811
11756,258.8508413764076,118.00606305982784,242.61043745839385,176.80425918942515
11757,176.01857213595713,67.43203603418732,114.49031880059036,106.79451897347828
11758,0.0,0.0,0.0,1.1866057663719811
11759,25.885084137640757,33.71601801709366,12.266819871491824,13.05266343009179
11760,5.177016827528151,0.0,0.0,0.0
11761,82.83226924045042,33.71601801709366,25.896619728704962,9.492846130975849
11762,0.0,0.0,0.0,1.1866057663719811
11763,0.0,67.43203603418732,21.80767977154102,3.5598172991159425
11764,41.41613462022521,67.43203603418732,34.074499643032844,11.86605766371981
11765,31.062100965168906,50.574027025640504,32.711519657311534,26.10532686018358
11766,5.177016827528151,16.85800900854683,5.451919942885255,8.306240364603866
11767,10.354033655056302,0.0,10.90383988577051,23.73211532743962
11768,41.41613462022521,33.71601801709366,23.170659757262335,21.358903794695657
11769,440.0464303398929,455.1662432307645,5813.109639101403,5440.587438815533
11770,388.27626206461133,202.29610810256202,34.074499643032844,23.73211532743962
11771,0.0,0.0,1.3629799857213138,0.0
11772,0.0,0.0,2.7259599714426277,11.86605766371981
11773,5.177016827528151,0.0,0.0,1.1866057663719811
11774,0.0,0.0,1.3629799857213138,0.0
11775,5.177016827528151,0.0,6.814899928606569,8.306240364603866
11776,0.0,0.0,0.0,1.1866057663719811
11777,20.708067310112604,0.0,10.90383988577051,7.119634598231885
11778,103.54033655056303,118.00606305982784,44.97833952880335,28.47853839292754
11779,56.94718510280967,50.574027025640504,42.252379557360726,37.971384523903396
11780,0.0,16.85800900854683,1.3629799857213138,3.5598172991159425
11781,0.0,16.85800900854683,4.088939957163942,3.5598172991159425
11782,10.354033655056302,0.0,1.3629799857213138,2.3732115327439622
11783,20.708067310112604,16.85800900854683,10.90383988577051,4.7464230654879245
11784,0.0,16.85800900854683,6.814899928606569,11.86605766371981
11785,77.65525241292227,33.71601801709366,54.51919942885255,52.21065372036716
11786,0.0,16.85800900854683,4.088939957163942,30.851749925671502
11787,5.177016827528151,0.0,14.992779842934452,8.306240364603866
11788,67.30121875786597,67.43203603418732,54.51919942885255,32.03835569204349
11789,0.0,0.0,0.0,4.7464230654879245
11790,46.593151447753364,101.14805405128101,44.97833952880335,55.770471019483104
11791,144.95647117078823,84.29004504273416,73.60091922895094,48.65083642125122
11792,5.177016827528151,0.0,13.629799857213138,8.306240364603866
11793,5.177016827528151,0.0,0.0,0.0
11794,0.0,0.0,1.3629799857213138,5.933028831859905
11795,15.531050482584453,16.85800900854683,38.16343960019679,40.34459605664735
11796,41.41613462022521,16.85800900854683,14.992779842934452,42.71780758939131
11797,0.0,0.0,1.3629799857213138,1.1866057663719811
11798,10.354033655056302,0.0,13.629799857213138,8.306240364603866
11799,113.89437020561934,33.71601801709366,80.41581915755751,90.18203824427056
11800,5.177016827528151,16.85800900854683,6.814899928606569,13.05266343009179
11801,10.354033655056302,16.85800900854683,19.081719800098394,18.985692261951698
11802,25.885084137640757,16.85800900854683,25.896619728704962,29.665144159299523
11803,46.593151447753364,50.574027025640504,79.0528391718362,142.39269196463772
11804,232.96575723876683,219.15411711110883,156.74269835795107,182.73728802128505
11805,5.177016827528151,16.85800900854683,17.71873981437708,15.425874962835751
11806,20.708067310112604,0.0,17.71873981437708,24.918721093811598
11807,10.354033655056302,16.85800900854683,16.355759828655767,29.665144159299523
11808,25.885084137640757,0.0,9.540859900049197,13.05266343009179
11809,0.0,0.0,5.451919942885255,2.3732115327439622
11810,5.177016827528151,0.0,39.5264195859181,27.291932626555564
11811,0.0,0.0,1.3629799857213138,1.1866057663719811
11812,20.708067310112604,33.71601801709366,27.259599714426276,21.358903794695657
11813,10.354033655056302,33.71601801709366,12.266819871491824,5.933028831859905
11814,0.0,0.0,1.3629799857213138,0.0
11815,25.885084137640757,50.574027025640504,68.14899928606569,54.58386525311113
11816,10.354033655056302,16.85800900854683,25.896619728704962,26.10532686018358
11817,62.12420193033781,67.43203603418732,42.252379557360726,42.71780758939131
11818,0.0,0.0,20.444699785819708,18.985692261951698
11819,947.3940794376517,792.3264234017012,1785.503781294921,1629.20971722873
11820,41.41613462022521,0.0,13.629799857213138,23.73211532743962
11821,0.0,0.0,4.088939957163942,4.7464230654879245
11822,31.062100965168906,134.86407206837464,61.33409935745912,64.07671138408698
11823,51.77016827528151,33.71601801709366,72.23793924322963,113.91415357171016
11824,15.531050482584453,0.0,17.71873981437708,14.23926919646377
11825,0.0,16.85800900854683,5.451919942885255,7.119634598231885
11826,0.0,0.0,0.0,1.1866057663719811
11827,88.00928606797856,67.43203603418732,351.64883631609894,353.6085183788503
11828,15.531050482584453,0.0,21.80767977154102,41.53120182301934
11829,15.531050482584453,16.85800900854683,2.7259599714426277,1.1866057663719811
11830,36.23911779269706,33.71601801709366,20.444699785819708,23.73211532743962
11831,5.177016827528151,16.85800900854683,21.80767977154102,11.86605766371981
11832,2163.9930339067673,1584.6528468034023,3526.029223061039,3883.7606733354937
11833,25.885084137640757,16.85800900854683,23.170659757262335,18.985692261951698
11834,88.00928606797856,50.574027025640504,9.540859900049197,5.933028831859905
11835,0.0,0.0,1.3629799857213138,0.0
11836,5.177016827528151,16.85800900854683,12.266819871491824,10.679451897347828
11837,5.177016827528151,16.85800900854683,25.896619728704962,30.851749925671502
11838,119.07138703314749,202.29610810256202,257.6032173013283,244.4407878726281
11839,20.708067310112604,16.85800900854683,2.7259599714426277,17.799086495579715
11840,0.0,0.0,4.088939957163942,2.3732115327439622
11841,0.0,0.0,0.0,2.3732115327439622
11842,5.177016827528151,0.0,13.629799857213138,18.985692261951698
11843,5.177016827528151,0.0,9.540859900049197,9.492846130975849
11844,46.593151447753364,101.14805405128101,70.87495925750832,49.837442187623196
11845,15.531050482584453,0.0,46.34131951452467,35.59817299115943
11846,93.18630289550673,101.14805405128101,53.15621944313124,52.21065372036716
11847,0.0,0.0,13.629799857213138,7.119634598231885
11848,31.062100965168906,0.0,34.074499643032844,21.358903794695657
11849,36.23911779269706,50.574027025640504,34.074499643032844,41.53120182301934
11850,15.531050482584453,0.0,17.71873981437708,8.306240364603866
11851,10.354033655056302,50.574027025640504,5.451919942885255,9.492846130975849
11852,5.177016827528151,0.0,10.90383988577051,8.306240364603866
11853,41.41613462022521,16.85800900854683,35.43747962875416,35.59817299115943
11854,20.708067310112604,0.0,46.34131951452467,42.71780758939131
11855,0.0,0.0,1.3629799857213138,0.0
11856,103.54033655056303,50.574027025640504,88.5936990718854,98.48827860887442
11857,5.177016827528151,0.0,2.7259599714426277,3.5598172991159425
11858,0.0,0.0,0.0,1.1866057663719811
11859,0.0,0.0,9.540859900049197,5.933028831859905
11860,0.0,0.0,5.451919942885255,1.1866057663719811
11861,5.177016827528151,0.0,20.444699785819708,32.03835569204349
11862,31.062100965168906,118.00606305982784,54.51919942885255,134.08645160003385
11863,0.0,0.0,1.3629799857213138,8.306240364603866
11864,5.177016827528151,16.85800900854683,13.629799857213138,11.86605766371981
11865,5.177016827528151,0.0,2.7259599714426277,7.119634598231885
11866,10.354033655056302,0.0,47.70429950024598,22.54550956106764
11867,62.12420193033781,50.574027025640504,40.889399571639416,39.15799029027537
11868,0.0,0.0,0.0,1.1866057663719811
11869,5.177016827528151,0.0,1.3629799857213138,1.1866057663719811
11870,5.177016827528151,0.0,4.088939957163942,0.0
11871,0.0,0.0,0.0,1.1866057663719811
11872,15.531050482584453,0.0,27.259599714426276,18.985692261951698
11873,0.0,0.0,0.0,2.3732115327439622
11874,5.177016827528151,0.0,5.451919942885255,7.119634598231885
11875,5.177016827528151,0.0,9.540859900049197,11.86605766371981
11876,0.0,0.0,8.177879914327884,8.306240364603866
11877,10.354033655056302,33.71601801709366,4.088939957163942,9.492846130975849
11878,0.0,0.0,2.7259599714426277,0.0
11879,0.0,0.0,17.71873981437708,9.492846130975849
11880,31.062100965168906,33.71601801709366,58.6081393860165,111.54094203896621
11881,72.47823558539412,16.85800900854683,39.5264195859181,66.44992291683093
11882,124.24840386067562,50.574027025640504,27.259599714426276,65.26331715045895
11883,15.531050482584453,0.0,2.7259599714426277,3.5598172991159425
11884,5.177016827528151,0.0,4.088939957163942,5.933028831859905
11885,51.77016827528151,101.14805405128101,143.11289850073794,135.27305736640582
11886,5.177016827528151,0.0,0.0,0.0
11887,5.177016827528151,0.0,5.451919942885255,4.7464230654879245
11888,0.0,0.0,2.7259599714426277,0.0
11889,481.4625649601181,219.15411711110883,119.94223874347561,97.30167284250244
11890,139.77945434326008,219.15411711110883,258.9661972870496,140.01948043189375
11891,0.0,0.0,1.3629799857213138,2.3732115327439622
11892,0.0,0.0,2.7259599714426277,0.0
11893,5.177016827528151,0.0,9.540859900049197,1.1866057663719811
11894,36.23911779269706,33.71601801709366,54.51919942885255,34.411567224787454
11895,274.381891858992,202.29610810256202,154.01673838650845,131.7132400672899
11896,36.23911779269706,16.85800900854683,24.53363974298365,17.799086495579715
11897,0.0,16.85800900854683,53.15621944313124,5.933028831859905
11898,5.177016827528151,0.0,5.451919942885255,7.119634598231885
11899,20.708067310112604,33.71601801709366,46.34131951452467,30.851749925671502
11900,93.18630289550673,67.43203603418732,77.68985918611489,72.38295174869084
11901,46.593151447753364,33.71601801709366,65.42303931462307,43.90441335576329
11902,51.77016827528151,33.71601801709366,6.814899928606569,5.933028831859905
11903,0.0,0.0,4.088939957163942,3.5598172991159425
11904,0.0,0.0,2.7259599714426277,0.0
11905,5.177016827528151,0.0,4.088939957163942,4.7464230654879245
11906,0.0,0.0,1.3629799857213138,0.0
11907,15.531050482584453,33.71601801709366,29.985559685868903,26.10532686018358
11908,51.77016827528151,50.574027025640504,27.259599714426276,33.224961458415464
11909,15.531050482584453,33.71601801709366,4.088939957163942,3.5598172991159425
11910,5.177016827528151,0.0,24.53363974298365,13.05266343009179
11911,46.593151447753364,50.574027025640504,13.629799857213138,7.119634598231885
11912,31.062100965168906,50.574027025640504,23.170659757262335,48.65083642125122
11913,41.41613462022521,0.0,38.16343960019679,27.291932626555564
11914,5.177016827528151,0.0,10.90383988577051,11.86605766371981
11915,212.2576899286542,134.86407206837464,121.30521872919692,162.5649899929614
11916,144.95647117078823,101.14805405128101,179.9133581152134,129.34002853454592
11917,31.062100965168906,101.14805405128101,28.62257970014759,30.851749925671502
11918,150.13348799831638,151.72208107692148,44.97833952880335,24.918721093811598
11919,5.177016827528151,0.0,5.451919942885255,4.7464230654879245
11920,25.885084137640757,33.71601801709366,46.34131951452467,60.51689408497103
11921,0.0,0.0,5.451919942885255,2.3732115327439622
11922,0.0,0.0,17.71873981437708,11.86605766371981
11923,134.60243751573194,33.71601801709366,125.39415868636087,109.16773050622226
11924,20.708067310112604,33.71601801709366,8.177879914327884,9.492846130975849
11925,0.0,0.0,32.711519657311534,35.59817299115943
11926,20.708067310112604,16.85800900854683,25.896619728704962,23.73211532743962
11927,0.0,0.0,6.814899928606569,9.492846130975849
11928,25.885084137640757,50.574027025640504,44.97833952880335,30.851749925671502
11929,5.177016827528151,0.0,17.71873981437708,14.23926919646377
11930,0.0,0.0,1.3629799857213138,7.119634598231885
11931,5.177016827528151,0.0,0.0,2.3732115327439622
11932,20.708067310112604,0.0,9.540859900049197,14.23926919646377
11933,1201.067903986531,809.1844324102481,1621.9461830083635,1555.6401597136671
11934,113.89437020561934,33.71601801709366,139.023958543574,144.7659034973817
11935,5.177016827528151,0.0,1.3629799857213138,4.7464230654879245
11936,0.0,16.85800900854683,20.444699785819708,21.358903794695657
11937,176.01857213595713,252.8701351282025,117.216278772033,107.98112473985027
11938,25.885084137640757,16.85800900854683,43.61535954308204,32.03835569204349
11939,56.94718510280967,16.85800900854683,36.80045961447547,47.46423065487924
11940,119.07138703314749,50.574027025640504,185.36527805809868,173.24444189030922
11941,5.177016827528151,0.0,5.451919942885255,4.7464230654879245
11942,93.18630289550673,50.574027025640504,66.78601930034436,46.277624888507255
11943,5.177016827528151,0.0,4.088939957163942,2.3732115327439622
11944,0.0,0.0,9.540859900049197,11.86605766371981
11945,51.77016827528151,67.43203603418732,31.348539671590217,39.15799029027537
11946,10.354033655056302,0.0,16.355759828655767,15.425874962835751
11947,0.0,0.0,2.7259599714426277,0.0
11948,0.0,0.0,5.451919942885255,4.7464230654879245
11949,150.13348799831638,33.71601801709366,28.62257970014759,29.665144159299523
11950,0.0,0.0,0.0,2.3732115327439622
11951,46.593151447753364,33.71601801709366,126.75713867208219,106.79451897347828
11952,0.0,0.0,10.90383988577051,17.799086495579715
11953,5.177016827528151,0.0,1.3629799857213138,1.1866057663719811
11954,305.44399282416094,168.58009008546833,220.80275768685283,234.94794174165222
11955,25.885084137640757,16.85800900854683,19.081719800098394,26.10532686018358
11956,0.0,0.0,1.3629799857213138,2.3732115327439622
11957,5.177016827528151,0.0,5.451919942885255,9.492846130975849
11958,0.0,0.0,0.0,3.5598172991159425
11959,0.0,0.0,1.3629799857213138,0.0
11960,429.6923966848366,404.59221620512403,314.84837670162347,326.31658575229477
11961,5.177016827528151,16.85800900854683,141.74991851501665,125.78021123542997
11962,5.177016827528151,0.0,10.90383988577051,23.73211532743962
11963,5.177016827528151,0.0,9.540859900049197,13.05266343009179
11964,31.062100965168906,33.71601801709366,24.53363974298365,33.224961458415464
11965,0.0,0.0,10.90383988577051,3.5598172991159425
11966,41.41613462022521,151.72208107692148,103.58647891481985,176.80425918942515
11967,5.177016827528151,0.0,0.0,3.5598172991159425
11968,419.3383630297803,185.43809909401514,250.78831737272174,210.02922064784065
11969,31.062100965168906,16.85800900854683,35.43747962875416,52.21065372036716
11970,20.708067310112604,0.0,31.348539671590217,49.837442187623196
11971,62.12420193033781,0.0,43.61535954308204,48.65083642125122
11972,10.354033655056302,33.71601801709366,31.348539671590217,47.46423065487924
11973,15.531050482584453,0.0,29.985559685868903,41.53120182301934
11974,5.177016827528151,0.0,44.97833952880335,42.71780758939131
11975,124.24840386067562,151.72208107692148,166.28355825800028,207.65600911509665
11976,0.0,0.0,1.3629799857213138,0.0
11977,20.708067310112604,0.0,10.90383988577051,11.86605766371981
11978,46.593151447753364,33.71601801709366,66.78601930034436,53.39725948673914
11979,0.0,0.0,4.088939957163942,0.0
11980,10.354033655056302,50.574027025640504,21.80767977154102,15.425874962835751
11981,15.531050482584453,0.0,46.34131951452467,37.971384523903396
11982,5.177016827528151,33.71601801709366,23.170659757262335,20.172298028323674
11983,20.708067310112604,0.0,31.348539671590217,30.851749925671502
11984,0.0,0.0,2.7259599714426277,2.3732115327439622
11985,0.0,0.0,2.7259599714426277,0.0
11986,36.23911779269706,0.0,38.16343960019679,33.224961458415464
11987,72.47823558539412,33.71601801709366,38.16343960019679,42.71780758939131
11988,46.593151447753364,16.85800900854683,32.711519657311534,35.59817299115943
11989,0.0,0.0,1.3629799857213138,1.1866057663719811
11990,119.07138703314749,33.71601801709366,83.14177912900014,103.23470167436234
11991,20.708067310112604,0.0,8.177879914327884,11.86605766371981
11992,139.77945434326008,84.29004504273416,173.09845818660685,141.20608619826572
11993,5.177016827528151,16.85800900854683,8.177879914327884,10.679451897347828
11994,31.062100965168906,16.85800900854683,20.444699785819708,22.54550956106764
11995,0.0,0.0,16.355759828655767,5.933028831859905
11996,0.0,16.85800900854683,0.0,0.0
11997,0.0,0.0,1.3629799857213138,2.3732115327439622
11998,10.354033655056302,0.0,10.90383988577051,11.86605766371981
11999,0.0,0.0,4.088939957163942,21.358903794695657
12000,0.0,0.0,2.7259599714426277,9.492846130975849
12001,5.177016827528151,0.0,20.444699785819708,24.918721093811598
12002,0.0,0.0,31.348539671590217,46.277624888507255
12003,25.885084137640757,16.85800900854683,20.444699785819708,14.23926919646377
12004,0.0,0.0,0.0,1.1866057663719811
12005,67.30121875786597,50.574027025640504,23.170659757262335,32.03835569204349
12006,5.177016827528151,0.0,1.3629799857213138,0.0
12007,0.0,0.0,0.0,1.1866057663719811
12008,10.354033655056302,0.0,5.451919942885255,8.306240364603866
12009,414.1613462022521,505.740270256405,418.4348556164433,355.9817299115943
12010,289.91294234157647,488.88226124785814,406.16803574495145,201.72298028323675
12011,0.0,16.85800900854683,17.71873981437708,27.291932626555564
12012,5.177016827528151,33.71601801709366,0.0,3.5598172991159425
12013,36.23911779269706,0.0,8.177879914327884,3.5598172991159425
12014,0.0,0.0,0.0,2.3732115327439622
12015,77.65525241292227,118.00606305982784,85.86773910044276,97.30167284250244
12016,0.0,0.0,2.7259599714426277,1.1866057663719811
12017,20.708067310112604,33.71601801709366,31.348539671590217,34.411567224787454
12018,0.0,0.0,1.3629799857213138,7.119634598231885
12019,0.0,0.0,0.0,1.1866057663719811
12020,5.177016827528151,16.85800900854683,8.177879914327884,2.3732115327439622
12021,248.49680772135125,303.44416215384297,272.59599714426275,223.08188407793241
12022,0.0,16.85800900854683,5.451919942885255,8.306240364603866
12023,201.9036562735979,168.58009008546833,61.33409935745912,33.224961458415464
12024,82.83226924045042,16.85800900854683,115.85329878631167,103.23470167436234
12025,5.177016827528151,0.0,0.0,1.1866057663719811
12026,98.36331972303488,67.43203603418732,62.697079343180434,102.04809590799037
12027,0.0,0.0,1.3629799857213138,0.0
12028,5.177016827528151,0.0,5.451919942885255,13.05266343009179
12029,20.708067310112604,0.0,10.90383988577051,18.985692261951698
12030,0.0,0.0,1.3629799857213138,1.1866057663719811
12031,15.531050482584453,50.574027025640504,31.348539671590217,34.411567224787454
12032,5.177016827528151,16.85800900854683,13.629799857213138,16.612480729207732
12033,0.0,0.0,1.3629799857213138,1.1866057663719811
12034,5.177016827528151,16.85800900854683,20.444699785819708,34.411567224787454
12035,108.71735337809118,16.85800900854683,74.96389921467225,77.12937481417876
12036,82.83226924045042,33.71601801709366,89.9566790576067,87.80882671152658
12037,0.0,0.0,6.814899928606569,2.3732115327439622
12038,72.47823558539412,50.574027025640504,59.97111937173781,91.36864401064253
12039,0.0,0.0,4.088939957163942,2.3732115327439622
12040,10.354033655056302,16.85800900854683,5.451919942885255,5.933028831859905
12041,15.531050482584453,0.0,14.992779842934452,13.05266343009179
12042,5.177016827528151,0.0,4.088939957163942,5.933028831859905
12043,10.354033655056302,0.0,2.7259599714426277,0.0
12044,20.708067310112604,50.574027025640504,10.90383988577051,14.23926919646377
12045,10.354033655056302,16.85800900854683,5.451919942885255,14.23926919646377
12046,134.60243751573194,185.43809909401514,154.01673838650845,137.64626889914982
12047,207.08067310112605,202.29610810256202,167.64653824372158,153.07214386198552
12048,51.77016827528151,16.85800900854683,65.42303931462307,53.39725948673914
12049,25.885084137640757,67.43203603418732,66.78601930034436,58.14368255222707
12050,10.354033655056302,0.0,4.088939957163942,1.1866057663719811
12051,56.94718510280967,67.43203603418732,64.06005932890174,58.14368255222707
12052,0.0,0.0,0.0,2.3732115327439622
12053,31.062100965168906,33.71601801709366,10.90383988577051,21.358903794695657
12054,134.60243751573194,67.43203603418732,70.87495925750832,98.48827860887442
12055,0.0,0.0,1.3629799857213138,0.0
12056,108.71735337809118,67.43203603418732,35.43747962875416,112.72754780533819
12057,0.0,0.0,1.3629799857213138,2.3732115327439622
12058,10.354033655056302,0.0,10.90383988577051,9.492846130975849
12059,5.177016827528151,0.0,6.814899928606569,2.3732115327439622
12060,5.177016827528151,0.0,74.96389921467225,36.784778757531406
12061,67.30121875786597,50.574027025640504,70.87495925750832,80.6891921132947
12062,77.65525241292227,50.574027025640504,130.84607862924614,66.44992291683093
12063,207.08067310112605,134.86407206837464,140.38693852929532,182.73728802128505
12064,46.593151447753364,16.85800900854683,84.50475911472145,90.18203824427056
12065,0.0,16.85800900854683,28.62257970014759,39.15799029027537
12066,51.77016827528151,50.574027025640504,6.814899928606569,1.1866057663719811
12067,31.062100965168906,33.71601801709366,28.62257970014759,27.291932626555564
12068,1071.6424832983273,404.59221620512403,2319.791935697676,2654.4370993741213
12069,165.66453848090083,50.574027025640504,115.85329878631167,111.54094203896621
12070,5.177016827528151,0.0,0.0,4.7464230654879245
12071,46.593151447753364,0.0,31.348539671590217,35.59817299115943
12072,124.24840386067562,67.43203603418732,68.14899928606569,49.837442187623196
12073,46.593151447753364,33.71601801709366,46.34131951452467,56.95707678585508
12074,31.062100965168906,16.85800900854683,661.0452930748371,664.4992291683094
12075,98.36331972303488,84.29004504273416,55.88217941457387,52.21065372036716
12076,129.4254206882038,134.86407206837464,46.34131951452467,58.14368255222707
12077,103.54033655056303,118.00606305982784,250.78831737272174,161.3783842265894
12078,160.48752165337268,101.14805405128101,103.58647891481985,70.00974021594688
12079,0.0,16.85800900854683,16.355759828655767,13.05266343009179
12080,0.0,0.0,10.90383988577051,22.54550956106764
12081,5.177016827528151,0.0,20.444699785819708,23.73211532743962
12082,25.885084137640757,16.85800900854683,65.42303931462307,70.00974021594688
12083,31.062100965168906,0.0,69.511979271787,170.87123035756525
12084,20.708067310112604,33.71601801709366,17.71873981437708,8.306240364603866
12085,222.6117235837105,168.58009008546833,238.5214975012299,234.94794174165222
12086,82.83226924045042,67.43203603418732,58.6081393860165,71.19634598231886
12087,1868.9030747376626,1230.6346576239189,2924.9550493579395,2872.7725603865656
12088,88.00928606797856,101.14805405128101,49.0672794859673,55.770471019483104
12089,15.531050482584453,16.85800900854683,0.0,3.5598172991159425
12090,0.0,0.0,9.540859900049197,20.172298028323674
12091,10.354033655056302,16.85800900854683,8.177879914327884,11.86605766371981
12092,51.77016827528151,33.71601801709366,17.71873981437708,27.291932626555564
12093,0.0,0.0,1.3629799857213138,0.0
12094,15.531050482584453,67.43203603418732,38.16343960019679,20.172298028323674
12095,207.08067310112605,118.00606305982784,204.44699785819705,145.95250926375365
12096,25.885084137640757,33.71601801709366,25.896619728704962,33.224961458415464
12097,108.71735337809118,50.574027025640504,69.511979271787,77.12937481417876
12098,20.708067310112604,67.43203603418732,17.71873981437708,34.411567224787454
12099,41.41613462022521,16.85800900854683,10.90383988577051,10.679451897347828
12100,31.062100965168906,84.29004504273416,25.896619728704962,23.73211532743962
12101,20.708067310112604,50.574027025640504,44.97833952880335,33.224961458415464
12102,5.177016827528151,33.71601801709366,9.540859900049197,11.86605766371981
12103,72.47823558539412,33.71601801709366,47.70429950024598,61.703499851343004
12104,0.0,0.0,6.814899928606569,3.5598172991159425
12105,0.0,0.0,10.90383988577051,3.5598172991159425
12106,5.177016827528151,0.0,1.3629799857213138,0.0
12107,0.0,50.574027025640504,27.259599714426276,29.665144159299523
12108,51.77016827528151,101.14805405128101,32.711519657311534,40.34459605664735
12109,41.41613462022521,67.43203603418732,72.23793924322963,56.95707678585508
12110,0.0,0.0,2.7259599714426277,2.3732115327439622
12111,450.4004639949492,404.59221620512403,412.9829356735581,410.56559516470537
12112,10.354033655056302,16.85800900854683,2.7259599714426277,5.933028831859905
12113,5.177016827528151,0.0,14.992779842934452,11.86605766371981
12114,56.94718510280967,33.71601801709366,59.97111937173781,48.65083642125122
12115,10.354033655056302,0.0,0.0,0.0
12116,25.885084137640757,16.85800900854683,16.355759828655767,33.224961458415464
12117,5.177016827528151,0.0,0.0,2.3732115327439622
12118,31.062100965168906,0.0,35.43747962875416,23.73211532743962
12119,0.0,0.0,0.0,1.1866057663719811
12120,5.177016827528151,0.0,8.177879914327884,5.933028831859905
12121,0.0,0.0,0.0,1.1866057663719811
12122,108.71735337809118,67.43203603418732,275.32195711570535,243.25418210625608
12123,0.0,0.0,1.3629799857213138,0.0
12124,0.0,0.0,2.7259599714426277,5.933028831859905
12125,20.708067310112604,50.574027025640504,35.43747962875416,30.851749925671502
12126,10.354033655056302,0.0,19.081719800098394,10.679451897347828
12127,5.177016827528151,0.0,0.0,0.0
12128,108.71735337809118,101.14805405128101,51.793239457409925,48.65083642125122
12129,0.0,0.0,1.3629799857213138,3.5598172991159425
12130,5.177016827528151,0.0,6.814899928606569,14.23926919646377
12131,5.177016827528151,0.0,13.629799857213138,8.306240364603866
12132,0.0,0.0,1.3629799857213138,1.1866057663719811
12133,20.708067310112604,0.0,21.80767977154102,13.05266343009179
12134,5.177016827528151,16.85800900854683,28.62257970014759,30.851749925671502
12135,25.885084137640757,50.574027025640504,69.511979271787,51.024047953995186
12136,88.00928606797856,50.574027025640504,55.88217941457387,64.07671138408698
12137,937.0400457825954,455.1662432307645,59.97111937173781,40.34459605664735
12138,295.0899591691046,539.4562882734986,640.6005932890175,526.8529602691596
12139,0.0,0.0,0.0,1.1866057663719811
12140,326.15206013427354,151.72208107692148,53.15621944313124,29.665144159299523
12141,0.0,0.0,51.793239457409925,39.15799029027537
12142,0.0,0.0,5.451919942885255,3.5598172991159425
12143,0.0,16.85800900854683,35.43747962875416,15.425874962835751
12144,20.708067310112604,33.71601801709366,16.355759828655767,16.612480729207732
12145,25.885084137640757,16.85800900854683,40.889399571639416,28.47853839292754
12146,0.0,0.0,8.177879914327884,3.5598172991159425
12147,227.78874041123868,33.71601801709366,73.60091922895094,97.30167284250244
12148,31.062100965168906,0.0,39.5264195859181,37.971384523903396
12149,77.65525241292227,134.86407206837464,79.0528391718362,51.024047953995186
12150,10.354033655056302,0.0,5.451919942885255,1.1866057663719811
12151,0.0,0.0,1.3629799857213138,0.0
12152,36.23911779269706,0.0,40.889399571639416,21.358903794695657
12153,0.0,16.85800900854683,16.355759828655767,7.119634598231885
12154,10.354033655056302,0.0,24.53363974298365,18.985692261951698
12155,176.01857213595713,84.29004504273416,70.87495925750832,98.48827860887442
12156,5.177016827528151,0.0,0.0,5.933028831859905
12157,31.062100965168906,16.85800900854683,23.170659757262335,22.54550956106764
12158,10.354033655056302,0.0,5.451919942885255,9.492846130975849
12159,82.83226924045042,252.8701351282025,80.41581915755751,59.330288318599045
12160,5.177016827528151,0.0,0.0,0.0
12161,5.177016827528151,0.0,5.451919942885255,0.0
12162,0.0,0.0,2.7259599714426277,0.0
12163,41.41613462022521,33.71601801709366,103.58647891481985,87.80882671152658
12164,10.354033655056302,16.85800900854683,14.992779842934452,23.73211532743962
12165,10.354033655056302,16.85800900854683,14.992779842934452,17.799086495579715
12166,155.31050482584453,67.43203603418732,100.86051894337723,100.86149014161838
12167,10.354033655056302,0.0,23.170659757262335,23.73211532743962
12168,10.354033655056302,16.85800900854683,17.71873981437708,18.985692261951698
12169,5.177016827528151,33.71601801709366,36.80045961447547,37.971384523903396
12170,46.593151447753364,33.71601801709366,32.711519657311534,36.784778757531406
12171,113.89437020561934,101.14805405128101,53.15621944313124,51.024047953995186
12172,36.23911779269706,252.8701351282025,84.50475911472145,77.12937481417876
12173,20.708067310112604,0.0,43.61535954308204,36.784778757531406
12174,5.177016827528151,0.0,29.985559685868903,39.15799029027537
12175,0.0,0.0,12.266819871491824,3.5598172991159425
12176,181.1955889634853,185.43809909401514,50.430259471688615,42.71780758939131
12177,538.4097500629277,404.59221620512403,550.6439142314107,486.50836421251216
12178,5.177016827528151,0.0,10.90383988577051,15.425874962835751
12179,15.531050482584453,16.85800900854683,12.266819871491824,13.05266343009179
12180,0.0,16.85800900854683,1.3629799857213138,2.3732115327439622
12181,46.593151447753364,16.85800900854683,25.896619728704962,51.024047953995186
12182,5.177016827528151,16.85800900854683,1.3629799857213138,4.7464230654879245
12183,10.354033655056302,0.0,5.451919942885255,8.306240364603866
12184,15.531050482584453,0.0,23.170659757262335,33.224961458415464
12185,5.177016827528151,0.0,5.451919942885255,3.5598172991159425
12186,15.531050482584453,0.0,55.88217941457387,49.837442187623196
12187,46.593151447753364,16.85800900854683,57.24515940029518,32.03835569204349
12188,72.47823558539412,50.574027025640504,51.793239457409925,26.10532686018358
12189,5.177016827528151,0.0,1.3629799857213138,1.1866057663719811
12190,160.48752165337268,50.574027025640504,309.3964567587382,359.54154721071023
12191,62.12420193033781,118.00606305982784,76.32687920039358,55.770471019483104
12192,160.48752165337268,84.29004504273416,49.0672794859673,45.09101912213528
12193,0.0,0.0,1.3629799857213138,5.933028831859905
12194,5.177016827528151,0.0,2.7259599714426277,3.5598172991159425
12195,5.177016827528151,0.0,12.266819871491824,15.425874962835751
12196,41.41613462022521,50.574027025640504,44.97833952880335,55.770471019483104
12197,20.708067310112604,0.0,38.16343960019679,41.53120182301934
12198,56.94718510280967,0.0,28.62257970014759,22.54550956106764
12199,51.77016827528151,33.71601801709366,55.88217941457387,61.703499851343004
12200,0.0,0.0,87.23071908616409,41.53120182301934
12201,15.531050482584453,0.0,1.3629799857213138,2.3732115327439622
12202,15.531050482584453,67.43203603418732,23.170659757262335,13.05266343009179
12203,0.0,16.85800900854683,1.3629799857213138,1.1866057663719811
12204,25.885084137640757,0.0,14.992779842934452,18.985692261951698
12205,0.0,0.0,32.711519657311534,29.665144159299523
12206,25.885084137640757,0.0,21.80767977154102,21.358903794695657
12207,5.177016827528151,0.0,1.3629799857213138,7.119634598231885
12208,0.0,0.0,5.451919942885255,2.3732115327439622
12209,512.524665925287,269.7281441367493,335.29307648744316,256.3068455363479
12210,25.885084137640757,0.0,28.62257970014759,36.784778757531406
12211,0.0,0.0,1.3629799857213138,0.0
12212,170.84155530842898,118.00606305982784,68.14899928606569,58.14368255222707
12213,10.354033655056302,0.0,25.896619728704962,16.612480729207732
12214,15.531050482584453,67.43203603418732,24.53363974298365,24.918721093811598
12215,10.354033655056302,0.0,1.3629799857213138,3.5598172991159425
12216,0.0,0.0,8.177879914327884,8.306240364603866
12217,25.885084137640757,33.71601801709366,35.43747962875416,18.985692261951698
12218,124.24840386067562,84.29004504273416,134.93501858641005,125.78021123542997
12219,0.0,0.0,1.3629799857213138,0.0
12220,20.708067310112604,16.85800900854683,13.629799857213138,10.679451897347828
12221,31.062100965168906,0.0,13.629799857213138,14.23926919646377
12222,0.0,0.0,4.088939957163942,0.0
12223,5.177016827528151,0.0,0.0,0.0
12224,5.177016827528151,33.71601801709366,10.90383988577051,23.73211532743962
12225,15.531050482584453,0.0,10.90383988577051,11.86605766371981
12226,31.062100965168906,33.71601801709366,19.081719800098394,23.73211532743962
12227,5.177016827528151,16.85800900854683,5.451919942885255,16.612480729207732
12228,0.0,0.0,1.3629799857213138,0.0
12229,10.354033655056302,0.0,8.177879914327884,3.5598172991159425
12230,0.0,0.0,1.3629799857213138,0.0
12231,31.062100965168906,16.85800900854683,85.86773910044276,98.48827860887442
12232,0.0,0.0,5.451919942885255,9.492846130975849
12233,15.531050482584453,0.0,8.177879914327884,11.86605766371981
12234,15.531050482584453,33.71601801709366,16.355759828655767,34.411567224787454
12235,5.177016827528151,0.0,0.0,0.0
12236,15.531050482584453,33.71601801709366,29.985559685868903,20.172298028323674
12237,0.0,16.85800900854683,17.71873981437708,22.54550956106764
12238,0.0,0.0,1.3629799857213138,0.0
12239,0.0,0.0,0.0,2.3732115327439622
12240,5.177016827528151,0.0,0.0,1.1866057663719811
12241,10.354033655056302,0.0,1.3629799857213138,3.5598172991159425
12242,36.23911779269706,50.574027025640504,50.430259471688615,27.291932626555564
12243,0.0,33.71601801709366,8.177879914327884,4.7464230654879245
12244,243.31979089382313,337.16018017093666,134.93501858641005,168.4980188248213
12245,0.0,16.85800900854683,31.348539671590217,14.23926919646377
12246,46.593151447753364,16.85800900854683,65.42303931462307,86.62222094515461
12247,31.062100965168906,33.71601801709366,47.70429950024598,55.770471019483104
12248,15.531050482584453,0.0,35.43747962875416,41.53120182301934
12249,0.0,0.0,1.3629799857213138,1.1866057663719811
12250,67.30121875786597,33.71601801709366,27.259599714426276,43.90441335576329
12251,15.531050482584453,0.0,19.081719800098394,22.54550956106764
12252,25.885084137640757,16.85800900854683,38.16343960019679,61.703499851343004
12253,31.062100965168906,0.0,1.3629799857213138,4.7464230654879245
12254,139.77945434326008,33.71601801709366,152.65375840078715,147.13911503012562
12255,36.23911779269706,33.71601801709366,68.14899928606569,65.26331715045895
12256,0.0,0.0,2.7259599714426277,2.3732115327439622
12257,5.177016827528151,0.0,12.266819871491824,18.985692261951698
12258,62.12420193033781,50.574027025640504,51.793239457409925,77.12937481417876
12259,0.0,0.0,1.3629799857213138,2.3732115327439622
12260,0.0,0.0,1.3629799857213138,1.1866057663719811
12261,0.0,0.0,14.992779842934452,2.3732115327439622
12262,331.32907696180166,219.15411711110883,238.5214975012299,255.1202397699759
12263,0.0,0.0,17.71873981437708,14.23926919646377
12264,56.94718510280967,118.00606305982784,64.06005932890174,70.00974021594688
12265,10.354033655056302,67.43203603418732,69.511979271787,41.53120182301934
12266,0.0,0.0,0.0,1.1866057663719811
12267,0.0,0.0,1.3629799857213138,3.5598172991159425
12268,67.30121875786597,101.14805405128101,124.03117870063956,346.48888378061844
12269,25.885084137640757,33.71601801709366,35.43747962875416,35.59817299115943
12270,5.177016827528151,33.71601801709366,1.3629799857213138,3.5598172991159425
12271,0.0,0.0,1.3629799857213138,0.0
12272,217.43470675618235,252.8701351282025,209.89891780108232,218.3354610124445
12273,88.00928606797856,16.85800900854683,79.0528391718362,79.50258634692273
12274,77.65525241292227,67.43203603418732,83.14177912900014,78.31598058055074
12275,36.23911779269706,0.0,21.80767977154102,16.612480729207732
12276,36.23911779269706,33.71601801709366,24.53363974298365,21.358903794695657
12277,5.177016827528151,0.0,5.451919942885255,7.119634598231885
12278,5.177016827528151,16.85800900854683,16.355759828655767,33.224961458415464
12279,5.177016827528151,0.0,8.177879914327884,9.492846130975849
12280,15.531050482584453,33.71601801709366,20.444699785819708,10.679451897347828
12281,46.593151447753364,0.0,25.896619728704962,30.851749925671502
12282,5.177016827528151,0.0,1.3629799857213138,0.0
12283,51.77016827528151,50.574027025640504,50.430259471688615,36.784778757531406
12284,0.0,0.0,2.7259599714426277,10.679451897347828
12285,0.0,0.0,0.0,2.3732115327439622
12286,0.0,0.0,1.3629799857213138,2.3732115327439622
12287,155.31050482584453,118.00606305982784,77.68985918611489,88.99543247789858
12288,62.12420193033781,50.574027025640504,65.42303931462307,65.26331715045895
12289,10.354033655056302,16.85800900854683,9.540859900049197,10.679451897347828
12290,5.177016827528151,16.85800900854683,9.540859900049197,3.5598172991159425
12291,15.531050482584453,33.71601801709366,17.71873981437708,27.291932626555564
12292,51.77016827528151,16.85800900854683,24.53363974298365,42.71780758939131
12293,20.708067310112604,33.71601801709366,39.5264195859181,35.59817299115943
12294,0.0,0.0,1.3629799857213138,1.1866057663719811
12295,20.708067310112604,33.71601801709366,43.61535954308204,47.46423065487924
12296,25.885084137640757,16.85800900854683,6.814899928606569,33.224961458415464
12297,10.354033655056302,0.0,181.2763381009347,217.14885524607251
12298,0.0,0.0,1.3629799857213138,0.0
12299,25.885084137640757,0.0,35.43747962875416,26.10532686018358
12300,25.885084137640757,33.71601801709366,24.53363974298365,30.851749925671502
12301,0.0,0.0,0.0,1.1866057663719811
12302,0.0,0.0,0.0,1.1866057663719811
12303,10.354033655056302,0.0,10.90383988577051,3.5598172991159425
12304,911.1549616449547,623.7463333162328,1076.7541887198379,1196.0986125029567
12305,36.23911779269706,0.0,39.5264195859181,47.46423065487924
12306,25.885084137640757,16.85800900854683,27.259599714426276,16.612480729207732
12307,0.0,0.0,12.266819871491824,11.86605766371981
12308,15.531050482584453,16.85800900854683,8.177879914327884,14.23926919646377
12309,295.0899591691046,269.7281441367493,174.46143817232817,109.16773050622226
12310,0.0,0.0,1.3629799857213138,2.3732115327439622
12311,15.531050482584453,0.0,19.081719800098394,24.918721093811598
12312,0.0,0.0,0.0,1.1866057663719811
12313,5.177016827528151,0.0,28.62257970014759,42.71780758939131
12314,41.41613462022521,67.43203603418732,32.711519657311534,34.411567224787454
12315,0.0,0.0,2.7259599714426277,7.119634598231885
12316,10.354033655056302,0.0,9.540859900049197,15.425874962835751
12317,20.708067310112604,67.43203603418732,29.985559685868903,27.291932626555564
12318,10.354033655056302,33.71601801709366,10.90383988577051,18.985692261951698
12319,15.531050482584453,0.0,23.170659757262335,137.64626889914982
12320,25.885084137640757,16.85800900854683,83.14177912900014,275.29253779829963
12321,0.0,0.0,2.7259599714426277,0.0
12322,72.47823558539412,50.574027025640504,34.074499643032844,26.10532686018358
12323,10.354033655056302,0.0,6.814899928606569,4.7464230654879245
12324,0.0,0.0,16.355759828655767,17.799086495579715
12325,41.41613462022521,0.0,25.896619728704962,30.851749925671502
12326,5.177016827528151,50.574027025640504,10.90383988577051,11.86605766371981
12327,15.531050482584453,16.85800900854683,19.081719800098394,18.985692261951698
12328,165.66453848090083,84.29004504273416,74.96389921467225,102.04809590799037
12329,0.0,0.0,5.451919942885255,3.5598172991159425
12330,0.0,0.0,1.3629799857213138,5.933028831859905
12331,51.77016827528151,50.574027025640504,17.71873981437708,28.47853839292754
12332,0.0,0.0,2.7259599714426277,8.306240364603866
12333,10.354033655056302,0.0,0.0,0.0
12334,31.062100965168906,16.85800900854683,21.80767977154102,18.985692261951698
12335,0.0,0.0,1.3629799857213138,0.0
12336,41.41613462022521,16.85800900854683,13.629799857213138,9.492846130975849
12337,20.708067310112604,50.574027025640504,20.444699785819708,15.425874962835751
12338,36.23911779269706,67.43203603418732,36.80045961447547,43.90441335576329
12339,0.0,0.0,1.3629799857213138,0.0
12340,20.708067310112604,0.0,14.992779842934452,27.291932626555564
12341,429.6923966848366,202.29610810256202,1099.9248484771,1381.2091120569858
12342,0.0,0.0,1.3629799857213138,0.0
12343,5.177016827528151,16.85800900854683,13.629799857213138,15.425874962835751
12344,0.0,0.0,4.088939957163942,3.5598172991159425
12345,51.77016827528151,0.0,36.80045961447547,29.665144159299523
12346,67.30121875786597,16.85800900854683,32.711519657311534,29.665144159299523
12347,15.531050482584453,0.0,10.90383988577051,15.425874962835751
12348,0.0,0.0,24.53363974298365,10.679451897347828
12349,0.0,0.0,5.451919942885255,10.679451897347828
12350,31.062100965168906,16.85800900854683,39.5264195859181,81.87579787966669
12351,20.708067310112604,0.0,29.985559685868903,45.09101912213528
12352,82.83226924045042,101.14805405128101,128.1201186578035,109.16773050622226
12353,82.83226924045042,67.43203603418732,164.92057827227896,147.13911503012562
12354,108.71735337809118,33.71601801709366,80.41581915755751,65.26331715045895
12355,0.0,0.0,0.0,2.3732115327439622
12356,56.94718510280967,33.71601801709366,23.170659757262335,13.05266343009179
12357,238.14277406629498,472.02425223931135,406.16803574495145,174.43104765668122
12358,41.41613462022521,84.29004504273416,32.711519657311534,23.73211532743962
12359,191.5496226185416,168.58009008546833,272.59599714426275,255.1202397699759
12360,20.708067310112604,33.71601801709366,28.62257970014759,29.665144159299523
12361,0.0,0.0,1.3629799857213138,0.0
12362,15.531050482584453,50.574027025640504,35.43747962875416,32.03835569204349
12363,144.95647117078823,101.14805405128101,164.92057827227896,129.34002853454592
12364,10.354033655056302,16.85800900854683,2.7259599714426277,11.86605766371981
12365,103.54033655056303,202.29610810256202,242.61043745839385,229.01491290979232
12366,0.0,0.0,1.3629799857213138,0.0
12367,119.07138703314749,50.574027025640504,34.074499643032844,33.224961458415464
12368,5.177016827528151,33.71601801709366,21.80767977154102,58.14368255222707
12369,41.41613462022521,16.85800900854683,8.177879914327884,7.119634598231885
12370,0.0,16.85800900854683,5.451919942885255,3.5598172991159425
12371,0.0,0.0,0.0,1.1866057663719811
12372,62.12420193033781,67.43203603418732,55.88217941457387,97.30167284250244
12373,72.47823558539412,202.29610810256202,1898.63112010979,386.83347983726577
12374,362.3911779269706,219.15411711110883,628.3337734175257,529.2261718019034
12375,31.062100965168906,67.43203603418732,39.5264195859181,41.53120182301934
12376,88.00928606797856,33.71601801709366,128.1201186578035,109.16773050622226
12377,5.177016827528151,16.85800900854683,8.177879914327884,0.0
12378,46.593151447753364,67.43203603418732,58.6081393860165,72.38295174869084
12379,41.41613462022521,33.71601801709366,53.15621944313124,41.53120182301934
12380,41.41613462022521,16.85800900854683,31.348539671590217,39.15799029027537
12381,10.354033655056302,0.0,24.53363974298365,27.291932626555564
12382,144.95647117078823,101.14805405128101,141.74991851501665,177.99086495579715
12383,46.593151447753364,50.574027025640504,23.170659757262335,27.291932626555564
12384,20.708067310112604,0.0,54.51919942885255,79.50258634692273
12385,5.177016827528151,16.85800900854683,24.53363974298365,42.71780758939131
12386,31.062100965168906,0.0,49.0672794859673,67.63652868320291
12387,15.531050482584453,16.85800900854683,16.355759828655767,26.10532686018358
12388,20.708067310112604,16.85800900854683,5.451919942885255,4.7464230654879245
12389,41.41613462022521,50.574027025640504,57.24515940029518,49.837442187623196
12390,0.0,0.0,2.7259599714426277,4.7464230654879245
12391,20.708067310112604,33.71601801709366,73.60091922895094,54.58386525311113
12392,0.0,0.0,2.7259599714426277,2.3732115327439622
12393,139.77945434326008,84.29004504273416,224.89169764401677,234.94794174165222
12394,72.47823558539412,50.574027025640504,49.0672794859673,59.330288318599045
12395,5.177016827528151,33.71601801709366,23.170659757262335,27.291932626555564
12396,5.177016827528151,16.85800900854683,8.177879914327884,14.23926919646377
12397,46.593151447753364,50.574027025640504,23.170659757262335,29.665144159299523
12398,0.0,0.0,58.6081393860165,68.82313444957491
12399,0.0,0.0,1.3629799857213138,4.7464230654879245
12400,5.177016827528151,0.0,12.266819871491824,14.23926919646377
12401,20.708067310112604,33.71601801709366,21.80767977154102,39.15799029027537
12402,0.0,16.85800900854683,2.7259599714426277,8.306240364603866
12403,62.12420193033781,33.71601801709366,10.90383988577051,16.612480729207732
12404,82.83226924045042,16.85800900854683,88.5936990718854,78.31598058055074
12405,62.12420193033781,0.0,31.348539671590217,35.59817299115943
12406,165.66453848090083,151.72208107692148,84.50475911472145,80.6891921132947
12407,150.13348799831638,50.574027025640504,85.86773910044276,75.94276904780679
12408,62.12420193033781,0.0,65.42303931462307,65.26331715045895
12409,36.23911779269706,16.85800900854683,19.081719800098394,24.918721093811598
12410,88.00928606797856,151.72208107692148,132.20905861496746,96.11506707613046
12411,15.531050482584453,0.0,12.266819871491824,9.492846130975849
12412,0.0,0.0,28.62257970014759,23.73211532743962
12413,0.0,0.0,0.0,1.1866057663719811
12414,0.0,16.85800900854683,8.177879914327884,2.3732115327439622
12415,0.0,16.85800900854683,2.7259599714426277,2.3732115327439622
12416,0.0,0.0,2.7259599714426277,3.5598172991159425
12417,0.0,0.0,1.3629799857213138,0.0
12418,88.00928606797856,16.85800900854683,47.70429950024598,55.770471019483104
12419,0.0,16.85800900854683,0.0,2.3732115327439622
12420,0.0,0.0,0.0,2.3732115327439622
12421,36.23911779269706,16.85800900854683,16.355759828655767,23.73211532743962
12422,227.78874041123868,151.72208107692148,88.5936990718854,73.56955751506281
12423,0.0,16.85800900854683,36.80045961447547,45.09101912213528
12424,10.354033655056302,33.71601801709366,14.992779842934452,3.5598172991159425
12425,0.0,101.14805405128101,53.15621944313124,62.89010561771499
12426,62.12420193033781,67.43203603418732,58.6081393860165,64.07671138408698
12427,957.748113092708,404.59221620512403,175.82441815804947,121.03378816994206
12428,15.531050482584453,0.0,17.71873981437708,11.86605766371981
12429,0.0,0.0,12.266819871491824,13.05266343009179
12430,0.0,0.0,0.0,1.1866057663719811
12431,10.354033655056302,16.85800900854683,36.80045961447547,34.411567224787454
12432,5.177016827528151,0.0,0.0,0.0
12433,46.593151447753364,33.71601801709366,57.24515940029518,71.19634598231886
12434,0.0,0.0,0.0,1.1866057663719811
12435,5.177016827528151,16.85800900854683,0.0,2.3732115327439622
12436,5.177016827528151,33.71601801709366,19.081719800098394,18.985692261951698
12437,25.885084137640757,50.574027025640504,40.889399571639416,40.34459605664735
12438,0.0,0.0,2.7259599714426277,2.3732115327439622
12439,67.30121875786597,84.29004504273416,29.985559685868903,14.23926919646377
12440,5.177016827528151,16.85800900854683,20.444699785819708,16.612480729207732
12441,113.89437020561934,67.43203603418732,77.68985918611489,72.38295174869084
12442,77.65525241292227,50.574027025640504,28.62257970014759,32.03835569204349
12443,0.0,0.0,6.814899928606569,5.933028831859905
12444,72.47823558539412,16.85800900854683,62.697079343180434,62.89010561771499
12445,41.41613462022521,16.85800900854683,216.71381772968888,202.90958604960875
12446,15.531050482584453,0.0,1.3629799857213138,11.86605766371981
12447,88.00928606797856,67.43203603418732,69.511979271787,81.87579787966669
12448,0.0,0.0,1.3629799857213138,0.0
12449,5.177016827528151,16.85800900854683,25.896619728704962,52.21065372036716
12450,36.23911779269706,33.71601801709366,29.985559685868903,26.10532686018358
12451,0.0,0.0,1.3629799857213138,1.1866057663719811
12452,62.12420193033781,101.14805405128101,46.34131951452467,20.172298028323674
12453,20.708067310112604,16.85800900854683,23.170659757262335,14.23926919646377
12454,36.23911779269706,33.71601801709366,85.86773910044276,80.6891921132947
12455,41.41613462022521,16.85800900854683,13.629799857213138,13.05266343009179
12456,41.41613462022521,16.85800900854683,42.252379557360726,23.73211532743962
12457,0.0,0.0,1.3629799857213138,0.0
12458,25.885084137640757,33.71601801709366,23.170659757262335,9.492846130975849
12459,41.41613462022521,33.71601801709366,50.430259471688615,43.90441335576329
12460,134.60243751573194,101.14805405128101,54.51919942885255,64.07671138408698
12461,5.177016827528151,16.85800900854683,8.177879914327884,7.119634598231885
12462,0.0,0.0,1.3629799857213138,0.0
12463,62.12420193033781,67.43203603418732,102.22349892909853,91.36864401064253
12464,5.177016827528151,33.71601801709366,61.33409935745912,48.65083642125122
12465,31.062100965168906,16.85800900854683,29.985559685868903,39.15799029027537
12466,0.0,16.85800900854683,10.90383988577051,7.119634598231885
12467,41.41613462022521,33.71601801709366,64.06005932890174,70.00974021594688
12468,25.885084137640757,33.71601801709366,43.61535954308204,20.172298028323674
12469,134.60243751573194,101.14805405128101,227.6176576154594,256.3068455363479
12470,5.177016827528151,0.0,9.540859900049197,16.612480729207732
12471,0.0,0.0,4.088939957163942,2.3732115327439622
12472,15.531050482584453,16.85800900854683,13.629799857213138,4.7464230654879245
12473,0.0,0.0,2.7259599714426277,1.1866057663719811
12474,10.354033655056302,16.85800900854683,16.355759828655767,16.612480729207732
12475,5.177016827528151,0.0,4.088939957163942,1.1866057663719811
12476,5.177016827528151,0.0,17.71873981437708,14.23926919646377
12477,5.177016827528151,0.0,19.081719800098394,9.492846130975849
12478,15.531050482584453,0.0,4.088939957163942,5.933028831859905
12479,5.177016827528151,0.0,2.7259599714426277,1.1866057663719811
12480,5.177016827528151,0.0,9.540859900049197,7.119634598231885
12481,41.41613462022521,50.574027025640504,35.43747962875416,29.665144159299523
12482,134.60243751573194,33.71601801709366,95.40859900049196,118.66057663719809
12483,56.94718510280967,33.71601801709366,61.33409935745912,61.703499851343004
12484,5.177016827528151,0.0,0.0,2.3732115327439622
12485,0.0,0.0,1.3629799857213138,4.7464230654879245
12486,15.531050482584453,33.71601801709366,96.77157898621327,117.47397087082611
12487,0.0,16.85800900854683,0.0,0.0
12488,15.531050482584453,16.85800900854683,9.540859900049197,32.03835569204349
12489,25.885084137640757,67.43203603418732,28.62257970014759,37.971384523903396
12490,36.23911779269706,67.43203603418732,43.61535954308204,41.53120182301934
12491,62.12420193033781,50.574027025640504,80.41581915755751,143.5792977310097
12492,5.177016827528151,0.0,1.3629799857213138,0.0
12493,15.531050482584453,16.85800900854683,19.081719800098394,20.172298028323674
12494,0.0,0.0,4.088939957163942,1.1866057663719811
12495,10.354033655056302,0.0,32.711519657311534,29.665144159299523
12496,0.0,16.85800900854683,2.7259599714426277,2.3732115327439622
12497,98.36331972303488,67.43203603418732,94.04561901477065,104.42130744073432
12498,0.0,0.0,28.62257970014759,20.172298028323674
12499,0.0,0.0,2.7259599714426277,2.3732115327439622
12500,0.0,0.0,0.0,4.7464230654879245
12501,25.885084137640757,33.71601801709366,84.50475911472145,88.99543247789858
12502,20.708067310112604,16.85800900854683,10.90383988577051,10.679451897347828
12503,31.062100965168906,84.29004504273416,27.259599714426276,17.799086495579715
12504,5.177016827528151,0.0,2.7259599714426277,1.1866057663719811
12505,20.708067310112604,0.0,27.259599714426276,34.411567224787454
12506,5.177016827528151,16.85800900854683,25.896619728704962,29.665144159299523
12507,31.062100965168906,16.85800900854683,35.43747962875416,47.46423065487924
12508,10.354033655056302,0.0,23.170659757262335,20.172298028323674
12509,51.77016827528151,33.71601801709366,73.60091922895094,56.95707678585508
12510,10.354033655056302,50.574027025640504,79.0528391718362,90.18203824427056
12511,150.13348799831638,118.00606305982784,76.32687920039358,99.67488437524639
12512,103.54033655056303,118.00606305982784,84.50475911472145,98.48827860887442
12513,15.531050482584453,16.85800900854683,4.088939957163942,2.3732115327439622
12514,1019.8723150230459,404.59221620512403,310.75943674445955,246.81399940537202
12515,264.0278582039357,219.15411711110883,223.52871765829548,227.82830714342032
12516,20.708067310112604,0.0,6.814899928606569,14.23926919646377
12517,10.354033655056302,0.0,21.80767977154102,26.10532686018358
12518,20.708067310112604,0.0,24.53363974298365,11.86605766371981
12519,46.593151447753364,67.43203603418732,49.0672794859673,45.09101912213528
12520,5.177016827528151,0.0,4.088939957163942,1.1866057663719811
12521,15.531050482584453,16.85800900854683,23.170659757262335,26.10532686018358
12522,0.0,16.85800900854683,0.0,1.1866057663719811
12523,5.177016827528151,0.0,5.451919942885255,2.3732115327439622
12524,0.0,0.0,0.0,2.3732115327439622
12525,67.30121875786597,33.71601801709366,55.88217941457387,48.65083642125122
12526,20.708067310112604,0.0,21.80767977154102,14.23926919646377
12527,25.885084137640757,0.0,23.170659757262335,17.799086495579715
12528,5.177016827528151,16.85800900854683,19.081719800098394,23.73211532743962
12529,0.0,0.0,4.088939957163942,3.5598172991159425
12530,0.0,0.0,4.088939957163942,1.1866057663719811
12531,36.23911779269706,50.574027025640504,44.97833952880335,51.024047953995186
12532,0.0,16.85800900854683,2.7259599714426277,0.0
12533,20.708067310112604,16.85800900854683,35.43747962875416,24.918721093811598
12534,155.31050482584453,33.71601801709366,102.22349892909853,126.96681700180196
12535,5.177016827528151,0.0,8.177879914327884,42.71780758939131
12536,0.0,0.0,0.0,1.1866057663719811
12537,5.177016827528151,16.85800900854683,2.7259599714426277,3.5598172991159425
12538,0.0,0.0,1.3629799857213138,1.1866057663719811
12539,15.531050482584453,84.29004504273416,166.28355825800028,157.81856692747348
12540,0.0,0.0,1.3629799857213138,1.1866057663719811
12541,0.0,0.0,1.3629799857213138,0.0
12542,10.354033655056302,33.71601801709366,6.814899928606569,13.05266343009179
12543,25.885084137640757,16.85800900854683,0.0,1.1866057663719811
12544,56.94718510280967,50.574027025640504,29.985559685868903,23.73211532743962
12545,0.0,0.0,1.3629799857213138,4.7464230654879245
12546,72.47823558539412,0.0,27.259599714426276,41.53120182301934
12547,46.593151447753364,0.0,21.80767977154102,21.358903794695657
12548,186.37260579101346,84.29004504273416,185.36527805809868,223.08188407793241
12549,5.177016827528151,0.0,13.629799857213138,20.172298028323674
12550,0.0,0.0,6.814899928606569,13.05266343009179
12551,20.708067310112604,33.71601801709366,23.170659757262335,33.224961458415464
12552,5.177016827528151,0.0,0.0,0.0
12553,326.15206013427354,168.58009008546833,216.71381772968888,334.62282611689864
12554,0.0,0.0,1.3629799857213138,3.5598172991159425
12555,170.84155530842898,101.14805405128101,147.20183845790189,208.84261488146865
12556,0.0,0.0,1.3629799857213138,1.1866057663719811
12557,0.0,0.0,8.177879914327884,5.933028831859905
12558,0.0,0.0,0.0,1.1866057663719811
12559,5.177016827528151,0.0,5.451919942885255,4.7464230654879245
12560,0.0,0.0,1.3629799857213138,0.0
12561,0.0,0.0,1.3629799857213138,1.1866057663719811
12562,10.354033655056302,0.0,14.992779842934452,16.612480729207732
12563,0.0,16.85800900854683,0.0,4.7464230654879245
12564,0.0,0.0,103.58647891481985,121.03378816994206
12565,0.0,0.0,0.0,1.1866057663719811
12566,0.0,0.0,1.3629799857213138,8.306240364603866
12567,0.0,0.0,0.0,2.3732115327439622
12568,0.0,0.0,0.0,1.1866057663719811
12569,0.0,0.0,1.3629799857213138,2.3732115327439622
12570,0.0,0.0,0.0,2.3732115327439622
12571,5.177016827528151,0.0,0.0,2.3732115327439622
12572,20.708067310112604,0.0,9.540859900049197,4.7464230654879245
12573,10.354033655056302,0.0,5.451919942885255,4.7464230654879245
12574,10.354033655056302,84.29004504273416,14.992779842934452,16.612480729207732
12575,41.41613462022521,0.0,31.348539671590217,27.291932626555564
12576,0.0,16.85800900854683,9.540859900049197,24.918721093811598
12577,15.531050482584453,16.85800900854683,35.43747962875416,47.46423065487924
12578,20.708067310112604,0.0,16.355759828655767,27.291932626555564
12579,93.18630289550673,16.85800900854683,50.430259471688615,26.10532686018358
12580,0.0,0.0,1.3629799857213138,3.5598172991159425
12581,144.95647117078823,84.29004504273416,55.88217941457387,67.63652868320291
12582,217.43470675618235,84.29004504273416,72.23793924322963,92.55524977701451
12583,88.00928606797856,33.71601801709366,23.170659757262335,29.665144159299523
12584,0.0,0.0,0.0,2.3732115327439622
12585,82.83226924045042,50.574027025640504,92.68263902904934,93.74185554338649
12586,72.47823558539412,50.574027025640504,50.430259471688615,33.224961458415464
12587,103.54033655056303,33.71601801709366,115.85329878631167,97.30167284250244
12588,25.885084137640757,16.85800900854683,24.53363974298365,18.985692261951698
12589,20.708067310112604,0.0,21.80767977154102,15.425874962835751
12590,10.354033655056302,16.85800900854683,8.177879914327884,4.7464230654879245
12591,0.0,0.0,4.088939957163942,0.0
12592,56.94718510280967,0.0,34.074499643032844,42.71780758939131
12593,5.177016827528151,0.0,12.266819871491824,8.306240364603866
12594,181.1955889634853,134.86407206837464,133.57203860068873,138.83287466552176
12595,31.062100965168906,0.0,24.53363974298365,40.34459605664735
12596,0.0,0.0,4.088939957163942,2.3732115327439622
12597,0.0,0.0,0.0,1.1866057663719811
12598,5.177016827528151,16.85800900854683,17.71873981437708,11.86605766371981
12599,72.47823558539412,50.574027025640504,42.252379557360726,39.15799029027537
12600,15.531050482584453,0.0,8.177879914327884,22.54550956106764
12601,5.177016827528151,0.0,20.444699785819708,16.612480729207732
12602,5.177016827528151,0.0,2.7259599714426277,3.5598172991159425
12603,346.86012744438614,488.88226124785814,252.15129735844303,168.4980188248213
12604,31.062100965168906,33.71601801709366,43.61535954308204,30.851749925671502
12605,15.531050482584453,16.85800900854683,12.266819871491824,9.492846130975849
12606,31.062100965168906,33.71601801709366,76.32687920039358,73.56955751506281
12607,15.531050482584453,0.0,5.451919942885255,2.3732115327439622
12608,5.177016827528151,16.85800900854683,17.71873981437708,51.024047953995186
12609,41.41613462022521,33.71601801709366,53.15621944313124,60.51689408497103
12610,5.177016827528151,16.85800900854683,14.992779842934452,21.358903794695657
12611,0.0,16.85800900854683,9.540859900049197,18.985692261951698
12612,0.0,0.0,4.088939957163942,8.306240364603866
12613,0.0,0.0,0.0,1.1866057663719811
12614,10.354033655056302,16.85800900854683,17.71873981437708,23.73211532743962
12615,62.12420193033781,33.71601801709366,47.70429950024598,28.47853839292754
12616,31.062100965168906,0.0,23.170659757262335,30.851749925671502
12617,15.531050482584453,0.0,12.266819871491824,9.492846130975849
12618,207.08067310112605,67.43203603418732,17.71873981437708,15.425874962835751
12619,5.177016827528151,33.71601801709366,9.540859900049197,9.492846130975849
12620,10.354033655056302,16.85800900854683,8.177879914327884,9.492846130975849
12621,10.354033655056302,16.85800900854683,36.80045961447547,32.03835569204349
12622,0.0,0.0,4.088939957163942,0.0
12623,0.0,16.85800900854683,2.7259599714426277,0.0
12624,46.593151447753364,84.29004504273416,50.430259471688615,34.411567224787454
12625,0.0,0.0,0.0,2.3732115327439622
12626,0.0,0.0,2.7259599714426277,0.0
12627,31.062100965168906,0.0,6.814899928606569,4.7464230654879245
12628,10.354033655056302,0.0,6.814899928606569,4.7464230654879245
12629,0.0,0.0,1.3629799857213138,1.1866057663719811
12630,25.885084137640757,16.85800900854683,73.60091922895094,67.63652868320291
12631,62.12420193033781,118.00606305982784,28.62257970014759,21.358903794695657
12632,51.77016827528151,33.71601801709366,59.97111937173781,52.21065372036716
12633,0.0,0.0,0.0,1.1866057663719811
12634,0.0,0.0,4.088939957163942,3.5598172991159425
12635,10.354033655056302,0.0,1.3629799857213138,0.0
12636,5.177016827528151,16.85800900854683,5.451919942885255,0.0
12637,108.71735337809118,67.43203603418732,77.68985918611489,70.00974021594688
12638,15.531050482584453,16.85800900854683,13.629799857213138,0.0
12639,36.23911779269706,50.574027025640504,174.46143817232817,136.45966313277782
12640,62.12420193033781,0.0,40.889399571639416,46.277624888507255
12641,20.708067310112604,118.00606305982784,106.31243888626248,116.28736510445414
12642,5.177016827528151,0.0,0.0,2.3732115327439622
12643,20.708067310112604,33.71601801709366,10.90383988577051,11.86605766371981
12644,15.531050482584453,0.0,5.451919942885255,3.5598172991159425
12645,36.23911779269706,16.85800900854683,5.451919942885255,14.23926919646377
12646,0.0,0.0,1.3629799857213138,0.0
12647,0.0,0.0,1.3629799857213138,1.1866057663719811
12648,10.354033655056302,16.85800900854683,25.896619728704962,4.7464230654879245
12649,5.177016827528151,0.0,19.081719800098394,11.86605766371981
12650,0.0,0.0,2.7259599714426277,0.0
12651,5.177016827528151,16.85800900854683,10.90383988577051,7.119634598231885
12652,398.63029571966763,472.02425223931135,406.16803574495145,338.18264341601457
12653,10.354033655056302,0.0,2.7259599714426277,13.05266343009179
12654,41.41613462022521,50.574027025640504,92.68263902904934,85.43561517878263
12655,0.0,0.0,6.814899928606569,5.933028831859905
12656,10.354033655056302,33.71601801709366,46.34131951452467,40.34459605664735
12657,41.41613462022521,16.85800900854683,55.88217941457387,52.21065372036716
12658,10.354033655056302,16.85800900854683,6.814899928606569,24.918721093811598
12659,0.0,0.0,1.3629799857213138,2.3732115327439622
12660,0.0,16.85800900854683,1.3629799857213138,0.0
12661,20.708067310112604,50.574027025640504,44.97833952880335,81.87579787966669
12662,0.0,0.0,1.3629799857213138,0.0
12663,15.531050482584453,0.0,6.814899928606569,8.306240364603866
12664,232.96575723876683,185.43809909401514,265.7810972156562,271.73272049918364
12665,0.0,0.0,0.0,1.1866057663719811
12666,5.177016827528151,0.0,20.444699785819708,11.86605766371981
12667,15.531050482584453,33.71601801709366,92.68263902904934,73.56955751506281
12668,41.41613462022521,50.574027025640504,35.43747962875416,34.411567224787454
12669,5.177016827528151,0.0,4.088939957163942,4.7464230654879245
12670,0.0,0.0,1.3629799857213138,5.933028831859905
12671,0.0,0.0,5.451919942885255,4.7464230654879245
12672,10.354033655056302,0.0,1.3629799857213138,7.119634598231885
12673,46.593151447753364,0.0,39.5264195859181,43.90441335576329
12674,10.354033655056302,0.0,27.259599714426276,17.799086495579715
12675,20.708067310112604,16.85800900854683,23.170659757262335,24.918721093811598
12676,5.177016827528151,0.0,0.0,1.1866057663719811
12677,0.0,0.0,8.177879914327884,4.7464230654879245
12678,0.0,0.0,4.088939957163942,3.5598172991159425
12679,25.885084137640757,0.0,125.39415868636087,116.28736510445414
12680,0.0,0.0,1.3629799857213138,0.0
12681,0.0,0.0,34.074499643032844,33.224961458415464
12682,15.531050482584453,33.71601801709366,32.711519657311534,28.47853839292754
12683,10.354033655056302,50.574027025640504,36.80045961447547,45.09101912213528
12684,0.0,0.0,1.3629799857213138,0.0
12685,72.47823558539412,16.85800900854683,34.074499643032844,41.53120182301934
12686,31.062100965168906,0.0,20.444699785819708,20.172298028323674
12687,0.0,0.0,0.0,1.1866057663719811
12688,0.0,0.0,0.0,1.1866057663719811
12689,15.531050482584453,0.0,13.629799857213138,17.799086495579715
12690,5.177016827528151,0.0,1.3629799857213138,1.1866057663719811
12691,5.177016827528151,0.0,8.177879914327884,9.492846130975849
12692,25.885084137640757,33.71601801709366,46.34131951452467,32.03835569204349
12693,103.54033655056303,50.574027025640504,77.68985918611489,39.15799029027537
12694,0.0,0.0,4.088939957163942,8.306240364603866
12695,20.708067310112604,67.43203603418732,39.5264195859181,36.784778757531406
12696,15.531050482584453,33.71601801709366,12.266819871491824,8.306240364603866
12697,0.0,0.0,1.3629799857213138,0.0
12698,56.94718510280967,151.72208107692148,107.67541887198378,74.7561632814348
12699,0.0,0.0,2.7259599714426277,4.7464230654879245
12700,10.354033655056302,0.0,9.540859900049197,17.799086495579715
12701,51.77016827528151,134.86407206837464,1909.5349599955605,3960.8900481496726
12702,56.94718510280967,67.43203603418732,12.266819871491824,18.985692261951698
12703,82.83226924045042,67.43203603418732,55.88217941457387,60.51689408497103
12704,0.0,0.0,65.42303931462307,71.19634598231886
12705,15.531050482584453,16.85800900854683,110.40137884342641,16.612480729207732
12706,0.0,16.85800900854683,0.0,1.1866057663719811
12707,15.531050482584453,16.85800900854683,8.177879914327884,4.7464230654879245
12708,10.354033655056302,0.0,20.444699785819708,10.679451897347828
12709,0.0,0.0,0.0,1.1866057663719811
12710,36.23911779269706,33.71601801709366,61.33409935745912,66.44992291683093
12711,5.177016827528151,0.0,0.0,1.1866057663719811
12712,10.354033655056302,16.85800900854683,27.259599714426276,21.358903794695657
12713,10.354033655056302,0.0,24.53363974298365,29.665144159299523
12714,144.95647117078823,101.14805405128101,119.94223874347561,142.39269196463772
12715,67.30121875786597,101.14805405128101,59.97111937173781,62.89010561771499
12716,10.354033655056302,0.0,2.7259599714426277,0.0
12717,455.57748082247736,556.3142972820455,258.9661972870496,104.42130744073432
12718,15.531050482584453,0.0,23.170659757262335,24.918721093811598
12719,0.0,0.0,1.3629799857213138,0.0
12720,51.77016827528151,50.574027025640504,54.51919942885255,27.291932626555564
12721,10.354033655056302,0.0,16.355759828655767,22.54550956106764
12722,0.0,0.0,0.0,2.3732115327439622
12723,15.531050482584453,16.85800900854683,9.540859900049197,13.05266343009179
12724,67.30121875786597,50.574027025640504,58.6081393860165,48.65083642125122
12725,191.5496226185416,134.86407206837464,107.67541887198378,129.34002853454592
12726,0.0,0.0,4.088939957163942,7.119634598231885
12727,5.177016827528151,0.0,1.3629799857213138,5.933028831859905
12728,0.0,0.0,1.3629799857213138,0.0
12729,5.177016827528151,0.0,8.177879914327884,11.86605766371981
12730,5.177016827528151,0.0,0.0,0.0
12731,0.0,0.0,1.3629799857213138,3.5598172991159425
12732,119.07138703314749,16.85800900854683,61.33409935745912,64.07671138408698
12733,36.23911779269706,101.14805405128101,62.697079343180434,65.26331715045895
12734,31.062100965168906,0.0,9.540859900049197,9.492846130975849
12735,10.354033655056302,16.85800900854683,102.22349892909853,66.44992291683093
12736,0.0,0.0,1.3629799857213138,0.0
12737,5.177016827528151,0.0,2.7259599714426277,5.933028831859905
12738,0.0,0.0,0.0,3.5598172991159425
12739,20.708067310112604,16.85800900854683,62.697079343180434,93.74185554338649
12740,196.72663944606975,185.43809909401514,133.57203860068873,121.03378816994206
12741,5.177016827528151,84.29004504273416,5.451919942885255,4.7464230654879245
12742,0.0,0.0,0.0,1.1866057663719811
12743,15.531050482584453,16.85800900854683,20.444699785819708,20.172298028323674
12744,10.354033655056302,0.0,6.814899928606569,5.933028831859905
12745,77.65525241292227,134.86407206837464,36.80045961447547,62.89010561771499
12746,41.41613462022521,50.574027025640504,39.5264195859181,33.224961458415464
12747,119.07138703314749,16.85800900854683,23.170659757262335,10.679451897347828
12748,5.177016827528151,0.0,2.7259599714426277,7.119634598231885
12749,5.177016827528151,0.0,16.355759828655767,41.53120182301934
12750,41.41613462022521,50.574027025640504,16.355759828655767,10.679451897347828
12751,46.593151447753364,67.43203603418732,49.0672794859673,59.330288318599045
12752,82.83226924045042,16.85800900854683,57.24515940029518,53.39725948673914
12753,502.17063227023067,219.15411711110883,502.93961473116474,602.7957293169663
12754,25.885084137640757,50.574027025640504,13.629799857213138,15.425874962835751
12755,176.01857213595713,168.58009008546833,139.023958543574,151.88553809561358
12756,186.37260579101346,118.00606305982784,84.50475911472145,130.5266343009179
12757,0.0,0.0,1.3629799857213138,0.0
12758,0.0,16.85800900854683,0.0,2.3732115327439622
12759,15.531050482584453,16.85800900854683,35.43747962875416,24.918721093811598
12760,25.885084137640757,84.29004504273416,19.081719800098394,21.358903794695657
12761,5.177016827528151,0.0,1.3629799857213138,1.1866057663719811
12762,72.47823558539412,101.14805405128101,92.68263902904934,90.18203824427056
12763,36.23911779269706,50.574027025640504,24.53363974298365,27.291932626555564
12764,176.01857213595713,101.14805405128101,132.20905861496746,132.89984583366186
12765,5.177016827528151,16.85800900854683,5.451919942885255,4.7464230654879245
12766,10.354033655056302,33.71601801709366,6.814899928606569,13.05266343009179
12767,0.0,0.0,2.7259599714426277,1.1866057663719811
12768,51.77016827528151,0.0,31.348539671590217,35.59817299115943
12769,67.30121875786597,16.85800900854683,53.15621944313124,79.50258634692273
12770,0.0,0.0,5.451919942885255,7.119634598231885
12771,46.593151447753364,50.574027025640504,59.97111937173781,74.7561632814348
12772,5.177016827528151,0.0,2.7259599714426277,9.492846130975849
12773,10.354033655056302,0.0,23.170659757262335,22.54550956106764
12774,31.062100965168906,50.574027025640504,79.0528391718362,47.46423065487924
12775,1019.8723150230459,1331.7827116751998,571.0886140172305,384.46026830452183
12776,5.177016827528151,33.71601801709366,53.15621944313124,29.665144159299523
12777,0.0,0.0,2.7259599714426277,0.0
12778,31.062100965168906,67.43203603418732,92.68263902904934,100.86149014161838
12779,0.0,0.0,4.088939957163942,9.492846130975849
12780,5.177016827528151,0.0,1.3629799857213138,1.1866057663719811
12781,0.0,16.85800900854683,1.3629799857213138,1.1866057663719811
12782,31.062100965168906,67.43203603418732,40.889399571639416,14.23926919646377
12783,414.1613462022521,337.16018017093666,113.12733881486903,119.84718240357007
12784,25.885084137640757,33.71601801709366,40.889399571639416,39.15799029027537
12785,46.593151447753364,67.43203603418732,46.34131951452467,48.65083642125122
12786,25.885084137640757,16.85800900854683,88.5936990718854,74.7561632814348
12787,0.0,0.0,1.3629799857213138,4.7464230654879245
12788,5.177016827528151,0.0,4.088939957163942,0.0
12789,20.708067310112604,0.0,0.0,7.119634598231885
12790,0.0,0.0,1.3629799857213138,4.7464230654879245
12791,51.77016827528151,67.43203603418732,76.32687920039358,74.7561632814348
12792,31.062100965168906,50.574027025640504,57.24515940029518,47.46423065487924
12793,93.18630289550673,101.14805405128101,85.86773910044276,104.42130744073432
12794,5.177016827528151,0.0,0.0,1.1866057663719811
12795,5.177016827528151,0.0,4.088939957163942,15.425874962835751
12796,41.41613462022521,67.43203603418732,39.5264195859181,24.918721093811598
12797,5.177016827528151,33.71601801709366,29.985559685868903,32.03835569204349
12798,36.23911779269706,84.29004504273416,36.80045961447547,32.03835569204349
12799,0.0,0.0,10.90383988577051,5.933028831859905
12800,62.12420193033781,33.71601801709366,13.629799857213138,0.0
12801,36.23911779269706,0.0,31.348539671590217,33.224961458415464
12802,10.354033655056302,0.0,5.451919942885255,7.119634598231885
12803,0.0,0.0,8.177879914327884,17.799086495579715
12804,67.30121875786597,33.71601801709366,40.889399571639416,40.34459605664735
12805,10.354033655056302,0.0,14.992779842934452,18.985692261951698
12806,10.354033655056302,0.0,24.53363974298365,46.277624888507255
12807,20.708067310112604,0.0,36.80045961447547,48.65083642125122
12808,5.177016827528151,0.0,12.266819871491824,23.73211532743962
12809,0.0,0.0,24.53363974298365,16.612480729207732
12810,0.0,0.0,0.0,1.1866057663719811
12811,46.593151447753364,67.43203603418732,44.97833952880335,39.15799029027537
12812,36.23911779269706,33.71601801709366,10.90383988577051,16.612480729207732
12813,20.708067310112604,0.0,14.992779842934452,18.985692261951698
12814,15.531050482584453,0.0,5.451919942885255,1.1866057663719811
12815,0.0,0.0,4.088939957163942,8.306240364603866
12816,0.0,0.0,1.3629799857213138,0.0
12817,0.0,0.0,16.355759828655767,9.492846130975849
12818,10.354033655056302,0.0,16.355759828655767,16.612480729207732
12819,0.0,0.0,2.7259599714426277,1.1866057663719811
12820,31.062100965168906,16.85800900854683,44.97833952880335,32.03835569204349
12821,574.6488678556248,337.16018017093666,314.84837670162347,355.9817299115943
12822,10.354033655056302,0.0,4.088939957163942,8.306240364603866
12823,0.0,0.0,4.088939957163942,3.5598172991159425
12824,25.885084137640757,16.85800900854683,21.80767977154102,18.985692261951698
12825,0.0,0.0,1.3629799857213138,0.0
12826,31.062100965168906,0.0,9.540859900049197,9.492846130975849
12827,51.77016827528151,33.71601801709366,28.62257970014759,52.21065372036716
12828,10.354033655056302,16.85800900854683,9.540859900049197,5.933028831859905
12829,25.885084137640757,33.71601801709366,57.24515940029518,60.51689408497103
12830,88.00928606797856,168.58009008546833,74.96389921467225,84.24900941241064
12831,445.223447167421,387.73420719657713,392.5382358877384,469.89588348330443
12832,56.94718510280967,33.71601801709366,85.86773910044276,48.65083642125122
12833,5.177016827528151,16.85800900854683,1.3629799857213138,3.5598172991159425
12834,25.885084137640757,33.71601801709366,28.62257970014759,27.291932626555564
12835,0.0,0.0,2.7259599714426277,7.119634598231885
12836,10.354033655056302,16.85800900854683,14.992779842934452,35.59817299115943
12837,20.708067310112604,33.71601801709366,55.88217941457387,35.59817299115943
12838,56.94718510280967,16.85800900854683,29.985559685868903,36.784778757531406
12839,25.885084137640757,0.0,14.992779842934452,22.54550956106764
12840,36.23911779269706,50.574027025640504,58.6081393860165,36.784778757531406
12841,0.0,0.0,5.451919942885255,0.0
12842,274.381891858992,67.43203603418732,216.71381772968888,242.0675763398841
12843,0.0,0.0,0.0,8.306240364603866
12844,56.94718510280967,0.0,38.16343960019679,42.71780758939131
12845,41.41613462022521,67.43203603418732,53.15621944313124,53.39725948673914
12846,5.177016827528151,0.0,17.71873981437708,9.492846130975849
12847,315.79802647921724,269.7281441367493,169.0095182294429,157.81856692747348
12848,0.0,0.0,1.3629799857213138,0.0
12849,0.0,0.0,1.3629799857213138,2.3732115327439622
12850,5.177016827528151,0.0,8.177879914327884,8.306240364603866
12851,41.41613462022521,0.0,12.266819871491824,7.119634598231885
12852,0.0,0.0,4.088939957163942,1.1866057663719811
12853,10.354033655056302,0.0,17.71873981437708,16.612480729207732
12854,77.65525241292227,50.574027025640504,94.04561901477065,58.14368255222707
12855,0.0,0.0,0.0,2.3732115327439622
12856,165.66453848090083,101.14805405128101,122.66819871491823,105.60791320710631
12857,0.0,0.0,13.629799857213138,17.799086495579715
12858,0.0,0.0,1.3629799857213138,0.0
12859,119.07138703314749,33.71601801709366,35.43747962875416,11.86605766371981
12860,10.354033655056302,0.0,0.0,0.0
12861,51.77016827528151,33.71601801709366,70.87495925750832,47.46423065487924
12862,93.18630289550673,236.01212611965568,88.5936990718854,58.14368255222707
12863,258.8508413764076,168.58009008546833,213.98785775824624,156.6319611611015
12864,274.381891858992,134.86407206837464,181.2763381009347,220.70867254518845
12865,10.354033655056302,16.85800900854683,20.444699785819708,11.86605766371981
12866,25.885084137640757,16.85800900854683,24.53363974298365,21.358903794695657
12867,10.354033655056302,16.85800900854683,51.793239457409925,47.46423065487924
12868,5.177016827528151,33.71601801709366,13.629799857213138,13.05266343009179
12869,56.94718510280967,67.43203603418732,74.96389921467225,52.21065372036716
12870,5.177016827528151,0.0,25.896619728704962,30.851749925671502
12871,0.0,16.85800900854683,6.814899928606569,10.679451897347828
12872,331.32907696180166,286.5861531452962,269.8700371728201,276.4791435646715
12873,103.54033655056303,50.574027025640504,110.40137884342641,103.23470167436234
12874,31.062100965168906,33.71601801709366,5.451919942885255,4.7464230654879245
12875,0.0,0.0,0.0,1.1866057663719811
12876,119.07138703314749,16.85800900854683,53.15621944313124,60.51689408497103
12877,31.062100965168906,0.0,9.540859900049197,13.05266343009179
12878,62.12420193033781,118.00606305982784,91.31965904332802,65.26331715045895
12879,25.885084137640757,33.71601801709366,25.896619728704962,32.03835569204349
12880,0.0,0.0,1.3629799857213138,0.0
12881,0.0,0.0,2.7259599714426277,0.0
12882,10.354033655056302,33.71601801709366,1.3629799857213138,4.7464230654879245
12883,10.354033655056302,0.0,0.0,1.1866057663719811
12884,5.177016827528151,0.0,2.7259599714426277,0.0
12885,0.0,0.0,1.3629799857213138,1.1866057663719811
12886,0.0,0.0,1.3629799857213138,0.0
12887,0.0,0.0,1.3629799857213138,1.1866057663719811
12888,0.0,0.0,0.0,3.5598172991159425
12889,20.708067310112604,0.0,2.7259599714426277,4.7464230654879245
12890,0.0,0.0,1.3629799857213138,2.3732115327439622
12891,0.0,0.0,8.177879914327884,5.933028831859905
12892,5.177016827528151,0.0,9.540859900049197,4.7464230654879245
12893,0.0,0.0,0.0,3.5598172991159425
12894,0.0,0.0,0.0,1.1866057663719811
12895,0.0,0.0,2.7259599714426277,0.0
12896,0.0,0.0,0.0,1.1866057663719811
12897,5.177016827528151,16.85800900854683,6.814899928606569,3.5598172991159425
12898,0.0,0.0,1.3629799857213138,0.0
12899,0.0,67.43203603418732,27.259599714426276,16.612480729207732
12900,20.708067310112604,16.85800900854683,29.985559685868903,34.411567224787454
12901,20.708067310112604,33.71601801709366,21.80767977154102,21.358903794695657
12902,5.177016827528151,0.0,6.814899928606569,8.306240364603866
12903,15.531050482584453,16.85800900854683,8.177879914327884,15.425874962835751
12904,0.0,33.71601801709366,14.992779842934452,14.23926919646377
12905,0.0,0.0,0.0,1.1866057663719811
12906,41.41613462022521,16.85800900854683,32.711519657311534,30.851749925671502
12907,264.0278582039357,185.43809909401514,126.75713867208219,121.03378816994206
12908,10.354033655056302,16.85800900854683,81.77879914327883,92.55524977701451
12909,284.7359255140483,269.7281441367493,449.78339528803355,500.74763340897596
12910,67.30121875786597,33.71601801709366,103.58647891481985,84.24900941241064
12911,10.354033655056302,33.71601801709366,14.992779842934452,10.679451897347828
12912,5.177016827528151,16.85800900854683,6.814899928606569,9.492846130975849
12913,0.0,0.0,5.451919942885255,2.3732115327439622
12914,51.77016827528151,0.0,81.77879914327883,74.7561632814348
12915,0.0,0.0,1.3629799857213138,0.0
12916,5.177016827528151,0.0,1.3629799857213138,0.0
12917,77.65525241292227,16.85800900854683,51.793239457409925,67.63652868320291
12918,10.354033655056302,16.85800900854683,2.7259599714426277,1.1866057663719811
12919,10.354033655056302,33.71601801709366,38.16343960019679,34.411567224787454
12920,62.12420193033781,0.0,28.62257970014759,33.224961458415464
12921,0.0,0.0,1.3629799857213138,2.3732115327439622
12922,0.0,0.0,0.0,1.1866057663719811
12923,0.0,0.0,1.3629799857213138,0.0
12924,10.354033655056302,16.85800900854683,13.629799857213138,10.679451897347828
12925,176.01857213595713,84.29004504273416,51.793239457409925,34.411567224787454
12926,41.41613462022521,33.71601801709366,23.170659757262335,20.172298028323674
12927,10.354033655056302,0.0,9.540859900049197,1.1866057663719811
12928,0.0,0.0,0.0,1.1866057663719811
12929,20.708067310112604,16.85800900854683,53.15621944313124,34.411567224787454
12930,0.0,0.0,1.3629799857213138,0.0
12931,0.0,0.0,13.629799857213138,13.05266343009179
12932,258.8508413764076,33.71601801709366,203.08401787247573,170.87123035756525
12933,25.885084137640757,0.0,58.6081393860165,60.51689408497103
12934,31.062100965168906,16.85800900854683,54.51919942885255,30.851749925671502
12935,36.23911779269706,33.71601801709366,43.61535954308204,41.53120182301934
12936,93.18630289550673,67.43203603418732,62.697079343180434,56.95707678585508
12937,0.0,0.0,1.3629799857213138,0.0
12938,0.0,0.0,1.3629799857213138,1.1866057663719811
12939,31.062100965168906,0.0,32.711519657311534,32.03835569204349
12940,88.00928606797856,16.85800900854683,39.5264195859181,52.21065372036716
12941,0.0,0.0,4.088939957163942,7.119634598231885
12942,20.708067310112604,16.85800900854683,36.80045961447547,40.34459605664735
12943,0.0,0.0,1.3629799857213138,0.0
12944,10.354033655056302,33.71601801709366,12.266819871491824,9.492846130975849
12945,134.60243751573194,67.43203603418732,148.56481844362318,102.04809590799037
12946,0.0,0.0,1.3629799857213138,2.3732115327439622
12947,20.708067310112604,16.85800900854683,14.992779842934452,21.358903794695657
12948,0.0,16.85800900854683,8.177879914327884,28.47853839292754
12949,0.0,0.0,1.3629799857213138,1.1866057663719811
12950,25.885084137640757,33.71601801709366,95.40859900049196,98.48827860887442
12951,88.00928606797856,134.86407206837464,65.42303931462307,53.39725948673914
12952,5.177016827528151,0.0,19.081719800098394,41.53120182301934
12953,0.0,0.0,0.0,3.5598172991159425
12954,41.41613462022521,16.85800900854683,21.80767977154102,14.23926919646377
12955,31.062100965168906,33.71601801709366,23.170659757262335,47.46423065487924
12956,20.708067310112604,0.0,0.0,0.0
12957,0.0,0.0,2.7259599714426277,0.0
12958,5.177016827528151,0.0,9.540859900049197,10.679451897347828
12959,5.177016827528151,0.0,5.451919942885255,10.679451897347828
12960,0.0,16.85800900854683,2.7259599714426277,1.1866057663719811
12961,82.83226924045042,84.29004504273416,53.15621944313124,45.09101912213528
12962,46.593151447753364,33.71601801709366,64.06005932890174,58.14368255222707
12963,51.77016827528151,33.71601801709366,38.16343960019679,42.71780758939131
12964,0.0,16.85800900854683,14.992779842934452,16.612480729207732
12965,31.062100965168906,0.0,14.992779842934452,23.73211532743962
12966,139.77945434326008,134.86407206837464,44.97833952880335,28.47853839292754
12967,31.062100965168906,16.85800900854683,40.889399571639416,39.15799029027537
12968,0.0,0.0,1.3629799857213138,1.1866057663719811
12969,755.8444568191101,438.30823422221766,276.6849371014267,153.07214386198552
12970,0.0,0.0,0.0,1.1866057663719811
12971,31.062100965168906,33.71601801709366,16.355759828655767,15.425874962835751
12972,5.177016827528151,0.0,0.0,1.1866057663719811
12973,5.177016827528151,0.0,42.252379557360726,32.03835569204349
12974,0.0,0.0,13.629799857213138,0.0
12975,10.354033655056302,0.0,36.80045961447547,53.39725948673914
12976,103.54033655056303,16.85800900854683,74.96389921467225,67.63652868320291
12977,51.77016827528151,33.71601801709366,28.62257970014759,43.90441335576329
12978,0.0,0.0,24.53363974298365,23.73211532743962
12979,62.12420193033781,50.574027025640504,35.43747962875416,41.53120182301934
12980,823.145675576976,505.740270256405,1127.1844481915264,1048.9594974728311
12981,289.91294234157647,67.43203603418732,445.6944553308696,145.95250926375365
12982,5.177016827528151,0.0,28.62257970014759,20.172298028323674
12983,0.0,0.0,1.3629799857213138,0.0
12984,10.354033655056302,16.85800900854683,35.43747962875416,32.03835569204349
12985,150.13348799831638,421.4502252136708,468.865115088132,463.96285465144456
12986,15.531050482584453,16.85800900854683,10.90383988577051,17.799086495579715
12987,41.41613462022521,50.574027025640504,19.081719800098394,18.985692261951698
12988,15.531050482584453,0.0,1.3629799857213138,4.7464230654879245
12989,0.0,0.0,0.0,1.1866057663719811
12990,41.41613462022521,0.0,34.074499643032844,17.799086495579715
12991,5.177016827528151,0.0,17.71873981437708,13.05266343009179
12992,41.41613462022521,50.574027025640504,9.540859900049197,15.425874962835751
12993,0.0,16.85800900854683,1.3629799857213138,1.1866057663719811
12994,5.177016827528151,0.0,1.3629799857213138,7.119634598231885
12995,10.354033655056302,33.71601801709366,17.71873981437708,14.23926919646377
12996,15.531050482584453,0.0,20.444699785819708,21.358903794695657
12997,5.177016827528151,16.85800900854683,39.5264195859181,35.59817299115943
12998,31.062100965168906,0.0,32.711519657311534,23.73211532743962
12999,0.0,0.0,0.0,1.1866057663719811
13000,170.84155530842898,134.86407206837464,126.75713867208219,110.35433627259422
13001,62.12420193033781,134.86407206837464,61.33409935745912,49.837442187623196
13002,0.0,0.0,1.3629799857213138,0.0
13003,31.062100965168906,16.85800900854683,38.16343960019679,34.411567224787454
13004,134.60243751573194,118.00606305982784,106.31243888626248,130.5266343009179
13005,0.0,0.0,0.0,1.1866057663719811
13006,0.0,0.0,23.170659757262335,9.492846130975849
13007,5.177016827528151,0.0,17.71873981437708,10.679451897347828
13008,46.593151447753364,33.71601801709366,35.43747962875416,34.411567224787454
13009,0.0,0.0,0.0,1.1866057663719811
13010,1377.0864761224882,303.44416215384297,342.1079764160498,256.3068455363479
13011,0.0,0.0,1.3629799857213138,3.5598172991159425
13012,56.94718510280967,16.85800900854683,58.6081393860165,51.024047953995186
13013,31.062100965168906,0.0,1.3629799857213138,35.59817299115943
13014,0.0,0.0,0.0,1.1866057663719811
13015,0.0,0.0,1.3629799857213138,1.1866057663719811
13016,93.18630289550673,67.43203603418732,117.216278772033,94.92846130975848
13017,31.062100965168906,0.0,6.814899928606569,20.172298028323674
13018,0.0,0.0,4.088939957163942,10.679451897347828
13019,0.0,0.0,0.0,11.86605766371981
13020,5.177016827528151,0.0,73.60091922895094,122.22039393631405
13021,20.708067310112604,50.574027025640504,39.5264195859181,36.784778757531406
13022,10.354033655056302,0.0,6.814899928606569,8.306240364603866
13023,82.83226924045042,202.29610810256202,61.33409935745912,56.95707678585508
13024,0.0,0.0,1.3629799857213138,0.0
13025,62.12420193033781,16.85800900854683,28.62257970014759,39.15799029027537
13026,5.177016827528151,16.85800900854683,32.711519657311534,37.971384523903396
13027,31.062100965168906,33.71601801709366,46.34131951452467,35.59817299115943
13028,0.0,16.85800900854683,8.177879914327884,13.05266343009179
13029,5.177016827528151,0.0,5.451919942885255,9.492846130975849
13030,10.354033655056302,16.85800900854683,25.896619728704962,24.918721093811598
13031,20.708067310112604,16.85800900854683,29.985559685868903,20.172298028323674
13032,10.354033655056302,0.0,8.177879914327884,8.306240364603866
13033,5.177016827528151,0.0,1.3629799857213138,1.1866057663719811
13034,41.41613462022521,101.14805405128101,46.34131951452467,58.14368255222707
13035,5.177016827528151,0.0,12.266819871491824,10.679451897347828
13036,0.0,0.0,0.0,1.1866057663719811
13037,5.177016827528151,16.85800900854683,21.80767977154102,27.291932626555564
13038,0.0,0.0,2.7259599714426277,4.7464230654879245
13039,41.41613462022521,50.574027025640504,65.42303931462307,65.26331715045895
13040,20.708067310112604,33.71601801709366,32.711519657311534,41.53120182301934
13041,0.0,0.0,1.3629799857213138,4.7464230654879245
13042,62.12420193033781,50.574027025640504,79.0528391718362,70.00974021594688
13043,15.531050482584453,16.85800900854683,5.451919942885255,2.3732115327439622
13044,5.177016827528151,0.0,10.90383988577051,7.119634598231885
13045,0.0,0.0,0.0,5.933028831859905
13046,15.531050482584453,33.71601801709366,44.97833952880335,29.665144159299523
13047,15.531050482584453,16.85800900854683,13.629799857213138,37.971384523903396
13048,46.593151447753364,84.29004504273416,133.57203860068873,74.7561632814348
13049,704.0742885438285,438.30823422221766,1506.0928842220517,1477.3241791331163
13050,403.8073125471958,185.43809909401514,155.37971837222977,202.90958604960875
13051,51.77016827528151,16.85800900854683,34.074499643032844,30.851749925671502
13052,93.18630289550673,50.574027025640504,43.61535954308204,40.34459605664735
13053,0.0,0.0,0.0,1.1866057663719811
13054,10.354033655056302,33.71601801709366,16.355759828655767,28.47853839292754
13055,0.0,0.0,0.0,1.1866057663719811
13056,36.23911779269706,50.574027025640504,65.42303931462307,46.277624888507255
13057,0.0,0.0,0.0,1.1866057663719811
13058,5.177016827528151,0.0,1.3629799857213138,1.1866057663719811
13059,5.177016827528151,0.0,2.7259599714426277,1.1866057663719811
13060,0.0,0.0,1.3629799857213138,0.0
13061,67.30121875786597,33.71601801709366,25.896619728704962,5.933028831859905
13062,0.0,0.0,1.3629799857213138,0.0
13063,10.354033655056302,33.71601801709366,13.629799857213138,17.799086495579715
13064,341.68311061685796,219.15411711110883,357.10075625898423,378.52723947266196
13065,5.177016827528151,0.0,12.266819871491824,4.7464230654879245
13066,5.177016827528151,16.85800900854683,8.177879914327884,20.172298028323674
13067,67.30121875786597,252.8701351282025,132.20905861496746,80.6891921132947
13068,0.0,16.85800900854683,2.7259599714426277,1.1866057663719811
13069,0.0,0.0,5.451919942885255,5.933028831859905
13070,0.0,0.0,2.7259599714426277,3.5598172991159425
13071,0.0,33.71601801709366,6.814899928606569,7.119634598231885
13072,36.23911779269706,16.85800900854683,16.355759828655767,23.73211532743962
13073,88.00928606797856,50.574027025640504,94.04561901477065,92.55524977701451
13074,62.12420193033781,67.43203603418732,64.06005932890174,67.63652868320291
13075,0.0,0.0,1.3629799857213138,1.1866057663719811
13076,5.177016827528151,0.0,25.896619728704962,29.665144159299523
13077,0.0,0.0,0.0,10.679451897347828
13078,10.354033655056302,16.85800900854683,29.985559685868903,35.59817299115943
13079,0.0,0.0,12.266819871491824,7.119634598231885
13080,51.77016827528151,33.71601801709366,53.15621944313124,51.024047953995186
13081,0.0,0.0,1.3629799857213138,1.1866057663719811
13082,0.0,16.85800900854683,20.444699785819708,11.86605766371981
13083,5.177016827528151,0.0,4.088939957163942,1.1866057663719811
13084,0.0,0.0,1.3629799857213138,0.0
13085,50455.20600108937,73736.93140338385,20541.47136480592,17254.434448814973
13086,5.177016827528151,16.85800900854683,1.3629799857213138,0.0
13087,20.708067310112604,0.0,14.992779842934452,14.23926919646377
13088,10.354033655056302,33.71601801709366,13.629799857213138,29.665144159299523
13089,15.531050482584453,33.71601801709366,38.16343960019679,48.65083642125122
13090,41.41613462022521,33.71601801709366,21.80767977154102,22.54550956106764
13091,10.354033655056302,0.0,13.629799857213138,10.679451897347828
13092,0.0,0.0,1.3629799857213138,0.0
13093,0.0,0.0,95.40859900049196,104.42130744073432
13094,62.12420193033781,33.71601801709366,333.9300965017219,348.86209531336243
13095,269.20487503146387,50.574027025640504,158.1056783436724,168.4980188248213
13096,0.0,0.0,0.0,1.1866057663719811
13097,67.30121875786597,0.0,24.53363974298365,23.73211532743962
13098,0.0,0.0,1.3629799857213138,0.0
13099,0.0,0.0,8.177879914327884,0.0
13100,0.0,16.85800900854683,2.7259599714426277,0.0
13101,0.0,0.0,4.088939957163942,3.5598172991159425
13102,0.0,0.0,36.80045961447547,53.39725948673914
13103,5.177016827528151,0.0,5.451919942885255,8.306240364603866
13104,103.54033655056303,168.58009008546833,106.31243888626248,98.48827860887442
13105,0.0,0.0,4.088939957163942,2.3732115327439622
13106,5.177016827528151,0.0,1.3629799857213138,1.1866057663719811
13107,0.0,0.0,4.088939957163942,1.1866057663719811
13108,0.0,16.85800900854683,0.0,2.3732115327439622
13109,176.01857213595713,33.71601801709366,70.87495925750832,72.38295174869084
13110,5.177016827528151,0.0,5.451919942885255,14.23926919646377
13111,20.708067310112604,0.0,5.451919942885255,3.5598172991159425
13112,36.23911779269706,16.85800900854683,20.444699785819708,23.73211532743962
13113,170.84155530842898,438.30823422221766,208.535937815361,150.6989323292416
13114,0.0,0.0,1.3629799857213138,0.0
13115,0.0,33.71601801709366,54.51919942885255,60.51689408497103
13116,0.0,0.0,13.629799857213138,17.799086495579715
13117,51.77016827528151,16.85800900854683,17.71873981437708,15.425874962835751
13118,0.0,0.0,4.088939957163942,4.7464230654879245
13119,88.00928606797856,33.71601801709366,29.985559685868903,58.14368255222707
13120,0.0,0.0,0.0,2.3732115327439622
13121,0.0,0.0,0.0,1.1866057663719811
13122,181.1955889634853,118.00606305982784,184.00229807237736,167.31141305844932
13123,10.354033655056302,0.0,25.896619728704962,39.15799029027537
13124,51.77016827528151,67.43203603418732,46.34131951452467,66.44992291683093
13125,10.354033655056302,0.0,4.088939957163942,2.3732115327439622
13126,77.65525241292227,67.43203603418732,92.68263902904934,64.07671138408698
13127,5.177016827528151,0.0,8.177879914327884,2.3732115327439622
13128,0.0,16.85800900854683,0.0,0.0
13129,62.12420193033781,33.71601801709366,46.34131951452467,78.31598058055074
13130,88.00928606797856,101.14805405128101,21.80767977154102,30.851749925671502
13131,62.12420193033781,236.01212611965568,66.78601930034436,70.00974021594688
13132,10.354033655056302,0.0,8.177879914327884,5.933028831859905
13133,0.0,0.0,1.3629799857213138,0.0
13134,46.593151447753364,101.14805405128101,38.16343960019679,37.971384523903396
13135,15.531050482584453,0.0,17.71873981437708,22.54550956106764
13136,0.0,0.0,1.3629799857213138,0.0
13137,0.0,0.0,1.3629799857213138,0.0
13138,119.07138703314749,219.15411711110883,106.31243888626248,83.06240364603867
13139,0.0,0.0,5.451919942885255,8.306240364603866
13140,0.0,0.0,0.0,1.1866057663719811
13141,62.12420193033781,50.574027025640504,36.80045961447547,36.784778757531406
13142,77.65525241292227,33.71601801709366,43.61535954308204,37.971384523903396
13143,31.062100965168906,16.85800900854683,14.992779842934452,32.03835569204349
13144,15.531050482584453,0.0,42.252379557360726,53.39725948673914
13145,0.0,0.0,1.3629799857213138,1.1866057663719811
13146,1107.8816010910243,488.88226124785814,403.4420757735089,494.81460457711603
13147,124.24840386067562,101.14805405128101,114.49031880059036,131.7132400672899
13148,0.0,0.0,1.3629799857213138,0.0
13149,36.23911779269706,16.85800900854683,40.889399571639416,47.46423065487924
13150,5.177016827528151,0.0,17.71873981437708,20.172298028323674
13151,0.0,0.0,6.814899928606569,8.306240364603866
13152,41.41613462022521,33.71601801709366,64.06005932890174,54.58386525311113
13153,0.0,0.0,0.0,1.1866057663719811
13154,5.177016827528151,0.0,8.177879914327884,13.05266343009179
13155,77.65525241292227,101.14805405128101,492.03577484539426,351.2353068461063
13156,108.71735337809118,286.5861531452962,519.2953745598205,405.8191720992175
13157,1351.2013919848475,2360.1212611965566,1511.544804164937,545.8386525311113
13158,20.708067310112604,33.71601801709366,20.444699785819708,23.73211532743962
13159,139.77945434326008,50.574027025640504,100.86051894337723,83.06240364603867
13160,186.37260579101346,151.72208107692148,231.70659757262334,199.34976875049279
13161,217.43470675618235,118.00606305982784,111.76435882914774,85.43561517878263
13162,5.177016827528151,0.0,0.0,2.3732115327439622
13163,15.531050482584453,0.0,13.629799857213138,21.358903794695657
13164,10.354033655056302,16.85800900854683,8.177879914327884,18.985692261951698
13165,0.0,0.0,0.0,2.3732115327439622
13166,82.83226924045042,50.574027025640504,39.5264195859181,48.65083642125122
13167,0.0,0.0,10.90383988577051,10.679451897347828
13168,20.708067310112604,16.85800900854683,223.52871765829548,199.34976875049279
13169,5.177016827528151,0.0,2.7259599714426277,10.679451897347828
13170,0.0,0.0,0.0,1.1866057663719811
13171,31.062100965168906,16.85800900854683,55.88217941457387,49.837442187623196
13172,0.0,0.0,0.0,1.1866057663719811
13173,15.531050482584453,0.0,51.793239457409925,136.45966313277782
13174,0.0,0.0,1.3629799857213138,0.0
13175,5.177016827528151,0.0,5.451919942885255,7.119634598231885
13176,46.593151447753364,0.0,5.451919942885255,7.119634598231885
13177,10.354033655056302,0.0,9.540859900049197,7.119634598231885
13178,5.177016827528151,0.0,1.3629799857213138,1.1866057663719811
13179,10.354033655056302,16.85800900854683,17.71873981437708,17.799086495579715
13180,46.593151447753364,16.85800900854683,29.985559685868903,40.34459605664735
13181,20.708067310112604,50.574027025640504,23.170659757262335,40.34459605664735
13182,20.708067310112604,0.0,21.80767977154102,26.10532686018358
13183,10.354033655056302,0.0,6.814899928606569,0.0
13184,0.0,0.0,0.0,1.1866057663719811
13185,0.0,0.0,1.3629799857213138,0.0
13186,0.0,0.0,2.7259599714426277,1.1866057663719811
13187,5.177016827528151,0.0,38.16343960019679,34.411567224787454
13188,279.55890868652017,118.00606305982784,85.86773910044276,41.53120182301934
13189,77.65525241292227,0.0,72.23793924322963,64.07671138408698
13190,0.0,0.0,29.985559685868903,24.918721093811598
13191,62.12420193033781,67.43203603418732,32.711519657311534,32.03835569204349
13192,0.0,0.0,16.355759828655767,23.73211532743962
13193,0.0,0.0,1.3629799857213138,0.0
13194,0.0,0.0,2.7259599714426277,0.0
13195,31.062100965168906,16.85800900854683,31.348539671590217,17.799086495579715
13196,10.354033655056302,0.0,1.3629799857213138,1.1866057663719811
13197,25.885084137640757,16.85800900854683,4.088939957163942,5.933028831859905
13198,5.177016827528151,0.0,0.0,0.0
13199,5.177016827528151,0.0,23.170659757262335,26.10532686018358
13200,15.531050482584453,0.0,23.170659757262335,23.73211532743962
13201,67.30121875786597,67.43203603418732,57.24515940029518,45.09101912213528
13202,67.30121875786597,50.574027025640504,35.43747962875416,42.71780758939131
13203,383.0992452370832,84.29004504273416,158.1056783436724,151.88553809561358
13204,124.24840386067562,67.43203603418732,103.58647891481985,122.22039393631405
13205,41.41613462022521,67.43203603418732,28.62257970014759,37.971384523903396
13206,119.07138703314749,50.574027025640504,53.15621944313124,61.703499851343004
13207,5.177016827528151,0.0,0.0,3.5598172991159425
13208,0.0,16.85800900854683,1.3629799857213138,0.0
13209,113.89437020561934,101.14805405128101,122.66819871491823,86.62222094515461
13210,0.0,0.0,0.0,2.3732115327439622
13211,0.0,0.0,8.177879914327884,2.3732115327439622
13212,41.41613462022521,33.71601801709366,47.70429950024598,45.09101912213528
13213,0.0,0.0,0.0,1.1866057663719811
13214,5.177016827528151,0.0,20.444699785819708,26.10532686018358
13215,5.177016827528151,0.0,1.3629799857213138,2.3732115327439622
13216,0.0,0.0,0.0,1.1866057663719811
13217,274.381891858992,202.29610810256202,154.01673838650845,160.19177846021742
13218,217.43470675618235,50.574027025640504,260.3291772727709,280.0389608637875
13219,486.63958178764625,151.72208107692148,198.9950779153118,131.7132400672899
13220,82.83226924045042,16.85800900854683,44.97833952880335,54.58386525311113
13221,201.9036562735979,202.29610810256202,132.20905861496746,137.64626889914982
13222,5.177016827528151,0.0,1.3629799857213138,1.1866057663719811
13223,25.885084137640757,101.14805405128101,57.24515940029518,75.94276904780679
13224,46.593151447753364,0.0,42.252379557360726,47.46423065487924
13225,10.354033655056302,16.85800900854683,39.5264195859181,41.53120182301934
13226,5.177016827528151,16.85800900854683,8.177879914327884,9.492846130975849
13227,0.0,0.0,1.3629799857213138,2.3732115327439622
13228,51.77016827528151,33.71601801709366,81.77879914327883,65.26331715045895
13229,51.77016827528151,50.574027025640504,54.51919942885255,70.00974021594688
13230,0.0,0.0,0.0,2.3732115327439622
13231,0.0,0.0,0.0,1.1866057663719811
13232,5.177016827528151,0.0,4.088939957163942,7.119634598231885
13233,10.354033655056302,16.85800900854683,10.90383988577051,13.05266343009179
13234,36.23911779269706,0.0,19.081719800098394,35.59817299115943
13235,25.885084137640757,0.0,17.71873981437708,27.291932626555564
13236,10.354033655056302,0.0,9.540859900049197,5.933028831859905
13237,0.0,0.0,0.0,2.3732115327439622
13238,0.0,0.0,2.7259599714426277,2.3732115327439622
13239,0.0,16.85800900854683,4.088939957163942,7.119634598231885
13240,67.30121875786597,16.85800900854683,119.94223874347561,103.23470167436234
13241,10.354033655056302,16.85800900854683,25.896619728704962,28.47853839292754
13242,5.177016827528151,0.0,6.814899928606569,10.679451897347828
13243,0.0,0.0,1.3629799857213138,0.0
13244,5.177016827528151,0.0,8.177879914327884,14.23926919646377
13245,15.531050482584453,0.0,40.889399571639416,35.59817299115943
13246,51.77016827528151,33.71601801709366,39.5264195859181,30.851749925671502
13247,25.885084137640757,16.85800900854683,74.96389921467225,67.63652868320291
13248,0.0,16.85800900854683,54.51919942885255,68.82313444957491
13249,0.0,0.0,9.540859900049197,2.3732115327439622
13250,0.0,0.0,1.3629799857213138,2.3732115327439622
13251,134.60243751573194,151.72208107692148,95.40859900049196,109.16773050622226
13252,56.94718510280967,50.574027025640504,77.68985918611489,78.31598058055074
13253,517.7016827528151,455.1662432307645,864.1293109473129,876.901661348894
13254,25.885084137640757,0.0,28.62257970014759,35.59817299115943
13255,62.12420193033781,67.43203603418732,53.15621944313124,36.784778757531406
13256,5.177016827528151,0.0,0.0,1.1866057663719811
13257,31.062100965168906,84.29004504273416,303.9445368158529,363.10136450982617
13258,0.0,0.0,0.0,2.3732115327439622
13259,62.12420193033781,67.43203603418732,38.16343960019679,65.26331715045895
13260,414.1613462022521,252.8701351282025,378.90843603052525,361.91475874345423
13261,5.177016827528151,0.0,49.0672794859673,90.18203824427056
13262,25.885084137640757,0.0,1.3629799857213138,5.933028831859905
13263,88.00928606797856,33.71601801709366,89.9566790576067,100.86149014161838
13264,124.24840386067562,134.86407206837464,89.9566790576067,124.59360546905799
13265,20.708067310112604,33.71601801709366,39.5264195859181,37.971384523903396
13266,15.531050482584453,0.0,12.266819871491824,9.492846130975849
13267,5.177016827528151,0.0,2.7259599714426277,4.7464230654879245
13268,56.94718510280967,0.0,40.889399571639416,66.44992291683093
13269,20.708067310112604,33.71601801709366,19.081719800098394,17.799086495579715
13270,124.24840386067562,50.574027025640504,151.29077841506583,164.93820152570535
13271,36.23911779269706,33.71601801709366,149.9277984293445,210.02922064784065
13272,0.0,0.0,0.0,2.3732115327439622
13273,5.177016827528151,0.0,5.451919942885255,0.0
13274,20.708067310112604,16.85800900854683,9.540859900049197,11.86605766371981
13275,0.0,0.0,0.0,1.1866057663719811
13276,5.177016827528151,16.85800900854683,5.451919942885255,1.1866057663719811
13277,5.177016827528151,0.0,6.814899928606569,7.119634598231885
13278,129.4254206882038,118.00606305982784,212.62487777252497,229.01491290979232
13279,46.593151447753364,0.0,4.088939957163942,8.306240364603866
13280,0.0,0.0,0.0,1.1866057663719811
13281,5.177016827528151,0.0,1.3629799857213138,0.0
13282,0.0,16.85800900854683,1.3629799857213138,0.0
13283,0.0,0.0,2.7259599714426277,0.0
13284,5.177016827528151,16.85800900854683,5.451919942885255,1.1866057663719811
13285,5.177016827528151,50.574027025640504,65.42303931462307,8.306240364603866
13286,0.0,16.85800900854683,10.90383988577051,10.679451897347828
13287,0.0,16.85800900854683,1.3629799857213138,2.3732115327439622
13288,15.531050482584453,33.71601801709366,0.0,0.0
13289,5.177016827528151,0.0,2.7259599714426277,4.7464230654879245
13290,0.0,0.0,2.7259599714426277,4.7464230654879245
13291,20.708067310112604,33.71601801709366,9.540859900049197,22.54550956106764
13292,279.55890868652017,67.43203603418732,117.216278772033,136.45966313277782
13293,56.94718510280967,84.29004504273416,84.50475911472145,61.703499851343004
13294,0.0,0.0,2.7259599714426277,0.0
13295,5.177016827528151,0.0,2.7259599714426277,1.1866057663719811
13296,15.531050482584453,16.85800900854683,23.170659757262335,24.918721093811598
13297,62.12420193033781,33.71601801709366,57.24515940029518,90.18203824427056
13298,5.177016827528151,16.85800900854683,35.43747962875416,30.851749925671502
13299,5.177016827528151,0.0,21.80767977154102,32.03835569204349
13300,0.0,16.85800900854683,4.088939957163942,11.86605766371981
13301,10.354033655056302,50.574027025640504,12.266819871491824,20.172298028323674
13302,25.885084137640757,16.85800900854683,13.629799857213138,8.306240364603866
13303,5.177016827528151,0.0,0.0,4.7464230654879245
13304,41.41613462022521,33.71601801709366,47.70429950024598,55.770471019483104
13305,5.177016827528151,0.0,6.814899928606569,9.492846130975849
13306,5.177016827528151,0.0,2.7259599714426277,1.1866057663719811
13307,31.062100965168906,84.29004504273416,32.711519657311534,49.837442187623196
13308,15.531050482584453,0.0,12.266819871491824,15.425874962835751
13309,5.177016827528151,0.0,20.444699785819708,22.54550956106764
13310,10.354033655056302,0.0,4.088939957163942,2.3732115327439622
13311,0.0,0.0,1.3629799857213138,1.1866057663719811
13312,0.0,16.85800900854683,0.0,2.3732115327439622
13313,51.77016827528151,67.43203603418732,102.22349892909853,112.72754780533819
13314,5.177016827528151,0.0,4.088939957163942,9.492846130975849
13315,5.177016827528151,33.71601801709366,17.71873981437708,17.799086495579715
13316,5.177016827528151,0.0,6.814899928606569,8.306240364603866
13317,5.177016827528151,0.0,4.088939957163942,2.3732115327439622
13318,67.30121875786597,33.71601801709366,39.5264195859181,23.73211532743962
13319,0.0,0.0,1.3629799857213138,5.933028831859905
13320,0.0,16.85800900854683,0.0,2.3732115327439622
13321,20.708067310112604,33.71601801709366,32.711519657311534,46.277624888507255
13322,5.177016827528151,0.0,4.088939957163942,3.5598172991159425
13323,139.77945434326008,67.43203603418732,57.24515940029518,66.44992291683093
13324,0.0,0.0,25.896619728704962,24.918721093811598
13325,0.0,0.0,4.088939957163942,2.3732115327439622
13326,0.0,0.0,0.0,1.1866057663719811
13327,5.177016827528151,0.0,1.3629799857213138,0.0
13328,766.1984904741664,269.7281441367493,211.26189778680364,169.68462459119328
13329,20.708067310112604,33.71601801709366,13.629799857213138,10.679451897347828
13330,258.8508413764076,252.8701351282025,433.42763545937777,301.3978646584832
13331,0.0,0.0,0.0,2.3732115327439622
13332,25.885084137640757,50.574027025640504,36.80045961447547,27.291932626555564
13333,5.177016827528151,16.85800900854683,16.355759828655767,26.10532686018358
13334,51.77016827528151,33.71601801709366,51.793239457409925,49.837442187623196
13335,0.0,16.85800900854683,0.0,1.1866057663719811
13336,20.708067310112604,0.0,35.43747962875416,24.918721093811598
13337,5.177016827528151,0.0,4.088939957163942,3.5598172991159425
13338,5.177016827528151,16.85800900854683,4.088939957163942,4.7464230654879245
13339,0.0,0.0,6.814899928606569,4.7464230654879245
13340,46.593151447753364,16.85800900854683,16.355759828655767,33.224961458415464
13341,5.177016827528151,0.0,2.7259599714426277,1.1866057663719811
13342,31.062100965168906,0.0,25.896619728704962,18.985692261951698
13343,82.83226924045042,16.85800900854683,124.03117870063956,78.31598058055074
13344,20.708067310112604,33.71601801709366,44.97833952880335,41.53120182301934
13345,10.354033655056302,0.0,6.814899928606569,1.1866057663719811
13346,31.062100965168906,0.0,23.170659757262335,18.985692261951698
13347,0.0,0.0,0.0,1.1866057663719811
13348,67.30121875786597,101.14805405128101,85.86773910044276,72.38295174869084
13349,93.18630289550673,185.43809909401514,166.28355825800028,175.61765342305316
13350,41.41613462022521,0.0,39.5264195859181,54.58386525311113
13351,0.0,0.0,5.451919942885255,3.5598172991159425
13352,5.177016827528151,0.0,8.177879914327884,9.492846130975849
13353,25.885084137640757,0.0,17.71873981437708,13.05266343009179
13354,5.177016827528151,50.574027025640504,39.5264195859181,27.291932626555564
13355,0.0,0.0,77.68985918611489,73.56955751506281
13356,15.531050482584453,33.71601801709366,32.711519657311534,46.277624888507255
13357,31.062100965168906,33.71601801709366,36.80045961447547,53.39725948673914
13358,5.177016827528151,0.0,5.451919942885255,8.306240364603866
13359,5.177016827528151,16.85800900854683,9.540859900049197,10.679451897347828
13360,88.00928606797856,50.574027025640504,42.252379557360726,37.971384523903396
13361,88.00928606797856,151.72208107692148,99.4975389576559,35.59817299115943
13362,41.41613462022521,50.574027025640504,39.5264195859181,28.47853839292754
13363,36.23911779269706,0.0,12.266819871491824,13.05266343009179
13364,5.177016827528151,16.85800900854683,28.62257970014759,10.679451897347828
13365,0.0,0.0,4.088939957163942,0.0
13366,0.0,0.0,1.3629799857213138,1.1866057663719811
13367,5.177016827528151,0.0,4.088939957163942,2.3732115327439622
13368,10.354033655056302,16.85800900854683,40.889399571639416,32.03835569204349
13369,15.531050482584453,0.0,21.80767977154102,17.799086495579715
13370,5.177016827528151,0.0,2.7259599714426277,4.7464230654879245
13371,36.23911779269706,33.71601801709366,25.896619728704962,22.54550956106764
13372,15.531050482584453,0.0,19.081719800098394,23.73211532743962
13373,5.177016827528151,0.0,19.081719800098394,33.224961458415464
13374,5.177016827528151,16.85800900854683,19.081719800098394,24.918721093811598
13375,67.30121875786597,33.71601801709366,34.074499643032844,15.425874962835751
13376,0.0,0.0,0.0,1.1866057663719811
13377,15.531050482584453,16.85800900854683,16.355759828655767,20.172298028323674
13378,93.18630289550673,118.00606305982784,126.75713867208219,112.72754780533819
13379,5.177016827528151,0.0,0.0,1.1866057663719811
13380,0.0,0.0,0.0,2.3732115327439622
13381,15.531050482584453,16.85800900854683,10.90383988577051,22.54550956106764
13382,51.77016827528151,84.29004504273416,62.697079343180434,52.21065372036716
13383,41.41613462022521,33.71601801709366,54.51919942885255,43.90441335576329
13384,5.177016827528151,0.0,6.814899928606569,5.933028831859905
13385,10.354033655056302,0.0,2.7259599714426277,24.918721093811598
13386,20.708067310112604,0.0,4.088939957163942,3.5598172991159425
13387,20.708067310112604,16.85800900854683,2.7259599714426277,1.1866057663719811
13388,5.177016827528151,0.0,2.7259599714426277,5.933028831859905
13389,41.41613462022521,16.85800900854683,31.348539671590217,37.971384523903396
13390,10.354033655056302,16.85800900854683,5.451919942885255,16.612480729207732
13391,119.07138703314749,134.86407206837464,83.14177912900014,110.35433627259422
13392,10.354033655056302,0.0,4.088939957163942,8.306240364603866
13393,5.177016827528151,0.0,5.451919942885255,2.3732115327439622
13394,20.708067310112604,50.574027025640504,23.170659757262335,18.985692261951698
13395,20.708067310112604,0.0,28.62257970014759,16.612480729207732
13396,0.0,0.0,1.3629799857213138,0.0
13397,10.354033655056302,16.85800900854683,51.793239457409925,32.03835569204349
13398,10.354033655056302,16.85800900854683,12.266819871491824,17.799086495579715
13399,5.177016827528151,0.0,8.177879914327884,10.679451897347828
13400,5.177016827528151,0.0,1.3629799857213138,0.0
13401,0.0,0.0,8.177879914327884,9.492846130975849
13402,196.72663944606975,67.43203603418732,145.83885847218056,174.43104765668122
13403,10.354033655056302,0.0,8.177879914327884,7.119634598231885
13404,31.062100965168906,0.0,49.0672794859673,47.46423065487924
13405,0.0,16.85800900854683,20.444699785819708,23.73211532743962
13406,25.885084137640757,16.85800900854683,9.540859900049197,7.119634598231885
13407,41.41613462022521,33.71601801709366,43.61535954308204,53.39725948673914
13408,41.41613462022521,33.71601801709366,58.6081393860165,51.024047953995186
13409,0.0,0.0,2.7259599714426277,4.7464230654879245
13410,973.2791635752925,404.59221620512403,109.0383988577051,74.7561632814348
13411,62.12420193033781,101.14805405128101,58.6081393860165,85.43561517878263
13412,46.593151447753364,33.71601801709366,14.992779842934452,10.679451897347828
13413,5.177016827528151,0.0,6.814899928606569,7.119634598231885
13414,72.47823558539412,67.43203603418732,50.430259471688615,66.44992291683093
13415,5.177016827528151,0.0,1.3629799857213138,0.0
13416,72.47823558539412,50.574027025640504,55.88217941457387,70.00974021594688
13417,10.354033655056302,16.85800900854683,12.266819871491824,5.933028831859905
13418,10.354033655056302,0.0,5.451919942885255,8.306240364603866
13419,108.71735337809118,67.43203603418732,65.42303931462307,60.51689408497103
13420,10.354033655056302,0.0,0.0,0.0
13421,88.00928606797856,84.29004504273416,118.57925875775429,94.92846130975848
13422,41.41613462022521,16.85800900854683,54.51919942885255,26.10532686018358
13423,20.708067310112604,16.85800900854683,29.985559685868903,22.54550956106764
13424,5.177016827528151,33.71601801709366,6.814899928606569,11.86605766371981
13425,5.177016827528151,0.0,21.80767977154102,15.425874962835751
13426,15.531050482584453,0.0,8.177879914327884,4.7464230654879245
13427,15.531050482584453,33.71601801709366,486.58385490250896,332.2496145841547
13428,0.0,0.0,5.451919942885255,3.5598172991159425
13429,5.177016827528151,0.0,8.177879914327884,9.492846130975849
13430,88.00928606797856,33.71601801709366,58.6081393860165,46.277624888507255
13431,0.0,0.0,2.7259599714426277,3.5598172991159425
13432,5.177016827528151,0.0,6.814899928606569,14.23926919646377
13433,5.177016827528151,0.0,1.3629799857213138,0.0
13434,0.0,0.0,1.3629799857213138,1.1866057663719811
13435,88.00928606797856,101.14805405128101,55.88217941457387,53.39725948673914
13436,5.177016827528151,0.0,0.0,1.1866057663719811
13437,10.354033655056302,16.85800900854683,8.177879914327884,8.306240364603866
13438,0.0,33.71601801709366,24.53363974298365,15.425874962835751
13439,0.0,0.0,2.7259599714426277,0.0
13440,51.77016827528151,0.0,27.259599714426276,40.34459605664735
13441,20.708067310112604,33.71601801709366,35.43747962875416,28.47853839292754
13442,502.17063227023067,387.73420719657713,288.95175697291853,297.83804735936724
13443,15.531050482584453,50.574027025640504,42.252379557360726,21.358903794695657
13444,0.0,0.0,6.814899928606569,9.492846130975849
13445,0.0,16.85800900854683,1.3629799857213138,5.933028831859905
13446,67.30121875786597,33.71601801709366,50.430259471688615,79.50258634692273
13447,31.062100965168906,50.574027025640504,55.88217941457387,53.39725948673914
13448,0.0,0.0,1.3629799857213138,1.1866057663719811
13449,15.531050482584453,0.0,19.081719800098394,11.86605766371981
13450,10.354033655056302,16.85800900854683,6.814899928606569,1.1866057663719811
13451,46.593151447753364,67.43203603418732,4.088939957163942,4.7464230654879245
13452,0.0,16.85800900854683,6.814899928606569,10.679451897347828
13453,62.12420193033781,101.14805405128101,223.52871765829548,289.5318069947634
13454,25.885084137640757,0.0,2.7259599714426277,5.933028831859905
13455,31.062100965168906,50.574027025640504,35.43747962875416,24.918721093811598
13456,5.177016827528151,0.0,8.177879914327884,7.119634598231885
13457,56.94718510280967,50.574027025640504,39.5264195859181,32.03835569204349
13458,56.94718510280967,84.29004504273416,62.697079343180434,48.65083642125122
13459,0.0,0.0,2.7259599714426277,0.0
13460,0.0,16.85800900854683,6.814899928606569,11.86605766371981
13461,0.0,0.0,5.451919942885255,14.23926919646377
13462,0.0,0.0,0.0,1.1866057663719811
13463,113.89437020561934,33.71601801709366,46.34131951452467,72.38295174869084
13464,320.97504330674536,202.29610810256202,328.4781765588366,364.28797027619817
13465,36.23911779269706,16.85800900854683,34.074499643032844,32.03835569204349
13466,10.354033655056302,0.0,1.3629799857213138,0.0
13467,0.0,16.85800900854683,0.0,0.0
13468,15.531050482584453,67.43203603418732,25.896619728704962,32.03835569204349
13469,0.0,0.0,2.7259599714426277,3.5598172991159425
13470,31.062100965168906,118.00606305982784,1.3629799857213138,4.7464230654879245
13471,82.83226924045042,16.85800900854683,36.80045961447547,43.90441335576329
13472,823.145675576976,691.1783693504201,918.6485103761655,967.0836995931645
13473,10.354033655056302,0.0,115.85329878631167,113.91415357171016
13474,93.18630289550673,0.0,8.177879914327884,27.291932626555564
13475,15.531050482584453,16.85800900854683,32.711519657311534,32.03835569204349
13476,31.062100965168906,0.0,16.355759828655767,17.799086495579715
13477,0.0,0.0,1.3629799857213138,2.3732115327439622
13478,10.354033655056302,33.71601801709366,23.170659757262335,23.73211532743962
13479,0.0,0.0,1.3629799857213138,0.0
13480,15.531050482584453,33.71601801709366,17.71873981437708,23.73211532743962
13481,31.062100965168906,101.14805405128101,553.3698742028535,626.527844644406
13482,144.95647117078823,0.0,21.80767977154102,28.47853839292754
13483,0.0,0.0,2.7259599714426277,0.0
13484,20.708067310112604,16.85800900854683,40.889399571639416,29.665144159299523
13485,10.354033655056302,0.0,27.259599714426276,21.358903794695657
13486,10.354033655056302,50.574027025640504,40.889399571639416,48.65083642125122
13487,5.177016827528151,16.85800900854683,1.3629799857213138,3.5598172991159425
13488,0.0,0.0,5.451919942885255,11.86605766371981
13489,31.062100965168906,16.85800900854683,118.57925875775429,134.08645160003385
13490,0.0,16.85800900854683,12.266819871491824,11.86605766371981
13491,134.60243751573194,101.14805405128101,113.12733881486903,147.13911503012562
13492,0.0,0.0,0.0,1.1866057663719811
13493,0.0,0.0,4.088939957163942,2.3732115327439622
13494,10.354033655056302,0.0,29.985559685868903,24.918721093811598
13495,0.0,0.0,1.3629799857213138,0.0
13496,46.593151447753364,67.43203603418732,50.430259471688615,56.95707678585508
13497,46.593151447753364,33.71601801709366,24.53363974298365,30.851749925671502
13498,978.4561804028207,826.0424414187947,1521.085664064986,1817.8800340818748
13499,0.0,0.0,1.3629799857213138,9.492846130975849
13500,5.177016827528151,33.71601801709366,4.088939957163942,1.1866057663719811
13501,113.89437020561934,101.14805405128101,74.96389921467225,77.12937481417876
13502,15.531050482584453,16.85800900854683,25.896619728704962,20.172298028323674
13503,72.47823558539412,0.0,49.0672794859673,54.58386525311113
13504,5.177016827528151,0.0,2.7259599714426277,3.5598172991159425
13505,41.41613462022521,0.0,14.992779842934452,40.34459605664735
13506,25.885084137640757,50.574027025640504,19.081719800098394,32.03835569204349
13507,0.0,0.0,4.088939957163942,0.0
13508,0.0,0.0,0.0,2.3732115327439622
13509,196.72663944606975,151.72208107692148,245.33639742983647,208.84261488146865
13510,98.36331972303488,16.85800900854683,62.697079343180434,54.58386525311113
13511,10.354033655056302,0.0,10.90383988577051,16.612480729207732
13512,10.354033655056302,84.29004504273416,27.259599714426276,46.277624888507255
13513,5.177016827528151,0.0,2.7259599714426277,7.119634598231885
13514,0.0,0.0,1.3629799857213138,0.0
13515,362.3911779269706,236.01212611965568,164.92057827227896,74.7561632814348
13516,5.177016827528151,0.0,8.177879914327884,5.933028831859905
13517,144.95647117078823,101.14805405128101,55.88217941457387,49.837442187623196
13518,62.12420193033781,16.85800900854683,14.992779842934452,5.933028831859905
13519,0.0,0.0,0.0,1.1866057663719811
13520,0.0,0.0,25.896619728704962,16.612480729207732
13521,20.708067310112604,0.0,8.177879914327884,8.306240364603866
13522,10.354033655056302,0.0,6.814899928606569,13.05266343009179
13523,0.0,0.0,5.451919942885255,8.306240364603866
13524,82.83226924045042,16.85800900854683,111.76435882914774,100.86149014161838
13525,56.94718510280967,0.0,6.814899928606569,5.933028831859905
13526,31.062100965168906,33.71601801709366,20.444699785819708,28.47853839292754
13527,388.27626206461133,674.3203603418733,339.38201644460713,186.29710532040102
13528,393.4532788921395,118.00606305982784,111.76435882914774,116.28736510445414
13529,41.41613462022521,84.29004504273416,39.5264195859181,39.15799029027537
13530,20.708067310112604,0.0,23.170659757262335,21.358903794695657
13531,20.708067310112604,16.85800900854683,17.71873981437708,20.172298028323674
13532,20.708067310112604,0.0,27.259599714426276,18.985692261951698
13533,10.354033655056302,0.0,13.629799857213138,8.306240364603866
13534,25.885084137640757,33.71601801709366,38.16343960019679,26.10532686018358
13535,129.4254206882038,134.86407206837464,58.6081393860165,84.24900941241064
13536,295.0899591691046,219.15411711110883,96.77157898621327,70.00974021594688
13537,5.177016827528151,16.85800900854683,12.266819871491824,10.679451897347828
13538,5.177016827528151,0.0,24.53363974298365,15.425874962835751
13539,77.65525241292227,16.85800900854683,96.77157898621327,88.99543247789858
13540,82.83226924045042,33.71601801709366,31.348539671590217,41.53120182301934
13541,5.177016827528151,16.85800900854683,1.3629799857213138,2.3732115327439622
13542,10.354033655056302,0.0,0.0,5.933028831859905
13543,56.94718510280967,84.29004504273416,28.62257970014759,51.024047953995186
13544,5.177016827528151,0.0,5.451919942885255,5.933028831859905
13545,82.83226924045042,118.00606305982784,143.11289850073794,117.47397087082611
13546,5.177016827528151,0.0,0.0,0.0
13547,0.0,0.0,0.0,3.5598172991159425
13548,212.2576899286542,84.29004504273416,174.46143817232817,174.43104765668122
13549,10.354033655056302,0.0,17.71873981437708,21.358903794695657
13550,56.94718510280967,0.0,47.70429950024598,47.46423065487924
13551,20.708067310112604,16.85800900854683,14.992779842934452,20.172298028323674
13552,5.177016827528151,33.71601801709366,89.9566790576067,60.51689408497103
13553,155.31050482584453,202.29610810256202,302.58155683013166,312.077316555831
13554,5.177016827528151,0.0,1.3629799857213138,1.1866057663719811
13555,15.531050482584453,0.0,20.444699785819708,27.291932626555564
13556,139.77945434326008,185.43809909401514,691.030852760706,250.37381670448798
13557,0.0,0.0,1.3629799857213138,0.0
13558,0.0,0.0,2.7259599714426277,13.05266343009179
13559,0.0,0.0,5.451919942885255,4.7464230654879245
13560,31.062100965168906,151.72208107692148,32.711519657311534,29.665144159299523
13561,10.354033655056302,0.0,12.266819871491824,8.306240364603866
13562,0.0,0.0,0.0,1.1866057663719811
13563,108.71735337809118,101.14805405128101,79.0528391718362,60.51689408497103
13564,1584.1671492236144,455.1662432307645,227.6176576154594,181.55068225491308
13565,0.0,0.0,1.3629799857213138,0.0
13566,31.062100965168906,0.0,10.90383988577051,15.425874962835751
13567,36.23911779269706,0.0,42.252379557360726,43.90441335576329
13568,98.36331972303488,67.43203603418732,57.24515940029518,67.63652868320291
13569,0.0,0.0,2.7259599714426277,1.1866057663719811
13570,10.354033655056302,50.574027025640504,19.081719800098394,17.799086495579715
13571,0.0,0.0,1.3629799857213138,0.0
13572,20.708067310112604,0.0,12.266819871491824,10.679451897347828
13573,108.71735337809118,16.85800900854683,72.23793924322963,96.11506707613046
13574,0.0,0.0,0.0,1.1866057663719811
13575,0.0,0.0,10.90383988577051,1.1866057663719811
13576,5.177016827528151,0.0,14.992779842934452,10.679451897347828
13577,31.062100965168906,67.43203603418732,58.6081393860165,29.665144159299523
13578,0.0,0.0,12.266819871491824,1.1866057663719811
13579,15.531050482584453,0.0,24.53363974298365,21.358903794695657
13580,5.177016827528151,0.0,4.088939957163942,2.3732115327439622
13581,15.531050482584453,33.71601801709366,84.50475911472145,24.918721093811598
13582,0.0,0.0,1.3629799857213138,0.0
13583,0.0,0.0,1.3629799857213138,1.1866057663719811
13584,41.41613462022521,134.86407206837464,42.252379557360726,60.51689408497103
13585,31.062100965168906,16.85800900854683,19.081719800098394,30.851749925671502
13586,46.593151447753364,50.574027025640504,16.355759828655767,26.10532686018358
13587,108.71735337809118,101.14805405128101,66.78601930034436,61.703499851343004
13588,31.062100965168906,33.71601801709366,25.896619728704962,30.851749925671502
13589,31.062100965168906,50.574027025640504,35.43747962875416,41.53120182301934
13590,93.18630289550673,84.29004504273416,35.43747962875416,58.14368255222707
13591,20.708067310112604,33.71601801709366,29.985559685868903,32.03835569204349
13592,31.062100965168906,16.85800900854683,13.629799857213138,26.10532686018358
13593,36.23911779269706,16.85800900854683,107.67541887198378,102.04809590799037
13594,5.177016827528151,0.0,2.7259599714426277,4.7464230654879245
13595,0.0,0.0,1.3629799857213138,1.1866057663719811
13596,227.78874041123868,219.15411711110883,359.8267162304268,418.8718355293093
13597,56.94718510280967,101.14805405128101,115.85329878631167,137.64626889914982
13598,15.531050482584453,0.0,29.985559685868903,43.90441335576329
13599,0.0,0.0,2.7259599714426277,0.0
13600,5.177016827528151,0.0,12.266819871491824,16.612480729207732
13601,5.177016827528151,0.0,12.266819871491824,9.492846130975849
13602,0.0,0.0,6.814899928606569,9.492846130975849
13603,10.354033655056302,0.0,8.177879914327884,11.86605766371981
13604,0.0,0.0,13.629799857213138,9.492846130975849
13605,0.0,0.0,0.0,1.1866057663719811
13606,41.41613462022521,16.85800900854683,24.53363974298365,30.851749925671502
13607,67.30121875786597,50.574027025640504,31.348539671590217,35.59817299115943
13608,51.77016827528151,50.574027025640504,84.50475911472145,77.12937481417876
13609,72.47823558539412,50.574027025640504,47.70429950024598,36.784778757531406
13610,77.65525241292227,118.00606305982784,13.629799857213138,24.918721093811598
13611,0.0,0.0,4.088939957163942,0.0
13612,0.0,0.0,0.0,1.1866057663719811
13613,15.531050482584453,50.574027025640504,39.5264195859181,35.59817299115943
13614,10.354033655056302,16.85800900854683,29.985559685868903,28.47853839292754
13615,15.531050482584453,0.0,2.7259599714426277,8.306240364603866
13616,36.23911779269706,16.85800900854683,58.6081393860165,22.54550956106764
13617,20.708067310112604,0.0,64.06005932890174,24.918721093811598
13618,51.77016827528151,16.85800900854683,84.50475911472145,30.851749925671502
13619,20.708067310112604,16.85800900854683,44.97833952880335,34.411567224787454
13620,20.708067310112604,16.85800900854683,4.088939957163942,11.86605766371981
13621,5.177016827528151,16.85800900854683,34.074499643032844,59.330288318599045
13622,36.23911779269706,33.71601801709366,29.985559685868903,36.784778757531406
13623,0.0,16.85800900854683,2.7259599714426277,4.7464230654879245
13624,222.6117235837105,84.29004504273416,85.86773910044276,116.28736510445414
13625,129.4254206882038,101.14805405128101,99.4975389576559,123.40699970268601
13626,0.0,0.0,2.7259599714426277,17.799086495579715
13627,25.885084137640757,0.0,46.34131951452467,54.58386525311113
13628,72.47823558539412,118.00606305982784,69.511979271787,61.703499851343004
13629,15.531050482584453,0.0,9.540859900049197,5.933028831859905
13630,134.60243751573194,84.29004504273416,50.430259471688615,64.07671138408698
13631,72.47823558539412,101.14805405128101,84.50475911472145,60.51689408497103
13632,0.0,0.0,1.3629799857213138,0.0
13633,5.177016827528151,0.0,14.992779842934452,21.358903794695657
13634,67.30121875786597,33.71601801709366,49.0672794859673,48.65083642125122
13635,46.593151447753364,16.85800900854683,62.697079343180434,45.09101912213528
13636,5.177016827528151,0.0,21.80767977154102,4.7464230654879245
13637,62.12420193033781,118.00606305982784,497.48769478827955,539.9056236992514
13638,0.0,0.0,2.7259599714426277,5.933028831859905
13639,46.593151447753364,50.574027025640504,88.5936990718854,80.6891921132947
13640,0.0,0.0,1.3629799857213138,0.0
13641,51.77016827528151,33.71601801709366,58.6081393860165,70.00974021594688
13642,5.177016827528151,0.0,12.266819871491824,11.86605766371981
13643,0.0,0.0,0.0,1.1866057663719811
13644,186.37260579101346,84.29004504273416,152.65375840078715,200.53637451686478
13645,20.708067310112604,67.43203603418732,27.259599714426276,30.851749925671502
13646,15.531050482584453,0.0,20.444699785819708,11.86605766371981
13647,0.0,0.0,1.3629799857213138,0.0
13648,67.30121875786597,33.71601801709366,27.259599714426276,40.34459605664735
13649,15.531050482584453,0.0,145.83885847218056,110.35433627259422
13650,46.593151447753364,0.0,43.61535954308204,121.03378816994206
13651,0.0,0.0,1.3629799857213138,1.1866057663719811
13652,15.531050482584453,0.0,111.76435882914774,91.36864401064253
13653,36.23911779269706,0.0,34.074499643032844,42.71780758939131
13654,51.77016827528151,50.574027025640504,59.97111937173781,60.51689408497103
13655,0.0,0.0,1.3629799857213138,0.0
13656,5.177016827528151,16.85800900854683,14.992779842934452,49.837442187623196
13657,0.0,0.0,1.3629799857213138,0.0
13658,25.885084137640757,16.85800900854683,163.55759828655766,215.96224947970055
13659,108.71735337809118,118.00606305982784,115.85329878631167,124.59360546905799
13660,0.0,0.0,1.3629799857213138,4.7464230654879245
13661,0.0,0.0,0.0,1.1866057663719811
13662,150.13348799831638,151.72208107692148,109.0383988577051,66.44992291683093
13663,124.24840386067562,84.29004504273416,152.65375840078715,134.08645160003385
13664,31.062100965168906,16.85800900854683,17.71873981437708,23.73211532743962
13665,25.885084137640757,0.0,19.081719800098394,15.425874962835751
13666,10.354033655056302,0.0,2.7259599714426277,0.0
13667,93.18630289550673,50.574027025640504,99.4975389576559,140.01948043189375
13668,46.593151447753364,101.14805405128101,77.68985918611489,79.50258634692273
13669,10.354033655056302,0.0,0.0,0.0
13670,98.36331972303488,151.72208107692148,607.8890736317059,598.0493062514784
13671,0.0,0.0,1.3629799857213138,2.3732115327439622
13672,0.0,0.0,61.33409935745912,68.82313444957491
13673,0.0,0.0,2.7259599714426277,1.1866057663719811
13674,10.354033655056302,67.43203603418732,438.879555402263,55.770471019483104
13675,248.49680772135125,16.85800900854683,218.0767977154102,647.8867484391016
13676,25.885084137640757,16.85800900854683,20.444699785819708,30.851749925671502
13677,605.7109688207937,354.0181891794835,1075.3912087341166,1288.6538622799712
13678,0.0,0.0,5.451919942885255,1.1866057663719811
13679,36.23911779269706,0.0,19.081719800098394,17.799086495579715
13680,56.94718510280967,0.0,87.23071908616409,36.784778757531406
13681,46.593151447753364,33.71601801709366,51.793239457409925,55.770471019483104
13682,5.177016827528151,16.85800900854683,12.266819871491824,18.985692261951698
13683,36.23911779269706,16.85800900854683,20.444699785819708,13.05266343009179
13684,5.177016827528151,16.85800900854683,12.266819871491824,14.23926919646377
13685,0.0,0.0,6.814899928606569,7.119634598231885
13686,25.885084137640757,16.85800900854683,17.71873981437708,20.172298028323674
13687,160.48752165337268,118.00606305982784,173.09845818660685,154.25874962835752
13688,10.354033655056302,0.0,8.177879914327884,10.679451897347828
13689,36.23911779269706,33.71601801709366,40.889399571639416,64.07671138408698
13690,0.0,0.0,1.3629799857213138,0.0
13691,0.0,0.0,1.3629799857213138,4.7464230654879245
13692,258.8508413764076,134.86407206837464,152.65375840078715,176.80425918942515
13693,0.0,0.0,0.0,1.1866057663719811
13694,25.885084137640757,0.0,29.985559685868903,42.71780758939131
13695,0.0,0.0,1.3629799857213138,0.0
13696,25.885084137640757,33.71601801709366,69.511979271787,52.21065372036716
13697,15.531050482584453,16.85800900854683,13.629799857213138,11.86605766371981
13698,15.531050482584453,33.71601801709366,31.348539671590217,33.224961458415464
13699,31.062100965168906,0.0,40.889399571639416,22.54550956106764
13700,139.77945434326008,151.72208107692148,152.65375840078715,147.13911503012562
13701,41.41613462022521,33.71601801709366,58.6081393860165,33.224961458415464
13702,0.0,16.85800900854683,1.3629799857213138,2.3732115327439622
13703,0.0,0.0,4.088939957163942,8.306240364603866
13704,15.531050482584453,0.0,21.80767977154102,27.291932626555564
13705,20.708067310112604,33.71601801709366,24.53363974298365,24.918721093811598
13706,0.0,0.0,0.0,2.3732115327439622
13707,98.36331972303488,67.43203603418732,89.9566790576067,78.31598058055074
13708,15.531050482584453,0.0,59.97111937173781,64.07671138408698
13709,590.1799183382092,236.01212611965568,451.14637527375487,562.451133260319
13710,0.0,16.85800900854683,32.711519657311534,41.53120182301934
13711,0.0,0.0,0.0,2.3732115327439622
13712,20.708067310112604,50.574027025640504,81.77879914327883,98.48827860887442
13713,139.77945434326008,50.574027025640504,95.40859900049196,96.11506707613046
13714,139.77945434326008,118.00606305982784,198.9950779153118,181.55068225491308
13715,548.763783717984,303.44416215384297,810.9730915041818,836.5570652922465
13716,0.0,0.0,0.0,2.3732115327439622
13717,124.24840386067562,118.00606305982784,73.60091922895094,71.19634598231886
13718,31.062100965168906,16.85800900854683,13.629799857213138,10.679451897347828
13719,15.531050482584453,84.29004504273416,43.61535954308204,29.665144159299523
13720,25.885084137640757,16.85800900854683,17.71873981437708,17.799086495579715
13721,62.12420193033781,50.574027025640504,65.42303931462307,42.71780758939131
13722,5.177016827528151,0.0,9.540859900049197,10.679451897347828
13723,15.531050482584453,0.0,20.444699785819708,14.23926919646377
13724,15.531050482584453,50.574027025640504,20.444699785819708,21.358903794695657
13725,289.91294234157647,185.43809909401514,427.97571551649247,454.4700085204687
13726,0.0,0.0,2.7259599714426277,5.933028831859905
13727,25.885084137640757,33.71601801709366,21.80767977154102,18.985692261951698
13728,15.531050482584453,0.0,17.71873981437708,14.23926919646377
13729,15.531050482584453,16.85800900854683,20.444699785819708,11.86605766371981
13730,46.593151447753364,50.574027025640504,72.23793924322963,83.06240364603867
13731,88.00928606797856,16.85800900854683,21.80767977154102,37.971384523903396
13732,0.0,0.0,5.451919942885255,2.3732115327439622
13733,98.36331972303488,50.574027025640504,111.76435882914774,100.86149014161838
13734,20.708067310112604,0.0,23.170659757262335,17.799086495579715
13735,305.44399282416094,84.29004504273416,453.87233524519746,350.04870107973437
13736,0.0,0.0,8.177879914327884,0.0
13737,20.708067310112604,33.71601801709366,144.47587848645927,115.10075933808216
13738,5.177016827528151,0.0,2.7259599714426277,0.0
13739,5.177016827528151,0.0,2.7259599714426277,1.1866057663719811
13740,15.531050482584453,0.0,10.90383988577051,14.23926919646377
13741,20.708067310112604,16.85800900854683,8.177879914327884,14.23926919646377
13742,82.83226924045042,134.86407206837464,114.49031880059036,182.73728802128505
13743,20.708067310112604,16.85800900854683,13.629799857213138,22.54550956106764
13744,15.531050482584453,33.71601801709366,34.074499643032844,18.985692261951698
13745,113.89437020561934,134.86407206837464,111.76435882914774,121.03378816994206
13746,0.0,0.0,1.3629799857213138,0.0
13747,0.0,0.0,0.0,2.3732115327439622
13748,20.708067310112604,16.85800900854683,16.355759828655767,17.799086495579715
13749,10.354033655056302,16.85800900854683,16.355759828655767,8.306240364603866
13750,0.0,0.0,0.0,1.1866057663719811
13751,460.7544976500055,421.4502252136708,821.8769313899521,832.9972479931306
13752,25.885084137640757,0.0,36.80045961447547,32.03835569204349
13753,144.95647117078823,84.29004504273416,104.94945890054116,81.87579787966669
13754,82.83226924045042,67.43203603418732,76.32687920039358,75.94276904780679
13755,10.354033655056302,16.85800900854683,20.444699785819708,23.73211532743962
13756,113.89437020561934,134.86407206837464,92.68263902904934,92.55524977701451
13757,20.708067310112604,16.85800900854683,69.511979271787,59.330288318599045
13758,20.708067310112604,101.14805405128101,32.711519657311534,35.59817299115943
13759,196.72663944606975,84.29004504273416,65.42303931462307,47.46423065487924
13760,10.354033655056302,0.0,31.348539671590217,24.918721093811598
13761,0.0,0.0,2.7259599714426277,1.1866057663719811
13762,51.77016827528151,0.0,40.889399571639416,59.330288318599045
13763,77.65525241292227,33.71601801709366,68.14899928606569,64.07671138408698
13764,207.08067310112605,236.01212611965568,603.8001336745419,628.9010561771499
13765,15.531050482584453,67.43203603418732,181.2763381009347,193.41673991863289
13766,46.593151447753364,16.85800900854683,46.34131951452467,36.784778757531406
13767,41.41613462022521,50.574027025640504,29.985559685868903,26.10532686018358
13768,67.30121875786597,16.85800900854683,89.9566790576067,103.23470167436234
13769,0.0,0.0,4.088939957163942,2.3732115327439622
13770,5.177016827528151,0.0,49.0672794859673,109.16773050622226
13771,0.0,16.85800900854683,17.71873981437708,8.306240364603866
13772,0.0,0.0,1.3629799857213138,0.0
13773,10.354033655056302,0.0,21.80767977154102,23.73211532743962
13774,10.354033655056302,50.574027025640504,83.14177912900014,264.6130859009517
13775,20.708067310112604,16.85800900854683,83.14177912900014,229.01491290979232
13776,0.0,0.0,1.3629799857213138,1.1866057663719811
13777,0.0,0.0,2.7259599714426277,0.0
13778,31.062100965168906,16.85800900854683,23.170659757262335,34.411567224787454
13779,5.177016827528151,0.0,2.7259599714426277,4.7464230654879245
13780,25.885084137640757,33.71601801709366,13.629799857213138,18.985692261951698
13781,0.0,0.0,2.7259599714426277,1.1866057663719811
13782,7988.136964875937,6153.173288119594,3958.093878534695,1683.793582481841
13783,155.31050482584453,50.574027025640504,89.9566790576067,60.51689408497103
13784,238.14277406629498,84.29004504273416,14.992779842934452,18.985692261951698
13785,0.0,0.0,2.7259599714426277,1.1866057663719811
13786,5.177016827528151,0.0,0.0,1.1866057663719811
13787,0.0,0.0,1.3629799857213138,0.0
13788,36.23911779269706,0.0,19.081719800098394,23.73211532743962
13789,20.708067310112604,16.85800900854683,9.540859900049197,15.425874962835751
13790,144.95647117078823,101.14805405128101,73.60091922895094,18.985692261951698
13791,424.5153798573084,303.44416215384297,305.3075168015743,231.38812444253628
13792,20.708067310112604,0.0,31.348539671590217,27.291932626555564
13793,0.0,0.0,6.814899928606569,5.933028831859905
13794,5.177016827528151,0.0,0.0,3.5598172991159425
13795,5.177016827528151,0.0,9.540859900049197,0.0
13796,150.13348799831638,101.14805405128101,100.86051894337723,110.35433627259422
13797,5.177016827528151,0.0,2.7259599714426277,1.1866057663719811
13798,51.77016827528151,84.29004504273416,32.711519657311534,37.971384523903396
13799,0.0,0.0,1.3629799857213138,5.933028831859905
13800,25.885084137640757,0.0,4.088939957163942,7.119634598231885
13801,10.354033655056302,16.85800900854683,8.177879914327884,10.679451897347828
13802,36.23911779269706,202.29610810256202,178.55037812949212,155.4453553947295
13803,0.0,0.0,0.0,1.1866057663719811
13804,10.354033655056302,33.71601801709366,47.70429950024598,30.851749925671502
13805,36.23911779269706,50.574027025640504,34.074499643032844,18.985692261951698
13806,377.92222840955503,219.15411711110883,170.3724982151642,183.92389378765705
13807,93.18630289550673,134.86407206837464,64.06005932890174,28.47853839292754
13808,15.531050482584453,67.43203603418732,40.889399571639416,36.784778757531406
13809,0.0,0.0,1.3629799857213138,10.679451897347828
13810,5.177016827528151,0.0,23.170659757262335,26.10532686018358
13811,165.66453848090083,185.43809909401514,124.03117870063956,183.92389378765705
13812,15.531050482584453,16.85800900854683,34.074499643032844,29.665144159299523
13813,0.0,0.0,0.0,3.5598172991159425
13814,0.0,0.0,1.3629799857213138,3.5598172991159425
13815,0.0,0.0,2.7259599714426277,2.3732115327439622
13816,25.885084137640757,0.0,38.16343960019679,28.47853839292754
13817,15.531050482584453,33.71601801709366,29.985559685868903,35.59817299115943
13818,0.0,0.0,9.540859900049197,11.86605766371981
13819,0.0,0.0,1.3629799857213138,1.1866057663719811
13820,0.0,0.0,1.3629799857213138,3.5598172991159425
13821,0.0,0.0,10.90383988577051,10.679451897347828
13822,15.531050482584453,0.0,13.629799857213138,16.612480729207732
13823,0.0,0.0,5.451919942885255,5.933028831859905
13824,0.0,0.0,1.3629799857213138,1.1866057663719811
13825,5.177016827528151,0.0,1.3629799857213138,4.7464230654879245
13826,5.177016827528151,0.0,1.3629799857213138,0.0
13827,5.177016827528151,0.0,12.266819871491824,2.3732115327439622
13828,41.41613462022521,84.29004504273416,46.34131951452467,61.703499851343004
13829,191.5496226185416,202.29610810256202,140.38693852929532,180.36407648854112
13830,0.0,0.0,2.7259599714426277,2.3732115327439622
13831,10.354033655056302,16.85800900854683,6.814899928606569,0.0
13832,5.177016827528151,0.0,10.90383988577051,4.7464230654879245
13833,41.41613462022521,33.71601801709366,69.511979271787,59.330288318599045
13834,56.94718510280967,16.85800900854683,27.259599714426276,33.224961458415464
13835,10.354033655056302,16.85800900854683,8.177879914327884,18.985692261951698
13836,5.177016827528151,16.85800900854683,17.71873981437708,8.306240364603866
13837,119.07138703314749,101.14805405128101,43.61535954308204,14.23926919646377
13838,5.177016827528151,16.85800900854683,40.889399571639416,37.971384523903396
13839,15.531050482584453,0.0,14.992779842934452,14.23926919646377
13840,67.30121875786597,50.574027025640504,10.90383988577051,15.425874962835751
13841,31.062100965168906,33.71601801709366,42.252379557360726,45.09101912213528
13842,0.0,0.0,1.3629799857213138,2.3732115327439622
13843,0.0,0.0,1.3629799857213138,2.3732115327439622
13844,0.0,0.0,4.088939957163942,3.5598172991159425
13845,0.0,0.0,2.7259599714426277,0.0
13846,0.0,16.85800900854683,39.5264195859181,33.224961458415464
13847,31.062100965168906,33.71601801709366,12.266819871491824,24.918721093811598
13848,77.65525241292227,50.574027025640504,62.697079343180434,51.024047953995186
13849,56.94718510280967,33.71601801709366,57.24515940029518,60.51689408497103
13850,5.177016827528151,0.0,4.088939957163942,5.933028831859905
13851,0.0,0.0,0.0,2.3732115327439622
13852,0.0,0.0,0.0,1.1866057663719811
13853,0.0,0.0,0.0,3.5598172991159425
13854,10.354033655056302,0.0,43.61535954308204,32.03835569204349
13855,36.23911779269706,67.43203603418732,70.87495925750832,70.00974021594688
13856,25.885084137640757,16.85800900854683,24.53363974298365,15.425874962835751
13857,72.47823558539412,84.29004504273416,89.9566790576067,70.00974021594688
13858,56.94718510280967,50.574027025640504,24.53363974298365,40.34459605664735
13859,82.83226924045042,101.14805405128101,25.896619728704962,55.770471019483104
13860,41.41613462022521,0.0,25.896619728704962,23.73211532743962
13861,25.885084137640757,50.574027025640504,27.259599714426276,36.784778757531406
13862,10.354033655056302,16.85800900854683,6.814899928606569,4.7464230654879245
13863,15.531050482584453,16.85800900854683,9.540859900049197,17.799086495579715
13864,2117.399882459014,2309.547234170916,7098.399765636602,5238.864458532295
13865,10.354033655056302,0.0,1.3629799857213138,0.0
13866,41.41613462022521,67.43203603418732,163.55759828655766,140.01948043189375
13867,0.0,0.0,1.3629799857213138,2.3732115327439622
13868,0.0,16.85800900854683,64.06005932890174,24.918721093811598
13869,155.31050482584453,33.71601801709366,81.77879914327883,55.770471019483104
13870,0.0,0.0,1.3629799857213138,3.5598172991159425
13871,25.885084137640757,0.0,139.023958543574,170.87123035756525
13872,0.0,0.0,2.7259599714426277,0.0
13873,0.0,0.0,1.3629799857213138,2.3732115327439622
13874,10.354033655056302,0.0,21.80767977154102,18.985692261951698
13875,0.0,0.0,1.3629799857213138,4.7464230654879245
13876,10.354033655056302,0.0,6.814899928606569,13.05266343009179
13877,56.94718510280967,33.71601801709366,57.24515940029518,55.770471019483104
13878,129.4254206882038,50.574027025640504,132.20905861496746,135.27305736640582
13879,10.354033655056302,0.0,8.177879914327884,13.05266343009179
13880,0.0,0.0,5.451919942885255,1.1866057663719811
13881,0.0,0.0,6.814899928606569,5.933028831859905
13882,0.0,0.0,0.0,1.1866057663719811
13883,0.0,0.0,17.71873981437708,27.291932626555564
13884,15.531050482584453,16.85800900854683,9.540859900049197,7.119634598231885
13885,191.5496226185416,134.86407206837464,59.97111937173781,48.65083642125122
13886,25.885084137640757,67.43203603418732,53.15621944313124,48.65083642125122
13887,20.708067310112604,16.85800900854683,25.896619728704962,21.358903794695657
13888,56.94718510280967,50.574027025640504,61.33409935745912,81.87579787966669
13889,46.593151447753364,50.574027025640504,73.60091922895094,45.09101912213528
13890,93.18630289550673,84.29004504273416,53.15621944313124,60.51689408497103
13891,15.531050482584453,16.85800900854683,38.16343960019679,55.770471019483104
13892,20.708067310112604,33.71601801709366,12.266819871491824,29.665144159299523
13893,31.062100965168906,16.85800900854683,68.14899928606569,42.71780758939131
13894,10.354033655056302,0.0,17.71873981437708,16.612480729207732
13895,0.0,16.85800900854683,8.177879914327884,4.7464230654879245
13896,0.0,16.85800900854683,4.088939957163942,5.933028831859905
13897,51.77016827528151,33.71601801709366,40.889399571639416,34.411567224787454
13898,56.94718510280967,0.0,64.06005932890174,59.330288318599045
13899,5.177016827528151,33.71601801709366,10.90383988577051,20.172298028323674
13900,0.0,0.0,0.0,1.1866057663719811
13901,0.0,0.0,0.0,1.1866057663719811
13902,15.531050482584453,0.0,10.90383988577051,10.679451897347828
13903,36.23911779269706,16.85800900854683,34.074499643032844,21.358903794695657
13904,0.0,0.0,6.814899928606569,3.5598172991159425
13905,0.0,0.0,47.70429950024598,80.6891921132947
13906,5.177016827528151,0.0,5.451919942885255,2.3732115327439622
13907,5.177016827528151,0.0,14.992779842934452,28.47853839292754
13908,191.5496226185416,185.43809909401514,264.4181172299349,189.85692261951695
13909,5.177016827528151,33.71601801709366,28.62257970014759,24.918721093811598
13910,590.1799183382092,488.88226124785814,464.77617513096794,412.93880669744937
13911,0.0,0.0,1.3629799857213138,3.5598172991159425
13912,0.0,0.0,24.53363974298365,23.73211532743962
13913,315.79802647921724,573.1723062905924,820.5139514042309,690.6045560284929
13914,41.41613462022521,50.574027025640504,566.9996740600666,532.7859891010195
13915,82.83226924045042,33.71601801709366,68.14899928606569,46.277624888507255
13916,0.0,0.0,1.3629799857213138,2.3732115327439622
13917,5.177016827528151,0.0,8.177879914327884,4.7464230654879245
13918,0.0,0.0,1.3629799857213138,0.0
13919,0.0,0.0,8.177879914327884,4.7464230654879245
13920,222.6117235837105,573.1723062905924,776.8985918611489,863.8489979188022
13921,51.77016827528151,0.0,59.97111937173781,52.21065372036716
13922,10.354033655056302,16.85800900854683,13.629799857213138,72.38295174869084
13923,10.354033655056302,0.0,5.451919942885255,9.492846130975849
13924,0.0,0.0,1.3629799857213138,2.3732115327439622
13925,181.1955889634853,118.00606305982784,185.36527805809868,278.8523550974155
13926,0.0,0.0,2.7259599714426277,1.1866057663719811
13927,5.177016827528151,0.0,2.7259599714426277,0.0
13928,0.0,0.0,1.3629799857213138,0.0
13929,5.177016827528151,16.85800900854683,9.540859900049197,15.425874962835751
13930,0.0,16.85800900854683,0.0,0.0
13931,5.177016827528151,0.0,2.7259599714426277,1.1866057663719811
13932,15.531050482584453,0.0,12.266819871491824,20.172298028323674
13933,0.0,0.0,1.3629799857213138,0.0
13934,88.00928606797856,101.14805405128101,109.0383988577051,92.55524977701451
13935,36.23911779269706,16.85800900854683,49.0672794859673,33.224961458415464
13936,51.77016827528151,67.43203603418732,54.51919942885255,37.971384523903396
13937,15.531050482584453,0.0,6.814899928606569,3.5598172991159425
13938,0.0,0.0,32.711519657311534,59.330288318599045
13939,5.177016827528151,16.85800900854683,12.266819871491824,20.172298028323674
13940,0.0,0.0,0.0,1.1866057663719811
13941,429.6923966848366,354.0181891794835,481.1319349596238,391.5799029027537
13942,0.0,0.0,2.7259599714426277,2.3732115327439622
13943,5.177016827528151,0.0,9.540859900049197,11.86605766371981
13944,25.885084137640757,50.574027025640504,24.53363974298365,14.23926919646377
13945,0.0,0.0,1.3629799857213138,0.0
13946,0.0,0.0,1.3629799857213138,1.1866057663719811
13947,15.531050482584453,0.0,5.451919942885255,14.23926919646377
13948,264.0278582039357,303.44416215384297,346.1969163732137,378.52723947266196
13949,5.177016827528151,0.0,39.5264195859181,13.05266343009179
13950,67.30121875786597,67.43203603418732,87.23071908616409,71.19634598231886
13951,5.177016827528151,0.0,4.088939957163942,4.7464230654879245
13952,25.885084137640757,16.85800900854683,16.355759828655767,15.425874962835751
13953,15.531050482584453,0.0,5.451919942885255,5.933028831859905
13954,5.177016827528151,0.0,1.3629799857213138,7.119634598231885
13955,20.708067310112604,0.0,24.53363974298365,14.23926919646377
13956,15.531050482584453,50.574027025640504,59.97111937173781,39.15799029027537
13957,72.47823558539412,33.71601801709366,44.97833952880335,30.851749925671502
13958,20.708067310112604,0.0,19.081719800098394,28.47853839292754
13959,5.177016827528151,0.0,0.0,0.0
13960,5.177016827528151,0.0,5.451919942885255,5.933028831859905
13961,15.531050482584453,16.85800900854683,6.814899928606569,8.306240364603866
13962,0.0,0.0,4.088939957163942,0.0
13963,10.354033655056302,0.0,2.7259599714426277,0.0
13964,36.23911779269706,16.85800900854683,36.80045961447547,29.665144159299523
13965,0.0,0.0,4.088939957163942,5.933028831859905
13966,5.177016827528151,16.85800900854683,20.444699785819708,11.86605766371981
13967,0.0,0.0,1.3629799857213138,0.0
13968,10.354033655056302,0.0,17.71873981437708,16.612480729207732
13969,25.885084137640757,0.0,1.3629799857213138,2.3732115327439622
13970,20.708067310112604,16.85800900854683,39.5264195859181,11.86605766371981
13971,36.23911779269706,16.85800900854683,28.62257970014759,41.53120182301934
13972,269.20487503146387,303.44416215384297,423.88677555932856,389.20669137000976
13973,5.177016827528151,0.0,2.7259599714426277,4.7464230654879245
13974,0.0,0.0,0.0,1.1866057663719811
13975,20.708067310112604,0.0,6.814899928606569,8.306240364603866
13976,31.062100965168906,50.574027025640504,27.259599714426276,28.47853839292754
13977,10.354033655056302,16.85800900854683,13.629799857213138,11.86605766371981
13978,10.354033655056302,16.85800900854683,38.16343960019679,27.291932626555564
13979,5.177016827528151,50.574027025640504,13.629799857213138,14.23926919646377
13980,31.062100965168906,50.574027025640504,88.5936990718854,92.55524977701451
13981,31.062100965168906,50.574027025640504,387.0863159448531,344.1156722478745
13982,212.2576899286542,185.43809909401514,79.0528391718362,91.36864401064253
13983,20.708067310112604,50.574027025640504,34.074499643032844,30.851749925671502
13984,129.4254206882038,84.29004504273416,73.60091922895094,71.19634598231886
13985,77.65525241292227,50.574027025640504,124.03117870063956,145.95250926375365
13986,46.593151447753364,16.85800900854683,32.711519657311534,34.411567224787454
13987,238.14277406629498,84.29004504273416,194.90613795814787,253.9336340036039
13988,0.0,0.0,1.3629799857213138,0.0
13989,15.531050482584453,0.0,27.259599714426276,17.799086495579715
13990,0.0,0.0,1.3629799857213138,3.5598172991159425
13991,0.0,16.85800900854683,1.3629799857213138,2.3732115327439622
13992,5.177016827528151,0.0,5.451919942885255,4.7464230654879245
13993,0.0,0.0,2.7259599714426277,2.3732115327439622
13994,20.708067310112604,0.0,19.081719800098394,23.73211532743962
13995,0.0,0.0,2.7259599714426277,0.0
13996,25.885084137640757,33.71601801709366,54.51919942885255,34.411567224787454
13997,5.177016827528151,0.0,0.0,0.0
13998,10.354033655056302,101.14805405128101,23.170659757262335,9.492846130975849
13999,20.708067310112604,0.0,20.444699785819708,13.05266343009179
14000,46.593151447753364,0.0,24.53363974298365,45.09101912213528
14001,46.593151447753364,84.29004504273416,188.0912380295413,112.72754780533819
14002,170.84155530842898,134.86407206837464,291.6777169443611,207.65600911509665
14003,119.07138703314749,84.29004504273416,148.56481844362318,118.66057663719809
14004,5.177016827528151,0.0,12.266819871491824,3.5598172991159425
14005,5.177016827528151,0.0,16.355759828655767,16.612480729207732
14006,25.885084137640757,33.71601801709366,5.451919942885255,15.425874962835751
14007,0.0,0.0,0.0,3.5598172991159425
14008,41.41613462022521,0.0,28.62257970014759,24.918721093811598
14009,388.27626206461133,168.58009008546833,189.45421801526263,148.32572079649762
14010,232.96575723876683,320.3021711623898,215.35083774396756,183.92389378765705
14011,0.0,0.0,1.3629799857213138,1.1866057663719811
14012,0.0,0.0,6.814899928606569,3.5598172991159425
14013,5.177016827528151,0.0,1.3629799857213138,10.679451897347828
14014,0.0,0.0,0.0,3.5598172991159425
14015,0.0,0.0,1.3629799857213138,3.5598172991159425
14016,36.23911779269706,67.43203603418732,84.50475911472145,79.50258634692273
14017,5.177016827528151,0.0,2.7259599714426277,4.7464230654879245
14018,36.23911779269706,16.85800900854683,36.80045961447547,8.306240364603866
14019,0.0,0.0,2.7259599714426277,1.1866057663719811
14020,31.062100965168906,16.85800900854683,23.170659757262335,16.612480729207732
14021,62.12420193033781,16.85800900854683,27.259599714426276,22.54550956106764
14022,10.354033655056302,0.0,13.629799857213138,8.306240364603866
14023,67.30121875786597,33.71601801709366,179.9133581152134,132.89984583366186
14024,46.593151447753364,84.29004504273416,57.24515940029518,40.34459605664735
14025,15.531050482584453,0.0,39.5264195859181,39.15799029027537
14026,5.177016827528151,0.0,12.266819871491824,8.306240364603866
14027,5.177016827528151,0.0,1.3629799857213138,1.1866057663719811
14028,0.0,0.0,0.0,1.1866057663719811
14029,25.885084137640757,0.0,12.266819871491824,10.679451897347828
14030,10.354033655056302,33.71601801709366,62.697079343180434,32.03835569204349
14031,93.18630289550673,16.85800900854683,51.793239457409925,32.03835569204349
14032,5.177016827528151,0.0,5.451919942885255,4.7464230654879245
14033,31.062100965168906,50.574027025640504,43.61535954308204,54.58386525311113
14034,0.0,0.0,2.7259599714426277,10.679451897347828
14035,31.062100965168906,0.0,34.074499643032844,24.918721093811598
14036,20.708067310112604,67.43203603418732,28.62257970014759,35.59817299115943
14037,82.83226924045042,50.574027025640504,50.430259471688615,46.277624888507255
14038,20.708067310112604,33.71601801709366,35.43747962875416,34.411567224787454
14039,10.354033655056302,0.0,13.629799857213138,20.172298028323674
14040,0.0,0.0,1.3629799857213138,0.0
14041,5.177016827528151,0.0,36.80045961447547,47.46423065487924
14042,0.0,0.0,2.7259599714426277,2.3732115327439622
14043,0.0,67.43203603418732,25.896619728704962,34.411567224787454
14044,5.177016827528151,16.85800900854683,19.081719800098394,24.918721093811598
14045,5.177016827528151,0.0,4.088939957163942,2.3732115327439622
14046,5.177016827528151,0.0,1.3629799857213138,1.1866057663719811
14047,15.531050482584453,33.71601801709366,16.355759828655767,17.799086495579715
14048,0.0,0.0,4.088939957163942,1.1866057663719811
14049,77.65525241292227,33.71601801709366,59.97111937173781,60.51689408497103
14050,0.0,16.85800900854683,6.814899928606569,4.7464230654879245
14051,124.24840386067562,84.29004504273416,111.76435882914774,102.04809590799037
14052,0.0,0.0,1.3629799857213138,1.1866057663719811
14053,0.0,0.0,2.7259599714426277,1.1866057663719811
14054,36.23911779269706,84.29004504273416,43.61535954308204,49.837442187623196
14055,0.0,0.0,2.7259599714426277,0.0
14056,10.354033655056302,0.0,1.3629799857213138,1.1866057663719811
14057,10.354033655056302,0.0,5.451919942885255,4.7464230654879245
14058,15.531050482584453,0.0,20.444699785819708,13.05266343009179
14059,20.708067310112604,0.0,10.90383988577051,13.05266343009179
14060,20.708067310112604,0.0,13.629799857213138,10.679451897347828
14061,5.177016827528151,0.0,24.53363974298365,18.985692261951698
14062,82.83226924045042,50.574027025640504,83.14177912900014,83.06240364603867
14063,186.37260579101346,50.574027025640504,58.6081393860165,59.330288318599045
14064,15.531050482584453,33.71601801709366,5.451919942885255,16.612480729207732
14065,41.41613462022521,16.85800900854683,46.34131951452467,58.14368255222707
14066,36.23911779269706,33.71601801709366,17.71873981437708,21.358903794695657
14067,5.177016827528151,16.85800900854683,20.444699785819708,20.172298028323674
14068,10.354033655056302,0.0,8.177879914327884,3.5598172991159425
14069,25.885084137640757,33.71601801709366,9.540859900049197,17.799086495579715
14070,10.354033655056302,0.0,2.7259599714426277,2.3732115327439622
14071,165.66453848090083,101.14805405128101,40.889399571639416,29.665144159299523
14072,0.0,0.0,2.7259599714426277,2.3732115327439622
14073,5.177016827528151,0.0,12.266819871491824,9.492846130975849
14074,72.47823558539412,16.85800900854683,83.14177912900014,51.024047953995186
14075,31.062100965168906,16.85800900854683,39.5264195859181,30.851749925671502
14076,10.354033655056302,0.0,6.814899928606569,8.306240364603866
14077,10.354033655056302,0.0,31.348539671590217,40.34459605664735
14078,0.0,0.0,0.0,3.5598172991159425
14079,41.41613462022521,67.43203603418732,36.80045961447547,29.665144159299523
14080,0.0,0.0,50.430259471688615,34.411567224787454
14081,11285.89668401137,6979.215729538389,14721.54682577591,13269.812285337863
14082,5.177016827528151,0.0,19.081719800098394,8.306240364603866
14083,0.0,0.0,0.0,1.1866057663719811
14084,36.23911779269706,16.85800900854683,65.42303931462307,55.770471019483104
14085,56.94718510280967,84.29004504273416,39.5264195859181,35.59817299115943
14086,5.177016827528151,0.0,2.7259599714426277,9.492846130975849
14087,2562.623329626435,2140.9671440854477,1022.2349892909854,576.6904024567827
14088,41.41613462022521,67.43203603418732,24.53363974298365,26.10532686018358
14089,0.0,0.0,1.3629799857213138,0.0
14090,41.41613462022521,33.71601801709366,62.697079343180434,37.971384523903396
14091,0.0,0.0,2.7259599714426277,2.3732115327439622
14092,10.354033655056302,0.0,2.7259599714426277,1.1866057663719811
14093,0.0,0.0,1.3629799857213138,0.0
14094,103.54033655056303,0.0,42.252379557360726,23.73211532743962
14095,0.0,0.0,1.3629799857213138,1.1866057663719811
14096,15.531050482584453,0.0,5.451919942885255,7.119634598231885
14097,0.0,16.85800900854683,6.814899928606569,4.7464230654879245
14098,15.531050482584453,67.43203603418732,92.68263902904934,74.7561632814348
14099,0.0,0.0,1.3629799857213138,0.0
14100,56.94718510280967,33.71601801709366,35.43747962875416,32.03835569204349
14101,82.83226924045042,16.85800900854683,84.50475911472145,62.89010561771499
14102,10.354033655056302,0.0,6.814899928606569,5.933028831859905
14103,113.89437020561934,101.14805405128101,139.023958543574,135.27305736640582
14104,20.708067310112604,0.0,12.266819871491824,10.679451897347828
14105,0.0,0.0,1.3629799857213138,0.0
14106,0.0,0.0,2.7259599714426277,7.119634598231885
14107,0.0,0.0,1.3629799857213138,0.0
14108,0.0,0.0,1.3629799857213138,0.0
14109,15.531050482584453,0.0,2.7259599714426277,3.5598172991159425
14110,150.13348799831638,50.574027025640504,111.76435882914774,103.23470167436234
14111,15.531050482584453,84.29004504273416,59.97111937173781,53.39725948673914
14112,77.65525241292227,33.71601801709366,31.348539671590217,34.411567224787454
14113,113.89437020561934,50.574027025640504,64.06005932890174,37.971384523903396
14114,5.177016827528151,16.85800900854683,4.088939957163942,3.5598172991159425
14115,0.0,0.0,1.3629799857213138,3.5598172991159425
14116,15.531050482584453,16.85800900854683,17.71873981437708,18.985692261951698
14117,0.0,0.0,1.3629799857213138,1.1866057663719811
14118,5.177016827528151,0.0,12.266819871491824,11.86605766371981
14119,20.708067310112604,50.574027025640504,8.177879914327884,3.5598172991159425
14120,72.47823558539412,84.29004504273416,87.23071908616409,116.28736510445414
14121,15.531050482584453,16.85800900854683,54.51919942885255,54.58386525311113
14122,181.1955889634853,168.58009008546833,786.439451761198,815.1981614975509
14123,31.062100965168906,50.574027025640504,32.711519657311534,33.224961458415464
14124,10.354033655056302,16.85800900854683,17.71873981437708,20.172298028323674
14125,5.177016827528151,16.85800900854683,1.3629799857213138,7.119634598231885
14126,56.94718510280967,33.71601801709366,58.6081393860165,42.71780758939131
14127,0.0,0.0,9.540859900049197,14.23926919646377
14128,103.54033655056303,67.43203603418732,42.252379557360726,20.172298028323674
14129,119.07138703314749,185.43809909401514,109.0383988577051,80.6891921132947
14130,5.177016827528151,16.85800900854683,38.16343960019679,45.09101912213528
14131,0.0,0.0,1.3629799857213138,8.306240364603866
14132,15.531050482584453,0.0,6.814899928606569,15.425874962835751
14133,0.0,16.85800900854683,19.081719800098394,15.425874962835751
14134,0.0,0.0,6.814899928606569,8.306240364603866
14135,25.885084137640757,0.0,17.71873981437708,3.5598172991159425
14136,10.354033655056302,16.85800900854683,20.444699785819708,14.23926919646377
14137,31.062100965168906,16.85800900854683,19.081719800098394,20.172298028323674
14138,176.01857213595713,101.14805405128101,184.00229807237736,198.16316298412082
14139,25.885084137640757,33.71601801709366,19.081719800098394,24.918721093811598
14140,144.95647117078823,67.43203603418732,85.86773910044276,128.15342276817395
14141,15.531050482584453,0.0,2.7259599714426277,5.933028831859905
14142,15.531050482584453,16.85800900854683,12.266819871491824,13.05266343009179
14143,0.0,16.85800900854683,0.0,2.3732115327439622
14144,0.0,0.0,1.3629799857213138,0.0
14145,5.177016827528151,16.85800900854683,10.90383988577051,10.679451897347828
14146,15.531050482584453,16.85800900854683,42.252379557360726,29.665144159299523
14147,0.0,0.0,1.3629799857213138,1.1866057663719811
14148,0.0,0.0,8.177879914327884,11.86605766371981
14149,0.0,0.0,0.0,1.1866057663719811
14150,0.0,0.0,0.0,1.1866057663719811
14151,15.531050482584453,33.71601801709366,24.53363974298365,21.358903794695657
14152,41.41613462022521,33.71601801709366,49.0672794859673,28.47853839292754
14153,0.0,0.0,25.896619728704962,9.492846130975849
14154,0.0,0.0,5.451919942885255,18.985692261951698
14155,56.94718510280967,16.85800900854683,31.348539671590217,46.277624888507255
14156,5.177016827528151,0.0,0.0,1.1866057663719811
14157,51.77016827528151,50.574027025640504,42.252379557360726,48.65083642125122
14158,0.0,0.0,1.3629799857213138,0.0
14159,20.708067310112604,16.85800900854683,28.62257970014759,40.34459605664735
14160,0.0,0.0,1.3629799857213138,4.7464230654879245
14161,5.177016827528151,16.85800900854683,12.266819871491824,16.612480729207732
14162,10.354033655056302,16.85800900854683,8.177879914327884,15.425874962835751
14163,5.177016827528151,0.0,0.0,7.119634598231885
14164,56.94718510280967,67.43203603418732,87.23071908616409,66.44992291683093
14165,0.0,0.0,0.0,2.3732115327439622
14166,15.531050482584453,16.85800900854683,17.71873981437708,20.172298028323674
14167,0.0,0.0,2.7259599714426277,10.679451897347828
14168,10.354033655056302,33.71601801709366,20.444699785819708,18.985692261951698
14169,25.885084137640757,33.71601801709366,25.896619728704962,17.799086495579715
14170,543.5867668904558,151.72208107692148,140.38693852929532,75.94276904780679
14171,46.593151447753364,50.574027025640504,20.444699785819708,22.54550956106764
14172,51.77016827528151,50.574027025640504,132.20905861496746,149.5123265628696
14173,0.0,0.0,2.7259599714426277,0.0
14174,36.23911779269706,16.85800900854683,25.896619728704962,32.03835569204349
14175,119.07138703314749,50.574027025640504,65.42303931462307,83.06240364603867
14176,0.0,0.0,0.0,1.1866057663719811
14177,108.71735337809118,33.71601801709366,85.86773910044276,72.38295174869084
14178,0.0,0.0,1.3629799857213138,0.0
14179,838.6767260595606,809.1844324102481,1617.8572430511995,1712.2721208747685
14180,0.0,0.0,4.088939957163942,2.3732115327439622
14181,20.708067310112604,0.0,14.992779842934452,7.119634598231885
14182,0.0,0.0,0.0,4.7464230654879245
14183,5.177016827528151,0.0,2.7259599714426277,4.7464230654879245
14184,0.0,0.0,1.3629799857213138,0.0
14185,0.0,0.0,1.3629799857213138,2.3732115327439622
14186,0.0,0.0,1.3629799857213138,0.0
14187,139.77945434326008,84.29004504273416,96.77157898621327,110.35433627259422
14188,20.708067310112604,0.0,5.451919942885255,10.679451897347828
14189,5.177016827528151,50.574027025640504,10.90383988577051,10.679451897347828
14190,31.062100965168906,16.85800900854683,36.80045961447547,43.90441335576329
14191,41.41613462022521,16.85800900854683,24.53363974298365,26.10532686018358
14192,0.0,0.0,4.088939957163942,3.5598172991159425
14193,5.177016827528151,0.0,1.3629799857213138,2.3732115327439622
14194,0.0,0.0,0.0,2.3732115327439622
14195,0.0,0.0,2.7259599714426277,4.7464230654879245
14196,0.0,0.0,1.3629799857213138,0.0
14197,5.177016827528151,0.0,4.088939957163942,3.5598172991159425
14198,0.0,0.0,2.7259599714426277,1.1866057663719811
14199,41.41613462022521,33.71601801709366,6.814899928606569,17.799086495579715
14200,20.708067310112604,33.71601801709366,47.70429950024598,49.837442187623196
14201,25.885084137640757,0.0,10.90383988577051,16.612480729207732
14202,20.708067310112604,16.85800900854683,2.7259599714426277,10.679451897347828
14203,0.0,0.0,1.3629799857213138,0.0
14204,56.94718510280967,16.85800900854683,68.14899928606569,37.971384523903396
14205,0.0,0.0,2.7259599714426277,4.7464230654879245
14206,403.8073125471958,404.59221620512403,342.1079764160498,367.8477875753141
14207,10.354033655056302,33.71601801709366,35.43747962875416,28.47853839292754
14208,0.0,0.0,42.252379557360726,47.46423065487924
14209,238.14277406629498,387.73420719657713,299.855596858689,284.78538392927544
14210,15.531050482584453,0.0,21.80767977154102,26.10532686018358
14211,5.177016827528151,0.0,1.3629799857213138,1.1866057663719811
14212,0.0,0.0,4.088939957163942,2.3732115327439622
14213,0.0,0.0,1.3629799857213138,4.7464230654879245
14214,0.0,0.0,2.7259599714426277,2.3732115327439622
14215,51.77016827528151,118.00606305982784,95.40859900049196,65.26331715045895
14216,5.177016827528151,0.0,6.814899928606569,8.306240364603866
14217,15.531050482584453,50.574027025640504,10.90383988577051,8.306240364603866
14218,170.84155530842898,303.44416215384297,230.343617586902,160.19177846021742
14219,0.0,0.0,2.7259599714426277,2.3732115327439622
14220,5.177016827528151,0.0,25.896619728704962,20.172298028323674
14221,0.0,16.85800900854683,1.3629799857213138,0.0
14222,0.0,0.0,0.0,1.1866057663719811
14223,0.0,0.0,0.0,3.5598172991159425
14224,113.89437020561934,84.29004504273416,34.074499643032844,15.425874962835751
14225,5.177016827528151,33.71601801709366,10.90383988577051,11.86605766371981
14226,20.708067310112604,0.0,13.629799857213138,18.985692261951698
14227,0.0,0.0,2.7259599714426277,1.1866057663719811
14228,5.177016827528151,16.85800900854683,16.355759828655767,7.119634598231885
14229,41.41613462022521,33.71601801709366,62.697079343180434,72.38295174869084
14230,0.0,0.0,0.0,1.1866057663719811
14231,0.0,0.0,0.0,2.3732115327439622
14232,25.885084137640757,33.71601801709366,25.896619728704962,18.985692261951698
14233,5.177016827528151,0.0,1.3629799857213138,2.3732115327439622
14234,15.531050482584453,16.85800900854683,5.451919942885255,15.425874962835751
14235,5.177016827528151,0.0,2.7259599714426277,7.119634598231885
14236,5.177016827528151,16.85800900854683,4.088939957163942,9.492846130975849
14237,113.89437020561934,84.29004504273416,65.42303931462307,70.00974021594688
14238,0.0,0.0,5.451919942885255,2.3732115327439622
14239,864.5618101972013,573.1723062905924,1159.895967848838,1165.2468625772851
14240,15.531050482584453,16.85800900854683,12.266819871491824,22.54550956106764
14241,88.00928606797856,0.0,89.9566790576067,75.94276904780679
14242,10.354033655056302,16.85800900854683,6.814899928606569,9.492846130975849
14243,10.354033655056302,0.0,2.7259599714426277,2.3732115327439622
14244,5.177016827528151,16.85800900854683,6.814899928606569,0.0
14245,25.885084137640757,16.85800900854683,21.80767977154102,21.358903794695657
14246,51.77016827528151,33.71601801709366,29.985559685868903,21.358903794695657
14247,5.177016827528151,16.85800900854683,9.540859900049197,18.985692261951698
14248,5.177016827528151,0.0,6.814899928606569,8.306240364603866
14249,25.885084137640757,16.85800900854683,38.16343960019679,62.89010561771499
14250,10.354033655056302,33.71601801709366,9.540859900049197,24.918721093811598
14251,31.062100965168906,0.0,16.355759828655767,29.665144159299523
14252,41.41613462022521,16.85800900854683,19.081719800098394,17.799086495579715
14253,15.531050482584453,33.71601801709366,8.177879914327884,4.7464230654879245
14254,20.708067310112604,33.71601801709366,47.70429950024598,42.71780758939131
14255,129.4254206882038,67.43203603418732,111.76435882914774,156.6319611611015
14256,5.177016827528151,0.0,2.7259599714426277,5.933028831859905
14257,0.0,0.0,0.0,1.1866057663719811
14258,51.77016827528151,50.574027025640504,84.50475911472145,90.18203824427056
14259,134.60243751573194,33.71601801709366,84.50475911472145,113.91415357171016
14260,0.0,0.0,9.540859900049197,11.86605766371981
14261,20.708067310112604,16.85800900854683,39.5264195859181,36.784778757531406
14262,191.5496226185416,252.8701351282025,190.81719800098392,234.94794174165222
14263,51982.42596521017,29282.36164784585,11765.24323674638,11365.310030310833
14264,20.708067310112604,0.0,4.088939957163942,7.119634598231885
14265,108.71735337809118,67.43203603418732,58.6081393860165,70.00974021594688
14266,0.0,0.0,4.088939957163942,1.1866057663719811
14267,46.593151447753364,33.71601801709366,51.793239457409925,51.024047953995186
14268,20.708067310112604,0.0,4.088939957163942,4.7464230654879245
14269,0.0,16.85800900854683,1.3629799857213138,3.5598172991159425
14270,10.354033655056302,33.71601801709366,62.697079343180434,59.330288318599045
14271,0.0,0.0,2.7259599714426277,9.492846130975849
14272,5.177016827528151,0.0,0.0,0.0
14273,0.0,0.0,2.7259599714426277,1.1866057663719811
14274,20.708067310112604,16.85800900854683,25.896619728704962,43.90441335576329
14275,56.94718510280967,16.85800900854683,89.9566790576067,124.59360546905799
14276,56.94718510280967,0.0,23.170659757262335,18.985692261951698
14277,0.0,16.85800900854683,0.0,3.5598172991159425
14278,51.77016827528151,50.574027025640504,13.629799857213138,28.47853839292754
14279,0.0,0.0,17.71873981437708,35.59817299115943
14280,0.0,0.0,14.992779842934452,4.7464230654879245
14281,20.708067310112604,16.85800900854683,23.170659757262335,33.224961458415464
14282,0.0,0.0,16.355759828655767,15.425874962835751
14283,20.708067310112604,50.574027025640504,6.814899928606569,18.985692261951698
14284,10.354033655056302,0.0,21.80767977154102,22.54550956106764
14285,10.354033655056302,0.0,2.7259599714426277,3.5598172991159425
14286,15.531050482584453,16.85800900854683,8.177879914327884,11.86605766371981
14287,0.0,0.0,0.0,1.1866057663719811
14288,20.708067310112604,33.71601801709366,19.081719800098394,14.23926919646377
14289,15.531050482584453,0.0,1.3629799857213138,3.5598172991159425
14290,0.0,0.0,5.451919942885255,0.0
14291,25.885084137640757,33.71601801709366,19.081719800098394,14.23926919646377
14292,5.177016827528151,0.0,1.3629799857213138,11.86605766371981
14293,10.354033655056302,0.0,5.451919942885255,13.05266343009179
14294,139.77945434326008,101.14805405128101,89.9566790576067,80.6891921132947
14295,0.0,0.0,5.451919942885255,0.0
14296,20.708067310112604,16.85800900854683,9.540859900049197,15.425874962835751
14297,15.531050482584453,33.71601801709366,16.355759828655767,34.411567224787454
14298,15.531050482584453,0.0,32.711519657311534,22.54550956106764
14299,10.354033655056302,0.0,58.6081393860165,40.34459605664735
14300,10.354033655056302,0.0,8.177879914327884,13.05266343009179
14301,5.177016827528151,0.0,16.355759828655767,16.612480729207732
14302,5.177016827528151,0.0,0.0,0.0
14303,139.77945434326008,84.29004504273416,133.57203860068873,160.19177846021742
14304,0.0,0.0,1.3629799857213138,1.1866057663719811
14305,0.0,0.0,6.814899928606569,8.306240364603866
14306,98.36331972303488,134.86407206837464,167.64653824372158,186.29710532040102
14307,46.593151447753364,16.85800900854683,35.43747962875416,23.73211532743962
14308,108.71735337809118,50.574027025640504,83.14177912900014,74.7561632814348
14309,0.0,0.0,9.540859900049197,16.612480729207732
14310,10.354033655056302,33.71601801709366,17.71873981437708,14.23926919646377
14311,5.177016827528151,0.0,9.540859900049197,9.492846130975849
14312,0.0,0.0,0.0,1.1866057663719811
14313,25.885084137640757,16.85800900854683,36.80045961447547,23.73211532743962
14314,729.9593726814693,472.02425223931135,880.4850707759687,800.9588923010871
14315,5.177016827528151,0.0,36.80045961447547,58.14368255222707
14316,72.47823558539412,33.71601801709366,95.40859900049196,94.92846130975848
14317,56.94718510280967,84.29004504273416,42.252379557360726,61.703499851343004
14318,20.708067310112604,0.0,5.451919942885255,10.679451897347828
14319,10.354033655056302,16.85800900854683,35.43747962875416,32.03835569204349
14320,0.0,0.0,6.814899928606569,5.933028831859905
14321,67.30121875786597,50.574027025640504,83.14177912900014,64.07671138408698
14322,0.0,16.85800900854683,0.0,0.0
14323,0.0,0.0,1.3629799857213138,1.1866057663719811
14324,0.0,16.85800900854683,6.814899928606569,5.933028831859905
14325,0.0,0.0,1.3629799857213138,0.0
14326,0.0,0.0,0.0,4.7464230654879245
14327,5.177016827528151,0.0,13.629799857213138,5.933028831859905
14328,20.708067310112604,50.574027025640504,17.71873981437708,11.86605766371981
14329,5.177016827528151,0.0,13.629799857213138,13.05266343009179
14330,72.47823558539412,67.43203603418732,34.074499643032844,79.50258634692273
14331,15.531050482584453,16.85800900854683,21.80767977154102,23.73211532743962
14332,25.885084137640757,0.0,6.814899928606569,3.5598172991159425
14333,0.0,0.0,1.3629799857213138,2.3732115327439622
14334,5.177016827528151,0.0,2.7259599714426277,3.5598172991159425
14335,82.83226924045042,33.71601801709366,21.80767977154102,42.71780758939131
14336,5.177016827528151,0.0,14.992779842934452,13.05266343009179
14337,10.354033655056302,0.0,12.266819871491824,10.679451897347828
14338,5.177016827528151,0.0,5.451919942885255,7.119634598231885
14339,5.177016827528151,16.85800900854683,9.540859900049197,5.933028831859905
14340,0.0,0.0,0.0,2.3732115327439622
14341,20.708067310112604,16.85800900854683,9.540859900049197,8.306240364603866
14342,0.0,0.0,4.088939957163942,3.5598172991159425
14343,46.593151447753364,16.85800900854683,54.51919942885255,71.19634598231886
14344,0.0,0.0,1.3629799857213138,0.0
14345,0.0,0.0,10.90383988577051,9.492846130975849
14346,5.177016827528151,0.0,5.451919942885255,3.5598172991159425
14347,0.0,0.0,1.3629799857213138,3.5598172991159425
14348,0.0,0.0,1.3629799857213138,1.1866057663719811
14349,20.708067310112604,0.0,8.177879914327884,7.119634598231885
14350,0.0,33.71601801709366,4.088939957163942,8.306240364603866
14351,0.0,0.0,1.3629799857213138,0.0
14352,5.177016827528151,0.0,4.088939957163942,4.7464230654879245
14353,0.0,0.0,4.088939957163942,2.3732115327439622
14354,0.0,0.0,1.3629799857213138,4.7464230654879245
14355,0.0,0.0,6.814899928606569,9.492846130975849
14356,0.0,0.0,0.0,1.1866057663719811
14357,0.0,0.0,1.3629799857213138,7.119634598231885
14358,0.0,0.0,0.0,1.1866057663719811
14359,113.89437020561934,151.72208107692148,65.42303931462307,86.62222094515461
14360,72.47823558539412,33.71601801709366,23.170659757262335,21.358903794695657
14361,5.177016827528151,0.0,2.7259599714426277,0.0
14362,0.0,0.0,4.088939957163942,2.3732115327439622
14363,36.23911779269706,33.71601801709366,43.61535954308204,43.90441335576329
14364,36.23911779269706,16.85800900854683,53.15621944313124,60.51689408497103
14365,15.531050482584453,16.85800900854683,12.266819871491824,13.05266343009179
14366,176.01857213595713,101.14805405128101,220.80275768685283,148.32572079649762
14367,25.885084137640757,16.85800900854683,24.53363974298365,30.851749925671502
14368,10.354033655056302,0.0,12.266819871491824,11.86605766371981
14369,56.94718510280967,16.85800900854683,50.430259471688615,40.34459605664735
14370,310.62100965168906,151.72208107692148,89.9566790576067,103.23470167436234
14371,41.41613462022521,0.0,14.992779842934452,21.358903794695657
14372,5.177016827528151,0.0,1.3629799857213138,1.1866057663719811
14373,352.03714427191426,370.8761981880303,265.7810972156562,265.7996916673237
14374,165.66453848090083,151.72208107692148,253.51427734416438,223.08188407793241
14375,31.062100965168906,16.85800900854683,23.170659757262335,39.15799029027537
14376,41.41613462022521,67.43203603418732,34.074499643032844,37.971384523903396
14377,662.6581539236033,252.8701351282025,1185.792587577543,1441.726006141957
14378,15.531050482584453,0.0,35.43747962875416,24.918721093811598
14379,10.354033655056302,50.574027025640504,92.68263902904934,128.15342276817395
14380,20.708067310112604,16.85800900854683,29.985559685868903,20.172298028323674
14381,72.47823558539412,67.43203603418732,98.1345589719346,66.44992291683093
14382,0.0,0.0,2.7259599714426277,0.0
14383,46.593151447753364,16.85800900854683,104.94945890054116,86.62222094515461
14384,25.885084137640757,0.0,17.71873981437708,17.799086495579715
14385,0.0,0.0,14.992779842934452,17.799086495579715
14386,0.0,0.0,6.814899928606569,24.918721093811598
14387,0.0,0.0,8.177879914327884,7.119634598231885
14388,150.13348799831638,151.72208107692148,231.70659757262334,261.0532686018358
14389,103.54033655056303,50.574027025640504,117.216278772033,94.92846130975848
14390,5.177016827528151,16.85800900854683,1.3629799857213138,5.933028831859905
14391,129.4254206882038,168.58009008546833,46.34131951452467,134.08645160003385
14392,41.41613462022521,0.0,25.896619728704962,30.851749925671502
14393,150.13348799831638,33.71601801709366,204.44699785819705,204.09619181598075
14394,124.24840386067562,118.00606305982784,164.92057827227896,161.3783842265894
14395,0.0,0.0,1.3629799857213138,7.119634598231885
14396,0.0,0.0,1.3629799857213138,1.1866057663719811
14397,15.531050482584453,33.71601801709366,81.77879914327883,177.99086495579715
14398,41.41613462022521,0.0,14.992779842934452,13.05266343009179
14399,10.354033655056302,0.0,14.992779842934452,9.492846130975849
14400,31.062100965168906,33.71601801709366,10.90383988577051,10.679451897347828
14401,0.0,0.0,0.0,1.1866057663719811
14402,36.23911779269706,16.85800900854683,39.5264195859181,32.03835569204349
14403,77.65525241292227,67.43203603418732,27.259599714426276,27.291932626555564
14404,25.885084137640757,84.29004504273416,47.70429950024598,59.330288318599045
14405,0.0,0.0,1.3629799857213138,0.0
14406,46.593151447753364,16.85800900854683,47.70429950024598,39.15799029027537
14407,15.531050482584453,0.0,19.081719800098394,26.10532686018358
14408,15.531050482584453,0.0,23.170659757262335,17.799086495579715
14409,0.0,0.0,0.0,1.1866057663719811
14410,20.708067310112604,0.0,8.177879914327884,14.23926919646377
14411,0.0,0.0,2.7259599714426277,2.3732115327439622
14412,0.0,33.71601801709366,1.3629799857213138,2.3732115327439622
14413,15.531050482584453,16.85800900854683,10.90383988577051,9.492846130975849
14414,0.0,0.0,0.0,1.1866057663719811
14415,15.531050482584453,16.85800900854683,13.629799857213138,18.985692261951698
14416,10.354033655056302,0.0,8.177879914327884,4.7464230654879245
14417,5.177016827528151,0.0,0.0,0.0
14418,5.177016827528151,16.85800900854683,2.7259599714426277,1.1866057663719811
14419,15.531050482584453,16.85800900854683,23.170659757262335,16.612480729207732
14420,0.0,0.0,1.3629799857213138,0.0
14421,0.0,0.0,4.088939957163942,1.1866057663719811
14422,3473.7782912713897,3658.1879548546626,6088.431596217109,2614.0925033174744
14423,10.354033655056302,50.574027025640504,87.23071908616409,15.425874962835751
14424,7744.817173982115,14497.887747350276,8232.399113756735,3242.9935594946237
14425,31.062100965168906,33.71601801709366,43.61535954308204,5.933028831859905
14426,5.177016827528151,0.0,23.170659757262335,4.7464230654879245
14427,20.708067310112604,84.29004504273416,43.61535954308204,7.119634598231885
14428,5.177016827528151,0.0,59.97111937173781,11.86605766371981
14429,0.0,0.0,2.7259599714426277,2.3732115327439622
14430,5.177016827528151,0.0,29.985559685868903,5.933028831859905
14431,119.07138703314749,151.72208107692148,166.28355825800028,51.024047953995186
14432,5.177016827528151,16.85800900854683,6.814899928606569,2.3732115327439622
14433,5.177016827528151,0.0,6.814899928606569,2.3732115327439622
14434,51.77016827528151,16.85800900854683,188.0912380295413,22.54550956106764
14435,72.47823558539412,16.85800900854683,200.35805790103313,59.330288318599045
14436,0.0,0.0,36.80045961447547,5.933028831859905
14437,10.354033655056302,0.0,13.629799857213138,4.7464230654879245
14438,139.77945434326008,185.43809909401514,278.047917087148,83.06240364603867
14439,31.062100965168906,50.574027025640504,79.0528391718362,30.851749925671502
14440,5.177016827528151,0.0,13.629799857213138,1.1866057663719811
14441,25.885084137640757,0.0,28.62257970014759,4.7464230654879245
14442,15.531050482584453,0.0,16.355759828655767,3.5598172991159425
14443,36.23911779269706,33.71601801709366,57.24515940029518,21.358903794695657
