/storage/gge/Quique/rat_reference/correct_output/
Processing single-cell sample: Spatial_1
Martian Runtime - v4.0.12
Serving UI at http://osd02:34885?auth=Wrcz0QsfPCT-ql3HUNpMR7AMlZwdnaOkLithEkh-Kao

Running preflight checks (please wait)...
Checking sample info...
Checking FASTQ folder...
Checking reference...
Checking reference_path (/storage/gge/Quique/rat_reference/correct_output) on osd02...
Checking optional arguments...
mro: v4.0.12
mrp: v4.0.12
python: Python 3.10.8
numpy: 1.24.4
scipy: 1.10.1
pysam: 0.21.0
h5py: 3.9.0
pandas: 2.1.4
STAR: 2.7.2a
samtools: samtools 1.16.1
2024-10-21 15:10:58 [runtime] (ready)           ID.Spatial_1.SPATIAL_RNA_COUNTER_CS.SPATIAL_RNA_COUNTER.DISABLE_FEATURE_STAGES
2024-10-21 15:10:58 [runtime] (run:local)       ID.Spatial_1.SPATIAL_RNA_COUNTER_CS.SPATIAL_RNA_COUNTER.DISABLE_FEATURE_STAGES.fork0.chnk0.main
2024-10-21 15:10:58 [runtime] (ready)           ID.Spatial_1.SPATIAL_RNA_COUNTER_CS.SPATIAL_RNA_COUNTER_PREP.COPY_CHEMISTRY_SPEC
2024-10-21 15:10:58 [runtime] (run:local)       ID.Spatial_1.SPATIAL_RNA_COUNTER_CS.SPATIAL_RNA_COUNTER_PREP.COPY_CHEMISTRY_SPEC.fork0.chnk0.main
2024-10-21 15:10:58 [runtime] (ready)           ID.Spatial_1.SPATIAL_RNA_COUNTER_CS.SPATIAL_RNA_COUNTER._BASIC_SPATIAL_RNA_COUNTER._MATRIX_COMPUTER.DISABLE_CORRECTION_FACTOR
2024-10-21 15:10:58 [runtime] (run:local)       ID.Spatial_1.SPATIAL_RNA_COUNTER_CS.SPATIAL_RNA_COUNTER._BASIC_SPATIAL_RNA_COUNTER._MATRIX_COMPUTER.DISABLE_CORRECTION_FACTOR.fork0.chnk0.main
2024-10-21 15:10:58 [runtime] (ready)           ID.Spatial_1.SPATIAL_RNA_COUNTER_CS.SPATIAL_RNA_COUNTER.WRITE_GENE_INDEX
2024-10-21 15:10:58 [runtime] (run:local)       ID.Spatial_1.SPATIAL_RNA_COUNTER_CS.SPATIAL_RNA_COUNTER.WRITE_GENE_INDEX.fork0.chnk0.main
2024-10-21 15:10:59 [runtime] (chunks_complete) ID.Spatial_1.SPATIAL_RNA_COUNTER_CS.SPATIAL_RNA_COUNTER.DISABLE_FEATURE_STAGES
2024-10-21 15:10:59 [runtime] (chunks_complete) ID.Spatial_1.SPATIAL_RNA_COUNTER_CS.SPATIAL_RNA_COUNTER_PREP.COPY_CHEMISTRY_SPEC
2024-10-21 15:10:59 [runtime] (chunks_complete) ID.Spatial_1.SPATIAL_RNA_COUNTER_CS.SPATIAL_RNA_COUNTER._BASIC_SPATIAL_RNA_COUNTER._MATRIX_COMPUTER.DISABLE_CORRECTION_FACTOR
2024-10-21 15:10:59 [runtime] (ready)           ID.Spatial_1.SPATIAL_RNA_COUNTER_CS.SPATIAL_RNA_COUNTER_PREP.DETECT_CHEMISTRY
2024-10-21 15:10:59 [runtime] (run:local)       ID.Spatial_1.SPATIAL_RNA_COUNTER_CS.SPATIAL_RNA_COUNTER_PREP.DETECT_CHEMISTRY.fork0.chnk0.main
2024-10-21 15:11:04 [runtime] (chunks_complete) ID.Spatial_1.SPATIAL_RNA_COUNTER_CS.SPATIAL_RNA_COUNTER_PREP.DETECT_CHEMISTRY
2024-10-21 15:11:04 [runtime] (ready)           ID.Spatial_1.SPATIAL_RNA_COUNTER_CS.SPATIAL_RNA_COUNTER_PREP.MULTI_SETUP_CHUNKS
2024-10-21 15:11:04 [runtime] (run:local)       ID.Spatial_1.SPATIAL_RNA_COUNTER_CS.SPATIAL_RNA_COUNTER_PREP.MULTI_SETUP_CHUNKS.fork0.chnk0.main
2024-10-21 15:11:04 [runtime] (chunks_complete) ID.Spatial_1.SPATIAL_RNA_COUNTER_CS.SPATIAL_RNA_COUNTER_PREP.MULTI_SETUP_CHUNKS
2024-10-21 15:11:04 [runtime] (ready)           ID.Spatial_1.SPATIAL_RNA_COUNTER_CS.SPATIAL_RNA_COUNTER.BIN_HD_DATA.SETUP_BINNING
2024-10-21 15:11:04 [runtime] (run:local)       ID.Spatial_1.SPATIAL_RNA_COUNTER_CS.SPATIAL_RNA_COUNTER.BIN_HD_DATA.SETUP_BINNING.fork0.chnk0.main
2024-10-21 15:11:04 [runtime] (ready)           ID.Spatial_1.SPATIAL_RNA_COUNTER_CS.SPATIAL_IMAGING_CS.DETERMINE_PIPELINE_MODE
2024-10-21 15:11:04 [runtime] (run:local)       ID.Spatial_1.SPATIAL_RNA_COUNTER_CS.SPATIAL_IMAGING_CS.DETERMINE_PIPELINE_MODE.fork0.chnk0.main
2024-10-21 15:11:04 [runtime] (chunks_complete) ID.Spatial_1.SPATIAL_RNA_COUNTER_CS.SPATIAL_IMAGING_CS.DETERMINE_PIPELINE_MODE
2024-10-21 15:11:04 [runtime] (ready)           ID.Spatial_1.SPATIAL_RNA_COUNTER_CS.SPATIAL_RNA_COUNTER.DISABLE_DECONVOLUTION
2024-10-21 15:11:04 [runtime] (run:local)       ID.Spatial_1.SPATIAL_RNA_COUNTER_CS.SPATIAL_RNA_COUNTER.DISABLE_DECONVOLUTION.fork0.chnk0.main
2024-10-21 15:11:04 [runtime] (ready)           ID.Spatial_1.SPATIAL_RNA_COUNTER_CS.SPATIAL_IMAGING_CS.STANDARDIZE_IMAGES
2024-10-21 15:11:04 [runtime] (run:local)       ID.Spatial_1.SPATIAL_RNA_COUNTER_CS.SPATIAL_IMAGING_CS.STANDARDIZE_IMAGES.fork0.split
2024-10-21 15:11:04 [runtime] (ready)           ID.Spatial_1.SPATIAL_RNA_COUNTER_CS.SPATIAL_RNA_COUNTER.WEBSUMMARY_ALERTS
2024-10-21 15:11:04 [runtime] (run:local)       ID.Spatial_1.SPATIAL_RNA_COUNTER_CS.SPATIAL_RNA_COUNTER.WEBSUMMARY_ALERTS.fork0.chnk0.main
2024-10-21 15:11:04 [runtime] (chunks_complete) ID.Spatial_1.SPATIAL_RNA_COUNTER_CS.SPATIAL_RNA_COUNTER.BIN_HD_DATA.SETUP_BINNING
2024-10-21 15:11:05 [runtime] (chunks_complete) ID.Spatial_1.SPATIAL_RNA_COUNTER_CS.SPATIAL_RNA_COUNTER.DISABLE_DECONVOLUTION
2024-10-21 15:11:05 [runtime] (chunks_complete) ID.Spatial_1.SPATIAL_RNA_COUNTER_CS.SPATIAL_RNA_COUNTER.WEBSUMMARY_ALERTS
2024-10-21 15:11:05 [runtime] (chunks_complete) ID.Spatial_1.SPATIAL_RNA_COUNTER_CS.SPATIAL_RNA_COUNTER.WRITE_GENE_INDEX
2024-10-21 15:11:06 [runtime] (ready)           ID.Spatial_1.SPATIAL_RNA_COUNTER_CS.SPATIAL_RNA_COUNTER.PARSE_TARGET_FEATURES
2024-10-21 15:11:06 [runtime] (run:local)       ID.Spatial_1.SPATIAL_RNA_COUNTER_CS.SPATIAL_RNA_COUNTER.PARSE_TARGET_FEATURES.fork0.chnk0.main
2024-10-21 15:11:06 [runtime] (chunks_complete) ID.Spatial_1.SPATIAL_RNA_COUNTER_CS.SPATIAL_RNA_COUNTER.PARSE_TARGET_FEATURES
2024-10-21 15:11:06 [runtime] (ready)           ID.Spatial_1.SPATIAL_RNA_COUNTER_CS.SPATIAL_RNA_COUNTER._BASIC_SPATIAL_RNA_COUNTER._MATRIX_COMPUTER.MAKE_SHARD
2024-10-21 15:11:06 [runtime] (run:local)       ID.Spatial_1.SPATIAL_RNA_COUNTER_CS.SPATIAL_RNA_COUNTER._BASIC_SPATIAL_RNA_COUNTER._MATRIX_COMPUTER.MAKE_SHARD.fork0.split
2024-10-21 15:11:06 [runtime] (ready)           ID.Spatial_1.SPATIAL_RNA_COUNTER_CS.SPATIAL_RNA_COUNTER._TARGETED_ANALYZER.DISABLE_TARGETED_STAGES
2024-10-21 15:11:09 [runtime] (split_complete)  ID.Spatial_1.SPATIAL_RNA_COUNTER_CS.SPATIAL_IMAGING_CS.STANDARDIZE_IMAGES
2024-10-21 15:11:09 [runtime] (run:local)       ID.Spatial_1.SPATIAL_RNA_COUNTER_CS.SPATIAL_IMAGING_CS.STANDARDIZE_IMAGES.fork0.join
2024-10-21 15:11:09 [runtime] (split_complete)  ID.Spatial_1.SPATIAL_RNA_COUNTER_CS.SPATIAL_RNA_COUNTER._BASIC_SPATIAL_RNA_COUNTER._MATRIX_COMPUTER.MAKE_SHARD
2024-10-21 15:11:09 [runtime] (run:local)       ID.Spatial_1.SPATIAL_RNA_COUNTER_CS.SPATIAL_RNA_COUNTER._BASIC_SPATIAL_RNA_COUNTER._MATRIX_COMPUTER.MAKE_SHARD.fork0.chnk0.main
2024-10-21 15:11:25 [runtime] (join_complete)   ID.Spatial_1.SPATIAL_RNA_COUNTER_CS.SPATIAL_IMAGING_CS.STANDARDIZE_IMAGES
2024-10-21 15:11:25 [runtime] (ready)           ID.Spatial_1.SPATIAL_RNA_COUNTER_CS.CLOUPE_TILE_IMAGES
2024-10-21 15:11:25 [runtime] (run:local)       ID.Spatial_1.SPATIAL_RNA_COUNTER_CS.CLOUPE_TILE_IMAGES.fork0.split
2024-10-21 15:11:25 [runtime] (ready)           ID.Spatial_1.SPATIAL_RNA_COUNTER_CS.SPATIAL_IMAGING_CS.LOUPE_ALIGNMENT_READER
2024-10-21 15:11:25 [runtime] (run:local)       ID.Spatial_1.SPATIAL_RNA_COUNTER_CS.SPATIAL_IMAGING_CS.LOUPE_ALIGNMENT_READER.fork0.split
2024-10-21 15:11:26 [runtime] (split_complete)  ID.Spatial_1.SPATIAL_RNA_COUNTER_CS.CLOUPE_TILE_IMAGES
2024-10-21 15:11:26 [runtime] (run:local)       ID.Spatial_1.SPATIAL_RNA_COUNTER_CS.CLOUPE_TILE_IMAGES.fork0.join
2024-10-21 15:11:26 [runtime] (split_complete)  ID.Spatial_1.SPATIAL_RNA_COUNTER_CS.SPATIAL_IMAGING_CS.LOUPE_ALIGNMENT_READER
2024-10-21 15:11:26 [runtime] (run:local)       ID.Spatial_1.SPATIAL_RNA_COUNTER_CS.SPATIAL_IMAGING_CS.LOUPE_ALIGNMENT_READER.fork0.join
2024-10-21 15:11:27 [runtime] (join_complete)   ID.Spatial_1.SPATIAL_RNA_COUNTER_CS.SPATIAL_IMAGING_CS.LOUPE_ALIGNMENT_READER
2024-10-21 15:11:28 [runtime] (ready)           ID.Spatial_1.SPATIAL_RNA_COUNTER_CS.SPATIAL_IMAGING_CS.GPR_READER
2024-10-21 15:11:28 [runtime] (run:local)       ID.Spatial_1.SPATIAL_RNA_COUNTER_CS.SPATIAL_IMAGING_CS.GPR_READER.fork0.chnk0.main
2024-10-21 15:11:28 [runtime] (ready)           ID.Spatial_1.SPATIAL_RNA_COUNTER_CS.SPATIAL_IMAGING_CS.HD_LAYOUT_READER
2024-10-21 15:11:28 [runtime] (chunks_complete) ID.Spatial_1.SPATIAL_RNA_COUNTER_CS.SPATIAL_IMAGING_CS.GPR_READER
2024-10-21 15:11:28 [runtime] (ready)           ID.Spatial_1.SPATIAL_RNA_COUNTER_CS.SPATIAL_IMAGING_CS.ALIGN_FIDUCIALS
2024-10-21 15:11:28 [runtime] (run:local)       ID.Spatial_1.SPATIAL_RNA_COUNTER_CS.SPATIAL_IMAGING_CS.ALIGN_FIDUCIALS.fork0.split
2024-10-21 15:11:38 [runtime] (split_complete)  ID.Spatial_1.SPATIAL_RNA_COUNTER_CS.SPATIAL_IMAGING_CS.ALIGN_FIDUCIALS
2024-10-21 15:11:38 [runtime] (run:local)       ID.Spatial_1.SPATIAL_RNA_COUNTER_CS.SPATIAL_IMAGING_CS.ALIGN_FIDUCIALS.fork0.join
2024-10-21 15:11:40 [runtime] (join_complete)   ID.Spatial_1.SPATIAL_RNA_COUNTER_CS.SPATIAL_IMAGING_CS.ALIGN_FIDUCIALS
2024-10-21 15:11:40 [runtime] (ready)           ID.Spatial_1.SPATIAL_RNA_COUNTER_CS.SPATIAL_IMAGING_CS.REGISTER_TISSUE
2024-10-21 15:11:40 [runtime] (ready)           ID.Spatial_1.SPATIAL_RNA_COUNTER_CS.SPATIAL_IMAGING_CS.DETECT_TISSUE
2024-10-21 15:11:40 [runtime] (run:local)       ID.Spatial_1.SPATIAL_RNA_COUNTER_CS.SPATIAL_IMAGING_CS.DETECT_TISSUE.fork0.split
2024-10-21 15:11:43 [runtime] (split_complete)  ID.Spatial_1.SPATIAL_RNA_COUNTER_CS.SPATIAL_IMAGING_CS.DETECT_TISSUE
2024-10-21 15:11:43 [runtime] (run:local)       ID.Spatial_1.SPATIAL_RNA_COUNTER_CS.SPATIAL_IMAGING_CS.DETECT_TISSUE.fork0.join
2024-10-21 15:11:46 [runtime] (join_complete)   ID.Spatial_1.SPATIAL_RNA_COUNTER_CS.SPATIAL_IMAGING_CS.DETECT_TISSUE
2024-10-21 15:11:46 [runtime] (ready)           ID.Spatial_1.SPATIAL_RNA_COUNTER_CS.SPATIAL_IMAGING_CS.OUTPUT_SPOTS_BARCODES
2024-10-21 15:11:46 [runtime] (run:local)       ID.Spatial_1.SPATIAL_RNA_COUNTER_CS.SPATIAL_IMAGING_CS.OUTPUT_SPOTS_BARCODES.fork0.split
2024-10-21 15:11:47 [runtime] (split_complete)  ID.Spatial_1.SPATIAL_RNA_COUNTER_CS.SPATIAL_IMAGING_CS.OUTPUT_SPOTS_BARCODES
2024-10-21 15:11:47 [runtime] (run:local)       ID.Spatial_1.SPATIAL_RNA_COUNTER_CS.SPATIAL_IMAGING_CS.OUTPUT_SPOTS_BARCODES.fork0.join
2024-10-21 15:11:48 [runtime] (join_complete)   ID.Spatial_1.SPATIAL_RNA_COUNTER_CS.SPATIAL_IMAGING_CS.OUTPUT_SPOTS_BARCODES
2024-10-21 15:11:48 [runtime] (ready)           ID.Spatial_1.SPATIAL_RNA_COUNTER_CS.SPATIAL_RNA_COUNTER._BASIC_SPATIAL_RNA_COUNTER._MATRIX_COMPUTER.COMPUTE_CORRECTION_FACTOR
2024-10-21 15:11:48 [runtime] (ready)           ID.Spatial_1.SPATIAL_RNA_COUNTER_CS.SPATIAL_IMAGING_CS.CALCULATE_FLUORESCENCE_INTENSITY
2024-10-21 15:11:48 [runtime] (run:local)       ID.Spatial_1.SPATIAL_RNA_COUNTER_CS.SPATIAL_IMAGING_CS.CALCULATE_FLUORESCENCE_INTENSITY.fork0.split
2024-10-21 15:11:49 [runtime] (split_complete)  ID.Spatial_1.SPATIAL_RNA_COUNTER_CS.SPATIAL_IMAGING_CS.CALCULATE_FLUORESCENCE_INTENSITY
2024-10-21 15:11:49 [runtime] (run:local)       ID.Spatial_1.SPATIAL_RNA_COUNTER_CS.SPATIAL_IMAGING_CS.CALCULATE_FLUORESCENCE_INTENSITY.fork0.join
2024-10-21 15:11:50 [runtime] (join_complete)   ID.Spatial_1.SPATIAL_RNA_COUNTER_CS.SPATIAL_IMAGING_CS.CALCULATE_FLUORESCENCE_INTENSITY
2024-10-21 15:12:25 [runtime] (join_complete)   ID.Spatial_1.SPATIAL_RNA_COUNTER_CS.CLOUPE_TILE_IMAGES
2024-10-21 15:17:11 [runtime] (update)          ID.Spatial_1.SPATIAL_RNA_COUNTER_CS.SPATIAL_RNA_COUNTER._BASIC_SPATIAL_RNA_COUNTER._MATRIX_COMPUTER.MAKE_SHARD.fork0 chunks_running
2024-10-21 15:21:50 [runtime] (chunks_complete) ID.Spatial_1.SPATIAL_RNA_COUNTER_CS.SPATIAL_RNA_COUNTER._BASIC_SPATIAL_RNA_COUNTER._MATRIX_COMPUTER.MAKE_SHARD
2024-10-21 15:21:50 [runtime] (run:local)       ID.Spatial_1.SPATIAL_RNA_COUNTER_CS.SPATIAL_RNA_COUNTER._BASIC_SPATIAL_RNA_COUNTER._MATRIX_COMPUTER.MAKE_SHARD.fork0.join
2024-10-21 15:21:50 [runtime] (join_complete)   ID.Spatial_1.SPATIAL_RNA_COUNTER_CS.SPATIAL_RNA_COUNTER._BASIC_SPATIAL_RNA_COUNTER._MATRIX_COMPUTER.MAKE_SHARD
2024-10-21 15:21:50 [runtime] (ready)           ID.Spatial_1.SPATIAL_RNA_COUNTER_CS.SPATIAL_RNA_COUNTER._BASIC_SPATIAL_RNA_COUNTER._MATRIX_COMPUTER.MAKE_CORRECTION_MAP
2024-10-21 15:21:50 [runtime] (run:local)       ID.Spatial_1.SPATIAL_RNA_COUNTER_CS.SPATIAL_RNA_COUNTER._BASIC_SPATIAL_RNA_COUNTER._MATRIX_COMPUTER.MAKE_CORRECTION_MAP.fork0.split
2024-10-21 15:21:50 [runtime] (split_complete)  ID.Spatial_1.SPATIAL_RNA_COUNTER_CS.SPATIAL_RNA_COUNTER._BASIC_SPATIAL_RNA_COUNTER._MATRIX_COMPUTER.MAKE_CORRECTION_MAP
2024-10-21 15:21:50 [runtime] (run:local)       ID.Spatial_1.SPATIAL_RNA_COUNTER_CS.SPATIAL_RNA_COUNTER._BASIC_SPATIAL_RNA_COUNTER._MATRIX_COMPUTER.MAKE_CORRECTION_MAP.fork0.join
2024-10-21 15:21:50 [runtime] (join_complete)   ID.Spatial_1.SPATIAL_RNA_COUNTER_CS.SPATIAL_RNA_COUNTER._BASIC_SPATIAL_RNA_COUNTER._MATRIX_COMPUTER.MAKE_CORRECTION_MAP
2024-10-21 15:21:51 [runtime] (ready)           ID.Spatial_1.SPATIAL_RNA_COUNTER_CS.SPATIAL_RNA_COUNTER._BASIC_SPATIAL_RNA_COUNTER._MATRIX_COMPUTER.BARCODE_CORRECTION
2024-10-21 15:21:51 [runtime] (run:local)       ID.Spatial_1.SPATIAL_RNA_COUNTER_CS.SPATIAL_RNA_COUNTER._BASIC_SPATIAL_RNA_COUNTER._MATRIX_COMPUTER.BARCODE_CORRECTION.fork0.split
2024-10-21 15:21:51 [runtime] (split_complete)  ID.Spatial_1.SPATIAL_RNA_COUNTER_CS.SPATIAL_RNA_COUNTER._BASIC_SPATIAL_RNA_COUNTER._MATRIX_COMPUTER.BARCODE_CORRECTION
2024-10-21 15:21:51 [runtime] (run:local)       ID.Spatial_1.SPATIAL_RNA_COUNTER_CS.SPATIAL_RNA_COUNTER._BASIC_SPATIAL_RNA_COUNTER._MATRIX_COMPUTER.BARCODE_CORRECTION.fork0.chnk0.main
2024-10-21 15:21:51 [runtime] (run:local)       ID.Spatial_1.SPATIAL_RNA_COUNTER_CS.SPATIAL_RNA_COUNTER._BASIC_SPATIAL_RNA_COUNTER._MATRIX_COMPUTER.BARCODE_CORRECTION.fork0.chnk1.main
2024-10-21 15:21:51 [runtime] (run:local)       ID.Spatial_1.SPATIAL_RNA_COUNTER_CS.SPATIAL_RNA_COUNTER._BASIC_SPATIAL_RNA_COUNTER._MATRIX_COMPUTER.BARCODE_CORRECTION.fork0.chnk2.main
2024-10-21 15:21:51 [runtime] (run:local)       ID.Spatial_1.SPATIAL_RNA_COUNTER_CS.SPATIAL_RNA_COUNTER._BASIC_SPATIAL_RNA_COUNTER._MATRIX_COMPUTER.BARCODE_CORRECTION.fork0.chnk3.main
2024-10-21 15:21:51 [runtime] (run:local)       ID.Spatial_1.SPATIAL_RNA_COUNTER_CS.SPATIAL_RNA_COUNTER._BASIC_SPATIAL_RNA_COUNTER._MATRIX_COMPUTER.BARCODE_CORRECTION.fork0.chnk4.main
2024-10-21 15:21:51 [runtime] (run:local)       ID.Spatial_1.SPATIAL_RNA_COUNTER_CS.SPATIAL_RNA_COUNTER._BASIC_SPATIAL_RNA_COUNTER._MATRIX_COMPUTER.BARCODE_CORRECTION.fork0.chnk5.main
2024-10-21 15:21:51 [runtime] (run:local)       ID.Spatial_1.SPATIAL_RNA_COUNTER_CS.SPATIAL_RNA_COUNTER._BASIC_SPATIAL_RNA_COUNTER._MATRIX_COMPUTER.BARCODE_CORRECTION.fork0.chnk6.main
2024-10-21 15:21:51 [runtime] (run:local)       ID.Spatial_1.SPATIAL_RNA_COUNTER_CS.SPATIAL_RNA_COUNTER._BASIC_SPATIAL_RNA_COUNTER._MATRIX_COMPUTER.BARCODE_CORRECTION.fork0.chnk7.main
2024-10-21 15:21:51 [runtime] (run:local)       ID.Spatial_1.SPATIAL_RNA_COUNTER_CS.SPATIAL_RNA_COUNTER._BASIC_SPATIAL_RNA_COUNTER._MATRIX_COMPUTER.BARCODE_CORRECTION.fork0.chnk8.main
2024-10-21 15:22:04 [runtime] (chunks_complete) ID.Spatial_1.SPATIAL_RNA_COUNTER_CS.SPATIAL_RNA_COUNTER._BASIC_SPATIAL_RNA_COUNTER._MATRIX_COMPUTER.BARCODE_CORRECTION
2024-10-21 15:22:04 [runtime] (run:local)       ID.Spatial_1.SPATIAL_RNA_COUNTER_CS.SPATIAL_RNA_COUNTER._BASIC_SPATIAL_RNA_COUNTER._MATRIX_COMPUTER.BARCODE_CORRECTION.fork0.join
2024-10-21 15:22:05 [runtime] (join_complete)   ID.Spatial_1.SPATIAL_RNA_COUNTER_CS.SPATIAL_RNA_COUNTER._BASIC_SPATIAL_RNA_COUNTER._MATRIX_COMPUTER.BARCODE_CORRECTION
2024-10-21 15:22:05 [runtime] (ready)           ID.Spatial_1.SPATIAL_RNA_COUNTER_CS.SPATIAL_RNA_COUNTER._BASIC_SPATIAL_RNA_COUNTER._MATRIX_COMPUTER.WRITE_BARCODE_INDEX
2024-10-21 15:22:05 [runtime] (run:local)       ID.Spatial_1.SPATIAL_RNA_COUNTER_CS.SPATIAL_RNA_COUNTER._BASIC_SPATIAL_RNA_COUNTER._MATRIX_COMPUTER.WRITE_BARCODE_INDEX.fork0.chnk0.main
2024-10-21 15:22:05 [runtime] (ready)           ID.Spatial_1.SPATIAL_RNA_COUNTER_CS.SPATIAL_RNA_COUNTER._BASIC_SPATIAL_RNA_COUNTER._MATRIX_COMPUTER._SLFE_PARTIAL_FIRST_PASS.SUBSAMPLE_BARCODES
2024-10-21 15:22:05 [runtime] (ready)           ID.Spatial_1.SPATIAL_RNA_COUNTER_CS.SPATIAL_RNA_COUNTER._BASIC_SPATIAL_RNA_COUNTER._MATRIX_COMPUTER._SLFE_PARTIAL_FIRST_PASS.INITIAL_ALIGN_AND_COUNT
2024-10-21 15:22:05 [runtime] (ready)           ID.Spatial_1.SPATIAL_RNA_COUNTER_CS.SPATIAL_RNA_COUNTER._BASIC_SPATIAL_RNA_COUNTER._MATRIX_COMPUTER._SLFE_PARTIAL_FIRST_PASS.SET_TARGETED_UMI_FILTER
2024-10-21 15:22:05 [runtime] (ready)           ID.Spatial_1.SPATIAL_RNA_COUNTER_CS.SPATIAL_RNA_COUNTER._BASIC_SPATIAL_RNA_COUNTER._MATRIX_COMPUTER.ALIGN_AND_COUNT
2024-10-21 15:22:05 [runtime] (run:local)       ID.Spatial_1.SPATIAL_RNA_COUNTER_CS.SPATIAL_RNA_COUNTER._BASIC_SPATIAL_RNA_COUNTER._MATRIX_COMPUTER.ALIGN_AND_COUNT.fork0.split
2024-10-21 15:22:05 [runtime] (chunks_complete) ID.Spatial_1.SPATIAL_RNA_COUNTER_CS.SPATIAL_RNA_COUNTER._BASIC_SPATIAL_RNA_COUNTER._MATRIX_COMPUTER.WRITE_BARCODE_INDEX
2024-10-21 15:22:05 [runtime] (split_complete)  ID.Spatial_1.SPATIAL_RNA_COUNTER_CS.SPATIAL_RNA_COUNTER._BASIC_SPATIAL_RNA_COUNTER._MATRIX_COMPUTER.ALIGN_AND_COUNT
2024-10-21 15:22:05 [runtime] (run:local)       ID.Spatial_1.SPATIAL_RNA_COUNTER_CS.SPATIAL_RNA_COUNTER._BASIC_SPATIAL_RNA_COUNTER._MATRIX_COMPUTER.ALIGN_AND_COUNT.fork0.chnk0.main
2024-10-21 15:22:05 [runtime] (run:local)       ID.Spatial_1.SPATIAL_RNA_COUNTER_CS.SPATIAL_RNA_COUNTER._BASIC_SPATIAL_RNA_COUNTER._MATRIX_COMPUTER.ALIGN_AND_COUNT.fork0.chnk1.main
2024-10-21 15:22:05 [runtime] (run:local)       ID.Spatial_1.SPATIAL_RNA_COUNTER_CS.SPATIAL_RNA_COUNTER._BASIC_SPATIAL_RNA_COUNTER._MATRIX_COMPUTER.ALIGN_AND_COUNT.fork0.chnk2.main
2024-10-21 15:22:05 [runtime] (run:local)       ID.Spatial_1.SPATIAL_RNA_COUNTER_CS.SPATIAL_RNA_COUNTER._BASIC_SPATIAL_RNA_COUNTER._MATRIX_COMPUTER.ALIGN_AND_COUNT.fork0.chnk3.main
2024-10-21 15:22:05 [runtime] (run:local)       ID.Spatial_1.SPATIAL_RNA_COUNTER_CS.SPATIAL_RNA_COUNTER._BASIC_SPATIAL_RNA_COUNTER._MATRIX_COMPUTER.ALIGN_AND_COUNT.fork0.chnk4.main
2024-10-21 15:22:05 [runtime] (run:local)       ID.Spatial_1.SPATIAL_RNA_COUNTER_CS.SPATIAL_RNA_COUNTER._BASIC_SPATIAL_RNA_COUNTER._MATRIX_COMPUTER.ALIGN_AND_COUNT.fork0.chnk5.main
2024-10-21 15:28:07 [runtime] (update)          ID.Spatial_1.SPATIAL_RNA_COUNTER_CS.SPATIAL_RNA_COUNTER._BASIC_SPATIAL_RNA_COUNTER._MATRIX_COMPUTER.ALIGN_AND_COUNT.fork0 chunks running (1/6 completed)
2024-10-21 15:34:44 [runtime] (update)          ID.Spatial_1.SPATIAL_RNA_COUNTER_CS.SPATIAL_RNA_COUNTER._BASIC_SPATIAL_RNA_COUNTER._MATRIX_COMPUTER.ALIGN_AND_COUNT.fork0 chunks running (2/6 completed)
2024-10-21 15:39:46 [runtime] (update)          ID.Spatial_1.SPATIAL_RNA_COUNTER_CS.SPATIAL_RNA_COUNTER._BASIC_SPATIAL_RNA_COUNTER._MATRIX_COMPUTER.ALIGN_AND_COUNT.fork0 chunks running (4/6 completed)
2024-10-21 15:45:21 [runtime] (update)          ID.Spatial_1.SPATIAL_RNA_COUNTER_CS.SPATIAL_RNA_COUNTER._BASIC_SPATIAL_RNA_COUNTER._MATRIX_COMPUTER.ALIGN_AND_COUNT.fork0 chunks running (4/6 completed)
2024-10-21 15:51:25 [runtime] (update)          ID.Spatial_1.SPATIAL_RNA_COUNTER_CS.SPATIAL_RNA_COUNTER._BASIC_SPATIAL_RNA_COUNTER._MATRIX_COMPUTER.ALIGN_AND_COUNT.fork0 chunks running (4/6 completed)
2024-10-21 15:53:32 [runtime] (chunks_complete) ID.Spatial_1.SPATIAL_RNA_COUNTER_CS.SPATIAL_RNA_COUNTER._BASIC_SPATIAL_RNA_COUNTER._MATRIX_COMPUTER.ALIGN_AND_COUNT
2024-10-21 15:53:32 [runtime] (run:local)       ID.Spatial_1.SPATIAL_RNA_COUNTER_CS.SPATIAL_RNA_COUNTER._BASIC_SPATIAL_RNA_COUNTER._MATRIX_COMPUTER.ALIGN_AND_COUNT.fork0.join
2024-10-21 15:53:32 [runtime] (join_complete)   ID.Spatial_1.SPATIAL_RNA_COUNTER_CS.SPATIAL_RNA_COUNTER._BASIC_SPATIAL_RNA_COUNTER._MATRIX_COMPUTER.ALIGN_AND_COUNT
2024-10-21 15:53:34 [runtime] (ready)           ID.Spatial_1.SPATIAL_RNA_COUNTER_CS.SPATIAL_RNA_COUNTER._BASIC_SPATIAL_RNA_COUNTER._MATRIX_COMPUTER.WRITE_BARCODE_SUMMARY
2024-10-21 15:53:34 [runtime] (run:local)       ID.Spatial_1.SPATIAL_RNA_COUNTER_CS.SPATIAL_RNA_COUNTER._BASIC_SPATIAL_RNA_COUNTER._MATRIX_COMPUTER.WRITE_BARCODE_SUMMARY.fork0.chnk0.main
2024-10-21 15:53:34 [runtime] (ready)           ID.Spatial_1.SPATIAL_RNA_COUNTER_CS.SPATIAL_RNA_COUNTER._BASIC_SPATIAL_RNA_COUNTER._MATRIX_COMPUTER.WRITE_MATRIX_MARKET
2024-10-21 15:53:34 [runtime] (run:local)       ID.Spatial_1.SPATIAL_RNA_COUNTER_CS.SPATIAL_RNA_COUNTER._BASIC_SPATIAL_RNA_COUNTER._MATRIX_COMPUTER.WRITE_MATRIX_MARKET.fork0.chnk0.main
2024-10-21 15:53:34 [runtime] (ready)           ID.Spatial_1.SPATIAL_RNA_COUNTER_CS.SPATIAL_RNA_COUNTER._BASIC_SPATIAL_RNA_COUNTER._MATRIX_COMPUTER.COLLATE_METRICS
2024-10-21 15:53:34 [runtime] (run:local)       ID.Spatial_1.SPATIAL_RNA_COUNTER_CS.SPATIAL_RNA_COUNTER._BASIC_SPATIAL_RNA_COUNTER._MATRIX_COMPUTER.COLLATE_METRICS.fork0.split
2024-10-21 15:53:34 [runtime] (ready)           ID.Spatial_1.SPATIAL_RNA_COUNTER_CS.SPATIAL_RNA_COUNTER._BASIC_SPATIAL_RNA_COUNTER._MATRIX_COMPUTER.WRITE_H5_MATRIX
2024-10-21 15:53:34 [runtime] (run:local)       ID.Spatial_1.SPATIAL_RNA_COUNTER_CS.SPATIAL_RNA_COUNTER._BASIC_SPATIAL_RNA_COUNTER._MATRIX_COMPUTER.WRITE_H5_MATRIX.fork0.chnk0.main
2024-10-21 15:53:34 [runtime] (split_complete)  ID.Spatial_1.SPATIAL_RNA_COUNTER_CS.SPATIAL_RNA_COUNTER._BASIC_SPATIAL_RNA_COUNTER._MATRIX_COMPUTER.COLLATE_METRICS
2024-10-21 15:53:34 [runtime] (run:local)       ID.Spatial_1.SPATIAL_RNA_COUNTER_CS.SPATIAL_RNA_COUNTER._BASIC_SPATIAL_RNA_COUNTER._MATRIX_COMPUTER.COLLATE_METRICS.fork0.chnk0.main
2024-10-21 15:53:34 [runtime] (chunks_complete) ID.Spatial_1.SPATIAL_RNA_COUNTER_CS.SPATIAL_RNA_COUNTER._BASIC_SPATIAL_RNA_COUNTER._MATRIX_COMPUTER.WRITE_BARCODE_SUMMARY
2024-10-21 15:53:34 [runtime] (chunks_complete) ID.Spatial_1.SPATIAL_RNA_COUNTER_CS.SPATIAL_RNA_COUNTER._BASIC_SPATIAL_RNA_COUNTER._MATRIX_COMPUTER.COLLATE_METRICS
2024-10-21 15:53:34 [runtime] (run:local)       ID.Spatial_1.SPATIAL_RNA_COUNTER_CS.SPATIAL_RNA_COUNTER._BASIC_SPATIAL_RNA_COUNTER._MATRIX_COMPUTER.COLLATE_METRICS.fork0.join
2024-10-21 15:53:35 [runtime] (join_complete)   ID.Spatial_1.SPATIAL_RNA_COUNTER_CS.SPATIAL_RNA_COUNTER._BASIC_SPATIAL_RNA_COUNTER._MATRIX_COMPUTER.COLLATE_METRICS
2024-10-21 15:53:35 [runtime] (ready)           ID.Spatial_1.SPATIAL_RNA_COUNTER_CS.SPATIAL_RNA_COUNTER._BASIC_SPATIAL_RNA_COUNTER._MATRIX_COMPUTER.MERGE_METRICS
2024-10-21 15:53:35 [runtime] (run:local)       ID.Spatial_1.SPATIAL_RNA_COUNTER_CS.SPATIAL_RNA_COUNTER._BASIC_SPATIAL_RNA_COUNTER._MATRIX_COMPUTER.MERGE_METRICS.fork0.chnk0.main
2024-10-21 15:53:35 [runtime] (chunks_complete) ID.Spatial_1.SPATIAL_RNA_COUNTER_CS.SPATIAL_RNA_COUNTER._BASIC_SPATIAL_RNA_COUNTER._MATRIX_COMPUTER.MERGE_METRICS
2024-10-21 15:53:36 [runtime] (chunks_complete) ID.Spatial_1.SPATIAL_RNA_COUNTER_CS.SPATIAL_RNA_COUNTER._BASIC_SPATIAL_RNA_COUNTER._MATRIX_COMPUTER.WRITE_H5_MATRIX
2024-10-21 15:53:36 [runtime] (ready)           ID.Spatial_1.SPATIAL_RNA_COUNTER_CS.SPATIAL_RNA_COUNTER._BASIC_SPATIAL_RNA_COUNTER.FILTER_BARCODES
2024-10-21 15:53:36 [runtime] (run:local)       ID.Spatial_1.SPATIAL_RNA_COUNTER_CS.SPATIAL_RNA_COUNTER._BASIC_SPATIAL_RNA_COUNTER.FILTER_BARCODES.fork0.split
2024-10-21 15:53:36 [runtime] (ready)           ID.Spatial_1.SPATIAL_RNA_COUNTER_CS.SPATIAL_RNA_COUNTER._BASIC_SPATIAL_RNA_COUNTER.DISABLE_STAGES
2024-10-21 15:53:36 [runtime] (run:local)       ID.Spatial_1.SPATIAL_RNA_COUNTER_CS.SPATIAL_RNA_COUNTER._BASIC_SPATIAL_RNA_COUNTER.DISABLE_STAGES.fork0.chnk0.main
2024-10-21 15:53:36 [runtime] (chunks_complete) ID.Spatial_1.SPATIAL_RNA_COUNTER_CS.SPATIAL_RNA_COUNTER._BASIC_SPATIAL_RNA_COUNTER._MATRIX_COMPUTER.WRITE_MATRIX_MARKET
2024-10-21 15:53:36 [runtime] (ready)           ID.Spatial_1.SPATIAL_RNA_COUNTER_CS.SPATIAL_RNA_COUNTER.BIN_HD_DATA._BIN_HD_DATA.CREATE_HD_FEATURE_SLICE
2024-10-21 15:53:37 [runtime] (ready)           ID.Spatial_1.SPATIAL_RNA_COUNTER_CS.SPATIAL_RNA_COUNTER.BIN_HD_DATA._BIN_HD_DATA.PROCESS_HD_ALIGNMENT
2024-10-21 15:53:54 [runtime] (chunks_complete) ID.Spatial_1.SPATIAL_RNA_COUNTER_CS.SPATIAL_RNA_COUNTER._BASIC_SPATIAL_RNA_COUNTER.DISABLE_STAGES
2024-10-21 15:53:54 [runtime] (ready)           ID.Spatial_1.SPATIAL_RNA_COUNTER_CS.SPATIAL_RNA_COUNTER._BASIC_SPATIAL_RNA_COUNTER._ASSIGN_TAGS.MULTIPLEXING_METHOD
2024-10-21 15:53:54 [runtime] (ready)           ID.Spatial_1.SPATIAL_RNA_COUNTER_CS.SPATIAL_RNA_COUNTER._BASIC_SPATIAL_RNA_COUNTER.WRITE_POS_BAM
2024-10-21 15:53:54 [runtime] (run:local)       ID.Spatial_1.SPATIAL_RNA_COUNTER_CS.SPATIAL_RNA_COUNTER._BASIC_SPATIAL_RNA_COUNTER.WRITE_POS_BAM.fork0.split
2024-10-21 15:53:54 [runtime] (ready)           ID.Spatial_1.SPATIAL_RNA_COUNTER_CS.SPATIAL_RNA_COUNTER._BASIC_SPATIAL_RNA_COUNTER._ASSIGN_TAGS.CALL_TAGS_OH
2024-10-21 15:53:54 [runtime] (split_complete)  ID.Spatial_1.SPATIAL_RNA_COUNTER_CS.SPATIAL_RNA_COUNTER._BASIC_SPATIAL_RNA_COUNTER.FILTER_BARCODES
2024-10-21 15:53:54 [runtime] (run:local)       ID.Spatial_1.SPATIAL_RNA_COUNTER_CS.SPATIAL_RNA_COUNTER._BASIC_SPATIAL_RNA_COUNTER.FILTER_BARCODES.fork0.chnk0.main
2024-10-21 15:53:54 [runtime] (split_complete)  ID.Spatial_1.SPATIAL_RNA_COUNTER_CS.SPATIAL_RNA_COUNTER._BASIC_SPATIAL_RNA_COUNTER.WRITE_POS_BAM
2024-10-21 15:53:54 [runtime] (run:local)       ID.Spatial_1.SPATIAL_RNA_COUNTER_CS.SPATIAL_RNA_COUNTER._BASIC_SPATIAL_RNA_COUNTER.WRITE_POS_BAM.fork0.chnk0.main
2024-10-21 15:53:54 [runtime] (run:local)       ID.Spatial_1.SPATIAL_RNA_COUNTER_CS.SPATIAL_RNA_COUNTER._BASIC_SPATIAL_RNA_COUNTER.WRITE_POS_BAM.fork0.chnk1.main
2024-10-21 15:53:54 [runtime] (run:local)       ID.Spatial_1.SPATIAL_RNA_COUNTER_CS.SPATIAL_RNA_COUNTER._BASIC_SPATIAL_RNA_COUNTER.WRITE_POS_BAM.fork0.chnk2.main
2024-10-21 15:53:54 [runtime] (run:local)       ID.Spatial_1.SPATIAL_RNA_COUNTER_CS.SPATIAL_RNA_COUNTER._BASIC_SPATIAL_RNA_COUNTER.WRITE_POS_BAM.fork0.chnk3.main
2024-10-21 15:53:54 [runtime] (run:local)       ID.Spatial_1.SPATIAL_RNA_COUNTER_CS.SPATIAL_RNA_COUNTER._BASIC_SPATIAL_RNA_COUNTER.WRITE_POS_BAM.fork0.chnk4.main
2024-10-21 15:53:54 [runtime] (run:local)       ID.Spatial_1.SPATIAL_RNA_COUNTER_CS.SPATIAL_RNA_COUNTER._BASIC_SPATIAL_RNA_COUNTER.WRITE_POS_BAM.fork0.chnk5.main
2024-10-21 15:53:56 [runtime] (chunks_complete) ID.Spatial_1.SPATIAL_RNA_COUNTER_CS.SPATIAL_RNA_COUNTER._BASIC_SPATIAL_RNA_COUNTER.FILTER_BARCODES
2024-10-21 15:53:56 [runtime] (run:local)       ID.Spatial_1.SPATIAL_RNA_COUNTER_CS.SPATIAL_RNA_COUNTER._BASIC_SPATIAL_RNA_COUNTER.FILTER_BARCODES.fork0.join
2024-10-21 15:56:30 [runtime] (join_complete)   ID.Spatial_1.SPATIAL_RNA_COUNTER_CS.SPATIAL_RNA_COUNTER._BASIC_SPATIAL_RNA_COUNTER.FILTER_BARCODES
2024-10-21 15:56:30 [runtime] (ready)           ID.Spatial_1.SPATIAL_RNA_COUNTER_CS.SPATIAL_RNA_COUNTER._BASIC_SPATIAL_RNA_COUNTER.COLLATE_PROBE_METRICS
2024-10-21 15:56:30 [runtime] (ready)           ID.Spatial_1.SPATIAL_RNA_COUNTER_CS.SPATIAL_RNA_COUNTER.DISABLE_SECONDARY_ANALYSIS
2024-10-21 15:56:30 [runtime] (run:local)       ID.Spatial_1.SPATIAL_RNA_COUNTER_CS.SPATIAL_RNA_COUNTER.DISABLE_SECONDARY_ANALYSIS.fork0.chnk0.main
2024-10-21 15:56:30 [runtime] (ready)           ID.Spatial_1.SPATIAL_RNA_COUNTER_CS.SPATIAL_RNA_COUNTER.BIN_HD_DATA._BIN_HD_DATA.UPDATE_HD_FEATURE_SLICE_H5
2024-10-21 15:56:30 [runtime] (ready)           ID.Spatial_1.SPATIAL_RNA_COUNTER_CS.SPATIAL_RNA_COUNTER.RUN_SPATIAL_ENRICHMENT
2024-10-21 15:56:30 [runtime] (run:local)       ID.Spatial_1.SPATIAL_RNA_COUNTER_CS.SPATIAL_RNA_COUNTER.RUN_SPATIAL_ENRICHMENT.fork0.split
2024-10-21 15:56:31 [runtime] (ready)           ID.Spatial_1.SPATIAL_RNA_COUNTER_CS.SPATIAL_RNA_COUNTER.ANTIBODY_QC_PLOTS
2024-10-21 15:56:31 [runtime] (ready)           ID.Spatial_1.SPATIAL_RNA_COUNTER_CS.SPATIAL_RNA_COUNTER._BASIC_SPATIAL_RNA_COUNTER._ASSIGN_TAGS.CALL_TAGS_MARGINAL
2024-10-21 15:56:31 [runtime] (ready)           ID.Spatial_1.SPATIAL_RNA_COUNTER_CS.SPATIAL_RNA_COUNTER._BASIC_SPATIAL_RNA_COUNTER._ASSIGN_TAGS.CALL_TAGS_RTL
2024-10-21 15:56:31 [runtime] (ready)           ID.Spatial_1.SPATIAL_RNA_COUNTER_CS.SPATIAL_RNA_COUNTER._BASIC_SPATIAL_RNA_COUNTER.INFER_GEM_WELL_THROUGHPUT
2024-10-21 15:56:31 [runtime] (ready)           ID.Spatial_1.SPATIAL_RNA_COUNTER_CS.SPATIAL_RNA_COUNTER._BASIC_SPATIAL_RNA_COUNTER.CHECK_CORRECTION_FACTOR
2024-10-21 15:56:31 [runtime] (run:local)       ID.Spatial_1.SPATIAL_RNA_COUNTER_CS.SPATIAL_RNA_COUNTER._BASIC_SPATIAL_RNA_COUNTER.CHECK_CORRECTION_FACTOR.fork0.chnk0.main
2024-10-21 15:56:31 [runtime] (ready)           ID.Spatial_1.SPATIAL_RNA_COUNTER_CS.SPATIAL_RNA_COUNTER._BASIC_SPATIAL_RNA_COUNTER._CELLS_REPORTER.WRITE_MOLECULE_INFO
2024-10-21 15:56:31 [runtime] (run:local)       ID.Spatial_1.SPATIAL_RNA_COUNTER_CS.SPATIAL_RNA_COUNTER._BASIC_SPATIAL_RNA_COUNTER._CELLS_REPORTER.WRITE_MOLECULE_INFO.fork0.split
2024-10-21 15:56:31 [runtime] (split_complete)  ID.Spatial_1.SPATIAL_RNA_COUNTER_CS.SPATIAL_RNA_COUNTER._BASIC_SPATIAL_RNA_COUNTER._CELLS_REPORTER.WRITE_MOLECULE_INFO
2024-10-21 15:56:31 [runtime] (run:local)       ID.Spatial_1.SPATIAL_RNA_COUNTER_CS.SPATIAL_RNA_COUNTER._BASIC_SPATIAL_RNA_COUNTER._CELLS_REPORTER.WRITE_MOLECULE_INFO.fork0.join
2024-10-21 15:56:31 [runtime] (chunks_complete) ID.Spatial_1.SPATIAL_RNA_COUNTER_CS.SPATIAL_RNA_COUNTER._BASIC_SPATIAL_RNA_COUNTER.CHECK_CORRECTION_FACTOR
2024-10-21 15:56:31 [runtime] (chunks_complete) ID.Spatial_1.SPATIAL_RNA_COUNTER_CS.SPATIAL_RNA_COUNTER.DISABLE_SECONDARY_ANALYSIS
2024-10-21 15:56:31 [runtime] (ready)           ID.Spatial_1.SPATIAL_RNA_COUNTER_CS.SPATIAL_RNA_COUNTER.SPATIAL_RNA_ANALYZER.ANALYZER_PREFLIGHT
2024-10-21 15:56:31 [runtime] (run:local)       ID.Spatial_1.SPATIAL_RNA_COUNTER_CS.SPATIAL_RNA_COUNTER.SPATIAL_RNA_ANALYZER.ANALYZER_PREFLIGHT.fork0.chnk0.main
2024-10-21 15:56:33 [runtime] (chunks_complete) ID.Spatial_1.SPATIAL_RNA_COUNTER_CS.SPATIAL_RNA_COUNTER.SPATIAL_RNA_ANALYZER.ANALYZER_PREFLIGHT
2024-10-21 15:56:33 [runtime] (ready)           ID.Spatial_1.SPATIAL_RNA_COUNTER_CS.SPATIAL_RNA_COUNTER.SPATIAL_RNA_ANALYZER.PREPROCESS_MATRIX
2024-10-21 15:56:33 [runtime] (run:local)       ID.Spatial_1.SPATIAL_RNA_COUNTER_CS.SPATIAL_RNA_COUNTER.SPATIAL_RNA_ANALYZER.PREPROCESS_MATRIX.fork0.split
2024-10-21 15:56:34 [runtime] (split_complete)  ID.Spatial_1.SPATIAL_RNA_COUNTER_CS.SPATIAL_RNA_COUNTER.SPATIAL_RNA_ANALYZER.PREPROCESS_MATRIX
2024-10-21 15:56:34 [runtime] (run:local)       ID.Spatial_1.SPATIAL_RNA_COUNTER_CS.SPATIAL_RNA_COUNTER.SPATIAL_RNA_ANALYZER.PREPROCESS_MATRIX.fork0.join
2024-10-21 15:56:36 [runtime] (join_complete)   ID.Spatial_1.SPATIAL_RNA_COUNTER_CS.SPATIAL_RNA_COUNTER._BASIC_SPATIAL_RNA_COUNTER._CELLS_REPORTER.WRITE_MOLECULE_INFO
2024-10-21 15:56:36 [runtime] (ready)           ID.Spatial_1.SPATIAL_RNA_COUNTER_CS.SPATIAL_RNA_COUNTER._TARGETED_ANALYZER.SUBSAMPLE_OFF_TARGET_READS
2024-10-21 15:56:36 [runtime] (ready)           ID.Spatial_1.SPATIAL_RNA_COUNTER_CS.SPATIAL_RNA_COUNTER.HD_WEBSUMMARY_BUILDER.PICK_SATURATION_PLOT
2024-10-21 15:56:36 [runtime] (ready)           ID.Spatial_1.SPATIAL_RNA_COUNTER_CS.SPATIAL_RNA_COUNTER._BASIC_SPATIAL_RNA_COUNTER._ASSIGN_TAGS.CALL_TAGS_JIBES
2024-10-21 15:56:36 [runtime] (ready)           ID.Spatial_1.SPATIAL_RNA_COUNTER_CS.SPATIAL_RNA_COUNTER._TARGETED_ANALYZER._RUN_GDNA_ANALYSIS.GET_GDNA_METRICS
2024-10-21 15:56:36 [runtime] (ready)           ID.Spatial_1.SPATIAL_RNA_COUNTER_CS.SPATIAL_RNA_COUNTER._TARGETED_ANALYZER.SUBSAMPLE_ON_TARGET_READS
2024-10-21 15:56:36 [runtime] (ready)           ID.Spatial_1.SPATIAL_RNA_COUNTER_CS.SPATIAL_RNA_COUNTER._BASIC_SPATIAL_RNA_COUNTER._CELLS_REPORTER.SUBSAMPLE_READS
2024-10-21 15:56:36 [runtime] (run:local)       ID.Spatial_1.SPATIAL_RNA_COUNTER_CS.SPATIAL_RNA_COUNTER._BASIC_SPATIAL_RNA_COUNTER._CELLS_REPORTER.SUBSAMPLE_READS.fork0.split
2024-10-21 15:56:36 [runtime] (ready)           ID.Spatial_1.SPATIAL_RNA_COUNTER_CS.SPATIAL_RNA_COUNTER._BASIC_SPATIAL_RNA_COUNTER._ASSIGN_TAGS.DETERMINE_SAMPLE_ASSIGNMENTS
2024-10-21 15:56:36 [runtime] (ready)           ID.Spatial_1.SPATIAL_RNA_COUNTER_CS.SPATIAL_RNA_COUNTER._TARGETED_ANALYZER._RUN_GDNA_ANALYSIS.GET_GDNA_PLOT
2024-10-21 15:56:36 [runtime] (ready)           ID.Spatial_1.SPATIAL_RNA_COUNTER_CS.SPATIAL_RNA_COUNTER._BASIC_SPATIAL_RNA_COUNTER.MULTI_COLLATE_PER_SAMPLE_METRICS
2024-10-21 15:56:36 [runtime] (ready)           ID.Spatial_1.SPATIAL_RNA_COUNTER_CS.SPATIAL_RNA_COUNTER._BASIC_SPATIAL_RNA_COUNTER.MULTI_WRITE_PER_SAMPLE_MOLECULE_INFO
2024-10-21 15:56:36 [runtime] (ready)           ID.Spatial_1.SPATIAL_RNA_COUNTER_CS.SPATIAL_RNA_COUNTER._TARGETED_ANALYZER._RUN_GDNA_ANALYSIS.MERGE_METRICS
2024-10-21 15:56:36 [runtime] (ready)           ID.Spatial_1.SPATIAL_RNA_COUNTER_CS.SPATIAL_RNA_COUNTER._BASIC_SPATIAL_RNA_COUNTER.MULTI_WRITE_PER_SAMPLE_BAM
2024-10-21 15:56:36 [runtime] (ready)           ID.Spatial_1.SPATIAL_RNA_COUNTER_CS.SPATIAL_RNA_COUNTER._BASIC_SPATIAL_RNA_COUNTER._ASSIGN_TAGS.COMPUTE_EXTRA_MULTIPLEXING_METRICS
2024-10-21 15:56:36 [runtime] (ready)           ID.Spatial_1.SPATIAL_RNA_COUNTER_CS.SPATIAL_RNA_COUNTER._BASIC_SPATIAL_RNA_COUNTER.DEMUX_PROBE_BC_MATRIX
2024-10-21 15:56:36 [runtime] (ready)           ID.Spatial_1.SPATIAL_RNA_COUNTER_CS.SPATIAL_RNA_COUNTER._BASIC_SPATIAL_RNA_COUNTER.MULTI_WRITE_PER_SAMPLE_MATRICES
2024-10-21 15:56:36 [runtime] (ready)           ID.Spatial_1.SPATIAL_RNA_COUNTER_CS.SPATIAL_RNA_COUNTER._BASIC_SPATIAL_RNA_COUNTER._ASSIGN_TAGS.MERGE_METRICS
2024-10-21 15:56:38 [runtime] (join_complete)   ID.Spatial_1.SPATIAL_RNA_COUNTER_CS.SPATIAL_RNA_COUNTER.SPATIAL_RNA_ANALYZER.PREPROCESS_MATRIX
2024-10-21 15:56:38 [runtime] (ready)           ID.Spatial_1.SPATIAL_RNA_COUNTER_CS.SPATIAL_RNA_COUNTER.SPATIAL_RNA_ANALYZER.RUN_BATCH_CORRECTION_PCA.PCA_PREP
2024-10-21 15:56:38 [runtime] (ready)           ID.Spatial_1.SPATIAL_RNA_COUNTER_CS.SPATIAL_RNA_COUNTER.SPATIAL_RNA_ANALYZER.RUN_MULTIGENOME_ANALYSIS
2024-10-21 15:56:38 [runtime] (ready)           ID.Spatial_1.SPATIAL_RNA_COUNTER_CS.SPATIAL_RNA_COUNTER.SPATIAL_RNA_ANALYZER._ANTIGEN_ANALYZER.SUMMARIZE_ANTIBODY_ANALYSIS
2024-10-21 15:56:38 [runtime] (ready)           ID.Spatial_1.SPATIAL_RNA_COUNTER_CS.SPATIAL_RNA_COUNTER.SPATIAL_RNA_ANALYZER._ANTIBODY_ANALYZER.SUMMARIZE_ANTIBODY_ANALYSIS
2024-10-21 15:56:38 [runtime] (ready)           ID.Spatial_1.SPATIAL_RNA_COUNTER_CS.SPATIAL_RNA_COUNTER.SPATIAL_RNA_ANALYZER._ANTIGEN_ANALYZER.CALL_ANTIBODIES
2024-10-21 15:56:38 [runtime] (ready)           ID.Spatial_1.SPATIAL_RNA_COUNTER_CS.SPATIAL_RNA_COUNTER.SPATIAL_RNA_ANALYZER._ANTIBODY_ANALYZER.CALL_ANTIBODIES
2024-10-21 15:56:38 [runtime] (ready)           ID.Spatial_1.SPATIAL_RNA_COUNTER_CS.SPATIAL_RNA_COUNTER.SPATIAL_RNA_ANALYZER.RUN_BATCH_CORRECTION_PCA.RUN_PCA2
2024-10-21 15:56:38 [runtime] (ready)           ID.Spatial_1.SPATIAL_RNA_COUNTER_CS.SPATIAL_RNA_COUNTER.SPATIAL_RNA_ANALYZER.RUN_BATCH_CORRECTION_PCA.POST_PCA
2024-10-21 15:56:38 [runtime] (ready)           ID.Spatial_1.SPATIAL_RNA_COUNTER_CS.SPATIAL_RNA_COUNTER.SPATIAL_RNA_ANALYZER.CORRECT_CHEMISTRY_BATCH
2024-10-21 15:56:38 [runtime] (ready)           ID.Spatial_1.SPATIAL_RNA_COUNTER_CS.SPATIAL_RNA_COUNTER.SPATIAL_RNA_ANALYZER.RUN_PCA
2024-10-21 15:56:38 [runtime] (run:local)       ID.Spatial_1.SPATIAL_RNA_COUNTER_CS.SPATIAL_RNA_COUNTER.SPATIAL_RNA_ANALYZER.RUN_PCA.fork0.split
2024-10-21 15:56:38 [runtime] (split_complete)  ID.Spatial_1.SPATIAL_RNA_COUNTER_CS.SPATIAL_RNA_COUNTER.SPATIAL_RNA_ANALYZER.RUN_PCA
2024-10-21 15:56:38 [runtime] (run:local)       ID.Spatial_1.SPATIAL_RNA_COUNTER_CS.SPATIAL_RNA_COUNTER.SPATIAL_RNA_ANALYZER.RUN_PCA.fork0.chnk0.main
2024-10-21 15:56:38 [runtime] (split_complete)  ID.Spatial_1.SPATIAL_RNA_COUNTER_CS.SPATIAL_RNA_COUNTER._BASIC_SPATIAL_RNA_COUNTER._CELLS_REPORTER.SUBSAMPLE_READS
2024-10-21 15:56:38 [runtime] (run:local)       ID.Spatial_1.SPATIAL_RNA_COUNTER_CS.SPATIAL_RNA_COUNTER._BASIC_SPATIAL_RNA_COUNTER._CELLS_REPORTER.SUBSAMPLE_READS.fork0.chnk0.main
2024-10-21 15:56:40 [runtime] (split_complete)  ID.Spatial_1.SPATIAL_RNA_COUNTER_CS.SPATIAL_RNA_COUNTER.RUN_SPATIAL_ENRICHMENT
2024-10-21 15:56:40 [runtime] (run:local)       ID.Spatial_1.SPATIAL_RNA_COUNTER_CS.SPATIAL_RNA_COUNTER.RUN_SPATIAL_ENRICHMENT.fork0.chnk00.main
2024-10-21 15:56:40 [runtime] (run:local)       ID.Spatial_1.SPATIAL_RNA_COUNTER_CS.SPATIAL_RNA_COUNTER.RUN_SPATIAL_ENRICHMENT.fork0.chnk01.main
2024-10-21 15:56:40 [runtime] (run:local)       ID.Spatial_1.SPATIAL_RNA_COUNTER_CS.SPATIAL_RNA_COUNTER.RUN_SPATIAL_ENRICHMENT.fork0.chnk02.main
2024-10-21 15:56:40 [runtime] (run:local)       ID.Spatial_1.SPATIAL_RNA_COUNTER_CS.SPATIAL_RNA_COUNTER.RUN_SPATIAL_ENRICHMENT.fork0.chnk03.main
2024-10-21 15:56:40 [runtime] (run:local)       ID.Spatial_1.SPATIAL_RNA_COUNTER_CS.SPATIAL_RNA_COUNTER.RUN_SPATIAL_ENRICHMENT.fork0.chnk04.main
2024-10-21 15:56:40 [runtime] (run:local)       ID.Spatial_1.SPATIAL_RNA_COUNTER_CS.SPATIAL_RNA_COUNTER.RUN_SPATIAL_ENRICHMENT.fork0.chnk05.main
2024-10-21 15:56:40 [runtime] (run:local)       ID.Spatial_1.SPATIAL_RNA_COUNTER_CS.SPATIAL_RNA_COUNTER.RUN_SPATIAL_ENRICHMENT.fork0.chnk06.main
2024-10-21 15:56:40 [runtime] (run:local)       ID.Spatial_1.SPATIAL_RNA_COUNTER_CS.SPATIAL_RNA_COUNTER.RUN_SPATIAL_ENRICHMENT.fork0.chnk07.main
2024-10-21 15:56:40 [runtime] (run:local)       ID.Spatial_1.SPATIAL_RNA_COUNTER_CS.SPATIAL_RNA_COUNTER.RUN_SPATIAL_ENRICHMENT.fork0.chnk08.main
2024-10-21 15:56:40 [runtime] (run:local)       ID.Spatial_1.SPATIAL_RNA_COUNTER_CS.SPATIAL_RNA_COUNTER.RUN_SPATIAL_ENRICHMENT.fork0.chnk09.main
2024-10-21 15:56:40 [runtime] (run:local)       ID.Spatial_1.SPATIAL_RNA_COUNTER_CS.SPATIAL_RNA_COUNTER.RUN_SPATIAL_ENRICHMENT.fork0.chnk10.main
2024-10-21 15:56:40 [runtime] (run:local)       ID.Spatial_1.SPATIAL_RNA_COUNTER_CS.SPATIAL_RNA_COUNTER.RUN_SPATIAL_ENRICHMENT.fork0.chnk11.main
2024-10-21 15:56:40 [runtime] (run:local)       ID.Spatial_1.SPATIAL_RNA_COUNTER_CS.SPATIAL_RNA_COUNTER.RUN_SPATIAL_ENRICHMENT.fork0.chnk12.main
2024-10-21 15:56:40 [runtime] (run:local)       ID.Spatial_1.SPATIAL_RNA_COUNTER_CS.SPATIAL_RNA_COUNTER.RUN_SPATIAL_ENRICHMENT.fork0.chnk13.main
2024-10-21 15:56:40 [runtime] (run:local)       ID.Spatial_1.SPATIAL_RNA_COUNTER_CS.SPATIAL_RNA_COUNTER.RUN_SPATIAL_ENRICHMENT.fork0.chnk14.main
2024-10-21 15:56:40 [runtime] (run:local)       ID.Spatial_1.SPATIAL_RNA_COUNTER_CS.SPATIAL_RNA_COUNTER.RUN_SPATIAL_ENRICHMENT.fork0.chnk15.main
2024-10-21 15:56:40 [runtime] (run:local)       ID.Spatial_1.SPATIAL_RNA_COUNTER_CS.SPATIAL_RNA_COUNTER.RUN_SPATIAL_ENRICHMENT.fork0.chnk16.main
2024-10-21 15:56:40 [runtime] (run:local)       ID.Spatial_1.SPATIAL_RNA_COUNTER_CS.SPATIAL_RNA_COUNTER.RUN_SPATIAL_ENRICHMENT.fork0.chnk17.main
2024-10-21 15:56:40 [runtime] (run:local)       ID.Spatial_1.SPATIAL_RNA_COUNTER_CS.SPATIAL_RNA_COUNTER.RUN_SPATIAL_ENRICHMENT.fork0.chnk18.main
2024-10-21 15:56:40 [runtime] (run:local)       ID.Spatial_1.SPATIAL_RNA_COUNTER_CS.SPATIAL_RNA_COUNTER.RUN_SPATIAL_ENRICHMENT.fork0.chnk19.main
2024-10-21 15:56:43 [runtime] (chunks_complete) ID.Spatial_1.SPATIAL_RNA_COUNTER_CS.SPATIAL_RNA_COUNTER.SPATIAL_RNA_ANALYZER.RUN_PCA
2024-10-21 15:56:43 [runtime] (run:local)       ID.Spatial_1.SPATIAL_RNA_COUNTER_CS.SPATIAL_RNA_COUNTER.SPATIAL_RNA_ANALYZER.RUN_PCA.fork0.join
2024-10-21 15:57:16 [runtime] (join_complete)   ID.Spatial_1.SPATIAL_RNA_COUNTER_CS.SPATIAL_RNA_COUNTER.SPATIAL_RNA_ANALYZER.RUN_PCA
2024-10-21 15:57:16 [runtime] (ready)           ID.Spatial_1.SPATIAL_RNA_COUNTER_CS.SPATIAL_RNA_COUNTER.SPATIAL_RNA_ANALYZER.RUN_TSNE
2024-10-21 15:57:16 [runtime] (run:local)       ID.Spatial_1.SPATIAL_RNA_COUNTER_CS.SPATIAL_RNA_COUNTER.SPATIAL_RNA_ANALYZER.RUN_TSNE.fork0.split
2024-10-21 15:57:16 [runtime] (ready)           ID.Spatial_1.SPATIAL_RNA_COUNTER_CS.SPATIAL_RNA_COUNTER.SPATIAL_RNA_ANALYZER.RUN_UMAP
2024-10-21 15:57:16 [runtime] (run:local)       ID.Spatial_1.SPATIAL_RNA_COUNTER_CS.SPATIAL_RNA_COUNTER.SPATIAL_RNA_ANALYZER.RUN_UMAP.fork0.split
2024-10-21 15:57:16 [runtime] (ready)           ID.Spatial_1.SPATIAL_RNA_COUNTER_CS.SPATIAL_RNA_COUNTER.SPATIAL_RNA_ANALYZER.RUN_KMEANS
2024-10-21 15:57:16 [runtime] (run:local)       ID.Spatial_1.SPATIAL_RNA_COUNTER_CS.SPATIAL_RNA_COUNTER.SPATIAL_RNA_ANALYZER.RUN_KMEANS.fork0.split
2024-10-21 15:57:16 [runtime] (ready)           ID.Spatial_1.SPATIAL_RNA_COUNTER_CS.SPATIAL_RNA_COUNTER.SPATIAL_RNA_ANALYZER.RUN_GRAPH_CLUSTERING
2024-10-21 15:57:16 [runtime] (run:local)       ID.Spatial_1.SPATIAL_RNA_COUNTER_CS.SPATIAL_RNA_COUNTER.SPATIAL_RNA_ANALYZER.RUN_GRAPH_CLUSTERING.fork0.split
2024-10-21 15:57:17 [runtime] (split_complete)  ID.Spatial_1.SPATIAL_RNA_COUNTER_CS.SPATIAL_RNA_COUNTER.SPATIAL_RNA_ANALYZER.RUN_TSNE
2024-10-21 15:57:17 [runtime] (run:local)       ID.Spatial_1.SPATIAL_RNA_COUNTER_CS.SPATIAL_RNA_COUNTER.SPATIAL_RNA_ANALYZER.RUN_TSNE.fork0.chnk0.main
2024-10-21 15:57:17 [runtime] (split_complete)  ID.Spatial_1.SPATIAL_RNA_COUNTER_CS.SPATIAL_RNA_COUNTER.SPATIAL_RNA_ANALYZER.RUN_UMAP
2024-10-21 15:57:17 [runtime] (run:local)       ID.Spatial_1.SPATIAL_RNA_COUNTER_CS.SPATIAL_RNA_COUNTER.SPATIAL_RNA_ANALYZER.RUN_UMAP.fork0.chnk0.main
2024-10-21 15:57:20 [runtime] (split_complete)  ID.Spatial_1.SPATIAL_RNA_COUNTER_CS.SPATIAL_RNA_COUNTER.SPATIAL_RNA_ANALYZER.RUN_KMEANS
2024-10-21 15:57:20 [runtime] (run:local)       ID.Spatial_1.SPATIAL_RNA_COUNTER_CS.SPATIAL_RNA_COUNTER.SPATIAL_RNA_ANALYZER.RUN_KMEANS.fork0.chnk0.main
2024-10-21 15:57:20 [runtime] (run:local)       ID.Spatial_1.SPATIAL_RNA_COUNTER_CS.SPATIAL_RNA_COUNTER.SPATIAL_RNA_ANALYZER.RUN_KMEANS.fork0.chnk1.main
2024-10-21 15:57:20 [runtime] (run:local)       ID.Spatial_1.SPATIAL_RNA_COUNTER_CS.SPATIAL_RNA_COUNTER.SPATIAL_RNA_ANALYZER.RUN_KMEANS.fork0.chnk2.main
2024-10-21 15:57:20 [runtime] (run:local)       ID.Spatial_1.SPATIAL_RNA_COUNTER_CS.SPATIAL_RNA_COUNTER.SPATIAL_RNA_ANALYZER.RUN_KMEANS.fork0.chnk3.main
2024-10-21 15:57:20 [runtime] (run:local)       ID.Spatial_1.SPATIAL_RNA_COUNTER_CS.SPATIAL_RNA_COUNTER.SPATIAL_RNA_ANALYZER.RUN_KMEANS.fork0.chnk4.main
2024-10-21 15:57:20 [runtime] (run:local)       ID.Spatial_1.SPATIAL_RNA_COUNTER_CS.SPATIAL_RNA_COUNTER.SPATIAL_RNA_ANALYZER.RUN_KMEANS.fork0.chnk5.main
2024-10-21 15:57:20 [runtime] (run:local)       ID.Spatial_1.SPATIAL_RNA_COUNTER_CS.SPATIAL_RNA_COUNTER.SPATIAL_RNA_ANALYZER.RUN_KMEANS.fork0.chnk6.main
2024-10-21 15:57:20 [runtime] (run:local)       ID.Spatial_1.SPATIAL_RNA_COUNTER_CS.SPATIAL_RNA_COUNTER.SPATIAL_RNA_ANALYZER.RUN_KMEANS.fork0.chnk7.main
2024-10-21 15:57:20 [runtime] (run:local)       ID.Spatial_1.SPATIAL_RNA_COUNTER_CS.SPATIAL_RNA_COUNTER.SPATIAL_RNA_ANALYZER.RUN_KMEANS.fork0.chnk8.main
2024-10-21 15:57:20 [runtime] (split_complete)  ID.Spatial_1.SPATIAL_RNA_COUNTER_CS.SPATIAL_RNA_COUNTER.SPATIAL_RNA_ANALYZER.RUN_GRAPH_CLUSTERING
2024-10-21 15:57:20 [runtime] (run:local)       ID.Spatial_1.SPATIAL_RNA_COUNTER_CS.SPATIAL_RNA_COUNTER.SPATIAL_RNA_ANALYZER.RUN_GRAPH_CLUSTERING.fork0.chnk0.main
2024-10-21 15:57:21 [runtime] (chunks_complete) ID.Spatial_1.SPATIAL_RNA_COUNTER_CS.SPATIAL_RNA_COUNTER.RUN_SPATIAL_ENRICHMENT
2024-10-21 15:57:21 [runtime] (run:local)       ID.Spatial_1.SPATIAL_RNA_COUNTER_CS.SPATIAL_RNA_COUNTER.RUN_SPATIAL_ENRICHMENT.fork0.join
2024-10-21 15:57:21 [runtime] (chunks_complete) ID.Spatial_1.SPATIAL_RNA_COUNTER_CS.SPATIAL_RNA_COUNTER.SPATIAL_RNA_ANALYZER.RUN_TSNE
2024-10-21 15:57:21 [runtime] (run:local)       ID.Spatial_1.SPATIAL_RNA_COUNTER_CS.SPATIAL_RNA_COUNTER.SPATIAL_RNA_ANALYZER.RUN_TSNE.fork0.join
2024-10-21 15:57:56 [runtime] (chunks_complete) ID.Spatial_1.SPATIAL_RNA_COUNTER_CS.SPATIAL_RNA_COUNTER._BASIC_SPATIAL_RNA_COUNTER._CELLS_REPORTER.SUBSAMPLE_READS
2024-10-21 15:57:56 [runtime] (run:local)       ID.Spatial_1.SPATIAL_RNA_COUNTER_CS.SPATIAL_RNA_COUNTER._BASIC_SPATIAL_RNA_COUNTER._CELLS_REPORTER.SUBSAMPLE_READS.fork0.join
2024-10-21 15:58:32 [runtime] (chunks_complete) ID.Spatial_1.SPATIAL_RNA_COUNTER_CS.SPATIAL_RNA_COUNTER.SPATIAL_RNA_ANALYZER.RUN_UMAP
2024-10-21 15:58:32 [runtime] (run:local)       ID.Spatial_1.SPATIAL_RNA_COUNTER_CS.SPATIAL_RNA_COUNTER.SPATIAL_RNA_ANALYZER.RUN_UMAP.fork0.join
2024-10-21 15:58:34 [runtime] (chunks_complete) ID.Spatial_1.SPATIAL_RNA_COUNTER_CS.SPATIAL_RNA_COUNTER.SPATIAL_RNA_ANALYZER.RUN_KMEANS
2024-10-21 15:58:34 [runtime] (run:local)       ID.Spatial_1.SPATIAL_RNA_COUNTER_CS.SPATIAL_RNA_COUNTER.SPATIAL_RNA_ANALYZER.RUN_KMEANS.fork0.join
2024-10-21 15:58:34 [runtime] (join_complete)   ID.Spatial_1.SPATIAL_RNA_COUNTER_CS.SPATIAL_RNA_COUNTER.SPATIAL_RNA_ANALYZER.RUN_TSNE
2024-10-21 15:58:35 [runtime] (chunks_complete) ID.Spatial_1.SPATIAL_RNA_COUNTER_CS.SPATIAL_RNA_COUNTER.SPATIAL_RNA_ANALYZER.RUN_GRAPH_CLUSTERING
2024-10-21 15:58:35 [runtime] (run:local)       ID.Spatial_1.SPATIAL_RNA_COUNTER_CS.SPATIAL_RNA_COUNTER.SPATIAL_RNA_ANALYZER.RUN_GRAPH_CLUSTERING.fork0.join
2024-10-21 15:58:35 [runtime] (join_complete)   ID.Spatial_1.SPATIAL_RNA_COUNTER_CS.SPATIAL_RNA_COUNTER.SPATIAL_RNA_ANALYZER.RUN_UMAP
2024-10-21 15:58:35 [runtime] (join_complete)   ID.Spatial_1.SPATIAL_RNA_COUNTER_CS.SPATIAL_RNA_COUNTER.SPATIAL_RNA_ANALYZER.RUN_GRAPH_CLUSTERING
2024-10-21 15:58:35 [runtime] (ready)           ID.Spatial_1.SPATIAL_RNA_COUNTER_CS.SPATIAL_RNA_COUNTER.SPATIAL_RNA_ANALYZER.RUN_HIERARCHICAL_CLUSTERING
2024-10-21 15:58:36 [runtime] (join_complete)   ID.Spatial_1.SPATIAL_RNA_COUNTER_CS.SPATIAL_RNA_COUNTER.SPATIAL_RNA_ANALYZER.RUN_KMEANS
2024-10-21 15:58:36 [runtime] (join_complete)   ID.Spatial_1.SPATIAL_RNA_COUNTER_CS.SPATIAL_RNA_COUNTER.RUN_SPATIAL_ENRICHMENT
2024-10-21 15:58:36 [runtime] (ready)           ID.Spatial_1.SPATIAL_RNA_COUNTER_CS.SPATIAL_RNA_COUNTER.SPATIAL_RNA_ANALYZER.COMBINE_CLUSTERING
2024-10-21 15:58:36 [runtime] (run:local)       ID.Spatial_1.SPATIAL_RNA_COUNTER_CS.SPATIAL_RNA_COUNTER.SPATIAL_RNA_ANALYZER.COMBINE_CLUSTERING.fork0.chnk0.main
2024-10-21 15:58:36 [runtime] (ready)           ID.Spatial_1.SPATIAL_RNA_COUNTER_CS.SPATIAL_RNA_COUNTER.SPATIAL_FOLDER_COLLECTOR
2024-10-21 15:58:36 [runtime] (run:local)       ID.Spatial_1.SPATIAL_RNA_COUNTER_CS.SPATIAL_RNA_COUNTER.SPATIAL_FOLDER_COLLECTOR.fork0.chnk0.main
2024-10-21 15:58:36 [runtime] (join_complete)   ID.Spatial_1.SPATIAL_RNA_COUNTER_CS.SPATIAL_RNA_COUNTER._BASIC_SPATIAL_RNA_COUNTER._CELLS_REPORTER.SUBSAMPLE_READS
2024-10-21 15:58:36 [runtime] (ready)           ID.Spatial_1.SPATIAL_RNA_COUNTER_CS.SPATIAL_RNA_COUNTER._BASIC_SPATIAL_RNA_COUNTER._CELLS_REPORTER.SUMMARIZE_BASIC_REPORTS
2024-10-21 15:58:36 [runtime] (run:local)       ID.Spatial_1.SPATIAL_RNA_COUNTER_CS.SPATIAL_RNA_COUNTER._BASIC_SPATIAL_RNA_COUNTER._CELLS_REPORTER.SUMMARIZE_BASIC_REPORTS.fork0.split
2024-10-21 15:58:36 [runtime] (chunks_complete) ID.Spatial_1.SPATIAL_RNA_COUNTER_CS.SPATIAL_RNA_COUNTER.SPATIAL_FOLDER_COLLECTOR
2024-10-21 15:58:36 [runtime] (ready)           ID.Spatial_1.SPATIAL_RNA_COUNTER_CS.SPATIAL_RNA_COUNTER.HD_WEBSUMMARY_BUILDER.CREATE_HD_WEBSUMMARY_IMAGE
2024-10-21 15:58:36 [runtime] (ready)           ID.Spatial_1.SPATIAL_RNA_COUNTER_CS.SPATIAL_RNA_COUNTER.HD_WEBSUMMARY_BUILDER.BUILD_HD_END_TO_END_ALIGNMENT
2024-10-21 15:58:36 [runtime] (ready)           ID.Spatial_1.SPATIAL_RNA_COUNTER_CS.SPATIAL_RNA_COUNTER.HD_WEBSUMMARY_BUILDER.BUILD_HD_CLUSTERING_PLOT
2024-10-21 15:58:37 [runtime] (chunks_complete) ID.Spatial_1.SPATIAL_RNA_COUNTER_CS.SPATIAL_RNA_COUNTER.SPATIAL_RNA_ANALYZER.COMBINE_CLUSTERING
2024-10-21 15:58:37 [runtime] (ready)           ID.Spatial_1.SPATIAL_RNA_COUNTER_CS.SPATIAL_RNA_COUNTER.SPATIAL_RNA_ANALYZER.RUN_DIFFERENTIAL_EXPRESSION
2024-10-21 15:58:37 [runtime] (run:local)       ID.Spatial_1.SPATIAL_RNA_COUNTER_CS.SPATIAL_RNA_COUNTER.SPATIAL_RNA_ANALYZER.RUN_DIFFERENTIAL_EXPRESSION.fork0.split
2024-10-21 15:58:37 [runtime] (split_complete)  ID.Spatial_1.SPATIAL_RNA_COUNTER_CS.SPATIAL_RNA_COUNTER.SPATIAL_RNA_ANALYZER.RUN_DIFFERENTIAL_EXPRESSION
2024-10-21 15:58:37 [runtime] (run:local)       ID.Spatial_1.SPATIAL_RNA_COUNTER_CS.SPATIAL_RNA_COUNTER.SPATIAL_RNA_ANALYZER.RUN_DIFFERENTIAL_EXPRESSION.fork0.chnk0.main
2024-10-21 15:58:37 [runtime] (run:local)       ID.Spatial_1.SPATIAL_RNA_COUNTER_CS.SPATIAL_RNA_COUNTER.SPATIAL_RNA_ANALYZER.RUN_DIFFERENTIAL_EXPRESSION.fork0.chnk1.main
2024-10-21 15:58:37 [runtime] (run:local)       ID.Spatial_1.SPATIAL_RNA_COUNTER_CS.SPATIAL_RNA_COUNTER.SPATIAL_RNA_ANALYZER.RUN_DIFFERENTIAL_EXPRESSION.fork0.chnk2.main
2024-10-21 15:58:37 [runtime] (run:local)       ID.Spatial_1.SPATIAL_RNA_COUNTER_CS.SPATIAL_RNA_COUNTER.SPATIAL_RNA_ANALYZER.RUN_DIFFERENTIAL_EXPRESSION.fork0.chnk3.main
2024-10-21 15:58:37 [runtime] (run:local)       ID.Spatial_1.SPATIAL_RNA_COUNTER_CS.SPATIAL_RNA_COUNTER.SPATIAL_RNA_ANALYZER.RUN_DIFFERENTIAL_EXPRESSION.fork0.chnk4.main
2024-10-21 15:58:37 [runtime] (run:local)       ID.Spatial_1.SPATIAL_RNA_COUNTER_CS.SPATIAL_RNA_COUNTER.SPATIAL_RNA_ANALYZER.RUN_DIFFERENTIAL_EXPRESSION.fork0.chnk5.main
2024-10-21 15:58:37 [runtime] (run:local)       ID.Spatial_1.SPATIAL_RNA_COUNTER_CS.SPATIAL_RNA_COUNTER.SPATIAL_RNA_ANALYZER.RUN_DIFFERENTIAL_EXPRESSION.fork0.chnk6.main
2024-10-21 15:58:37 [runtime] (run:local)       ID.Spatial_1.SPATIAL_RNA_COUNTER_CS.SPATIAL_RNA_COUNTER.SPATIAL_RNA_ANALYZER.RUN_DIFFERENTIAL_EXPRESSION.fork0.chnk7.main
2024-10-21 15:58:37 [runtime] (split_complete)  ID.Spatial_1.SPATIAL_RNA_COUNTER_CS.SPATIAL_RNA_COUNTER._BASIC_SPATIAL_RNA_COUNTER._CELLS_REPORTER.SUMMARIZE_BASIC_REPORTS
2024-10-21 15:58:37 [runtime] (run:local)       ID.Spatial_1.SPATIAL_RNA_COUNTER_CS.SPATIAL_RNA_COUNTER._BASIC_SPATIAL_RNA_COUNTER._CELLS_REPORTER.SUMMARIZE_BASIC_REPORTS.fork0.join
2024-10-21 15:58:52 [runtime] (join_complete)   ID.Spatial_1.SPATIAL_RNA_COUNTER_CS.SPATIAL_RNA_COUNTER._BASIC_SPATIAL_RNA_COUNTER._CELLS_REPORTER.SUMMARIZE_BASIC_REPORTS
2024-10-21 15:58:52 [runtime] (ready)           ID.Spatial_1.SPATIAL_RNA_COUNTER_CS.SPATIAL_RNA_COUNTER._BASIC_SPATIAL_RNA_COUNTER.MERGE_METRICS
2024-10-21 15:58:52 [runtime] (run:local)       ID.Spatial_1.SPATIAL_RNA_COUNTER_CS.SPATIAL_RNA_COUNTER._BASIC_SPATIAL_RNA_COUNTER.MERGE_METRICS.fork0.chnk0.main
2024-10-21 15:58:52 [runtime] (chunks_complete) ID.Spatial_1.SPATIAL_RNA_COUNTER_CS.SPATIAL_RNA_COUNTER._BASIC_SPATIAL_RNA_COUNTER.MERGE_METRICS
2024-10-21 15:58:52 [runtime] (ready)           ID.Spatial_1.SPATIAL_RNA_COUNTER_CS.SPATIAL_RNA_COUNTER._TARGETED_ANALYZER.CALCULATE_TARGETED_METRICS
2024-10-21 15:58:52 [runtime] (ready)           ID.Spatial_1.SPATIAL_RNA_COUNTER_CS.SPATIAL_RNA_COUNTER.BIN_HD_DATA._BIN_HD_DATA.MERGE_BIN_METRICS
2024-10-21 15:58:52 [runtime] (ready)           ID.Spatial_1.SPATIAL_RNA_COUNTER_CS.SPATIAL_RNA_COUNTER._TARGETED_ANALYZER.MERGE_METRICS
2024-10-21 15:58:53 [runtime] (chunks_complete) ID.Spatial_1.SPATIAL_RNA_COUNTER_CS.SPATIAL_RNA_COUNTER._BASIC_SPATIAL_RNA_COUNTER.WRITE_POS_BAM
2024-10-21 15:58:53 [runtime] (run:local)       ID.Spatial_1.SPATIAL_RNA_COUNTER_CS.SPATIAL_RNA_COUNTER._BASIC_SPATIAL_RNA_COUNTER.WRITE_POS_BAM.fork0.join
2024-10-21 15:58:56 [runtime] (chunks_complete) ID.Spatial_1.SPATIAL_RNA_COUNTER_CS.SPATIAL_RNA_COUNTER.SPATIAL_RNA_ANALYZER.RUN_DIFFERENTIAL_EXPRESSION
2024-10-21 15:58:56 [runtime] (run:local)       ID.Spatial_1.SPATIAL_RNA_COUNTER_CS.SPATIAL_RNA_COUNTER.SPATIAL_RNA_ANALYZER.RUN_DIFFERENTIAL_EXPRESSION.fork0.join
2024-10-21 15:58:57 [runtime] (join_complete)   ID.Spatial_1.SPATIAL_RNA_COUNTER_CS.SPATIAL_RNA_COUNTER.SPATIAL_RNA_ANALYZER.RUN_DIFFERENTIAL_EXPRESSION
2024-10-21 15:58:57 [runtime] (ready)           ID.Spatial_1.SPATIAL_RNA_COUNTER_CS.SPATIAL_RNA_COUNTER.SPATIAL_RNA_ANALYZER.SUMMARIZE_ANALYSIS
2024-10-21 15:58:58 [runtime] (run:local)       ID.Spatial_1.SPATIAL_RNA_COUNTER_CS.SPATIAL_RNA_COUNTER.SPATIAL_RNA_ANALYZER.SUMMARIZE_ANALYSIS.fork0.split
2024-10-21 15:58:58 [runtime] (split_complete)  ID.Spatial_1.SPATIAL_RNA_COUNTER_CS.SPATIAL_RNA_COUNTER.SPATIAL_RNA_ANALYZER.SUMMARIZE_ANALYSIS
2024-10-21 15:58:58 [runtime] (run:local)       ID.Spatial_1.SPATIAL_RNA_COUNTER_CS.SPATIAL_RNA_COUNTER.SPATIAL_RNA_ANALYZER.SUMMARIZE_ANALYSIS.fork0.chnk0.main
2024-10-21 15:58:59 [runtime] (chunks_complete) ID.Spatial_1.SPATIAL_RNA_COUNTER_CS.SPATIAL_RNA_COUNTER.SPATIAL_RNA_ANALYZER.SUMMARIZE_ANALYSIS
2024-10-21 15:58:59 [runtime] (run:local)       ID.Spatial_1.SPATIAL_RNA_COUNTER_CS.SPATIAL_RNA_COUNTER.SPATIAL_RNA_ANALYZER.SUMMARIZE_ANALYSIS.fork0.join
2024-10-21 15:59:00 [runtime] (join_complete)   ID.Spatial_1.SPATIAL_RNA_COUNTER_CS.SPATIAL_RNA_COUNTER.SPATIAL_RNA_ANALYZER.SUMMARIZE_ANALYSIS
2024-10-21 15:59:00 [runtime] (ready)           ID.Spatial_1.SPATIAL_RNA_COUNTER_CS.SPATIAL_RNA_COUNTER.SPATIAL_REPORTER
2024-10-21 15:59:00 [runtime] (run:local)       ID.Spatial_1.SPATIAL_RNA_COUNTER_CS.SPATIAL_RNA_COUNTER.SPATIAL_REPORTER.fork0.split
2024-10-21 15:59:00 [runtime] (ready)           ID.Spatial_1.SPATIAL_RNA_COUNTER_CS.SPATIAL_RNA_COUNTER.DECONVOLVE_SPOTS
2024-10-21 15:59:00 [runtime] (run:local)       ID.Spatial_1.SPATIAL_RNA_COUNTER_CS.SPATIAL_RNA_COUNTER.DECONVOLVE_SPOTS.fork0.split
2024-10-21 15:59:03 [runtime] (split_complete)  ID.Spatial_1.SPATIAL_RNA_COUNTER_CS.SPATIAL_RNA_COUNTER.DECONVOLVE_SPOTS
2024-10-21 15:59:03 [runtime] (run:local)       ID.Spatial_1.SPATIAL_RNA_COUNTER_CS.SPATIAL_RNA_COUNTER.DECONVOLVE_SPOTS.fork0.join
2024-10-21 15:59:09 [runtime] (split_complete)  ID.Spatial_1.SPATIAL_RNA_COUNTER_CS.SPATIAL_RNA_COUNTER.SPATIAL_REPORTER
2024-10-21 15:59:09 [runtime] (run:local)       ID.Spatial_1.SPATIAL_RNA_COUNTER_CS.SPATIAL_RNA_COUNTER.SPATIAL_REPORTER.fork0.join
2024-10-21 15:59:14 [runtime] (join_complete)   ID.Spatial_1.SPATIAL_RNA_COUNTER_CS.SPATIAL_RNA_COUNTER.SPATIAL_REPORTER
2024-10-21 15:59:14 [runtime] (ready)           ID.Spatial_1.SPATIAL_RNA_COUNTER_CS.SPATIAL_RNA_COUNTER.HD_WEBSUMMARY_BUILDER.GENERATE_HD_WEBSUMMARY_CS
2024-10-21 15:59:14 [runtime] (ready)           ID.Spatial_1.SPATIAL_RNA_COUNTER_CS.PICK_SPATIAL_COUNTER_OUTS
2024-10-21 15:59:14 [runtime] (run:local)       ID.Spatial_1.SPATIAL_RNA_COUNTER_CS.PICK_SPATIAL_COUNTER_OUTS.fork0.chnk0.main
2024-10-21 15:59:14 [runtime] (chunks_complete) ID.Spatial_1.SPATIAL_RNA_COUNTER_CS.PICK_SPATIAL_COUNTER_OUTS
2024-10-21 15:59:45 [runtime] (join_complete)   ID.Spatial_1.SPATIAL_RNA_COUNTER_CS.SPATIAL_RNA_COUNTER.DECONVOLVE_SPOTS
2024-10-21 15:59:45 [runtime] (ready)           ID.Spatial_1.SPATIAL_RNA_COUNTER_CS.CLOUPE_PREPROCESS
2024-10-21 15:59:45 [runtime] (run:local)       ID.Spatial_1.SPATIAL_RNA_COUNTER_CS.CLOUPE_PREPROCESS.fork0.split
2024-10-21 15:59:46 [runtime] (split_complete)  ID.Spatial_1.SPATIAL_RNA_COUNTER_CS.CLOUPE_PREPROCESS
2024-10-21 15:59:46 [runtime] (run:local)       ID.Spatial_1.SPATIAL_RNA_COUNTER_CS.CLOUPE_PREPROCESS.fork0.chnk0.main
2024-10-21 15:59:54 [runtime] (join_complete)   ID.Spatial_1.SPATIAL_RNA_COUNTER_CS.SPATIAL_RNA_COUNTER._BASIC_SPATIAL_RNA_COUNTER.WRITE_POS_BAM
2024-10-21 16:00:16 [runtime] (chunks_complete) ID.Spatial_1.SPATIAL_RNA_COUNTER_CS.CLOUPE_PREPROCESS
2024-10-21 16:00:16 [runtime] (run:local)       ID.Spatial_1.SPATIAL_RNA_COUNTER_CS.CLOUPE_PREPROCESS.fork0.join
2024-10-21 16:00:17 [runtime] (join_complete)   ID.Spatial_1.SPATIAL_RNA_COUNTER_CS.CLOUPE_PREPROCESS

Outputs:
- Run summary HTML:                                  /storage/gge/Quique/Cells2SpineData/Pilot/spatial/matrices/Spatial_1/outs/web_summary.html
- Outputs of spatial pipeline:
    Slide image annotated with fiducial alignment:                             /storage/gge/Quique/Cells2SpineData/Pilot/spatial/matrices/Spatial_1/outs/spatial/aligned_fiducials.jpg
    Slide image annotated with detected tissue:                                /storage/gge/Quique/Cells2SpineData/Pilot/spatial/matrices/Spatial_1/outs/spatial/detected_tissue_image.jpg
    Scale factors for hires and lowres images and fiducial and spot diameters: /storage/gge/Quique/Cells2SpineData/Pilot/spatial/matrices/Spatial_1/outs/spatial/scalefactors_json.json
    Transform learned in tissue registration:                                  null
    Slide image scaled to 2000px in the largest dimension:                     /storage/gge/Quique/Cells2SpineData/Pilot/spatial/matrices/Spatial_1/outs/spatial/tissue_hires_image.png
    Slide image scaled to 600px in the largest dimension:                      /storage/gge/Quique/Cells2SpineData/Pilot/spatial/matrices/Spatial_1/outs/spatial/tissue_lowres_image.png
    RGB brightfield image generated by CytAssist instrument:                   null
    Registration image between CytAssist image and microscope image:           null
    Slide position and tissue status of barcodes CSV:                          /storage/gge/Quique/Cells2SpineData/Pilot/spatial/matrices/Spatial_1/outs/spatial/tissue_positions.csv
    Slide position and tissue status of barcodes PARQUET:                      null
    Per feature Moran's I CSV:                                                 /storage/gge/Quique/Cells2SpineData/Pilot/spatial/matrices/Spatial_1/outs/spatial/spatial_enrichment.csv
    Fluorescence intensity at spot CSV:                                        null
- Run summary CSV:                                   /storage/gge/Quique/Cells2SpineData/Pilot/spatial/matrices/Spatial_1/outs/metrics_summary.csv
- BAM:                                               /storage/gge/Quique/Cells2SpineData/Pilot/spatial/matrices/Spatial_1/outs/possorted_genome_bam.bam
- BAM BAI index:                                     /storage/gge/Quique/Cells2SpineData/Pilot/spatial/matrices/Spatial_1/outs/possorted_genome_bam.bam.bai
- BAM CSI index:                                     null
- Filtered feature-barcode matrices MEX:             /storage/gge/Quique/Cells2SpineData/Pilot/spatial/matrices/Spatial_1/outs/filtered_feature_bc_matrix
- Filtered feature-barcode matrices HDF5:            /storage/gge/Quique/Cells2SpineData/Pilot/spatial/matrices/Spatial_1/outs/filtered_feature_bc_matrix.h5
- Unfiltered feature-barcode matrices MEX:           /storage/gge/Quique/Cells2SpineData/Pilot/spatial/matrices/Spatial_1/outs/raw_feature_bc_matrix
- Unfiltered feature-barcode matrices HDF5:          /storage/gge/Quique/Cells2SpineData/Pilot/spatial/matrices/Spatial_1/outs/raw_feature_bc_matrix.h5
- Secondary analysis output CSV:                     /storage/gge/Quique/Cells2SpineData/Pilot/spatial/matrices/Spatial_1/outs/analysis
- Per-molecule read information:                     /storage/gge/Quique/Cells2SpineData/Pilot/spatial/matrices/Spatial_1/outs/molecule_info.h5
- Loupe Browser file:                                /storage/gge/Quique/Cells2SpineData/Pilot/spatial/matrices/Spatial_1/outs/cloupe.cloupe
- Feature Reference:                                 null
- Target Panel file:                                 null
- Probe Set file:                                    null
- Normalization factors used to normalize AB counts: null
- Deconvolution directory:                           /storage/gge/Quique/Cells2SpineData/Pilot/spatial/matrices/Spatial_1/outs/deconvolution
- Raw probe barcode matrix:                          null
- Feature Slice matrix:                              null
- Outputs at each bin level:                         null
- Loupe Browser file (8um bin size):                 null
- Loupe Browser file (custom bin size):              null

Waiting 6 seconds for UI to do final refresh.
Pipestance completed successfully!

2024-10-21 16:00:24 Shutting down.
Saving pipestance info to "/storage/gge/Quique/Cells2SpineData/Pilot/spatial/matrices/Spatial_1/Spatial_1.mri.tgz"
Processing single-cell sample: Spatial_2
Martian Runtime - v4.0.12
Serving UI at http://osd02:36323?auth=8nXr5IpUZ14oZUN1k2kHP0AI_JkfzN1alEfQ3WPVUFg

Running preflight checks (please wait)...
Checking sample info...
Checking FASTQ folder...
Checking reference...
Checking reference_path (/storage/gge/Quique/rat_reference/correct_output) on osd02...
Checking optional arguments...
mro: v4.0.12
mrp: v4.0.12
python: Python 3.10.8
numpy: 1.24.4
scipy: 1.10.1
pysam: 0.21.0
h5py: 3.9.0
pandas: 2.1.4
STAR: 2.7.2a
samtools: samtools 1.16.1
2024-10-21 16:00:47 [runtime] (ready)           ID.Spatial_2.SPATIAL_RNA_COUNTER_CS.SPATIAL_RNA_COUNTER.WRITE_GENE_INDEX
2024-10-21 16:00:47 [runtime] (run:local)       ID.Spatial_2.SPATIAL_RNA_COUNTER_CS.SPATIAL_RNA_COUNTER.WRITE_GENE_INDEX.fork0.chnk0.main
2024-10-21 16:00:47 [runtime] (ready)           ID.Spatial_2.SPATIAL_RNA_COUNTER_CS.SPATIAL_RNA_COUNTER.DISABLE_FEATURE_STAGES
2024-10-21 16:00:47 [runtime] (run:local)       ID.Spatial_2.SPATIAL_RNA_COUNTER_CS.SPATIAL_RNA_COUNTER.DISABLE_FEATURE_STAGES.fork0.chnk0.main
2024-10-21 16:00:47 [runtime] (ready)           ID.Spatial_2.SPATIAL_RNA_COUNTER_CS.SPATIAL_RNA_COUNTER_PREP.COPY_CHEMISTRY_SPEC
2024-10-21 16:00:47 [runtime] (run:local)       ID.Spatial_2.SPATIAL_RNA_COUNTER_CS.SPATIAL_RNA_COUNTER_PREP.COPY_CHEMISTRY_SPEC.fork0.chnk0.main
2024-10-21 16:00:47 [runtime] (ready)           ID.Spatial_2.SPATIAL_RNA_COUNTER_CS.SPATIAL_RNA_COUNTER._BASIC_SPATIAL_RNA_COUNTER._MATRIX_COMPUTER.DISABLE_CORRECTION_FACTOR
2024-10-21 16:00:47 [runtime] (run:local)       ID.Spatial_2.SPATIAL_RNA_COUNTER_CS.SPATIAL_RNA_COUNTER._BASIC_SPATIAL_RNA_COUNTER._MATRIX_COMPUTER.DISABLE_CORRECTION_FACTOR.fork0.chnk0.main
2024-10-21 16:00:47 [runtime] (chunks_complete) ID.Spatial_2.SPATIAL_RNA_COUNTER_CS.SPATIAL_RNA_COUNTER_PREP.COPY_CHEMISTRY_SPEC
2024-10-21 16:00:48 [runtime] (ready)           ID.Spatial_2.SPATIAL_RNA_COUNTER_CS.SPATIAL_RNA_COUNTER_PREP.DETECT_CHEMISTRY
2024-10-21 16:00:48 [runtime] (run:local)       ID.Spatial_2.SPATIAL_RNA_COUNTER_CS.SPATIAL_RNA_COUNTER_PREP.DETECT_CHEMISTRY.fork0.chnk0.main
2024-10-21 16:00:48 [runtime] (chunks_complete) ID.Spatial_2.SPATIAL_RNA_COUNTER_CS.SPATIAL_RNA_COUNTER._BASIC_SPATIAL_RNA_COUNTER._MATRIX_COMPUTER.DISABLE_CORRECTION_FACTOR
2024-10-21 16:00:48 [runtime] (chunks_complete) ID.Spatial_2.SPATIAL_RNA_COUNTER_CS.SPATIAL_RNA_COUNTER.DISABLE_FEATURE_STAGES
2024-10-21 16:00:52 [runtime] (chunks_complete) ID.Spatial_2.SPATIAL_RNA_COUNTER_CS.SPATIAL_RNA_COUNTER_PREP.DETECT_CHEMISTRY
2024-10-21 16:00:52 [runtime] (ready)           ID.Spatial_2.SPATIAL_RNA_COUNTER_CS.SPATIAL_RNA_COUNTER_PREP.MULTI_SETUP_CHUNKS
2024-10-21 16:00:52 [runtime] (run:local)       ID.Spatial_2.SPATIAL_RNA_COUNTER_CS.SPATIAL_RNA_COUNTER_PREP.MULTI_SETUP_CHUNKS.fork0.chnk0.main
2024-10-21 16:00:52 [runtime] (chunks_complete) ID.Spatial_2.SPATIAL_RNA_COUNTER_CS.SPATIAL_RNA_COUNTER_PREP.MULTI_SETUP_CHUNKS
2024-10-21 16:00:52 [runtime] (ready)           ID.Spatial_2.SPATIAL_RNA_COUNTER_CS.SPATIAL_RNA_COUNTER.BIN_HD_DATA.SETUP_BINNING
2024-10-21 16:00:52 [runtime] (run:local)       ID.Spatial_2.SPATIAL_RNA_COUNTER_CS.SPATIAL_RNA_COUNTER.BIN_HD_DATA.SETUP_BINNING.fork0.chnk0.main
2024-10-21 16:00:52 [runtime] (ready)           ID.Spatial_2.SPATIAL_RNA_COUNTER_CS.SPATIAL_IMAGING_CS.DETERMINE_PIPELINE_MODE
2024-10-21 16:00:52 [runtime] (run:local)       ID.Spatial_2.SPATIAL_RNA_COUNTER_CS.SPATIAL_IMAGING_CS.DETERMINE_PIPELINE_MODE.fork0.chnk0.main
2024-10-21 16:00:53 [runtime] (chunks_complete) ID.Spatial_2.SPATIAL_RNA_COUNTER_CS.SPATIAL_IMAGING_CS.DETERMINE_PIPELINE_MODE
2024-10-21 16:00:53 [runtime] (ready)           ID.Spatial_2.SPATIAL_RNA_COUNTER_CS.SPATIAL_IMAGING_CS.STANDARDIZE_IMAGES
2024-10-21 16:00:53 [runtime] (run:local)       ID.Spatial_2.SPATIAL_RNA_COUNTER_CS.SPATIAL_IMAGING_CS.STANDARDIZE_IMAGES.fork0.split
2024-10-21 16:00:53 [runtime] (ready)           ID.Spatial_2.SPATIAL_RNA_COUNTER_CS.SPATIAL_RNA_COUNTER.DISABLE_DECONVOLUTION
2024-10-21 16:00:53 [runtime] (run:local)       ID.Spatial_2.SPATIAL_RNA_COUNTER_CS.SPATIAL_RNA_COUNTER.DISABLE_DECONVOLUTION.fork0.chnk0.main
2024-10-21 16:00:53 [runtime] (ready)           ID.Spatial_2.SPATIAL_RNA_COUNTER_CS.SPATIAL_RNA_COUNTER.WEBSUMMARY_ALERTS
2024-10-21 16:00:53 [runtime] (run:local)       ID.Spatial_2.SPATIAL_RNA_COUNTER_CS.SPATIAL_RNA_COUNTER.WEBSUMMARY_ALERTS.fork0.chnk0.main
2024-10-21 16:00:53 [runtime] (chunks_complete) ID.Spatial_2.SPATIAL_RNA_COUNTER_CS.SPATIAL_RNA_COUNTER.BIN_HD_DATA.SETUP_BINNING
2024-10-21 16:00:53 [runtime] (chunks_complete) ID.Spatial_2.SPATIAL_RNA_COUNTER_CS.SPATIAL_RNA_COUNTER.DISABLE_DECONVOLUTION
2024-10-21 16:00:53 [runtime] (chunks_complete) ID.Spatial_2.SPATIAL_RNA_COUNTER_CS.SPATIAL_RNA_COUNTER.WEBSUMMARY_ALERTS
2024-10-21 16:00:54 [runtime] (split_complete)  ID.Spatial_2.SPATIAL_RNA_COUNTER_CS.SPATIAL_IMAGING_CS.STANDARDIZE_IMAGES
2024-10-21 16:00:54 [runtime] (run:local)       ID.Spatial_2.SPATIAL_RNA_COUNTER_CS.SPATIAL_IMAGING_CS.STANDARDIZE_IMAGES.fork0.join
2024-10-21 16:00:54 [runtime] (chunks_complete) ID.Spatial_2.SPATIAL_RNA_COUNTER_CS.SPATIAL_RNA_COUNTER.WRITE_GENE_INDEX
2024-10-21 16:00:54 [runtime] (ready)           ID.Spatial_2.SPATIAL_RNA_COUNTER_CS.SPATIAL_RNA_COUNTER.PARSE_TARGET_FEATURES
2024-10-21 16:00:54 [runtime] (run:local)       ID.Spatial_2.SPATIAL_RNA_COUNTER_CS.SPATIAL_RNA_COUNTER.PARSE_TARGET_FEATURES.fork0.chnk0.main
2024-10-21 16:00:55 [runtime] (chunks_complete) ID.Spatial_2.SPATIAL_RNA_COUNTER_CS.SPATIAL_RNA_COUNTER.PARSE_TARGET_FEATURES
2024-10-21 16:00:55 [runtime] (ready)           ID.Spatial_2.SPATIAL_RNA_COUNTER_CS.SPATIAL_RNA_COUNTER._BASIC_SPATIAL_RNA_COUNTER._MATRIX_COMPUTER.MAKE_SHARD
2024-10-21 16:00:55 [runtime] (run:local)       ID.Spatial_2.SPATIAL_RNA_COUNTER_CS.SPATIAL_RNA_COUNTER._BASIC_SPATIAL_RNA_COUNTER._MATRIX_COMPUTER.MAKE_SHARD.fork0.split
2024-10-21 16:00:55 [runtime] (ready)           ID.Spatial_2.SPATIAL_RNA_COUNTER_CS.SPATIAL_RNA_COUNTER._TARGETED_ANALYZER.DISABLE_TARGETED_STAGES
2024-10-21 16:00:58 [runtime] (split_complete)  ID.Spatial_2.SPATIAL_RNA_COUNTER_CS.SPATIAL_RNA_COUNTER._BASIC_SPATIAL_RNA_COUNTER._MATRIX_COMPUTER.MAKE_SHARD
2024-10-21 16:00:58 [runtime] (run:local)       ID.Spatial_2.SPATIAL_RNA_COUNTER_CS.SPATIAL_RNA_COUNTER._BASIC_SPATIAL_RNA_COUNTER._MATRIX_COMPUTER.MAKE_SHARD.fork0.chnk0.main
2024-10-21 16:01:11 [runtime] (join_complete)   ID.Spatial_2.SPATIAL_RNA_COUNTER_CS.SPATIAL_IMAGING_CS.STANDARDIZE_IMAGES
2024-10-21 16:01:11 [runtime] (ready)           ID.Spatial_2.SPATIAL_RNA_COUNTER_CS.CLOUPE_TILE_IMAGES
2024-10-21 16:01:11 [runtime] (run:local)       ID.Spatial_2.SPATIAL_RNA_COUNTER_CS.CLOUPE_TILE_IMAGES.fork0.split
2024-10-21 16:01:12 [runtime] (ready)           ID.Spatial_2.SPATIAL_RNA_COUNTER_CS.SPATIAL_IMAGING_CS.LOUPE_ALIGNMENT_READER
2024-10-21 16:01:12 [runtime] (run:local)       ID.Spatial_2.SPATIAL_RNA_COUNTER_CS.SPATIAL_IMAGING_CS.LOUPE_ALIGNMENT_READER.fork0.split
2024-10-21 16:01:12 [runtime] (split_complete)  ID.Spatial_2.SPATIAL_RNA_COUNTER_CS.CLOUPE_TILE_IMAGES
2024-10-21 16:01:12 [runtime] (run:local)       ID.Spatial_2.SPATIAL_RNA_COUNTER_CS.CLOUPE_TILE_IMAGES.fork0.join
2024-10-21 16:01:13 [runtime] (split_complete)  ID.Spatial_2.SPATIAL_RNA_COUNTER_CS.SPATIAL_IMAGING_CS.LOUPE_ALIGNMENT_READER
2024-10-21 16:01:13 [runtime] (run:local)       ID.Spatial_2.SPATIAL_RNA_COUNTER_CS.SPATIAL_IMAGING_CS.LOUPE_ALIGNMENT_READER.fork0.join
2024-10-21 16:01:14 [runtime] (join_complete)   ID.Spatial_2.SPATIAL_RNA_COUNTER_CS.SPATIAL_IMAGING_CS.LOUPE_ALIGNMENT_READER
2024-10-21 16:01:14 [runtime] (ready)           ID.Spatial_2.SPATIAL_RNA_COUNTER_CS.SPATIAL_IMAGING_CS.GPR_READER
2024-10-21 16:01:14 [runtime] (run:local)       ID.Spatial_2.SPATIAL_RNA_COUNTER_CS.SPATIAL_IMAGING_CS.GPR_READER.fork0.chnk0.main
2024-10-21 16:01:14 [runtime] (ready)           ID.Spatial_2.SPATIAL_RNA_COUNTER_CS.SPATIAL_IMAGING_CS.HD_LAYOUT_READER
2024-10-21 16:01:14 [runtime] (chunks_complete) ID.Spatial_2.SPATIAL_RNA_COUNTER_CS.SPATIAL_IMAGING_CS.GPR_READER
2024-10-21 16:01:14 [runtime] (ready)           ID.Spatial_2.SPATIAL_RNA_COUNTER_CS.SPATIAL_IMAGING_CS.ALIGN_FIDUCIALS
2024-10-21 16:01:14 [runtime] (run:local)       ID.Spatial_2.SPATIAL_RNA_COUNTER_CS.SPATIAL_IMAGING_CS.ALIGN_FIDUCIALS.fork0.split
2024-10-21 16:01:16 [runtime] (split_complete)  ID.Spatial_2.SPATIAL_RNA_COUNTER_CS.SPATIAL_IMAGING_CS.ALIGN_FIDUCIALS
2024-10-21 16:01:16 [runtime] (run:local)       ID.Spatial_2.SPATIAL_RNA_COUNTER_CS.SPATIAL_IMAGING_CS.ALIGN_FIDUCIALS.fork0.join
2024-10-21 16:01:18 [runtime] (join_complete)   ID.Spatial_2.SPATIAL_RNA_COUNTER_CS.SPATIAL_IMAGING_CS.ALIGN_FIDUCIALS
2024-10-21 16:01:18 [runtime] (ready)           ID.Spatial_2.SPATIAL_RNA_COUNTER_CS.SPATIAL_IMAGING_CS.REGISTER_TISSUE
2024-10-21 16:01:18 [runtime] (ready)           ID.Spatial_2.SPATIAL_RNA_COUNTER_CS.SPATIAL_IMAGING_CS.DETECT_TISSUE
2024-10-21 16:01:18 [runtime] (run:local)       ID.Spatial_2.SPATIAL_RNA_COUNTER_CS.SPATIAL_IMAGING_CS.DETECT_TISSUE.fork0.split
2024-10-21 16:01:21 [runtime] (split_complete)  ID.Spatial_2.SPATIAL_RNA_COUNTER_CS.SPATIAL_IMAGING_CS.DETECT_TISSUE
2024-10-21 16:01:21 [runtime] (run:local)       ID.Spatial_2.SPATIAL_RNA_COUNTER_CS.SPATIAL_IMAGING_CS.DETECT_TISSUE.fork0.join
2024-10-21 16:01:23 [runtime] (join_complete)   ID.Spatial_2.SPATIAL_RNA_COUNTER_CS.SPATIAL_IMAGING_CS.DETECT_TISSUE
2024-10-21 16:01:23 [runtime] (ready)           ID.Spatial_2.SPATIAL_RNA_COUNTER_CS.SPATIAL_IMAGING_CS.OUTPUT_SPOTS_BARCODES
2024-10-21 16:01:23 [runtime] (run:local)       ID.Spatial_2.SPATIAL_RNA_COUNTER_CS.SPATIAL_IMAGING_CS.OUTPUT_SPOTS_BARCODES.fork0.split
2024-10-21 16:01:24 [runtime] (split_complete)  ID.Spatial_2.SPATIAL_RNA_COUNTER_CS.SPATIAL_IMAGING_CS.OUTPUT_SPOTS_BARCODES
2024-10-21 16:01:24 [runtime] (run:local)       ID.Spatial_2.SPATIAL_RNA_COUNTER_CS.SPATIAL_IMAGING_CS.OUTPUT_SPOTS_BARCODES.fork0.join
2024-10-21 16:01:25 [runtime] (join_complete)   ID.Spatial_2.SPATIAL_RNA_COUNTER_CS.SPATIAL_IMAGING_CS.OUTPUT_SPOTS_BARCODES
2024-10-21 16:01:25 [runtime] (ready)           ID.Spatial_2.SPATIAL_RNA_COUNTER_CS.SPATIAL_RNA_COUNTER._BASIC_SPATIAL_RNA_COUNTER._MATRIX_COMPUTER.COMPUTE_CORRECTION_FACTOR
2024-10-21 16:01:25 [runtime] (ready)           ID.Spatial_2.SPATIAL_RNA_COUNTER_CS.SPATIAL_IMAGING_CS.CALCULATE_FLUORESCENCE_INTENSITY
2024-10-21 16:01:25 [runtime] (run:local)       ID.Spatial_2.SPATIAL_RNA_COUNTER_CS.SPATIAL_IMAGING_CS.CALCULATE_FLUORESCENCE_INTENSITY.fork0.split
2024-10-21 16:01:26 [runtime] (split_complete)  ID.Spatial_2.SPATIAL_RNA_COUNTER_CS.SPATIAL_IMAGING_CS.CALCULATE_FLUORESCENCE_INTENSITY
2024-10-21 16:01:26 [runtime] (run:local)       ID.Spatial_2.SPATIAL_RNA_COUNTER_CS.SPATIAL_IMAGING_CS.CALCULATE_FLUORESCENCE_INTENSITY.fork0.join
2024-10-21 16:01:27 [runtime] (join_complete)   ID.Spatial_2.SPATIAL_RNA_COUNTER_CS.SPATIAL_IMAGING_CS.CALCULATE_FLUORESCENCE_INTENSITY
2024-10-21 16:02:17 [runtime] (join_complete)   ID.Spatial_2.SPATIAL_RNA_COUNTER_CS.CLOUPE_TILE_IMAGES
2024-10-21 16:07:00 [runtime] (update)          ID.Spatial_2.SPATIAL_RNA_COUNTER_CS.SPATIAL_RNA_COUNTER._BASIC_SPATIAL_RNA_COUNTER._MATRIX_COMPUTER.MAKE_SHARD.fork0 chunks_running
2024-10-21 16:13:01 [runtime] (update)          ID.Spatial_2.SPATIAL_RNA_COUNTER_CS.SPATIAL_RNA_COUNTER._BASIC_SPATIAL_RNA_COUNTER._MATRIX_COMPUTER.MAKE_SHARD.fork0 chunks_running
2024-10-21 16:16:43 [runtime] (chunks_complete) ID.Spatial_2.SPATIAL_RNA_COUNTER_CS.SPATIAL_RNA_COUNTER._BASIC_SPATIAL_RNA_COUNTER._MATRIX_COMPUTER.MAKE_SHARD
2024-10-21 16:16:43 [runtime] (run:local)       ID.Spatial_2.SPATIAL_RNA_COUNTER_CS.SPATIAL_RNA_COUNTER._BASIC_SPATIAL_RNA_COUNTER._MATRIX_COMPUTER.MAKE_SHARD.fork0.join
2024-10-21 16:16:43 [runtime] (join_complete)   ID.Spatial_2.SPATIAL_RNA_COUNTER_CS.SPATIAL_RNA_COUNTER._BASIC_SPATIAL_RNA_COUNTER._MATRIX_COMPUTER.MAKE_SHARD
2024-10-21 16:16:43 [runtime] (ready)           ID.Spatial_2.SPATIAL_RNA_COUNTER_CS.SPATIAL_RNA_COUNTER._BASIC_SPATIAL_RNA_COUNTER._MATRIX_COMPUTER.MAKE_CORRECTION_MAP
2024-10-21 16:16:43 [runtime] (run:local)       ID.Spatial_2.SPATIAL_RNA_COUNTER_CS.SPATIAL_RNA_COUNTER._BASIC_SPATIAL_RNA_COUNTER._MATRIX_COMPUTER.MAKE_CORRECTION_MAP.fork0.split
2024-10-21 16:16:43 [runtime] (split_complete)  ID.Spatial_2.SPATIAL_RNA_COUNTER_CS.SPATIAL_RNA_COUNTER._BASIC_SPATIAL_RNA_COUNTER._MATRIX_COMPUTER.MAKE_CORRECTION_MAP
2024-10-21 16:16:43 [runtime] (run:local)       ID.Spatial_2.SPATIAL_RNA_COUNTER_CS.SPATIAL_RNA_COUNTER._BASIC_SPATIAL_RNA_COUNTER._MATRIX_COMPUTER.MAKE_CORRECTION_MAP.fork0.join
2024-10-21 16:16:43 [runtime] (join_complete)   ID.Spatial_2.SPATIAL_RNA_COUNTER_CS.SPATIAL_RNA_COUNTER._BASIC_SPATIAL_RNA_COUNTER._MATRIX_COMPUTER.MAKE_CORRECTION_MAP
2024-10-21 16:16:43 [runtime] (ready)           ID.Spatial_2.SPATIAL_RNA_COUNTER_CS.SPATIAL_RNA_COUNTER._BASIC_SPATIAL_RNA_COUNTER._MATRIX_COMPUTER.BARCODE_CORRECTION
2024-10-21 16:16:43 [runtime] (run:local)       ID.Spatial_2.SPATIAL_RNA_COUNTER_CS.SPATIAL_RNA_COUNTER._BASIC_SPATIAL_RNA_COUNTER._MATRIX_COMPUTER.BARCODE_CORRECTION.fork0.split
2024-10-21 16:16:44 [runtime] (split_complete)  ID.Spatial_2.SPATIAL_RNA_COUNTER_CS.SPATIAL_RNA_COUNTER._BASIC_SPATIAL_RNA_COUNTER._MATRIX_COMPUTER.BARCODE_CORRECTION
2024-10-21 16:16:44 [runtime] (run:local)       ID.Spatial_2.SPATIAL_RNA_COUNTER_CS.SPATIAL_RNA_COUNTER._BASIC_SPATIAL_RNA_COUNTER._MATRIX_COMPUTER.BARCODE_CORRECTION.fork0.chnk00.main
2024-10-21 16:16:44 [runtime] (run:local)       ID.Spatial_2.SPATIAL_RNA_COUNTER_CS.SPATIAL_RNA_COUNTER._BASIC_SPATIAL_RNA_COUNTER._MATRIX_COMPUTER.BARCODE_CORRECTION.fork0.chnk01.main
2024-10-21 16:16:44 [runtime] (run:local)       ID.Spatial_2.SPATIAL_RNA_COUNTER_CS.SPATIAL_RNA_COUNTER._BASIC_SPATIAL_RNA_COUNTER._MATRIX_COMPUTER.BARCODE_CORRECTION.fork0.chnk02.main
2024-10-21 16:16:44 [runtime] (run:local)       ID.Spatial_2.SPATIAL_RNA_COUNTER_CS.SPATIAL_RNA_COUNTER._BASIC_SPATIAL_RNA_COUNTER._MATRIX_COMPUTER.BARCODE_CORRECTION.fork0.chnk03.main
2024-10-21 16:16:44 [runtime] (run:local)       ID.Spatial_2.SPATIAL_RNA_COUNTER_CS.SPATIAL_RNA_COUNTER._BASIC_SPATIAL_RNA_COUNTER._MATRIX_COMPUTER.BARCODE_CORRECTION.fork0.chnk04.main
2024-10-21 16:16:44 [runtime] (run:local)       ID.Spatial_2.SPATIAL_RNA_COUNTER_CS.SPATIAL_RNA_COUNTER._BASIC_SPATIAL_RNA_COUNTER._MATRIX_COMPUTER.BARCODE_CORRECTION.fork0.chnk05.main
2024-10-21 16:16:44 [runtime] (run:local)       ID.Spatial_2.SPATIAL_RNA_COUNTER_CS.SPATIAL_RNA_COUNTER._BASIC_SPATIAL_RNA_COUNTER._MATRIX_COMPUTER.BARCODE_CORRECTION.fork0.chnk06.main
2024-10-21 16:16:44 [runtime] (run:local)       ID.Spatial_2.SPATIAL_RNA_COUNTER_CS.SPATIAL_RNA_COUNTER._BASIC_SPATIAL_RNA_COUNTER._MATRIX_COMPUTER.BARCODE_CORRECTION.fork0.chnk07.main
2024-10-21 16:16:44 [runtime] (run:local)       ID.Spatial_2.SPATIAL_RNA_COUNTER_CS.SPATIAL_RNA_COUNTER._BASIC_SPATIAL_RNA_COUNTER._MATRIX_COMPUTER.BARCODE_CORRECTION.fork0.chnk08.main
2024-10-21 16:16:44 [runtime] (run:local)       ID.Spatial_2.SPATIAL_RNA_COUNTER_CS.SPATIAL_RNA_COUNTER._BASIC_SPATIAL_RNA_COUNTER._MATRIX_COMPUTER.BARCODE_CORRECTION.fork0.chnk09.main
2024-10-21 16:16:44 [runtime] (run:local)       ID.Spatial_2.SPATIAL_RNA_COUNTER_CS.SPATIAL_RNA_COUNTER._BASIC_SPATIAL_RNA_COUNTER._MATRIX_COMPUTER.BARCODE_CORRECTION.fork0.chnk10.main
2024-10-21 16:16:44 [runtime] (run:local)       ID.Spatial_2.SPATIAL_RNA_COUNTER_CS.SPATIAL_RNA_COUNTER._BASIC_SPATIAL_RNA_COUNTER._MATRIX_COMPUTER.BARCODE_CORRECTION.fork0.chnk11.main
2024-10-21 16:16:44 [runtime] (run:local)       ID.Spatial_2.SPATIAL_RNA_COUNTER_CS.SPATIAL_RNA_COUNTER._BASIC_SPATIAL_RNA_COUNTER._MATRIX_COMPUTER.BARCODE_CORRECTION.fork0.chnk12.main
2024-10-21 16:17:00 [runtime] (chunks_complete) ID.Spatial_2.SPATIAL_RNA_COUNTER_CS.SPATIAL_RNA_COUNTER._BASIC_SPATIAL_RNA_COUNTER._MATRIX_COMPUTER.BARCODE_CORRECTION
2024-10-21 16:17:00 [runtime] (run:local)       ID.Spatial_2.SPATIAL_RNA_COUNTER_CS.SPATIAL_RNA_COUNTER._BASIC_SPATIAL_RNA_COUNTER._MATRIX_COMPUTER.BARCODE_CORRECTION.fork0.join
2024-10-21 16:17:00 [runtime] (join_complete)   ID.Spatial_2.SPATIAL_RNA_COUNTER_CS.SPATIAL_RNA_COUNTER._BASIC_SPATIAL_RNA_COUNTER._MATRIX_COMPUTER.BARCODE_CORRECTION
2024-10-21 16:17:00 [runtime] (ready)           ID.Spatial_2.SPATIAL_RNA_COUNTER_CS.SPATIAL_RNA_COUNTER._BASIC_SPATIAL_RNA_COUNTER._MATRIX_COMPUTER.WRITE_BARCODE_INDEX
2024-10-21 16:17:00 [runtime] (run:local)       ID.Spatial_2.SPATIAL_RNA_COUNTER_CS.SPATIAL_RNA_COUNTER._BASIC_SPATIAL_RNA_COUNTER._MATRIX_COMPUTER.WRITE_BARCODE_INDEX.fork0.chnk0.main
2024-10-21 16:17:00 [runtime] (ready)           ID.Spatial_2.SPATIAL_RNA_COUNTER_CS.SPATIAL_RNA_COUNTER._BASIC_SPATIAL_RNA_COUNTER._MATRIX_COMPUTER._SLFE_PARTIAL_FIRST_PASS.SUBSAMPLE_BARCODES
2024-10-21 16:17:00 [runtime] (ready)           ID.Spatial_2.SPATIAL_RNA_COUNTER_CS.SPATIAL_RNA_COUNTER._BASIC_SPATIAL_RNA_COUNTER._MATRIX_COMPUTER._SLFE_PARTIAL_FIRST_PASS.INITIAL_ALIGN_AND_COUNT
2024-10-21 16:17:00 [runtime] (ready)           ID.Spatial_2.SPATIAL_RNA_COUNTER_CS.SPATIAL_RNA_COUNTER._BASIC_SPATIAL_RNA_COUNTER._MATRIX_COMPUTER._SLFE_PARTIAL_FIRST_PASS.SET_TARGETED_UMI_FILTER
2024-10-21 16:17:00 [runtime] (ready)           ID.Spatial_2.SPATIAL_RNA_COUNTER_CS.SPATIAL_RNA_COUNTER._BASIC_SPATIAL_RNA_COUNTER._MATRIX_COMPUTER.ALIGN_AND_COUNT
2024-10-21 16:17:00 [runtime] (run:local)       ID.Spatial_2.SPATIAL_RNA_COUNTER_CS.SPATIAL_RNA_COUNTER._BASIC_SPATIAL_RNA_COUNTER._MATRIX_COMPUTER.ALIGN_AND_COUNT.fork0.split
2024-10-21 16:17:00 [runtime] (chunks_complete) ID.Spatial_2.SPATIAL_RNA_COUNTER_CS.SPATIAL_RNA_COUNTER._BASIC_SPATIAL_RNA_COUNTER._MATRIX_COMPUTER.WRITE_BARCODE_INDEX
2024-10-21 16:17:00 [runtime] (split_complete)  ID.Spatial_2.SPATIAL_RNA_COUNTER_CS.SPATIAL_RNA_COUNTER._BASIC_SPATIAL_RNA_COUNTER._MATRIX_COMPUTER.ALIGN_AND_COUNT
2024-10-21 16:17:00 [runtime] (run:local)       ID.Spatial_2.SPATIAL_RNA_COUNTER_CS.SPATIAL_RNA_COUNTER._BASIC_SPATIAL_RNA_COUNTER._MATRIX_COMPUTER.ALIGN_AND_COUNT.fork0.chnk0.main
2024-10-21 16:17:00 [runtime] (run:local)       ID.Spatial_2.SPATIAL_RNA_COUNTER_CS.SPATIAL_RNA_COUNTER._BASIC_SPATIAL_RNA_COUNTER._MATRIX_COMPUTER.ALIGN_AND_COUNT.fork0.chnk1.main
2024-10-21 16:17:00 [runtime] (run:local)       ID.Spatial_2.SPATIAL_RNA_COUNTER_CS.SPATIAL_RNA_COUNTER._BASIC_SPATIAL_RNA_COUNTER._MATRIX_COMPUTER.ALIGN_AND_COUNT.fork0.chnk2.main
2024-10-21 16:17:00 [runtime] (run:local)       ID.Spatial_2.SPATIAL_RNA_COUNTER_CS.SPATIAL_RNA_COUNTER._BASIC_SPATIAL_RNA_COUNTER._MATRIX_COMPUTER.ALIGN_AND_COUNT.fork0.chnk3.main
2024-10-21 16:17:00 [runtime] (run:local)       ID.Spatial_2.SPATIAL_RNA_COUNTER_CS.SPATIAL_RNA_COUNTER._BASIC_SPATIAL_RNA_COUNTER._MATRIX_COMPUTER.ALIGN_AND_COUNT.fork0.chnk4.main
2024-10-21 16:17:00 [runtime] (run:local)       ID.Spatial_2.SPATIAL_RNA_COUNTER_CS.SPATIAL_RNA_COUNTER._BASIC_SPATIAL_RNA_COUNTER._MATRIX_COMPUTER.ALIGN_AND_COUNT.fork0.chnk5.main
2024-10-21 16:17:00 [runtime] (run:local)       ID.Spatial_2.SPATIAL_RNA_COUNTER_CS.SPATIAL_RNA_COUNTER._BASIC_SPATIAL_RNA_COUNTER._MATRIX_COMPUTER.ALIGN_AND_COUNT.fork0.chnk6.main
2024-10-21 16:17:00 [runtime] (run:local)       ID.Spatial_2.SPATIAL_RNA_COUNTER_CS.SPATIAL_RNA_COUNTER._BASIC_SPATIAL_RNA_COUNTER._MATRIX_COMPUTER.ALIGN_AND_COUNT.fork0.chnk7.main
2024-10-21 16:17:00 [runtime] (run:local)       ID.Spatial_2.SPATIAL_RNA_COUNTER_CS.SPATIAL_RNA_COUNTER._BASIC_SPATIAL_RNA_COUNTER._MATRIX_COMPUTER.ALIGN_AND_COUNT.fork0.chnk8.main
2024-10-21 16:22:39 [runtime] (update)          ID.Spatial_2.SPATIAL_RNA_COUNTER_CS.SPATIAL_RNA_COUNTER._BASIC_SPATIAL_RNA_COUNTER._MATRIX_COMPUTER.ALIGN_AND_COUNT.fork0 chunks running (2/9 completed)
2024-10-21 16:28:43 [runtime] (update)          ID.Spatial_2.SPATIAL_RNA_COUNTER_CS.SPATIAL_RNA_COUNTER._BASIC_SPATIAL_RNA_COUNTER._MATRIX_COMPUTER.ALIGN_AND_COUNT.fork0 chunks running (3/9 completed)
2024-10-21 16:33:45 [runtime] (update)          ID.Spatial_2.SPATIAL_RNA_COUNTER_CS.SPATIAL_RNA_COUNTER._BASIC_SPATIAL_RNA_COUNTER._MATRIX_COMPUTER.ALIGN_AND_COUNT.fork0 chunks running (3/9 completed)
2024-10-21 16:39:24 [runtime] (update)          ID.Spatial_2.SPATIAL_RNA_COUNTER_CS.SPATIAL_RNA_COUNTER._BASIC_SPATIAL_RNA_COUNTER._MATRIX_COMPUTER.ALIGN_AND_COUNT.fork0 chunks running (5/9 completed)
2024-10-21 16:45:28 [runtime] (update)          ID.Spatial_2.SPATIAL_RNA_COUNTER_CS.SPATIAL_RNA_COUNTER._BASIC_SPATIAL_RNA_COUNTER._MATRIX_COMPUTER.ALIGN_AND_COUNT.fork0 chunks running (5/9 completed)
2024-10-21 16:52:10 [runtime] (update)          ID.Spatial_2.SPATIAL_RNA_COUNTER_CS.SPATIAL_RNA_COUNTER._BASIC_SPATIAL_RNA_COUNTER._MATRIX_COMPUTER.ALIGN_AND_COUNT.fork0 chunks running (7/9 completed)
2024-10-21 16:57:23 [runtime] (update)          ID.Spatial_2.SPATIAL_RNA_COUNTER_CS.SPATIAL_RNA_COUNTER._BASIC_SPATIAL_RNA_COUNTER._MATRIX_COMPUTER.ALIGN_AND_COUNT.fork0 chunks running (8/9 completed)
2024-10-21 17:00:08 [runtime] (chunks_complete) ID.Spatial_2.SPATIAL_RNA_COUNTER_CS.SPATIAL_RNA_COUNTER._BASIC_SPATIAL_RNA_COUNTER._MATRIX_COMPUTER.ALIGN_AND_COUNT
2024-10-21 17:00:08 [runtime] (run:local)       ID.Spatial_2.SPATIAL_RNA_COUNTER_CS.SPATIAL_RNA_COUNTER._BASIC_SPATIAL_RNA_COUNTER._MATRIX_COMPUTER.ALIGN_AND_COUNT.fork0.join
2024-10-21 17:00:09 [runtime] (join_complete)   ID.Spatial_2.SPATIAL_RNA_COUNTER_CS.SPATIAL_RNA_COUNTER._BASIC_SPATIAL_RNA_COUNTER._MATRIX_COMPUTER.ALIGN_AND_COUNT
2024-10-21 17:00:11 [runtime] (ready)           ID.Spatial_2.SPATIAL_RNA_COUNTER_CS.SPATIAL_RNA_COUNTER._BASIC_SPATIAL_RNA_COUNTER._MATRIX_COMPUTER.WRITE_H5_MATRIX
2024-10-21 17:00:11 [runtime] (run:local)       ID.Spatial_2.SPATIAL_RNA_COUNTER_CS.SPATIAL_RNA_COUNTER._BASIC_SPATIAL_RNA_COUNTER._MATRIX_COMPUTER.WRITE_H5_MATRIX.fork0.chnk0.main
2024-10-21 17:00:11 [runtime] (ready)           ID.Spatial_2.SPATIAL_RNA_COUNTER_CS.SPATIAL_RNA_COUNTER._BASIC_SPATIAL_RNA_COUNTER._MATRIX_COMPUTER.COLLATE_METRICS
2024-10-21 17:00:11 [runtime] (run:local)       ID.Spatial_2.SPATIAL_RNA_COUNTER_CS.SPATIAL_RNA_COUNTER._BASIC_SPATIAL_RNA_COUNTER._MATRIX_COMPUTER.COLLATE_METRICS.fork0.split
2024-10-21 17:00:11 [runtime] (ready)           ID.Spatial_2.SPATIAL_RNA_COUNTER_CS.SPATIAL_RNA_COUNTER._BASIC_SPATIAL_RNA_COUNTER._MATRIX_COMPUTER.WRITE_MATRIX_MARKET
2024-10-21 17:00:11 [runtime] (run:local)       ID.Spatial_2.SPATIAL_RNA_COUNTER_CS.SPATIAL_RNA_COUNTER._BASIC_SPATIAL_RNA_COUNTER._MATRIX_COMPUTER.WRITE_MATRIX_MARKET.fork0.chnk0.main
2024-10-21 17:00:11 [runtime] (ready)           ID.Spatial_2.SPATIAL_RNA_COUNTER_CS.SPATIAL_RNA_COUNTER._BASIC_SPATIAL_RNA_COUNTER._MATRIX_COMPUTER.WRITE_BARCODE_SUMMARY
2024-10-21 17:00:11 [runtime] (run:local)       ID.Spatial_2.SPATIAL_RNA_COUNTER_CS.SPATIAL_RNA_COUNTER._BASIC_SPATIAL_RNA_COUNTER._MATRIX_COMPUTER.WRITE_BARCODE_SUMMARY.fork0.chnk0.main
2024-10-21 17:00:11 [runtime] (split_complete)  ID.Spatial_2.SPATIAL_RNA_COUNTER_CS.SPATIAL_RNA_COUNTER._BASIC_SPATIAL_RNA_COUNTER._MATRIX_COMPUTER.COLLATE_METRICS
2024-10-21 17:00:11 [runtime] (run:local)       ID.Spatial_2.SPATIAL_RNA_COUNTER_CS.SPATIAL_RNA_COUNTER._BASIC_SPATIAL_RNA_COUNTER._MATRIX_COMPUTER.COLLATE_METRICS.fork0.chnk0.main
2024-10-21 17:00:11 [runtime] (chunks_complete) ID.Spatial_2.SPATIAL_RNA_COUNTER_CS.SPATIAL_RNA_COUNTER._BASIC_SPATIAL_RNA_COUNTER._MATRIX_COMPUTER.WRITE_BARCODE_SUMMARY
2024-10-21 17:00:11 [runtime] (chunks_complete) ID.Spatial_2.SPATIAL_RNA_COUNTER_CS.SPATIAL_RNA_COUNTER._BASIC_SPATIAL_RNA_COUNTER._MATRIX_COMPUTER.COLLATE_METRICS
2024-10-21 17:00:11 [runtime] (run:local)       ID.Spatial_2.SPATIAL_RNA_COUNTER_CS.SPATIAL_RNA_COUNTER._BASIC_SPATIAL_RNA_COUNTER._MATRIX_COMPUTER.COLLATE_METRICS.fork0.join
2024-10-21 17:00:11 [runtime] (join_complete)   ID.Spatial_2.SPATIAL_RNA_COUNTER_CS.SPATIAL_RNA_COUNTER._BASIC_SPATIAL_RNA_COUNTER._MATRIX_COMPUTER.COLLATE_METRICS
2024-10-21 17:00:11 [runtime] (ready)           ID.Spatial_2.SPATIAL_RNA_COUNTER_CS.SPATIAL_RNA_COUNTER._BASIC_SPATIAL_RNA_COUNTER._MATRIX_COMPUTER.MERGE_METRICS
2024-10-21 17:00:11 [runtime] (run:local)       ID.Spatial_2.SPATIAL_RNA_COUNTER_CS.SPATIAL_RNA_COUNTER._BASIC_SPATIAL_RNA_COUNTER._MATRIX_COMPUTER.MERGE_METRICS.fork0.chnk0.main
2024-10-21 17:00:12 [runtime] (chunks_complete) ID.Spatial_2.SPATIAL_RNA_COUNTER_CS.SPATIAL_RNA_COUNTER._BASIC_SPATIAL_RNA_COUNTER._MATRIX_COMPUTER.MERGE_METRICS
2024-10-21 17:00:14 [runtime] (chunks_complete) ID.Spatial_2.SPATIAL_RNA_COUNTER_CS.SPATIAL_RNA_COUNTER._BASIC_SPATIAL_RNA_COUNTER._MATRIX_COMPUTER.WRITE_H5_MATRIX
2024-10-21 17:00:14 [runtime] (ready)           ID.Spatial_2.SPATIAL_RNA_COUNTER_CS.SPATIAL_RNA_COUNTER._BASIC_SPATIAL_RNA_COUNTER.FILTER_BARCODES
2024-10-21 17:00:14 [runtime] (run:local)       ID.Spatial_2.SPATIAL_RNA_COUNTER_CS.SPATIAL_RNA_COUNTER._BASIC_SPATIAL_RNA_COUNTER.FILTER_BARCODES.fork0.split
2024-10-21 17:00:14 [runtime] (ready)           ID.Spatial_2.SPATIAL_RNA_COUNTER_CS.SPATIAL_RNA_COUNTER.BIN_HD_DATA._BIN_HD_DATA.CREATE_HD_FEATURE_SLICE
2024-10-21 17:00:14 [runtime] (ready)           ID.Spatial_2.SPATIAL_RNA_COUNTER_CS.SPATIAL_RNA_COUNTER._BASIC_SPATIAL_RNA_COUNTER.DISABLE_STAGES
2024-10-21 17:00:14 [runtime] (run:local)       ID.Spatial_2.SPATIAL_RNA_COUNTER_CS.SPATIAL_RNA_COUNTER._BASIC_SPATIAL_RNA_COUNTER.DISABLE_STAGES.fork0.chnk0.main
2024-10-21 17:00:14 [runtime] (ready)           ID.Spatial_2.SPATIAL_RNA_COUNTER_CS.SPATIAL_RNA_COUNTER.BIN_HD_DATA._BIN_HD_DATA.PROCESS_HD_ALIGNMENT
2024-10-21 17:00:14 [runtime] (chunks_complete) ID.Spatial_2.SPATIAL_RNA_COUNTER_CS.SPATIAL_RNA_COUNTER._BASIC_SPATIAL_RNA_COUNTER._MATRIX_COMPUTER.WRITE_MATRIX_MARKET
2024-10-21 17:00:23 [runtime] (split_complete)  ID.Spatial_2.SPATIAL_RNA_COUNTER_CS.SPATIAL_RNA_COUNTER._BASIC_SPATIAL_RNA_COUNTER.FILTER_BARCODES
2024-10-21 17:00:23 [runtime] (run:local)       ID.Spatial_2.SPATIAL_RNA_COUNTER_CS.SPATIAL_RNA_COUNTER._BASIC_SPATIAL_RNA_COUNTER.FILTER_BARCODES.fork0.chnk0.main
2024-10-21 17:00:23 [runtime] (chunks_complete) ID.Spatial_2.SPATIAL_RNA_COUNTER_CS.SPATIAL_RNA_COUNTER._BASIC_SPATIAL_RNA_COUNTER.DISABLE_STAGES
2024-10-21 17:00:23 [runtime] (ready)           ID.Spatial_2.SPATIAL_RNA_COUNTER_CS.SPATIAL_RNA_COUNTER._BASIC_SPATIAL_RNA_COUNTER._ASSIGN_TAGS.MULTIPLEXING_METHOD
2024-10-21 17:00:23 [runtime] (ready)           ID.Spatial_2.SPATIAL_RNA_COUNTER_CS.SPATIAL_RNA_COUNTER._BASIC_SPATIAL_RNA_COUNTER.WRITE_POS_BAM
2024-10-21 17:00:23 [runtime] (run:local)       ID.Spatial_2.SPATIAL_RNA_COUNTER_CS.SPATIAL_RNA_COUNTER._BASIC_SPATIAL_RNA_COUNTER.WRITE_POS_BAM.fork0.split
2024-10-21 17:00:23 [runtime] (ready)           ID.Spatial_2.SPATIAL_RNA_COUNTER_CS.SPATIAL_RNA_COUNTER._BASIC_SPATIAL_RNA_COUNTER._ASSIGN_TAGS.CALL_TAGS_OH
2024-10-21 17:00:24 [runtime] (split_complete)  ID.Spatial_2.SPATIAL_RNA_COUNTER_CS.SPATIAL_RNA_COUNTER._BASIC_SPATIAL_RNA_COUNTER.WRITE_POS_BAM
2024-10-21 17:00:24 [runtime] (run:local)       ID.Spatial_2.SPATIAL_RNA_COUNTER_CS.SPATIAL_RNA_COUNTER._BASIC_SPATIAL_RNA_COUNTER.WRITE_POS_BAM.fork0.chnk0.main
2024-10-21 17:00:24 [runtime] (run:local)       ID.Spatial_2.SPATIAL_RNA_COUNTER_CS.SPATIAL_RNA_COUNTER._BASIC_SPATIAL_RNA_COUNTER.WRITE_POS_BAM.fork0.chnk1.main
2024-10-21 17:00:24 [runtime] (run:local)       ID.Spatial_2.SPATIAL_RNA_COUNTER_CS.SPATIAL_RNA_COUNTER._BASIC_SPATIAL_RNA_COUNTER.WRITE_POS_BAM.fork0.chnk2.main
2024-10-21 17:00:24 [runtime] (run:local)       ID.Spatial_2.SPATIAL_RNA_COUNTER_CS.SPATIAL_RNA_COUNTER._BASIC_SPATIAL_RNA_COUNTER.WRITE_POS_BAM.fork0.chnk3.main
2024-10-21 17:00:24 [runtime] (run:local)       ID.Spatial_2.SPATIAL_RNA_COUNTER_CS.SPATIAL_RNA_COUNTER._BASIC_SPATIAL_RNA_COUNTER.WRITE_POS_BAM.fork0.chnk4.main
2024-10-21 17:00:24 [runtime] (run:local)       ID.Spatial_2.SPATIAL_RNA_COUNTER_CS.SPATIAL_RNA_COUNTER._BASIC_SPATIAL_RNA_COUNTER.WRITE_POS_BAM.fork0.chnk5.main
2024-10-21 17:00:24 [runtime] (run:local)       ID.Spatial_2.SPATIAL_RNA_COUNTER_CS.SPATIAL_RNA_COUNTER._BASIC_SPATIAL_RNA_COUNTER.WRITE_POS_BAM.fork0.chnk6.main
2024-10-21 17:00:24 [runtime] (run:local)       ID.Spatial_2.SPATIAL_RNA_COUNTER_CS.SPATIAL_RNA_COUNTER._BASIC_SPATIAL_RNA_COUNTER.WRITE_POS_BAM.fork0.chnk7.main
2024-10-21 17:00:24 [runtime] (run:local)       ID.Spatial_2.SPATIAL_RNA_COUNTER_CS.SPATIAL_RNA_COUNTER._BASIC_SPATIAL_RNA_COUNTER.WRITE_POS_BAM.fork0.chnk8.main
2024-10-21 17:00:24 [runtime] (chunks_complete) ID.Spatial_2.SPATIAL_RNA_COUNTER_CS.SPATIAL_RNA_COUNTER._BASIC_SPATIAL_RNA_COUNTER.FILTER_BARCODES
2024-10-21 17:00:24 [runtime] (run:local)       ID.Spatial_2.SPATIAL_RNA_COUNTER_CS.SPATIAL_RNA_COUNTER._BASIC_SPATIAL_RNA_COUNTER.FILTER_BARCODES.fork0.join
2024-10-21 17:04:52 [runtime] (join_complete)   ID.Spatial_2.SPATIAL_RNA_COUNTER_CS.SPATIAL_RNA_COUNTER._BASIC_SPATIAL_RNA_COUNTER.FILTER_BARCODES
2024-10-21 17:04:52 [runtime] (ready)           ID.Spatial_2.SPATIAL_RNA_COUNTER_CS.SPATIAL_RNA_COUNTER.RUN_SPATIAL_ENRICHMENT
2024-10-21 17:04:52 [runtime] (run:local)       ID.Spatial_2.SPATIAL_RNA_COUNTER_CS.SPATIAL_RNA_COUNTER.RUN_SPATIAL_ENRICHMENT.fork0.split
2024-10-21 17:04:52 [runtime] (ready)           ID.Spatial_2.SPATIAL_RNA_COUNTER_CS.SPATIAL_RNA_COUNTER._BASIC_SPATIAL_RNA_COUNTER._ASSIGN_TAGS.CALL_TAGS_MARGINAL
2024-10-21 17:04:52 [runtime] (ready)           ID.Spatial_2.SPATIAL_RNA_COUNTER_CS.SPATIAL_RNA_COUNTER._BASIC_SPATIAL_RNA_COUNTER.COLLATE_PROBE_METRICS
2024-10-21 17:04:52 [runtime] (ready)           ID.Spatial_2.SPATIAL_RNA_COUNTER_CS.SPATIAL_RNA_COUNTER.ANTIBODY_QC_PLOTS
2024-10-21 17:04:52 [runtime] (ready)           ID.Spatial_2.SPATIAL_RNA_COUNTER_CS.SPATIAL_RNA_COUNTER.DISABLE_SECONDARY_ANALYSIS
2024-10-21 17:04:52 [runtime] (run:local)       ID.Spatial_2.SPATIAL_RNA_COUNTER_CS.SPATIAL_RNA_COUNTER.DISABLE_SECONDARY_ANALYSIS.fork0.chnk0.main
2024-10-21 17:04:52 [runtime] (ready)           ID.Spatial_2.SPATIAL_RNA_COUNTER_CS.SPATIAL_RNA_COUNTER._BASIC_SPATIAL_RNA_COUNTER._ASSIGN_TAGS.CALL_TAGS_RTL
2024-10-21 17:04:52 [runtime] (ready)           ID.Spatial_2.SPATIAL_RNA_COUNTER_CS.SPATIAL_RNA_COUNTER._BASIC_SPATIAL_RNA_COUNTER.CHECK_CORRECTION_FACTOR
2024-10-21 17:04:52 [runtime] (run:local)       ID.Spatial_2.SPATIAL_RNA_COUNTER_CS.SPATIAL_RNA_COUNTER._BASIC_SPATIAL_RNA_COUNTER.CHECK_CORRECTION_FACTOR.fork0.chnk0.main
2024-10-21 17:04:52 [runtime] (ready)           ID.Spatial_2.SPATIAL_RNA_COUNTER_CS.SPATIAL_RNA_COUNTER._BASIC_SPATIAL_RNA_COUNTER.INFER_GEM_WELL_THROUGHPUT
2024-10-21 17:04:52 [runtime] (ready)           ID.Spatial_2.SPATIAL_RNA_COUNTER_CS.SPATIAL_RNA_COUNTER._BASIC_SPATIAL_RNA_COUNTER._CELLS_REPORTER.WRITE_MOLECULE_INFO
2024-10-21 17:04:52 [runtime] (run:local)       ID.Spatial_2.SPATIAL_RNA_COUNTER_CS.SPATIAL_RNA_COUNTER._BASIC_SPATIAL_RNA_COUNTER._CELLS_REPORTER.WRITE_MOLECULE_INFO.fork0.split
2024-10-21 17:04:52 [runtime] (ready)           ID.Spatial_2.SPATIAL_RNA_COUNTER_CS.SPATIAL_RNA_COUNTER.BIN_HD_DATA._BIN_HD_DATA.UPDATE_HD_FEATURE_SLICE_H5
2024-10-21 17:04:52 [runtime] (split_complete)  ID.Spatial_2.SPATIAL_RNA_COUNTER_CS.SPATIAL_RNA_COUNTER._BASIC_SPATIAL_RNA_COUNTER._CELLS_REPORTER.WRITE_MOLECULE_INFO
2024-10-21 17:04:52 [runtime] (run:local)       ID.Spatial_2.SPATIAL_RNA_COUNTER_CS.SPATIAL_RNA_COUNTER._BASIC_SPATIAL_RNA_COUNTER._CELLS_REPORTER.WRITE_MOLECULE_INFO.fork0.join
2024-10-21 17:04:52 [runtime] (chunks_complete) ID.Spatial_2.SPATIAL_RNA_COUNTER_CS.SPATIAL_RNA_COUNTER._BASIC_SPATIAL_RNA_COUNTER.CHECK_CORRECTION_FACTOR
2024-10-21 17:04:52 [runtime] (chunks_complete) ID.Spatial_2.SPATIAL_RNA_COUNTER_CS.SPATIAL_RNA_COUNTER.DISABLE_SECONDARY_ANALYSIS
2024-10-21 17:04:52 [runtime] (ready)           ID.Spatial_2.SPATIAL_RNA_COUNTER_CS.SPATIAL_RNA_COUNTER.SPATIAL_RNA_ANALYZER.ANALYZER_PREFLIGHT
2024-10-21 17:04:52 [runtime] (run:local)       ID.Spatial_2.SPATIAL_RNA_COUNTER_CS.SPATIAL_RNA_COUNTER.SPATIAL_RNA_ANALYZER.ANALYZER_PREFLIGHT.fork0.chnk0.main
2024-10-21 17:04:53 [runtime] (chunks_complete) ID.Spatial_2.SPATIAL_RNA_COUNTER_CS.SPATIAL_RNA_COUNTER.SPATIAL_RNA_ANALYZER.ANALYZER_PREFLIGHT
2024-10-21 17:04:53 [runtime] (ready)           ID.Spatial_2.SPATIAL_RNA_COUNTER_CS.SPATIAL_RNA_COUNTER.SPATIAL_RNA_ANALYZER.PREPROCESS_MATRIX
2024-10-21 17:04:53 [runtime] (run:local)       ID.Spatial_2.SPATIAL_RNA_COUNTER_CS.SPATIAL_RNA_COUNTER.SPATIAL_RNA_ANALYZER.PREPROCESS_MATRIX.fork0.split
2024-10-21 17:04:54 [runtime] (split_complete)  ID.Spatial_2.SPATIAL_RNA_COUNTER_CS.SPATIAL_RNA_COUNTER.RUN_SPATIAL_ENRICHMENT
2024-10-21 17:04:54 [runtime] (run:local)       ID.Spatial_2.SPATIAL_RNA_COUNTER_CS.SPATIAL_RNA_COUNTER.RUN_SPATIAL_ENRICHMENT.fork0.chnk00.main
2024-10-21 17:04:54 [runtime] (run:local)       ID.Spatial_2.SPATIAL_RNA_COUNTER_CS.SPATIAL_RNA_COUNTER.RUN_SPATIAL_ENRICHMENT.fork0.chnk01.main
2024-10-21 17:04:54 [runtime] (run:local)       ID.Spatial_2.SPATIAL_RNA_COUNTER_CS.SPATIAL_RNA_COUNTER.RUN_SPATIAL_ENRICHMENT.fork0.chnk02.main
2024-10-21 17:04:54 [runtime] (run:local)       ID.Spatial_2.SPATIAL_RNA_COUNTER_CS.SPATIAL_RNA_COUNTER.RUN_SPATIAL_ENRICHMENT.fork0.chnk03.main
2024-10-21 17:04:54 [runtime] (run:local)       ID.Spatial_2.SPATIAL_RNA_COUNTER_CS.SPATIAL_RNA_COUNTER.RUN_SPATIAL_ENRICHMENT.fork0.chnk04.main
2024-10-21 17:04:54 [runtime] (run:local)       ID.Spatial_2.SPATIAL_RNA_COUNTER_CS.SPATIAL_RNA_COUNTER.RUN_SPATIAL_ENRICHMENT.fork0.chnk05.main
2024-10-21 17:04:54 [runtime] (run:local)       ID.Spatial_2.SPATIAL_RNA_COUNTER_CS.SPATIAL_RNA_COUNTER.RUN_SPATIAL_ENRICHMENT.fork0.chnk06.main
2024-10-21 17:04:54 [runtime] (run:local)       ID.Spatial_2.SPATIAL_RNA_COUNTER_CS.SPATIAL_RNA_COUNTER.RUN_SPATIAL_ENRICHMENT.fork0.chnk07.main
2024-10-21 17:04:54 [runtime] (run:local)       ID.Spatial_2.SPATIAL_RNA_COUNTER_CS.SPATIAL_RNA_COUNTER.RUN_SPATIAL_ENRICHMENT.fork0.chnk08.main
2024-10-21 17:04:54 [runtime] (run:local)       ID.Spatial_2.SPATIAL_RNA_COUNTER_CS.SPATIAL_RNA_COUNTER.RUN_SPATIAL_ENRICHMENT.fork0.chnk09.main
2024-10-21 17:04:54 [runtime] (run:local)       ID.Spatial_2.SPATIAL_RNA_COUNTER_CS.SPATIAL_RNA_COUNTER.RUN_SPATIAL_ENRICHMENT.fork0.chnk10.main
2024-10-21 17:04:54 [runtime] (run:local)       ID.Spatial_2.SPATIAL_RNA_COUNTER_CS.SPATIAL_RNA_COUNTER.RUN_SPATIAL_ENRICHMENT.fork0.chnk11.main
2024-10-21 17:04:54 [runtime] (run:local)       ID.Spatial_2.SPATIAL_RNA_COUNTER_CS.SPATIAL_RNA_COUNTER.RUN_SPATIAL_ENRICHMENT.fork0.chnk12.main
2024-10-21 17:04:54 [runtime] (run:local)       ID.Spatial_2.SPATIAL_RNA_COUNTER_CS.SPATIAL_RNA_COUNTER.RUN_SPATIAL_ENRICHMENT.fork0.chnk13.main
2024-10-21 17:04:54 [runtime] (run:local)       ID.Spatial_2.SPATIAL_RNA_COUNTER_CS.SPATIAL_RNA_COUNTER.RUN_SPATIAL_ENRICHMENT.fork0.chnk14.main
2024-10-21 17:04:54 [runtime] (run:local)       ID.Spatial_2.SPATIAL_RNA_COUNTER_CS.SPATIAL_RNA_COUNTER.RUN_SPATIAL_ENRICHMENT.fork0.chnk15.main
2024-10-21 17:04:54 [runtime] (run:local)       ID.Spatial_2.SPATIAL_RNA_COUNTER_CS.SPATIAL_RNA_COUNTER.RUN_SPATIAL_ENRICHMENT.fork0.chnk16.main
2024-10-21 17:04:54 [runtime] (run:local)       ID.Spatial_2.SPATIAL_RNA_COUNTER_CS.SPATIAL_RNA_COUNTER.RUN_SPATIAL_ENRICHMENT.fork0.chnk17.main
2024-10-21 17:04:54 [runtime] (run:local)       ID.Spatial_2.SPATIAL_RNA_COUNTER_CS.SPATIAL_RNA_COUNTER.RUN_SPATIAL_ENRICHMENT.fork0.chnk18.main
2024-10-21 17:04:54 [runtime] (run:local)       ID.Spatial_2.SPATIAL_RNA_COUNTER_CS.SPATIAL_RNA_COUNTER.RUN_SPATIAL_ENRICHMENT.fork0.chnk19.main
2024-10-21 17:04:54 [runtime] (split_complete)  ID.Spatial_2.SPATIAL_RNA_COUNTER_CS.SPATIAL_RNA_COUNTER.SPATIAL_RNA_ANALYZER.PREPROCESS_MATRIX
2024-10-21 17:04:54 [runtime] (run:local)       ID.Spatial_2.SPATIAL_RNA_COUNTER_CS.SPATIAL_RNA_COUNTER.SPATIAL_RNA_ANALYZER.PREPROCESS_MATRIX.fork0.join
2024-10-21 17:04:59 [runtime] (join_complete)   ID.Spatial_2.SPATIAL_RNA_COUNTER_CS.SPATIAL_RNA_COUNTER._BASIC_SPATIAL_RNA_COUNTER._CELLS_REPORTER.WRITE_MOLECULE_INFO
2024-10-21 17:04:59 [runtime] (ready)           ID.Spatial_2.SPATIAL_RNA_COUNTER_CS.SPATIAL_RNA_COUNTER._TARGETED_ANALYZER.SUBSAMPLE_ON_TARGET_READS
2024-10-21 17:04:59 [runtime] (ready)           ID.Spatial_2.SPATIAL_RNA_COUNTER_CS.SPATIAL_RNA_COUNTER._TARGETED_ANALYZER._RUN_GDNA_ANALYSIS.GET_GDNA_METRICS
2024-10-21 17:04:59 [runtime] (ready)           ID.Spatial_2.SPATIAL_RNA_COUNTER_CS.SPATIAL_RNA_COUNTER._BASIC_SPATIAL_RNA_COUNTER._CELLS_REPORTER.SUBSAMPLE_READS
2024-10-21 17:04:59 [runtime] (run:local)       ID.Spatial_2.SPATIAL_RNA_COUNTER_CS.SPATIAL_RNA_COUNTER._BASIC_SPATIAL_RNA_COUNTER._CELLS_REPORTER.SUBSAMPLE_READS.fork0.split
2024-10-21 17:04:59 [runtime] (ready)           ID.Spatial_2.SPATIAL_RNA_COUNTER_CS.SPATIAL_RNA_COUNTER.HD_WEBSUMMARY_BUILDER.PICK_SATURATION_PLOT
2024-10-21 17:04:59 [runtime] (ready)           ID.Spatial_2.SPATIAL_RNA_COUNTER_CS.SPATIAL_RNA_COUNTER._TARGETED_ANALYZER.SUBSAMPLE_OFF_TARGET_READS
2024-10-21 17:04:59 [runtime] (ready)           ID.Spatial_2.SPATIAL_RNA_COUNTER_CS.SPATIAL_RNA_COUNTER._BASIC_SPATIAL_RNA_COUNTER._ASSIGN_TAGS.CALL_TAGS_JIBES
2024-10-21 17:04:59 [runtime] (ready)           ID.Spatial_2.SPATIAL_RNA_COUNTER_CS.SPATIAL_RNA_COUNTER._TARGETED_ANALYZER._RUN_GDNA_ANALYSIS.GET_GDNA_PLOT
2024-10-21 17:04:59 [runtime] (ready)           ID.Spatial_2.SPATIAL_RNA_COUNTER_CS.SPATIAL_RNA_COUNTER._BASIC_SPATIAL_RNA_COUNTER._ASSIGN_TAGS.DETERMINE_SAMPLE_ASSIGNMENTS
2024-10-21 17:04:59 [runtime] (ready)           ID.Spatial_2.SPATIAL_RNA_COUNTER_CS.SPATIAL_RNA_COUNTER._BASIC_SPATIAL_RNA_COUNTER.MULTI_WRITE_PER_SAMPLE_BAM
2024-10-21 17:04:59 [runtime] (ready)           ID.Spatial_2.SPATIAL_RNA_COUNTER_CS.SPATIAL_RNA_COUNTER._TARGETED_ANALYZER._RUN_GDNA_ANALYSIS.MERGE_METRICS
2024-10-21 17:04:59 [runtime] (ready)           ID.Spatial_2.SPATIAL_RNA_COUNTER_CS.SPATIAL_RNA_COUNTER._BASIC_SPATIAL_RNA_COUNTER.MULTI_WRITE_PER_SAMPLE_MOLECULE_INFO
2024-10-21 17:04:59 [runtime] (ready)           ID.Spatial_2.SPATIAL_RNA_COUNTER_CS.SPATIAL_RNA_COUNTER._BASIC_SPATIAL_RNA_COUNTER.MULTI_COLLATE_PER_SAMPLE_METRICS
2024-10-21 17:04:59 [runtime] (ready)           ID.Spatial_2.SPATIAL_RNA_COUNTER_CS.SPATIAL_RNA_COUNTER._BASIC_SPATIAL_RNA_COUNTER.DEMUX_PROBE_BC_MATRIX
2024-10-21 17:04:59 [runtime] (ready)           ID.Spatial_2.SPATIAL_RNA_COUNTER_CS.SPATIAL_RNA_COUNTER._BASIC_SPATIAL_RNA_COUNTER._ASSIGN_TAGS.COMPUTE_EXTRA_MULTIPLEXING_METRICS
2024-10-21 17:04:59 [runtime] (ready)           ID.Spatial_2.SPATIAL_RNA_COUNTER_CS.SPATIAL_RNA_COUNTER._BASIC_SPATIAL_RNA_COUNTER.MULTI_WRITE_PER_SAMPLE_MATRICES
2024-10-21 17:04:59 [runtime] (ready)           ID.Spatial_2.SPATIAL_RNA_COUNTER_CS.SPATIAL_RNA_COUNTER._BASIC_SPATIAL_RNA_COUNTER._ASSIGN_TAGS.MERGE_METRICS
2024-10-21 17:05:15 [runtime] (split_complete)  ID.Spatial_2.SPATIAL_RNA_COUNTER_CS.SPATIAL_RNA_COUNTER._BASIC_SPATIAL_RNA_COUNTER._CELLS_REPORTER.SUBSAMPLE_READS
2024-10-21 17:05:15 [runtime] (run:local)       ID.Spatial_2.SPATIAL_RNA_COUNTER_CS.SPATIAL_RNA_COUNTER._BASIC_SPATIAL_RNA_COUNTER._CELLS_REPORTER.SUBSAMPLE_READS.fork0.chnk0.main
2024-10-21 17:05:17 [runtime] (join_complete)   ID.Spatial_2.SPATIAL_RNA_COUNTER_CS.SPATIAL_RNA_COUNTER.SPATIAL_RNA_ANALYZER.PREPROCESS_MATRIX
2024-10-21 17:05:17 [runtime] (ready)           ID.Spatial_2.SPATIAL_RNA_COUNTER_CS.SPATIAL_RNA_COUNTER.SPATIAL_RNA_ANALYZER._ANTIGEN_ANALYZER.SUMMARIZE_ANTIBODY_ANALYSIS
2024-10-21 17:05:17 [runtime] (ready)           ID.Spatial_2.SPATIAL_RNA_COUNTER_CS.SPATIAL_RNA_COUNTER.SPATIAL_RNA_ANALYZER._ANTIBODY_ANALYZER.SUMMARIZE_ANTIBODY_ANALYSIS
2024-10-21 17:05:17 [runtime] (ready)           ID.Spatial_2.SPATIAL_RNA_COUNTER_CS.SPATIAL_RNA_COUNTER.SPATIAL_RNA_ANALYZER.RUN_MULTIGENOME_ANALYSIS
2024-10-21 17:05:17 [runtime] (ready)           ID.Spatial_2.SPATIAL_RNA_COUNTER_CS.SPATIAL_RNA_COUNTER.SPATIAL_RNA_ANALYZER.RUN_BATCH_CORRECTION_PCA.PCA_PREP
2024-10-21 17:05:17 [runtime] (ready)           ID.Spatial_2.SPATIAL_RNA_COUNTER_CS.SPATIAL_RNA_COUNTER.SPATIAL_RNA_ANALYZER._ANTIBODY_ANALYZER.CALL_ANTIBODIES
2024-10-21 17:05:17 [runtime] (ready)           ID.Spatial_2.SPATIAL_RNA_COUNTER_CS.SPATIAL_RNA_COUNTER.SPATIAL_RNA_ANALYZER._ANTIGEN_ANALYZER.CALL_ANTIBODIES
2024-10-21 17:05:17 [runtime] (ready)           ID.Spatial_2.SPATIAL_RNA_COUNTER_CS.SPATIAL_RNA_COUNTER.SPATIAL_RNA_ANALYZER.RUN_BATCH_CORRECTION_PCA.RUN_PCA2
2024-10-21 17:05:17 [runtime] (ready)           ID.Spatial_2.SPATIAL_RNA_COUNTER_CS.SPATIAL_RNA_COUNTER.SPATIAL_RNA_ANALYZER.RUN_BATCH_CORRECTION_PCA.POST_PCA
2024-10-21 17:05:17 [runtime] (ready)           ID.Spatial_2.SPATIAL_RNA_COUNTER_CS.SPATIAL_RNA_COUNTER.SPATIAL_RNA_ANALYZER.CORRECT_CHEMISTRY_BATCH
2024-10-21 17:05:17 [runtime] (chunks_complete) ID.Spatial_2.SPATIAL_RNA_COUNTER_CS.SPATIAL_RNA_COUNTER.RUN_SPATIAL_ENRICHMENT
2024-10-21 17:05:17 [runtime] (run:local)       ID.Spatial_2.SPATIAL_RNA_COUNTER_CS.SPATIAL_RNA_COUNTER.RUN_SPATIAL_ENRICHMENT.fork0.join
2024-10-21 17:05:17 [runtime] (ready)           ID.Spatial_2.SPATIAL_RNA_COUNTER_CS.SPATIAL_RNA_COUNTER.SPATIAL_RNA_ANALYZER.RUN_PCA
2024-10-21 17:05:17 [runtime] (run:local)       ID.Spatial_2.SPATIAL_RNA_COUNTER_CS.SPATIAL_RNA_COUNTER.SPATIAL_RNA_ANALYZER.RUN_PCA.fork0.split
2024-10-21 17:05:17 [runtime] (split_complete)  ID.Spatial_2.SPATIAL_RNA_COUNTER_CS.SPATIAL_RNA_COUNTER.SPATIAL_RNA_ANALYZER.RUN_PCA
2024-10-21 17:05:17 [runtime] (run:local)       ID.Spatial_2.SPATIAL_RNA_COUNTER_CS.SPATIAL_RNA_COUNTER.SPATIAL_RNA_ANALYZER.RUN_PCA.fork0.chnk0.main
2024-10-21 17:05:19 [runtime] (join_complete)   ID.Spatial_2.SPATIAL_RNA_COUNTER_CS.SPATIAL_RNA_COUNTER.RUN_SPATIAL_ENRICHMENT
2024-10-21 17:05:19 [runtime] (ready)           ID.Spatial_2.SPATIAL_RNA_COUNTER_CS.SPATIAL_RNA_COUNTER.SPATIAL_FOLDER_COLLECTOR
2024-10-21 17:05:19 [runtime] (run:local)       ID.Spatial_2.SPATIAL_RNA_COUNTER_CS.SPATIAL_RNA_COUNTER.SPATIAL_FOLDER_COLLECTOR.fork0.chnk0.main
2024-10-21 17:05:19 [runtime] (chunks_complete) ID.Spatial_2.SPATIAL_RNA_COUNTER_CS.SPATIAL_RNA_COUNTER.SPATIAL_FOLDER_COLLECTOR
2024-10-21 17:05:19 [runtime] (ready)           ID.Spatial_2.SPATIAL_RNA_COUNTER_CS.SPATIAL_RNA_COUNTER.HD_WEBSUMMARY_BUILDER.CREATE_HD_WEBSUMMARY_IMAGE
2024-10-21 17:05:19 [runtime] (ready)           ID.Spatial_2.SPATIAL_RNA_COUNTER_CS.SPATIAL_RNA_COUNTER.HD_WEBSUMMARY_BUILDER.BUILD_HD_CLUSTERING_PLOT
2024-10-21 17:05:19 [runtime] (ready)           ID.Spatial_2.SPATIAL_RNA_COUNTER_CS.SPATIAL_RNA_COUNTER.HD_WEBSUMMARY_BUILDER.BUILD_HD_END_TO_END_ALIGNMENT
2024-10-21 17:05:20 [runtime] (chunks_complete) ID.Spatial_2.SPATIAL_RNA_COUNTER_CS.SPATIAL_RNA_COUNTER.SPATIAL_RNA_ANALYZER.RUN_PCA
2024-10-21 17:05:20 [runtime] (run:local)       ID.Spatial_2.SPATIAL_RNA_COUNTER_CS.SPATIAL_RNA_COUNTER.SPATIAL_RNA_ANALYZER.RUN_PCA.fork0.join
2024-10-21 17:05:20 [runtime] (join_complete)   ID.Spatial_2.SPATIAL_RNA_COUNTER_CS.SPATIAL_RNA_COUNTER.SPATIAL_RNA_ANALYZER.RUN_PCA
2024-10-21 17:05:20 [runtime] (ready)           ID.Spatial_2.SPATIAL_RNA_COUNTER_CS.SPATIAL_RNA_COUNTER.SPATIAL_RNA_ANALYZER.RUN_TSNE
2024-10-21 17:05:20 [runtime] (run:local)       ID.Spatial_2.SPATIAL_RNA_COUNTER_CS.SPATIAL_RNA_COUNTER.SPATIAL_RNA_ANALYZER.RUN_TSNE.fork0.split
2024-10-21 17:05:20 [runtime] (ready)           ID.Spatial_2.SPATIAL_RNA_COUNTER_CS.SPATIAL_RNA_COUNTER.SPATIAL_RNA_ANALYZER.RUN_UMAP
2024-10-21 17:05:20 [runtime] (run:local)       ID.Spatial_2.SPATIAL_RNA_COUNTER_CS.SPATIAL_RNA_COUNTER.SPATIAL_RNA_ANALYZER.RUN_UMAP.fork0.split
2024-10-21 17:05:20 [runtime] (ready)           ID.Spatial_2.SPATIAL_RNA_COUNTER_CS.SPATIAL_RNA_COUNTER.SPATIAL_RNA_ANALYZER.RUN_KMEANS
2024-10-21 17:05:20 [runtime] (run:local)       ID.Spatial_2.SPATIAL_RNA_COUNTER_CS.SPATIAL_RNA_COUNTER.SPATIAL_RNA_ANALYZER.RUN_KMEANS.fork0.split
2024-10-21 17:05:20 [runtime] (ready)           ID.Spatial_2.SPATIAL_RNA_COUNTER_CS.SPATIAL_RNA_COUNTER.SPATIAL_RNA_ANALYZER.RUN_GRAPH_CLUSTERING
2024-10-21 17:05:20 [runtime] (run:local)       ID.Spatial_2.SPATIAL_RNA_COUNTER_CS.SPATIAL_RNA_COUNTER.SPATIAL_RNA_ANALYZER.RUN_GRAPH_CLUSTERING.fork0.split
2024-10-21 17:05:20 [runtime] (split_complete)  ID.Spatial_2.SPATIAL_RNA_COUNTER_CS.SPATIAL_RNA_COUNTER.SPATIAL_RNA_ANALYZER.RUN_UMAP
2024-10-21 17:05:20 [runtime] (run:local)       ID.Spatial_2.SPATIAL_RNA_COUNTER_CS.SPATIAL_RNA_COUNTER.SPATIAL_RNA_ANALYZER.RUN_UMAP.fork0.chnk0.main
2024-10-21 17:05:20 [runtime] (split_complete)  ID.Spatial_2.SPATIAL_RNA_COUNTER_CS.SPATIAL_RNA_COUNTER.SPATIAL_RNA_ANALYZER.RUN_TSNE
2024-10-21 17:05:20 [runtime] (run:local)       ID.Spatial_2.SPATIAL_RNA_COUNTER_CS.SPATIAL_RNA_COUNTER.SPATIAL_RNA_ANALYZER.RUN_TSNE.fork0.chnk0.main
2024-10-21 17:05:20 [runtime] (split_complete)  ID.Spatial_2.SPATIAL_RNA_COUNTER_CS.SPATIAL_RNA_COUNTER.SPATIAL_RNA_ANALYZER.RUN_GRAPH_CLUSTERING
2024-10-21 17:05:20 [runtime] (run:local)       ID.Spatial_2.SPATIAL_RNA_COUNTER_CS.SPATIAL_RNA_COUNTER.SPATIAL_RNA_ANALYZER.RUN_GRAPH_CLUSTERING.fork0.chnk0.main
2024-10-21 17:05:21 [runtime] (split_complete)  ID.Spatial_2.SPATIAL_RNA_COUNTER_CS.SPATIAL_RNA_COUNTER.SPATIAL_RNA_ANALYZER.RUN_KMEANS
2024-10-21 17:05:21 [runtime] (run:local)       ID.Spatial_2.SPATIAL_RNA_COUNTER_CS.SPATIAL_RNA_COUNTER.SPATIAL_RNA_ANALYZER.RUN_KMEANS.fork0.chnk0.main
2024-10-21 17:05:21 [runtime] (run:local)       ID.Spatial_2.SPATIAL_RNA_COUNTER_CS.SPATIAL_RNA_COUNTER.SPATIAL_RNA_ANALYZER.RUN_KMEANS.fork0.chnk1.main
2024-10-21 17:05:21 [runtime] (run:local)       ID.Spatial_2.SPATIAL_RNA_COUNTER_CS.SPATIAL_RNA_COUNTER.SPATIAL_RNA_ANALYZER.RUN_KMEANS.fork0.chnk2.main
2024-10-21 17:05:21 [runtime] (run:local)       ID.Spatial_2.SPATIAL_RNA_COUNTER_CS.SPATIAL_RNA_COUNTER.SPATIAL_RNA_ANALYZER.RUN_KMEANS.fork0.chnk3.main
2024-10-21 17:05:21 [runtime] (run:local)       ID.Spatial_2.SPATIAL_RNA_COUNTER_CS.SPATIAL_RNA_COUNTER.SPATIAL_RNA_ANALYZER.RUN_KMEANS.fork0.chnk4.main
2024-10-21 17:05:21 [runtime] (run:local)       ID.Spatial_2.SPATIAL_RNA_COUNTER_CS.SPATIAL_RNA_COUNTER.SPATIAL_RNA_ANALYZER.RUN_KMEANS.fork0.chnk5.main
2024-10-21 17:05:21 [runtime] (run:local)       ID.Spatial_2.SPATIAL_RNA_COUNTER_CS.SPATIAL_RNA_COUNTER.SPATIAL_RNA_ANALYZER.RUN_KMEANS.fork0.chnk6.main
2024-10-21 17:05:21 [runtime] (run:local)       ID.Spatial_2.SPATIAL_RNA_COUNTER_CS.SPATIAL_RNA_COUNTER.SPATIAL_RNA_ANALYZER.RUN_KMEANS.fork0.chnk7.main
2024-10-21 17:05:21 [runtime] (run:local)       ID.Spatial_2.SPATIAL_RNA_COUNTER_CS.SPATIAL_RNA_COUNTER.SPATIAL_RNA_ANALYZER.RUN_KMEANS.fork0.chnk8.main
2024-10-21 17:05:24 [runtime] (chunks_complete) ID.Spatial_2.SPATIAL_RNA_COUNTER_CS.SPATIAL_RNA_COUNTER.SPATIAL_RNA_ANALYZER.RUN_UMAP
2024-10-21 17:05:24 [runtime] (run:local)       ID.Spatial_2.SPATIAL_RNA_COUNTER_CS.SPATIAL_RNA_COUNTER.SPATIAL_RNA_ANALYZER.RUN_UMAP.fork0.join
2024-10-21 17:05:25 [runtime] (chunks_complete) ID.Spatial_2.SPATIAL_RNA_COUNTER_CS.SPATIAL_RNA_COUNTER.SPATIAL_RNA_ANALYZER.RUN_GRAPH_CLUSTERING
2024-10-21 17:05:25 [runtime] (run:local)       ID.Spatial_2.SPATIAL_RNA_COUNTER_CS.SPATIAL_RNA_COUNTER.SPATIAL_RNA_ANALYZER.RUN_GRAPH_CLUSTERING.fork0.join
2024-10-21 17:05:26 [runtime] (chunks_complete) ID.Spatial_2.SPATIAL_RNA_COUNTER_CS.SPATIAL_RNA_COUNTER.SPATIAL_RNA_ANALYZER.RUN_TSNE
2024-10-21 17:05:26 [runtime] (run:local)       ID.Spatial_2.SPATIAL_RNA_COUNTER_CS.SPATIAL_RNA_COUNTER.SPATIAL_RNA_ANALYZER.RUN_TSNE.fork0.join
2024-10-21 17:05:27 [runtime] (join_complete)   ID.Spatial_2.SPATIAL_RNA_COUNTER_CS.SPATIAL_RNA_COUNTER.SPATIAL_RNA_ANALYZER.RUN_UMAP
2024-10-21 17:05:27 [runtime] (join_complete)   ID.Spatial_2.SPATIAL_RNA_COUNTER_CS.SPATIAL_RNA_COUNTER.SPATIAL_RNA_ANALYZER.RUN_GRAPH_CLUSTERING
2024-10-21 17:05:28 [runtime] (ready)           ID.Spatial_2.SPATIAL_RNA_COUNTER_CS.SPATIAL_RNA_COUNTER.SPATIAL_RNA_ANALYZER.RUN_HIERARCHICAL_CLUSTERING
2024-10-21 17:05:28 [runtime] (join_complete)   ID.Spatial_2.SPATIAL_RNA_COUNTER_CS.SPATIAL_RNA_COUNTER.SPATIAL_RNA_ANALYZER.RUN_TSNE
2024-10-21 17:05:28 [runtime] (chunks_complete) ID.Spatial_2.SPATIAL_RNA_COUNTER_CS.SPATIAL_RNA_COUNTER.SPATIAL_RNA_ANALYZER.RUN_KMEANS
2024-10-21 17:05:28 [runtime] (run:local)       ID.Spatial_2.SPATIAL_RNA_COUNTER_CS.SPATIAL_RNA_COUNTER.SPATIAL_RNA_ANALYZER.RUN_KMEANS.fork0.join
2024-10-21 17:05:29 [runtime] (join_complete)   ID.Spatial_2.SPATIAL_RNA_COUNTER_CS.SPATIAL_RNA_COUNTER.SPATIAL_RNA_ANALYZER.RUN_KMEANS
2024-10-21 17:05:29 [runtime] (ready)           ID.Spatial_2.SPATIAL_RNA_COUNTER_CS.SPATIAL_RNA_COUNTER.SPATIAL_RNA_ANALYZER.COMBINE_CLUSTERING
2024-10-21 17:05:29 [runtime] (run:local)       ID.Spatial_2.SPATIAL_RNA_COUNTER_CS.SPATIAL_RNA_COUNTER.SPATIAL_RNA_ANALYZER.COMBINE_CLUSTERING.fork0.chnk0.main
2024-10-21 17:05:29 [runtime] (chunks_complete) ID.Spatial_2.SPATIAL_RNA_COUNTER_CS.SPATIAL_RNA_COUNTER.SPATIAL_RNA_ANALYZER.COMBINE_CLUSTERING
2024-10-21 17:05:30 [runtime] (ready)           ID.Spatial_2.SPATIAL_RNA_COUNTER_CS.SPATIAL_RNA_COUNTER.SPATIAL_RNA_ANALYZER.RUN_DIFFERENTIAL_EXPRESSION
2024-10-21 17:05:30 [runtime] (run:local)       ID.Spatial_2.SPATIAL_RNA_COUNTER_CS.SPATIAL_RNA_COUNTER.SPATIAL_RNA_ANALYZER.RUN_DIFFERENTIAL_EXPRESSION.fork0.split
2024-10-21 17:05:30 [runtime] (split_complete)  ID.Spatial_2.SPATIAL_RNA_COUNTER_CS.SPATIAL_RNA_COUNTER.SPATIAL_RNA_ANALYZER.RUN_DIFFERENTIAL_EXPRESSION
2024-10-21 17:05:30 [runtime] (run:local)       ID.Spatial_2.SPATIAL_RNA_COUNTER_CS.SPATIAL_RNA_COUNTER.SPATIAL_RNA_ANALYZER.RUN_DIFFERENTIAL_EXPRESSION.fork0.chnk0.main
2024-10-21 17:05:30 [runtime] (run:local)       ID.Spatial_2.SPATIAL_RNA_COUNTER_CS.SPATIAL_RNA_COUNTER.SPATIAL_RNA_ANALYZER.RUN_DIFFERENTIAL_EXPRESSION.fork0.chnk1.main
2024-10-21 17:05:30 [runtime] (run:local)       ID.Spatial_2.SPATIAL_RNA_COUNTER_CS.SPATIAL_RNA_COUNTER.SPATIAL_RNA_ANALYZER.RUN_DIFFERENTIAL_EXPRESSION.fork0.chnk2.main
2024-10-21 17:05:30 [runtime] (run:local)       ID.Spatial_2.SPATIAL_RNA_COUNTER_CS.SPATIAL_RNA_COUNTER.SPATIAL_RNA_ANALYZER.RUN_DIFFERENTIAL_EXPRESSION.fork0.chnk3.main
2024-10-21 17:05:30 [runtime] (run:local)       ID.Spatial_2.SPATIAL_RNA_COUNTER_CS.SPATIAL_RNA_COUNTER.SPATIAL_RNA_ANALYZER.RUN_DIFFERENTIAL_EXPRESSION.fork0.chnk4.main
2024-10-21 17:05:30 [runtime] (run:local)       ID.Spatial_2.SPATIAL_RNA_COUNTER_CS.SPATIAL_RNA_COUNTER.SPATIAL_RNA_ANALYZER.RUN_DIFFERENTIAL_EXPRESSION.fork0.chnk5.main
2024-10-21 17:05:30 [runtime] (run:local)       ID.Spatial_2.SPATIAL_RNA_COUNTER_CS.SPATIAL_RNA_COUNTER.SPATIAL_RNA_ANALYZER.RUN_DIFFERENTIAL_EXPRESSION.fork0.chnk6.main
2024-10-21 17:05:30 [runtime] (run:local)       ID.Spatial_2.SPATIAL_RNA_COUNTER_CS.SPATIAL_RNA_COUNTER.SPATIAL_RNA_ANALYZER.RUN_DIFFERENTIAL_EXPRESSION.fork0.chnk7.main
2024-10-21 17:05:48 [runtime] (chunks_complete) ID.Spatial_2.SPATIAL_RNA_COUNTER_CS.SPATIAL_RNA_COUNTER.SPATIAL_RNA_ANALYZER.RUN_DIFFERENTIAL_EXPRESSION
2024-10-21 17:05:48 [runtime] (run:local)       ID.Spatial_2.SPATIAL_RNA_COUNTER_CS.SPATIAL_RNA_COUNTER.SPATIAL_RNA_ANALYZER.RUN_DIFFERENTIAL_EXPRESSION.fork0.join
2024-10-21 17:05:48 [runtime] (join_complete)   ID.Spatial_2.SPATIAL_RNA_COUNTER_CS.SPATIAL_RNA_COUNTER.SPATIAL_RNA_ANALYZER.RUN_DIFFERENTIAL_EXPRESSION
2024-10-21 17:05:48 [runtime] (ready)           ID.Spatial_2.SPATIAL_RNA_COUNTER_CS.SPATIAL_RNA_COUNTER.SPATIAL_RNA_ANALYZER.SUMMARIZE_ANALYSIS
2024-10-21 17:05:48 [runtime] (run:local)       ID.Spatial_2.SPATIAL_RNA_COUNTER_CS.SPATIAL_RNA_COUNTER.SPATIAL_RNA_ANALYZER.SUMMARIZE_ANALYSIS.fork0.split
2024-10-21 17:05:49 [runtime] (split_complete)  ID.Spatial_2.SPATIAL_RNA_COUNTER_CS.SPATIAL_RNA_COUNTER.SPATIAL_RNA_ANALYZER.SUMMARIZE_ANALYSIS
2024-10-21 17:05:49 [runtime] (run:local)       ID.Spatial_2.SPATIAL_RNA_COUNTER_CS.SPATIAL_RNA_COUNTER.SPATIAL_RNA_ANALYZER.SUMMARIZE_ANALYSIS.fork0.chnk0.main
2024-10-21 17:05:49 [runtime] (chunks_complete) ID.Spatial_2.SPATIAL_RNA_COUNTER_CS.SPATIAL_RNA_COUNTER.SPATIAL_RNA_ANALYZER.SUMMARIZE_ANALYSIS
2024-10-21 17:05:49 [runtime] (run:local)       ID.Spatial_2.SPATIAL_RNA_COUNTER_CS.SPATIAL_RNA_COUNTER.SPATIAL_RNA_ANALYZER.SUMMARIZE_ANALYSIS.fork0.join
2024-10-21 17:05:50 [runtime] (join_complete)   ID.Spatial_2.SPATIAL_RNA_COUNTER_CS.SPATIAL_RNA_COUNTER.SPATIAL_RNA_ANALYZER.SUMMARIZE_ANALYSIS
2024-10-21 17:05:50 [runtime] (ready)           ID.Spatial_2.SPATIAL_RNA_COUNTER_CS.SPATIAL_RNA_COUNTER.DECONVOLVE_SPOTS
2024-10-21 17:05:50 [runtime] (run:local)       ID.Spatial_2.SPATIAL_RNA_COUNTER_CS.SPATIAL_RNA_COUNTER.DECONVOLVE_SPOTS.fork0.split
2024-10-21 17:05:58 [runtime] (split_complete)  ID.Spatial_2.SPATIAL_RNA_COUNTER_CS.SPATIAL_RNA_COUNTER.DECONVOLVE_SPOTS
2024-10-21 17:05:58 [runtime] (run:local)       ID.Spatial_2.SPATIAL_RNA_COUNTER_CS.SPATIAL_RNA_COUNTER.DECONVOLVE_SPOTS.fork0.join
2024-10-21 17:06:20 [runtime] (chunks_complete) ID.Spatial_2.SPATIAL_RNA_COUNTER_CS.SPATIAL_RNA_COUNTER._BASIC_SPATIAL_RNA_COUNTER._CELLS_REPORTER.SUBSAMPLE_READS
2024-10-21 17:06:20 [runtime] (run:local)       ID.Spatial_2.SPATIAL_RNA_COUNTER_CS.SPATIAL_RNA_COUNTER._BASIC_SPATIAL_RNA_COUNTER._CELLS_REPORTER.SUBSAMPLE_READS.fork0.join
2024-10-21 17:06:21 [runtime] (join_complete)   ID.Spatial_2.SPATIAL_RNA_COUNTER_CS.SPATIAL_RNA_COUNTER._BASIC_SPATIAL_RNA_COUNTER._CELLS_REPORTER.SUBSAMPLE_READS
2024-10-21 17:06:21 [runtime] (ready)           ID.Spatial_2.SPATIAL_RNA_COUNTER_CS.SPATIAL_RNA_COUNTER._BASIC_SPATIAL_RNA_COUNTER._CELLS_REPORTER.SUMMARIZE_BASIC_REPORTS
2024-10-21 17:06:21 [runtime] (run:local)       ID.Spatial_2.SPATIAL_RNA_COUNTER_CS.SPATIAL_RNA_COUNTER._BASIC_SPATIAL_RNA_COUNTER._CELLS_REPORTER.SUMMARIZE_BASIC_REPORTS.fork0.split
2024-10-21 17:06:22 [runtime] (split_complete)  ID.Spatial_2.SPATIAL_RNA_COUNTER_CS.SPATIAL_RNA_COUNTER._BASIC_SPATIAL_RNA_COUNTER._CELLS_REPORTER.SUMMARIZE_BASIC_REPORTS
2024-10-21 17:06:22 [runtime] (run:local)       ID.Spatial_2.SPATIAL_RNA_COUNTER_CS.SPATIAL_RNA_COUNTER._BASIC_SPATIAL_RNA_COUNTER._CELLS_REPORTER.SUMMARIZE_BASIC_REPORTS.fork0.join
2024-10-21 17:06:25 [runtime] (join_complete)   ID.Spatial_2.SPATIAL_RNA_COUNTER_CS.SPATIAL_RNA_COUNTER._BASIC_SPATIAL_RNA_COUNTER._CELLS_REPORTER.SUMMARIZE_BASIC_REPORTS
2024-10-21 17:06:25 [runtime] (ready)           ID.Spatial_2.SPATIAL_RNA_COUNTER_CS.SPATIAL_RNA_COUNTER._BASIC_SPATIAL_RNA_COUNTER.MERGE_METRICS
2024-10-21 17:06:25 [runtime] (run:local)       ID.Spatial_2.SPATIAL_RNA_COUNTER_CS.SPATIAL_RNA_COUNTER._BASIC_SPATIAL_RNA_COUNTER.MERGE_METRICS.fork0.chnk0.main
2024-10-21 17:06:25 [runtime] (chunks_complete) ID.Spatial_2.SPATIAL_RNA_COUNTER_CS.SPATIAL_RNA_COUNTER._BASIC_SPATIAL_RNA_COUNTER.MERGE_METRICS
2024-10-21 17:06:25 [runtime] (ready)           ID.Spatial_2.SPATIAL_RNA_COUNTER_CS.SPATIAL_RNA_COUNTER._TARGETED_ANALYZER.CALCULATE_TARGETED_METRICS
2024-10-21 17:06:25 [runtime] (ready)           ID.Spatial_2.SPATIAL_RNA_COUNTER_CS.SPATIAL_RNA_COUNTER.BIN_HD_DATA._BIN_HD_DATA.MERGE_BIN_METRICS
2024-10-21 17:06:25 [runtime] (ready)           ID.Spatial_2.SPATIAL_RNA_COUNTER_CS.SPATIAL_RNA_COUNTER._TARGETED_ANALYZER.MERGE_METRICS
2024-10-21 17:06:25 [runtime] (ready)           ID.Spatial_2.SPATIAL_RNA_COUNTER_CS.SPATIAL_RNA_COUNTER.SPATIAL_REPORTER
2024-10-21 17:06:25 [runtime] (run:local)       ID.Spatial_2.SPATIAL_RNA_COUNTER_CS.SPATIAL_RNA_COUNTER.SPATIAL_REPORTER.fork0.split
2024-10-21 17:06:28 [runtime] (split_complete)  ID.Spatial_2.SPATIAL_RNA_COUNTER_CS.SPATIAL_RNA_COUNTER.SPATIAL_REPORTER
2024-10-21 17:06:28 [runtime] (run:local)       ID.Spatial_2.SPATIAL_RNA_COUNTER_CS.SPATIAL_RNA_COUNTER.SPATIAL_REPORTER.fork0.join
2024-10-21 17:06:31 [runtime] (join_complete)   ID.Spatial_2.SPATIAL_RNA_COUNTER_CS.SPATIAL_RNA_COUNTER.DECONVOLVE_SPOTS
2024-10-21 17:06:32 [runtime] (join_complete)   ID.Spatial_2.SPATIAL_RNA_COUNTER_CS.SPATIAL_RNA_COUNTER.SPATIAL_REPORTER
2024-10-21 17:06:32 [runtime] (ready)           ID.Spatial_2.SPATIAL_RNA_COUNTER_CS.CLOUPE_PREPROCESS
2024-10-21 17:06:32 [runtime] (run:local)       ID.Spatial_2.SPATIAL_RNA_COUNTER_CS.CLOUPE_PREPROCESS.fork0.split
2024-10-21 17:06:32 [runtime] (ready)           ID.Spatial_2.SPATIAL_RNA_COUNTER_CS.SPATIAL_RNA_COUNTER.HD_WEBSUMMARY_BUILDER.GENERATE_HD_WEBSUMMARY_CS
2024-10-21 17:06:32 [runtime] (ready)           ID.Spatial_2.SPATIAL_RNA_COUNTER_CS.PICK_SPATIAL_COUNTER_OUTS
2024-10-21 17:06:32 [runtime] (run:local)       ID.Spatial_2.SPATIAL_RNA_COUNTER_CS.PICK_SPATIAL_COUNTER_OUTS.fork0.chnk0.main
2024-10-21 17:06:32 [runtime] (chunks_complete) ID.Spatial_2.SPATIAL_RNA_COUNTER_CS.PICK_SPATIAL_COUNTER_OUTS
2024-10-21 17:06:32 [runtime] (split_complete)  ID.Spatial_2.SPATIAL_RNA_COUNTER_CS.CLOUPE_PREPROCESS
2024-10-21 17:06:32 [runtime] (run:local)       ID.Spatial_2.SPATIAL_RNA_COUNTER_CS.CLOUPE_PREPROCESS.fork0.chnk0.main
2024-10-21 17:06:38 [runtime] (update)          ID.Spatial_2.SPATIAL_RNA_COUNTER_CS.SPATIAL_RNA_COUNTER._BASIC_SPATIAL_RNA_COUNTER.WRITE_POS_BAM.fork0 chunks running (8/9 completed)
2024-10-21 17:06:57 [runtime] (chunks_complete) ID.Spatial_2.SPATIAL_RNA_COUNTER_CS.SPATIAL_RNA_COUNTER._BASIC_SPATIAL_RNA_COUNTER.WRITE_POS_BAM
2024-10-21 17:06:57 [runtime] (run:local)       ID.Spatial_2.SPATIAL_RNA_COUNTER_CS.SPATIAL_RNA_COUNTER._BASIC_SPATIAL_RNA_COUNTER.WRITE_POS_BAM.fork0.join
2024-10-21 17:07:00 [runtime] (chunks_complete) ID.Spatial_2.SPATIAL_RNA_COUNTER_CS.CLOUPE_PREPROCESS
2024-10-21 17:07:00 [runtime] (run:local)       ID.Spatial_2.SPATIAL_RNA_COUNTER_CS.CLOUPE_PREPROCESS.fork0.join
2024-10-21 17:07:01 [runtime] (join_complete)   ID.Spatial_2.SPATIAL_RNA_COUNTER_CS.CLOUPE_PREPROCESS
2024-10-21 17:08:11 [runtime] (join_complete)   ID.Spatial_2.SPATIAL_RNA_COUNTER_CS.SPATIAL_RNA_COUNTER._BASIC_SPATIAL_RNA_COUNTER.WRITE_POS_BAM

Outputs:
- Run summary HTML:                                  /storage/gge/Quique/Cells2SpineData/Pilot/spatial/matrices/Spatial_2/outs/web_summary.html
- Outputs of spatial pipeline:
    Slide image annotated with fiducial alignment:                             /storage/gge/Quique/Cells2SpineData/Pilot/spatial/matrices/Spatial_2/outs/spatial/aligned_fiducials.jpg
    Slide image annotated with detected tissue:                                /storage/gge/Quique/Cells2SpineData/Pilot/spatial/matrices/Spatial_2/outs/spatial/detected_tissue_image.jpg
    Scale factors for hires and lowres images and fiducial and spot diameters: /storage/gge/Quique/Cells2SpineData/Pilot/spatial/matrices/Spatial_2/outs/spatial/scalefactors_json.json
    Transform learned in tissue registration:                                  null
    Slide image scaled to 2000px in the largest dimension:                     /storage/gge/Quique/Cells2SpineData/Pilot/spatial/matrices/Spatial_2/outs/spatial/tissue_hires_image.png
    Slide image scaled to 600px in the largest dimension:                      /storage/gge/Quique/Cells2SpineData/Pilot/spatial/matrices/Spatial_2/outs/spatial/tissue_lowres_image.png
    RGB brightfield image generated by CytAssist instrument:                   null
    Registration image between CytAssist image and microscope image:           null
    Slide position and tissue status of barcodes CSV:                          /storage/gge/Quique/Cells2SpineData/Pilot/spatial/matrices/Spatial_2/outs/spatial/tissue_positions.csv
    Slide position and tissue status of barcodes PARQUET:                      null
    Per feature Moran's I CSV:                                                 /storage/gge/Quique/Cells2SpineData/Pilot/spatial/matrices/Spatial_2/outs/spatial/spatial_enrichment.csv
    Fluorescence intensity at spot CSV:                                        null
- Run summary CSV:                                   /storage/gge/Quique/Cells2SpineData/Pilot/spatial/matrices/Spatial_2/outs/metrics_summary.csv
- BAM:                                               /storage/gge/Quique/Cells2SpineData/Pilot/spatial/matrices/Spatial_2/outs/possorted_genome_bam.bam
- BAM BAI index:                                     /storage/gge/Quique/Cells2SpineData/Pilot/spatial/matrices/Spatial_2/outs/possorted_genome_bam.bam.bai
- BAM CSI index:                                     null
- Filtered feature-barcode matrices MEX:             /storage/gge/Quique/Cells2SpineData/Pilot/spatial/matrices/Spatial_2/outs/filtered_feature_bc_matrix
- Filtered feature-barcode matrices HDF5:            /storage/gge/Quique/Cells2SpineData/Pilot/spatial/matrices/Spatial_2/outs/filtered_feature_bc_matrix.h5
- Unfiltered feature-barcode matrices MEX:           /storage/gge/Quique/Cells2SpineData/Pilot/spatial/matrices/Spatial_2/outs/raw_feature_bc_matrix
- Unfiltered feature-barcode matrices HDF5:          /storage/gge/Quique/Cells2SpineData/Pilot/spatial/matrices/Spatial_2/outs/raw_feature_bc_matrix.h5
- Secondary analysis output CSV:                     /storage/gge/Quique/Cells2SpineData/Pilot/spatial/matrices/Spatial_2/outs/analysis
- Per-molecule read information:                     /storage/gge/Quique/Cells2SpineData/Pilot/spatial/matrices/Spatial_2/outs/molecule_info.h5
- Loupe Browser file:                                /storage/gge/Quique/Cells2SpineData/Pilot/spatial/matrices/Spatial_2/outs/cloupe.cloupe
- Feature Reference:                                 null
- Target Panel file:                                 null
- Probe Set file:                                    null
- Normalization factors used to normalize AB counts: null
- Deconvolution directory:                           /storage/gge/Quique/Cells2SpineData/Pilot/spatial/matrices/Spatial_2/outs/deconvolution
- Raw probe barcode matrix:                          null
- Feature Slice matrix:                              null
- Outputs at each bin level:                         null
- Loupe Browser file (8um bin size):                 null
- Loupe Browser file (custom bin size):              null

Waiting 6 seconds for UI to do final refresh.
Pipestance completed successfully!

2024-10-21 17:08:19 Shutting down.
Saving pipestance info to "/storage/gge/Quique/Cells2SpineData/Pilot/spatial/matrices/Spatial_2/Spatial_2.mri.tgz"
Processing single-cell sample: Spatial_3
Martian Runtime - v4.0.12
Serving UI at http://osd02:41647?auth=rk_WGpYqrFkxVMe6KXuWt3qEo87N6FYsIHwuL6mYToE

Running preflight checks (please wait)...
Checking sample info...
Checking FASTQ folder...
Checking reference...
Checking reference_path (/storage/gge/Quique/rat_reference/correct_output) on osd02...
Checking optional arguments...
mro: v4.0.12
mrp: v4.0.12
python: Python 3.10.8
numpy: 1.24.4
scipy: 1.10.1
pysam: 0.21.0
h5py: 3.9.0
pandas: 2.1.4
STAR: 2.7.2a
samtools: samtools 1.16.1
2024-10-21 17:08:51 [runtime] (ready)           ID.Spatial_3.SPATIAL_RNA_COUNTER_CS.SPATIAL_RNA_COUNTER.DISABLE_FEATURE_STAGES
2024-10-21 17:08:51 [runtime] (run:local)       ID.Spatial_3.SPATIAL_RNA_COUNTER_CS.SPATIAL_RNA_COUNTER.DISABLE_FEATURE_STAGES.fork0.chnk0.main
2024-10-21 17:08:51 [runtime] (ready)           ID.Spatial_3.SPATIAL_RNA_COUNTER_CS.SPATIAL_RNA_COUNTER.WRITE_GENE_INDEX
2024-10-21 17:08:51 [runtime] (run:local)       ID.Spatial_3.SPATIAL_RNA_COUNTER_CS.SPATIAL_RNA_COUNTER.WRITE_GENE_INDEX.fork0.chnk0.main
2024-10-21 17:08:51 [runtime] (ready)           ID.Spatial_3.SPATIAL_RNA_COUNTER_CS.SPATIAL_RNA_COUNTER_PREP.COPY_CHEMISTRY_SPEC
2024-10-21 17:08:51 [runtime] (run:local)       ID.Spatial_3.SPATIAL_RNA_COUNTER_CS.SPATIAL_RNA_COUNTER_PREP.COPY_CHEMISTRY_SPEC.fork0.chnk0.main
2024-10-21 17:08:51 [runtime] (ready)           ID.Spatial_3.SPATIAL_RNA_COUNTER_CS.SPATIAL_RNA_COUNTER._BASIC_SPATIAL_RNA_COUNTER._MATRIX_COMPUTER.DISABLE_CORRECTION_FACTOR
2024-10-21 17:08:51 [runtime] (run:local)       ID.Spatial_3.SPATIAL_RNA_COUNTER_CS.SPATIAL_RNA_COUNTER._BASIC_SPATIAL_RNA_COUNTER._MATRIX_COMPUTER.DISABLE_CORRECTION_FACTOR.fork0.chnk0.main
2024-10-21 17:08:51 [runtime] (chunks_complete) ID.Spatial_3.SPATIAL_RNA_COUNTER_CS.SPATIAL_RNA_COUNTER_PREP.COPY_CHEMISTRY_SPEC
2024-10-21 17:08:51 [runtime] (ready)           ID.Spatial_3.SPATIAL_RNA_COUNTER_CS.SPATIAL_RNA_COUNTER_PREP.DETECT_CHEMISTRY
2024-10-21 17:08:51 [runtime] (run:local)       ID.Spatial_3.SPATIAL_RNA_COUNTER_CS.SPATIAL_RNA_COUNTER_PREP.DETECT_CHEMISTRY.fork0.chnk0.main
2024-10-21 17:08:51 [runtime] (chunks_complete) ID.Spatial_3.SPATIAL_RNA_COUNTER_CS.SPATIAL_RNA_COUNTER.DISABLE_FEATURE_STAGES
2024-10-21 17:08:51 [runtime] (chunks_complete) ID.Spatial_3.SPATIAL_RNA_COUNTER_CS.SPATIAL_RNA_COUNTER._BASIC_SPATIAL_RNA_COUNTER._MATRIX_COMPUTER.DISABLE_CORRECTION_FACTOR
2024-10-21 17:08:56 [runtime] (chunks_complete) ID.Spatial_3.SPATIAL_RNA_COUNTER_CS.SPATIAL_RNA_COUNTER_PREP.DETECT_CHEMISTRY
2024-10-21 17:08:56 [runtime] (ready)           ID.Spatial_3.SPATIAL_RNA_COUNTER_CS.SPATIAL_RNA_COUNTER_PREP.MULTI_SETUP_CHUNKS
2024-10-21 17:08:56 [runtime] (run:local)       ID.Spatial_3.SPATIAL_RNA_COUNTER_CS.SPATIAL_RNA_COUNTER_PREP.MULTI_SETUP_CHUNKS.fork0.chnk0.main
2024-10-21 17:08:56 [runtime] (chunks_complete) ID.Spatial_3.SPATIAL_RNA_COUNTER_CS.SPATIAL_RNA_COUNTER_PREP.MULTI_SETUP_CHUNKS
2024-10-21 17:08:56 [runtime] (ready)           ID.Spatial_3.SPATIAL_RNA_COUNTER_CS.SPATIAL_RNA_COUNTER.BIN_HD_DATA.SETUP_BINNING
2024-10-21 17:08:56 [runtime] (run:local)       ID.Spatial_3.SPATIAL_RNA_COUNTER_CS.SPATIAL_RNA_COUNTER.BIN_HD_DATA.SETUP_BINNING.fork0.chnk0.main
2024-10-21 17:08:56 [runtime] (ready)           ID.Spatial_3.SPATIAL_RNA_COUNTER_CS.SPATIAL_IMAGING_CS.DETERMINE_PIPELINE_MODE
2024-10-21 17:08:56 [runtime] (run:local)       ID.Spatial_3.SPATIAL_RNA_COUNTER_CS.SPATIAL_IMAGING_CS.DETERMINE_PIPELINE_MODE.fork0.chnk0.main
2024-10-21 17:08:56 [runtime] (chunks_complete) ID.Spatial_3.SPATIAL_RNA_COUNTER_CS.SPATIAL_IMAGING_CS.DETERMINE_PIPELINE_MODE
2024-10-21 17:08:56 [runtime] (ready)           ID.Spatial_3.SPATIAL_RNA_COUNTER_CS.SPATIAL_RNA_COUNTER.DISABLE_DECONVOLUTION
2024-10-21 17:08:56 [runtime] (run:local)       ID.Spatial_3.SPATIAL_RNA_COUNTER_CS.SPATIAL_RNA_COUNTER.DISABLE_DECONVOLUTION.fork0.chnk0.main
2024-10-21 17:08:56 [runtime] (ready)           ID.Spatial_3.SPATIAL_RNA_COUNTER_CS.SPATIAL_RNA_COUNTER.WEBSUMMARY_ALERTS
2024-10-21 17:08:56 [runtime] (run:local)       ID.Spatial_3.SPATIAL_RNA_COUNTER_CS.SPATIAL_RNA_COUNTER.WEBSUMMARY_ALERTS.fork0.chnk0.main
2024-10-21 17:08:56 [runtime] (ready)           ID.Spatial_3.SPATIAL_RNA_COUNTER_CS.SPATIAL_IMAGING_CS.STANDARDIZE_IMAGES
2024-10-21 17:08:56 [runtime] (run:local)       ID.Spatial_3.SPATIAL_RNA_COUNTER_CS.SPATIAL_IMAGING_CS.STANDARDIZE_IMAGES.fork0.split
2024-10-21 17:08:56 [runtime] (chunks_complete) ID.Spatial_3.SPATIAL_RNA_COUNTER_CS.SPATIAL_RNA_COUNTER.BIN_HD_DATA.SETUP_BINNING
2024-10-21 17:08:56 [runtime] (chunks_complete) ID.Spatial_3.SPATIAL_RNA_COUNTER_CS.SPATIAL_RNA_COUNTER.DISABLE_DECONVOLUTION
2024-10-21 17:08:57 [runtime] (chunks_complete) ID.Spatial_3.SPATIAL_RNA_COUNTER_CS.SPATIAL_RNA_COUNTER.WEBSUMMARY_ALERTS
2024-10-21 17:08:58 [runtime] (chunks_complete) ID.Spatial_3.SPATIAL_RNA_COUNTER_CS.SPATIAL_RNA_COUNTER.WRITE_GENE_INDEX
2024-10-21 17:08:58 [runtime] (ready)           ID.Spatial_3.SPATIAL_RNA_COUNTER_CS.SPATIAL_RNA_COUNTER.PARSE_TARGET_FEATURES
2024-10-21 17:08:58 [runtime] (run:local)       ID.Spatial_3.SPATIAL_RNA_COUNTER_CS.SPATIAL_RNA_COUNTER.PARSE_TARGET_FEATURES.fork0.chnk0.main
2024-10-21 17:08:58 [runtime] (chunks_complete) ID.Spatial_3.SPATIAL_RNA_COUNTER_CS.SPATIAL_RNA_COUNTER.PARSE_TARGET_FEATURES
2024-10-21 17:08:58 [runtime] (ready)           ID.Spatial_3.SPATIAL_RNA_COUNTER_CS.SPATIAL_RNA_COUNTER._BASIC_SPATIAL_RNA_COUNTER._MATRIX_COMPUTER.MAKE_SHARD
2024-10-21 17:08:58 [runtime] (run:local)       ID.Spatial_3.SPATIAL_RNA_COUNTER_CS.SPATIAL_RNA_COUNTER._BASIC_SPATIAL_RNA_COUNTER._MATRIX_COMPUTER.MAKE_SHARD.fork0.split
2024-10-21 17:08:58 [runtime] (ready)           ID.Spatial_3.SPATIAL_RNA_COUNTER_CS.SPATIAL_RNA_COUNTER._TARGETED_ANALYZER.DISABLE_TARGETED_STAGES
2024-10-21 17:08:59 [runtime] (split_complete)  ID.Spatial_3.SPATIAL_RNA_COUNTER_CS.SPATIAL_IMAGING_CS.STANDARDIZE_IMAGES
2024-10-21 17:08:59 [runtime] (run:local)       ID.Spatial_3.SPATIAL_RNA_COUNTER_CS.SPATIAL_IMAGING_CS.STANDARDIZE_IMAGES.fork0.join
2024-10-21 17:09:01 [runtime] (split_complete)  ID.Spatial_3.SPATIAL_RNA_COUNTER_CS.SPATIAL_RNA_COUNTER._BASIC_SPATIAL_RNA_COUNTER._MATRIX_COMPUTER.MAKE_SHARD
2024-10-21 17:09:01 [runtime] (run:local)       ID.Spatial_3.SPATIAL_RNA_COUNTER_CS.SPATIAL_RNA_COUNTER._BASIC_SPATIAL_RNA_COUNTER._MATRIX_COMPUTER.MAKE_SHARD.fork0.chnk0.main
2024-10-21 17:09:15 [runtime] (join_complete)   ID.Spatial_3.SPATIAL_RNA_COUNTER_CS.SPATIAL_IMAGING_CS.STANDARDIZE_IMAGES
2024-10-21 17:09:15 [runtime] (ready)           ID.Spatial_3.SPATIAL_RNA_COUNTER_CS.CLOUPE_TILE_IMAGES
2024-10-21 17:09:15 [runtime] (run:local)       ID.Spatial_3.SPATIAL_RNA_COUNTER_CS.CLOUPE_TILE_IMAGES.fork0.split
2024-10-21 17:09:15 [runtime] (ready)           ID.Spatial_3.SPATIAL_RNA_COUNTER_CS.SPATIAL_IMAGING_CS.LOUPE_ALIGNMENT_READER
2024-10-21 17:09:15 [runtime] (run:local)       ID.Spatial_3.SPATIAL_RNA_COUNTER_CS.SPATIAL_IMAGING_CS.LOUPE_ALIGNMENT_READER.fork0.split
2024-10-21 17:09:16 [runtime] (split_complete)  ID.Spatial_3.SPATIAL_RNA_COUNTER_CS.CLOUPE_TILE_IMAGES
2024-10-21 17:09:16 [runtime] (run:local)       ID.Spatial_3.SPATIAL_RNA_COUNTER_CS.CLOUPE_TILE_IMAGES.fork0.join
2024-10-21 17:09:16 [runtime] (split_complete)  ID.Spatial_3.SPATIAL_RNA_COUNTER_CS.SPATIAL_IMAGING_CS.LOUPE_ALIGNMENT_READER
2024-10-21 17:09:16 [runtime] (run:local)       ID.Spatial_3.SPATIAL_RNA_COUNTER_CS.SPATIAL_IMAGING_CS.LOUPE_ALIGNMENT_READER.fork0.join
2024-10-21 17:09:17 [runtime] (join_complete)   ID.Spatial_3.SPATIAL_RNA_COUNTER_CS.SPATIAL_IMAGING_CS.LOUPE_ALIGNMENT_READER
2024-10-21 17:09:17 [runtime] (ready)           ID.Spatial_3.SPATIAL_RNA_COUNTER_CS.SPATIAL_IMAGING_CS.HD_LAYOUT_READER
2024-10-21 17:09:17 [runtime] (ready)           ID.Spatial_3.SPATIAL_RNA_COUNTER_CS.SPATIAL_IMAGING_CS.GPR_READER
2024-10-21 17:09:17 [runtime] (run:local)       ID.Spatial_3.SPATIAL_RNA_COUNTER_CS.SPATIAL_IMAGING_CS.GPR_READER.fork0.chnk0.main
2024-10-21 17:09:18 [runtime] (chunks_complete) ID.Spatial_3.SPATIAL_RNA_COUNTER_CS.SPATIAL_IMAGING_CS.GPR_READER
2024-10-21 17:09:18 [runtime] (ready)           ID.Spatial_3.SPATIAL_RNA_COUNTER_CS.SPATIAL_IMAGING_CS.ALIGN_FIDUCIALS
2024-10-21 17:09:18 [runtime] (run:local)       ID.Spatial_3.SPATIAL_RNA_COUNTER_CS.SPATIAL_IMAGING_CS.ALIGN_FIDUCIALS.fork0.split
2024-10-21 17:09:20 [runtime] (split_complete)  ID.Spatial_3.SPATIAL_RNA_COUNTER_CS.SPATIAL_IMAGING_CS.ALIGN_FIDUCIALS
2024-10-21 17:09:20 [runtime] (run:local)       ID.Spatial_3.SPATIAL_RNA_COUNTER_CS.SPATIAL_IMAGING_CS.ALIGN_FIDUCIALS.fork0.join
2024-10-21 17:09:22 [runtime] (join_complete)   ID.Spatial_3.SPATIAL_RNA_COUNTER_CS.SPATIAL_IMAGING_CS.ALIGN_FIDUCIALS
2024-10-21 17:09:22 [runtime] (ready)           ID.Spatial_3.SPATIAL_RNA_COUNTER_CS.SPATIAL_IMAGING_CS.REGISTER_TISSUE
2024-10-21 17:09:22 [runtime] (ready)           ID.Spatial_3.SPATIAL_RNA_COUNTER_CS.SPATIAL_IMAGING_CS.DETECT_TISSUE
2024-10-21 17:09:22 [runtime] (run:local)       ID.Spatial_3.SPATIAL_RNA_COUNTER_CS.SPATIAL_IMAGING_CS.DETECT_TISSUE.fork0.split
2024-10-21 17:09:25 [runtime] (split_complete)  ID.Spatial_3.SPATIAL_RNA_COUNTER_CS.SPATIAL_IMAGING_CS.DETECT_TISSUE
2024-10-21 17:09:25 [runtime] (run:local)       ID.Spatial_3.SPATIAL_RNA_COUNTER_CS.SPATIAL_IMAGING_CS.DETECT_TISSUE.fork0.join
2024-10-21 17:09:28 [runtime] (join_complete)   ID.Spatial_3.SPATIAL_RNA_COUNTER_CS.SPATIAL_IMAGING_CS.DETECT_TISSUE
2024-10-21 17:09:28 [runtime] (ready)           ID.Spatial_3.SPATIAL_RNA_COUNTER_CS.SPATIAL_IMAGING_CS.OUTPUT_SPOTS_BARCODES
2024-10-21 17:09:28 [runtime] (run:local)       ID.Spatial_3.SPATIAL_RNA_COUNTER_CS.SPATIAL_IMAGING_CS.OUTPUT_SPOTS_BARCODES.fork0.split
2024-10-21 17:09:29 [runtime] (split_complete)  ID.Spatial_3.SPATIAL_RNA_COUNTER_CS.SPATIAL_IMAGING_CS.OUTPUT_SPOTS_BARCODES
2024-10-21 17:09:29 [runtime] (run:local)       ID.Spatial_3.SPATIAL_RNA_COUNTER_CS.SPATIAL_IMAGING_CS.OUTPUT_SPOTS_BARCODES.fork0.join
2024-10-21 17:09:30 [runtime] (join_complete)   ID.Spatial_3.SPATIAL_RNA_COUNTER_CS.SPATIAL_IMAGING_CS.OUTPUT_SPOTS_BARCODES
2024-10-21 17:09:30 [runtime] (ready)           ID.Spatial_3.SPATIAL_RNA_COUNTER_CS.SPATIAL_RNA_COUNTER._BASIC_SPATIAL_RNA_COUNTER._MATRIX_COMPUTER.COMPUTE_CORRECTION_FACTOR
2024-10-21 17:09:30 [runtime] (ready)           ID.Spatial_3.SPATIAL_RNA_COUNTER_CS.SPATIAL_IMAGING_CS.CALCULATE_FLUORESCENCE_INTENSITY
2024-10-21 17:09:30 [runtime] (run:local)       ID.Spatial_3.SPATIAL_RNA_COUNTER_CS.SPATIAL_IMAGING_CS.CALCULATE_FLUORESCENCE_INTENSITY.fork0.split
2024-10-21 17:09:31 [runtime] (split_complete)  ID.Spatial_3.SPATIAL_RNA_COUNTER_CS.SPATIAL_IMAGING_CS.CALCULATE_FLUORESCENCE_INTENSITY
2024-10-21 17:09:31 [runtime] (run:local)       ID.Spatial_3.SPATIAL_RNA_COUNTER_CS.SPATIAL_IMAGING_CS.CALCULATE_FLUORESCENCE_INTENSITY.fork0.join
2024-10-21 17:09:31 [runtime] (join_complete)   ID.Spatial_3.SPATIAL_RNA_COUNTER_CS.SPATIAL_IMAGING_CS.CALCULATE_FLUORESCENCE_INTENSITY
2024-10-21 17:10:15 [runtime] (join_complete)   ID.Spatial_3.SPATIAL_RNA_COUNTER_CS.CLOUPE_TILE_IMAGES
2024-10-21 17:15:04 [runtime] (update)          ID.Spatial_3.SPATIAL_RNA_COUNTER_CS.SPATIAL_RNA_COUNTER._BASIC_SPATIAL_RNA_COUNTER._MATRIX_COMPUTER.MAKE_SHARD.fork0 chunks_running
2024-10-21 17:21:02 [runtime] (update)          ID.Spatial_3.SPATIAL_RNA_COUNTER_CS.SPATIAL_RNA_COUNTER._BASIC_SPATIAL_RNA_COUNTER._MATRIX_COMPUTER.MAKE_SHARD.fork0 chunks_running
2024-10-21 17:21:42 [runtime] (chunks_complete) ID.Spatial_3.SPATIAL_RNA_COUNTER_CS.SPATIAL_RNA_COUNTER._BASIC_SPATIAL_RNA_COUNTER._MATRIX_COMPUTER.MAKE_SHARD
2024-10-21 17:21:42 [runtime] (run:local)       ID.Spatial_3.SPATIAL_RNA_COUNTER_CS.SPATIAL_RNA_COUNTER._BASIC_SPATIAL_RNA_COUNTER._MATRIX_COMPUTER.MAKE_SHARD.fork0.join
2024-10-21 17:21:42 [runtime] (join_complete)   ID.Spatial_3.SPATIAL_RNA_COUNTER_CS.SPATIAL_RNA_COUNTER._BASIC_SPATIAL_RNA_COUNTER._MATRIX_COMPUTER.MAKE_SHARD
2024-10-21 17:21:42 [runtime] (ready)           ID.Spatial_3.SPATIAL_RNA_COUNTER_CS.SPATIAL_RNA_COUNTER._BASIC_SPATIAL_RNA_COUNTER._MATRIX_COMPUTER.MAKE_CORRECTION_MAP
2024-10-21 17:21:42 [runtime] (run:local)       ID.Spatial_3.SPATIAL_RNA_COUNTER_CS.SPATIAL_RNA_COUNTER._BASIC_SPATIAL_RNA_COUNTER._MATRIX_COMPUTER.MAKE_CORRECTION_MAP.fork0.split
2024-10-21 17:21:42 [runtime] (split_complete)  ID.Spatial_3.SPATIAL_RNA_COUNTER_CS.SPATIAL_RNA_COUNTER._BASIC_SPATIAL_RNA_COUNTER._MATRIX_COMPUTER.MAKE_CORRECTION_MAP
2024-10-21 17:21:42 [runtime] (run:local)       ID.Spatial_3.SPATIAL_RNA_COUNTER_CS.SPATIAL_RNA_COUNTER._BASIC_SPATIAL_RNA_COUNTER._MATRIX_COMPUTER.MAKE_CORRECTION_MAP.fork0.join
2024-10-21 17:21:42 [runtime] (join_complete)   ID.Spatial_3.SPATIAL_RNA_COUNTER_CS.SPATIAL_RNA_COUNTER._BASIC_SPATIAL_RNA_COUNTER._MATRIX_COMPUTER.MAKE_CORRECTION_MAP
2024-10-21 17:21:42 [runtime] (ready)           ID.Spatial_3.SPATIAL_RNA_COUNTER_CS.SPATIAL_RNA_COUNTER._BASIC_SPATIAL_RNA_COUNTER._MATRIX_COMPUTER.BARCODE_CORRECTION
2024-10-21 17:21:42 [runtime] (run:local)       ID.Spatial_3.SPATIAL_RNA_COUNTER_CS.SPATIAL_RNA_COUNTER._BASIC_SPATIAL_RNA_COUNTER._MATRIX_COMPUTER.BARCODE_CORRECTION.fork0.split
2024-10-21 17:21:42 [runtime] (split_complete)  ID.Spatial_3.SPATIAL_RNA_COUNTER_CS.SPATIAL_RNA_COUNTER._BASIC_SPATIAL_RNA_COUNTER._MATRIX_COMPUTER.BARCODE_CORRECTION
2024-10-21 17:21:42 [runtime] (run:local)       ID.Spatial_3.SPATIAL_RNA_COUNTER_CS.SPATIAL_RNA_COUNTER._BASIC_SPATIAL_RNA_COUNTER._MATRIX_COMPUTER.BARCODE_CORRECTION.fork0.chnk00.main
2024-10-21 17:21:42 [runtime] (run:local)       ID.Spatial_3.SPATIAL_RNA_COUNTER_CS.SPATIAL_RNA_COUNTER._BASIC_SPATIAL_RNA_COUNTER._MATRIX_COMPUTER.BARCODE_CORRECTION.fork0.chnk01.main
2024-10-21 17:21:42 [runtime] (run:local)       ID.Spatial_3.SPATIAL_RNA_COUNTER_CS.SPATIAL_RNA_COUNTER._BASIC_SPATIAL_RNA_COUNTER._MATRIX_COMPUTER.BARCODE_CORRECTION.fork0.chnk02.main
2024-10-21 17:21:42 [runtime] (run:local)       ID.Spatial_3.SPATIAL_RNA_COUNTER_CS.SPATIAL_RNA_COUNTER._BASIC_SPATIAL_RNA_COUNTER._MATRIX_COMPUTER.BARCODE_CORRECTION.fork0.chnk03.main
2024-10-21 17:21:42 [runtime] (run:local)       ID.Spatial_3.SPATIAL_RNA_COUNTER_CS.SPATIAL_RNA_COUNTER._BASIC_SPATIAL_RNA_COUNTER._MATRIX_COMPUTER.BARCODE_CORRECTION.fork0.chnk04.main
2024-10-21 17:21:42 [runtime] (run:local)       ID.Spatial_3.SPATIAL_RNA_COUNTER_CS.SPATIAL_RNA_COUNTER._BASIC_SPATIAL_RNA_COUNTER._MATRIX_COMPUTER.BARCODE_CORRECTION.fork0.chnk05.main
2024-10-21 17:21:42 [runtime] (run:local)       ID.Spatial_3.SPATIAL_RNA_COUNTER_CS.SPATIAL_RNA_COUNTER._BASIC_SPATIAL_RNA_COUNTER._MATRIX_COMPUTER.BARCODE_CORRECTION.fork0.chnk06.main
2024-10-21 17:21:42 [runtime] (run:local)       ID.Spatial_3.SPATIAL_RNA_COUNTER_CS.SPATIAL_RNA_COUNTER._BASIC_SPATIAL_RNA_COUNTER._MATRIX_COMPUTER.BARCODE_CORRECTION.fork0.chnk07.main
2024-10-21 17:21:42 [runtime] (run:local)       ID.Spatial_3.SPATIAL_RNA_COUNTER_CS.SPATIAL_RNA_COUNTER._BASIC_SPATIAL_RNA_COUNTER._MATRIX_COMPUTER.BARCODE_CORRECTION.fork0.chnk08.main
2024-10-21 17:21:42 [runtime] (run:local)       ID.Spatial_3.SPATIAL_RNA_COUNTER_CS.SPATIAL_RNA_COUNTER._BASIC_SPATIAL_RNA_COUNTER._MATRIX_COMPUTER.BARCODE_CORRECTION.fork0.chnk09.main
2024-10-21 17:21:57 [runtime] (chunks_complete) ID.Spatial_3.SPATIAL_RNA_COUNTER_CS.SPATIAL_RNA_COUNTER._BASIC_SPATIAL_RNA_COUNTER._MATRIX_COMPUTER.BARCODE_CORRECTION
2024-10-21 17:21:57 [runtime] (run:local)       ID.Spatial_3.SPATIAL_RNA_COUNTER_CS.SPATIAL_RNA_COUNTER._BASIC_SPATIAL_RNA_COUNTER._MATRIX_COMPUTER.BARCODE_CORRECTION.fork0.join
2024-10-21 17:21:57 [runtime] (join_complete)   ID.Spatial_3.SPATIAL_RNA_COUNTER_CS.SPATIAL_RNA_COUNTER._BASIC_SPATIAL_RNA_COUNTER._MATRIX_COMPUTER.BARCODE_CORRECTION
2024-10-21 17:21:57 [runtime] (ready)           ID.Spatial_3.SPATIAL_RNA_COUNTER_CS.SPATIAL_RNA_COUNTER._BASIC_SPATIAL_RNA_COUNTER._MATRIX_COMPUTER.WRITE_BARCODE_INDEX
2024-10-21 17:21:57 [runtime] (run:local)       ID.Spatial_3.SPATIAL_RNA_COUNTER_CS.SPATIAL_RNA_COUNTER._BASIC_SPATIAL_RNA_COUNTER._MATRIX_COMPUTER.WRITE_BARCODE_INDEX.fork0.chnk0.main
2024-10-21 17:21:57 [runtime] (ready)           ID.Spatial_3.SPATIAL_RNA_COUNTER_CS.SPATIAL_RNA_COUNTER._BASIC_SPATIAL_RNA_COUNTER._MATRIX_COMPUTER._SLFE_PARTIAL_FIRST_PASS.SUBSAMPLE_BARCODES
2024-10-21 17:21:57 [runtime] (ready)           ID.Spatial_3.SPATIAL_RNA_COUNTER_CS.SPATIAL_RNA_COUNTER._BASIC_SPATIAL_RNA_COUNTER._MATRIX_COMPUTER._SLFE_PARTIAL_FIRST_PASS.INITIAL_ALIGN_AND_COUNT
2024-10-21 17:21:57 [runtime] (ready)           ID.Spatial_3.SPATIAL_RNA_COUNTER_CS.SPATIAL_RNA_COUNTER._BASIC_SPATIAL_RNA_COUNTER._MATRIX_COMPUTER._SLFE_PARTIAL_FIRST_PASS.SET_TARGETED_UMI_FILTER
2024-10-21 17:21:57 [runtime] (ready)           ID.Spatial_3.SPATIAL_RNA_COUNTER_CS.SPATIAL_RNA_COUNTER._BASIC_SPATIAL_RNA_COUNTER._MATRIX_COMPUTER.ALIGN_AND_COUNT
2024-10-21 17:21:57 [runtime] (run:local)       ID.Spatial_3.SPATIAL_RNA_COUNTER_CS.SPATIAL_RNA_COUNTER._BASIC_SPATIAL_RNA_COUNTER._MATRIX_COMPUTER.ALIGN_AND_COUNT.fork0.split
2024-10-21 17:21:57 [runtime] (chunks_complete) ID.Spatial_3.SPATIAL_RNA_COUNTER_CS.SPATIAL_RNA_COUNTER._BASIC_SPATIAL_RNA_COUNTER._MATRIX_COMPUTER.WRITE_BARCODE_INDEX
2024-10-21 17:21:57 [runtime] (split_complete)  ID.Spatial_3.SPATIAL_RNA_COUNTER_CS.SPATIAL_RNA_COUNTER._BASIC_SPATIAL_RNA_COUNTER._MATRIX_COMPUTER.ALIGN_AND_COUNT
2024-10-21 17:21:57 [runtime] (run:local)       ID.Spatial_3.SPATIAL_RNA_COUNTER_CS.SPATIAL_RNA_COUNTER._BASIC_SPATIAL_RNA_COUNTER._MATRIX_COMPUTER.ALIGN_AND_COUNT.fork0.chnk0.main
2024-10-21 17:21:57 [runtime] (run:local)       ID.Spatial_3.SPATIAL_RNA_COUNTER_CS.SPATIAL_RNA_COUNTER._BASIC_SPATIAL_RNA_COUNTER._MATRIX_COMPUTER.ALIGN_AND_COUNT.fork0.chnk1.main
2024-10-21 17:21:57 [runtime] (run:local)       ID.Spatial_3.SPATIAL_RNA_COUNTER_CS.SPATIAL_RNA_COUNTER._BASIC_SPATIAL_RNA_COUNTER._MATRIX_COMPUTER.ALIGN_AND_COUNT.fork0.chnk2.main
2024-10-21 17:21:57 [runtime] (run:local)       ID.Spatial_3.SPATIAL_RNA_COUNTER_CS.SPATIAL_RNA_COUNTER._BASIC_SPATIAL_RNA_COUNTER._MATRIX_COMPUTER.ALIGN_AND_COUNT.fork0.chnk3.main
2024-10-21 17:21:57 [runtime] (run:local)       ID.Spatial_3.SPATIAL_RNA_COUNTER_CS.SPATIAL_RNA_COUNTER._BASIC_SPATIAL_RNA_COUNTER._MATRIX_COMPUTER.ALIGN_AND_COUNT.fork0.chnk4.main
2024-10-21 17:21:57 [runtime] (run:local)       ID.Spatial_3.SPATIAL_RNA_COUNTER_CS.SPATIAL_RNA_COUNTER._BASIC_SPATIAL_RNA_COUNTER._MATRIX_COMPUTER.ALIGN_AND_COUNT.fork0.chnk5.main
2024-10-21 17:21:57 [runtime] (run:local)       ID.Spatial_3.SPATIAL_RNA_COUNTER_CS.SPATIAL_RNA_COUNTER._BASIC_SPATIAL_RNA_COUNTER._MATRIX_COMPUTER.ALIGN_AND_COUNT.fork0.chnk6.main
2024-10-21 17:27:29 [runtime] (update)          ID.Spatial_3.SPATIAL_RNA_COUNTER_CS.SPATIAL_RNA_COUNTER._BASIC_SPATIAL_RNA_COUNTER._MATRIX_COMPUTER.ALIGN_AND_COUNT.fork0 chunks running (2/7 completed)
2024-10-21 17:33:33 [runtime] (update)          ID.Spatial_3.SPATIAL_RNA_COUNTER_CS.SPATIAL_RNA_COUNTER._BASIC_SPATIAL_RNA_COUNTER._MATRIX_COMPUTER.ALIGN_AND_COUNT.fork0 chunks running (2/7 completed)
2024-10-21 17:38:51 [runtime] (update)          ID.Spatial_3.SPATIAL_RNA_COUNTER_CS.SPATIAL_RNA_COUNTER._BASIC_SPATIAL_RNA_COUNTER._MATRIX_COMPUTER.ALIGN_AND_COUNT.fork0 chunks running (4/7 completed)
2024-10-21 17:43:56 [runtime] (update)          ID.Spatial_3.SPATIAL_RNA_COUNTER_CS.SPATIAL_RNA_COUNTER._BASIC_SPATIAL_RNA_COUNTER._MATRIX_COMPUTER.ALIGN_AND_COUNT.fork0 chunks running (4/7 completed)
2024-10-21 17:48:58 [runtime] (update)          ID.Spatial_3.SPATIAL_RNA_COUNTER_CS.SPATIAL_RNA_COUNTER._BASIC_SPATIAL_RNA_COUNTER._MATRIX_COMPUTER.ALIGN_AND_COUNT.fork0 chunks running (5/7 completed)
2024-10-21 17:54:27 [runtime] (update)          ID.Spatial_3.SPATIAL_RNA_COUNTER_CS.SPATIAL_RNA_COUNTER._BASIC_SPATIAL_RNA_COUNTER._MATRIX_COMPUTER.ALIGN_AND_COUNT.fork0 chunks running (5/7 completed)
2024-10-21 17:57:48 [runtime] (chunks_complete) ID.Spatial_3.SPATIAL_RNA_COUNTER_CS.SPATIAL_RNA_COUNTER._BASIC_SPATIAL_RNA_COUNTER._MATRIX_COMPUTER.ALIGN_AND_COUNT
2024-10-21 17:57:48 [runtime] (run:local)       ID.Spatial_3.SPATIAL_RNA_COUNTER_CS.SPATIAL_RNA_COUNTER._BASIC_SPATIAL_RNA_COUNTER._MATRIX_COMPUTER.ALIGN_AND_COUNT.fork0.join
2024-10-21 17:57:48 [runtime] (join_complete)   ID.Spatial_3.SPATIAL_RNA_COUNTER_CS.SPATIAL_RNA_COUNTER._BASIC_SPATIAL_RNA_COUNTER._MATRIX_COMPUTER.ALIGN_AND_COUNT
2024-10-21 17:57:50 [runtime] (ready)           ID.Spatial_3.SPATIAL_RNA_COUNTER_CS.SPATIAL_RNA_COUNTER._BASIC_SPATIAL_RNA_COUNTER._MATRIX_COMPUTER.COLLATE_METRICS
2024-10-21 17:57:50 [runtime] (run:local)       ID.Spatial_3.SPATIAL_RNA_COUNTER_CS.SPATIAL_RNA_COUNTER._BASIC_SPATIAL_RNA_COUNTER._MATRIX_COMPUTER.COLLATE_METRICS.fork0.split
2024-10-21 17:57:50 [runtime] (ready)           ID.Spatial_3.SPATIAL_RNA_COUNTER_CS.SPATIAL_RNA_COUNTER._BASIC_SPATIAL_RNA_COUNTER._MATRIX_COMPUTER.WRITE_H5_MATRIX
2024-10-21 17:57:50 [runtime] (run:local)       ID.Spatial_3.SPATIAL_RNA_COUNTER_CS.SPATIAL_RNA_COUNTER._BASIC_SPATIAL_RNA_COUNTER._MATRIX_COMPUTER.WRITE_H5_MATRIX.fork0.chnk0.main
2024-10-21 17:57:50 [runtime] (ready)           ID.Spatial_3.SPATIAL_RNA_COUNTER_CS.SPATIAL_RNA_COUNTER._BASIC_SPATIAL_RNA_COUNTER._MATRIX_COMPUTER.WRITE_MATRIX_MARKET
2024-10-21 17:57:50 [runtime] (run:local)       ID.Spatial_3.SPATIAL_RNA_COUNTER_CS.SPATIAL_RNA_COUNTER._BASIC_SPATIAL_RNA_COUNTER._MATRIX_COMPUTER.WRITE_MATRIX_MARKET.fork0.chnk0.main
2024-10-21 17:57:50 [runtime] (ready)           ID.Spatial_3.SPATIAL_RNA_COUNTER_CS.SPATIAL_RNA_COUNTER._BASIC_SPATIAL_RNA_COUNTER._MATRIX_COMPUTER.WRITE_BARCODE_SUMMARY
2024-10-21 17:57:50 [runtime] (run:local)       ID.Spatial_3.SPATIAL_RNA_COUNTER_CS.SPATIAL_RNA_COUNTER._BASIC_SPATIAL_RNA_COUNTER._MATRIX_COMPUTER.WRITE_BARCODE_SUMMARY.fork0.chnk0.main
2024-10-21 17:57:50 [runtime] (split_complete)  ID.Spatial_3.SPATIAL_RNA_COUNTER_CS.SPATIAL_RNA_COUNTER._BASIC_SPATIAL_RNA_COUNTER._MATRIX_COMPUTER.COLLATE_METRICS
2024-10-21 17:57:50 [runtime] (run:local)       ID.Spatial_3.SPATIAL_RNA_COUNTER_CS.SPATIAL_RNA_COUNTER._BASIC_SPATIAL_RNA_COUNTER._MATRIX_COMPUTER.COLLATE_METRICS.fork0.chnk0.main
2024-10-21 17:57:50 [runtime] (chunks_complete) ID.Spatial_3.SPATIAL_RNA_COUNTER_CS.SPATIAL_RNA_COUNTER._BASIC_SPATIAL_RNA_COUNTER._MATRIX_COMPUTER.WRITE_BARCODE_SUMMARY
2024-10-21 17:57:50 [runtime] (chunks_complete) ID.Spatial_3.SPATIAL_RNA_COUNTER_CS.SPATIAL_RNA_COUNTER._BASIC_SPATIAL_RNA_COUNTER._MATRIX_COMPUTER.COLLATE_METRICS
2024-10-21 17:57:50 [runtime] (run:local)       ID.Spatial_3.SPATIAL_RNA_COUNTER_CS.SPATIAL_RNA_COUNTER._BASIC_SPATIAL_RNA_COUNTER._MATRIX_COMPUTER.COLLATE_METRICS.fork0.join
2024-10-21 17:57:50 [runtime] (join_complete)   ID.Spatial_3.SPATIAL_RNA_COUNTER_CS.SPATIAL_RNA_COUNTER._BASIC_SPATIAL_RNA_COUNTER._MATRIX_COMPUTER.COLLATE_METRICS
2024-10-21 17:57:50 [runtime] (ready)           ID.Spatial_3.SPATIAL_RNA_COUNTER_CS.SPATIAL_RNA_COUNTER._BASIC_SPATIAL_RNA_COUNTER._MATRIX_COMPUTER.MERGE_METRICS
2024-10-21 17:57:50 [runtime] (run:local)       ID.Spatial_3.SPATIAL_RNA_COUNTER_CS.SPATIAL_RNA_COUNTER._BASIC_SPATIAL_RNA_COUNTER._MATRIX_COMPUTER.MERGE_METRICS.fork0.chnk0.main
2024-10-21 17:57:51 [runtime] (chunks_complete) ID.Spatial_3.SPATIAL_RNA_COUNTER_CS.SPATIAL_RNA_COUNTER._BASIC_SPATIAL_RNA_COUNTER._MATRIX_COMPUTER.MERGE_METRICS
2024-10-21 17:57:53 [runtime] (chunks_complete) ID.Spatial_3.SPATIAL_RNA_COUNTER_CS.SPATIAL_RNA_COUNTER._BASIC_SPATIAL_RNA_COUNTER._MATRIX_COMPUTER.WRITE_MATRIX_MARKET
2024-10-21 17:57:53 [runtime] (chunks_complete) ID.Spatial_3.SPATIAL_RNA_COUNTER_CS.SPATIAL_RNA_COUNTER._BASIC_SPATIAL_RNA_COUNTER._MATRIX_COMPUTER.WRITE_H5_MATRIX
2024-10-21 17:57:53 [runtime] (ready)           ID.Spatial_3.SPATIAL_RNA_COUNTER_CS.SPATIAL_RNA_COUNTER.BIN_HD_DATA._BIN_HD_DATA.CREATE_HD_FEATURE_SLICE
2024-10-21 17:57:53 [runtime] (ready)           ID.Spatial_3.SPATIAL_RNA_COUNTER_CS.SPATIAL_RNA_COUNTER._BASIC_SPATIAL_RNA_COUNTER.DISABLE_STAGES
2024-10-21 17:57:53 [runtime] (run:local)       ID.Spatial_3.SPATIAL_RNA_COUNTER_CS.SPATIAL_RNA_COUNTER._BASIC_SPATIAL_RNA_COUNTER.DISABLE_STAGES.fork0.chnk0.main
2024-10-21 17:57:53 [runtime] (ready)           ID.Spatial_3.SPATIAL_RNA_COUNTER_CS.SPATIAL_RNA_COUNTER._BASIC_SPATIAL_RNA_COUNTER.FILTER_BARCODES
2024-10-21 17:57:53 [runtime] (run:local)       ID.Spatial_3.SPATIAL_RNA_COUNTER_CS.SPATIAL_RNA_COUNTER._BASIC_SPATIAL_RNA_COUNTER.FILTER_BARCODES.fork0.split
2024-10-21 17:57:53 [runtime] (ready)           ID.Spatial_3.SPATIAL_RNA_COUNTER_CS.SPATIAL_RNA_COUNTER.BIN_HD_DATA._BIN_HD_DATA.PROCESS_HD_ALIGNMENT
2024-10-21 17:57:57 [runtime] (split_complete)  ID.Spatial_3.SPATIAL_RNA_COUNTER_CS.SPATIAL_RNA_COUNTER._BASIC_SPATIAL_RNA_COUNTER.FILTER_BARCODES
2024-10-21 17:57:57 [runtime] (run:local)       ID.Spatial_3.SPATIAL_RNA_COUNTER_CS.SPATIAL_RNA_COUNTER._BASIC_SPATIAL_RNA_COUNTER.FILTER_BARCODES.fork0.chnk0.main
2024-10-21 17:57:58 [runtime] (chunks_complete) ID.Spatial_3.SPATIAL_RNA_COUNTER_CS.SPATIAL_RNA_COUNTER._BASIC_SPATIAL_RNA_COUNTER.DISABLE_STAGES
2024-10-21 17:57:58 [runtime] (ready)           ID.Spatial_3.SPATIAL_RNA_COUNTER_CS.SPATIAL_RNA_COUNTER._BASIC_SPATIAL_RNA_COUNTER._ASSIGN_TAGS.MULTIPLEXING_METHOD
2024-10-21 17:57:58 [runtime] (ready)           ID.Spatial_3.SPATIAL_RNA_COUNTER_CS.SPATIAL_RNA_COUNTER._BASIC_SPATIAL_RNA_COUNTER.WRITE_POS_BAM
2024-10-21 17:57:58 [runtime] (run:local)       ID.Spatial_3.SPATIAL_RNA_COUNTER_CS.SPATIAL_RNA_COUNTER._BASIC_SPATIAL_RNA_COUNTER.WRITE_POS_BAM.fork0.split
2024-10-21 17:57:58 [runtime] (ready)           ID.Spatial_3.SPATIAL_RNA_COUNTER_CS.SPATIAL_RNA_COUNTER._BASIC_SPATIAL_RNA_COUNTER._ASSIGN_TAGS.CALL_TAGS_OH
2024-10-21 17:57:58 [runtime] (split_complete)  ID.Spatial_3.SPATIAL_RNA_COUNTER_CS.SPATIAL_RNA_COUNTER._BASIC_SPATIAL_RNA_COUNTER.WRITE_POS_BAM
2024-10-21 17:57:58 [runtime] (run:local)       ID.Spatial_3.SPATIAL_RNA_COUNTER_CS.SPATIAL_RNA_COUNTER._BASIC_SPATIAL_RNA_COUNTER.WRITE_POS_BAM.fork0.chnk0.main
2024-10-21 17:57:58 [runtime] (run:local)       ID.Spatial_3.SPATIAL_RNA_COUNTER_CS.SPATIAL_RNA_COUNTER._BASIC_SPATIAL_RNA_COUNTER.WRITE_POS_BAM.fork0.chnk1.main
2024-10-21 17:57:58 [runtime] (run:local)       ID.Spatial_3.SPATIAL_RNA_COUNTER_CS.SPATIAL_RNA_COUNTER._BASIC_SPATIAL_RNA_COUNTER.WRITE_POS_BAM.fork0.chnk2.main
2024-10-21 17:57:58 [runtime] (run:local)       ID.Spatial_3.SPATIAL_RNA_COUNTER_CS.SPATIAL_RNA_COUNTER._BASIC_SPATIAL_RNA_COUNTER.WRITE_POS_BAM.fork0.chnk3.main
2024-10-21 17:57:58 [runtime] (run:local)       ID.Spatial_3.SPATIAL_RNA_COUNTER_CS.SPATIAL_RNA_COUNTER._BASIC_SPATIAL_RNA_COUNTER.WRITE_POS_BAM.fork0.chnk4.main
2024-10-21 17:57:58 [runtime] (run:local)       ID.Spatial_3.SPATIAL_RNA_COUNTER_CS.SPATIAL_RNA_COUNTER._BASIC_SPATIAL_RNA_COUNTER.WRITE_POS_BAM.fork0.chnk5.main
2024-10-21 17:57:58 [runtime] (run:local)       ID.Spatial_3.SPATIAL_RNA_COUNTER_CS.SPATIAL_RNA_COUNTER._BASIC_SPATIAL_RNA_COUNTER.WRITE_POS_BAM.fork0.chnk6.main
2024-10-21 17:57:59 [runtime] (chunks_complete) ID.Spatial_3.SPATIAL_RNA_COUNTER_CS.SPATIAL_RNA_COUNTER._BASIC_SPATIAL_RNA_COUNTER.FILTER_BARCODES
2024-10-21 17:57:59 [runtime] (run:local)       ID.Spatial_3.SPATIAL_RNA_COUNTER_CS.SPATIAL_RNA_COUNTER._BASIC_SPATIAL_RNA_COUNTER.FILTER_BARCODES.fork0.join
2024-10-21 18:00:34 [runtime] (join_complete)   ID.Spatial_3.SPATIAL_RNA_COUNTER_CS.SPATIAL_RNA_COUNTER._BASIC_SPATIAL_RNA_COUNTER.FILTER_BARCODES
2024-10-21 18:00:34 [runtime] (ready)           ID.Spatial_3.SPATIAL_RNA_COUNTER_CS.SPATIAL_RNA_COUNTER.RUN_SPATIAL_ENRICHMENT
2024-10-21 18:00:34 [runtime] (run:local)       ID.Spatial_3.SPATIAL_RNA_COUNTER_CS.SPATIAL_RNA_COUNTER.RUN_SPATIAL_ENRICHMENT.fork0.split
2024-10-21 18:00:34 [runtime] (ready)           ID.Spatial_3.SPATIAL_RNA_COUNTER_CS.SPATIAL_RNA_COUNTER.ANTIBODY_QC_PLOTS
2024-10-21 18:00:34 [runtime] (ready)           ID.Spatial_3.SPATIAL_RNA_COUNTER_CS.SPATIAL_RNA_COUNTER.DISABLE_SECONDARY_ANALYSIS
2024-10-21 18:00:34 [runtime] (run:local)       ID.Spatial_3.SPATIAL_RNA_COUNTER_CS.SPATIAL_RNA_COUNTER.DISABLE_SECONDARY_ANALYSIS.fork0.chnk0.main
2024-10-21 18:00:34 [runtime] (ready)           ID.Spatial_3.SPATIAL_RNA_COUNTER_CS.SPATIAL_RNA_COUNTER._BASIC_SPATIAL_RNA_COUNTER.CHECK_CORRECTION_FACTOR
2024-10-21 18:00:34 [runtime] (run:local)       ID.Spatial_3.SPATIAL_RNA_COUNTER_CS.SPATIAL_RNA_COUNTER._BASIC_SPATIAL_RNA_COUNTER.CHECK_CORRECTION_FACTOR.fork0.chnk0.main
2024-10-21 18:00:34 [runtime] (ready)           ID.Spatial_3.SPATIAL_RNA_COUNTER_CS.SPATIAL_RNA_COUNTER.BIN_HD_DATA._BIN_HD_DATA.UPDATE_HD_FEATURE_SLICE_H5
2024-10-21 18:00:34 [runtime] (ready)           ID.Spatial_3.SPATIAL_RNA_COUNTER_CS.SPATIAL_RNA_COUNTER._BASIC_SPATIAL_RNA_COUNTER._ASSIGN_TAGS.CALL_TAGS_RTL
2024-10-21 18:00:34 [runtime] (ready)           ID.Spatial_3.SPATIAL_RNA_COUNTER_CS.SPATIAL_RNA_COUNTER._BASIC_SPATIAL_RNA_COUNTER.INFER_GEM_WELL_THROUGHPUT
2024-10-21 18:00:34 [runtime] (ready)           ID.Spatial_3.SPATIAL_RNA_COUNTER_CS.SPATIAL_RNA_COUNTER._BASIC_SPATIAL_RNA_COUNTER.COLLATE_PROBE_METRICS
2024-10-21 18:00:34 [runtime] (ready)           ID.Spatial_3.SPATIAL_RNA_COUNTER_CS.SPATIAL_RNA_COUNTER._BASIC_SPATIAL_RNA_COUNTER._ASSIGN_TAGS.CALL_TAGS_MARGINAL
2024-10-21 18:00:34 [runtime] (ready)           ID.Spatial_3.SPATIAL_RNA_COUNTER_CS.SPATIAL_RNA_COUNTER._BASIC_SPATIAL_RNA_COUNTER._CELLS_REPORTER.WRITE_MOLECULE_INFO
2024-10-21 18:00:34 [runtime] (run:local)       ID.Spatial_3.SPATIAL_RNA_COUNTER_CS.SPATIAL_RNA_COUNTER._BASIC_SPATIAL_RNA_COUNTER._CELLS_REPORTER.WRITE_MOLECULE_INFO.fork0.split
2024-10-21 18:00:35 [runtime] (chunks_complete) ID.Spatial_3.SPATIAL_RNA_COUNTER_CS.SPATIAL_RNA_COUNTER.DISABLE_SECONDARY_ANALYSIS
2024-10-21 18:00:35 [runtime] (ready)           ID.Spatial_3.SPATIAL_RNA_COUNTER_CS.SPATIAL_RNA_COUNTER.SPATIAL_RNA_ANALYZER.ANALYZER_PREFLIGHT
2024-10-21 18:00:35 [runtime] (run:local)       ID.Spatial_3.SPATIAL_RNA_COUNTER_CS.SPATIAL_RNA_COUNTER.SPATIAL_RNA_ANALYZER.ANALYZER_PREFLIGHT.fork0.chnk0.main
2024-10-21 18:00:35 [runtime] (chunks_complete) ID.Spatial_3.SPATIAL_RNA_COUNTER_CS.SPATIAL_RNA_COUNTER._BASIC_SPATIAL_RNA_COUNTER.CHECK_CORRECTION_FACTOR
2024-10-21 18:00:35 [runtime] (split_complete)  ID.Spatial_3.SPATIAL_RNA_COUNTER_CS.SPATIAL_RNA_COUNTER._BASIC_SPATIAL_RNA_COUNTER._CELLS_REPORTER.WRITE_MOLECULE_INFO
2024-10-21 18:00:35 [runtime] (run:local)       ID.Spatial_3.SPATIAL_RNA_COUNTER_CS.SPATIAL_RNA_COUNTER._BASIC_SPATIAL_RNA_COUNTER._CELLS_REPORTER.WRITE_MOLECULE_INFO.fork0.join
2024-10-21 18:00:37 [runtime] (chunks_complete) ID.Spatial_3.SPATIAL_RNA_COUNTER_CS.SPATIAL_RNA_COUNTER.SPATIAL_RNA_ANALYZER.ANALYZER_PREFLIGHT
2024-10-21 18:00:37 [runtime] (ready)           ID.Spatial_3.SPATIAL_RNA_COUNTER_CS.SPATIAL_RNA_COUNTER.SPATIAL_RNA_ANALYZER.PREPROCESS_MATRIX
2024-10-21 18:00:37 [runtime] (run:local)       ID.Spatial_3.SPATIAL_RNA_COUNTER_CS.SPATIAL_RNA_COUNTER.SPATIAL_RNA_ANALYZER.PREPROCESS_MATRIX.fork0.split
2024-10-21 18:00:37 [runtime] (split_complete)  ID.Spatial_3.SPATIAL_RNA_COUNTER_CS.SPATIAL_RNA_COUNTER.RUN_SPATIAL_ENRICHMENT
2024-10-21 18:00:37 [runtime] (run:local)       ID.Spatial_3.SPATIAL_RNA_COUNTER_CS.SPATIAL_RNA_COUNTER.RUN_SPATIAL_ENRICHMENT.fork0.chnk00.main
2024-10-21 18:00:37 [runtime] (run:local)       ID.Spatial_3.SPATIAL_RNA_COUNTER_CS.SPATIAL_RNA_COUNTER.RUN_SPATIAL_ENRICHMENT.fork0.chnk01.main
2024-10-21 18:00:37 [runtime] (run:local)       ID.Spatial_3.SPATIAL_RNA_COUNTER_CS.SPATIAL_RNA_COUNTER.RUN_SPATIAL_ENRICHMENT.fork0.chnk02.main
2024-10-21 18:00:37 [runtime] (run:local)       ID.Spatial_3.SPATIAL_RNA_COUNTER_CS.SPATIAL_RNA_COUNTER.RUN_SPATIAL_ENRICHMENT.fork0.chnk03.main
2024-10-21 18:00:37 [runtime] (run:local)       ID.Spatial_3.SPATIAL_RNA_COUNTER_CS.SPATIAL_RNA_COUNTER.RUN_SPATIAL_ENRICHMENT.fork0.chnk04.main
2024-10-21 18:00:37 [runtime] (run:local)       ID.Spatial_3.SPATIAL_RNA_COUNTER_CS.SPATIAL_RNA_COUNTER.RUN_SPATIAL_ENRICHMENT.fork0.chnk05.main
2024-10-21 18:00:37 [runtime] (run:local)       ID.Spatial_3.SPATIAL_RNA_COUNTER_CS.SPATIAL_RNA_COUNTER.RUN_SPATIAL_ENRICHMENT.fork0.chnk06.main
2024-10-21 18:00:37 [runtime] (run:local)       ID.Spatial_3.SPATIAL_RNA_COUNTER_CS.SPATIAL_RNA_COUNTER.RUN_SPATIAL_ENRICHMENT.fork0.chnk07.main
2024-10-21 18:00:37 [runtime] (run:local)       ID.Spatial_3.SPATIAL_RNA_COUNTER_CS.SPATIAL_RNA_COUNTER.RUN_SPATIAL_ENRICHMENT.fork0.chnk08.main
2024-10-21 18:00:37 [runtime] (run:local)       ID.Spatial_3.SPATIAL_RNA_COUNTER_CS.SPATIAL_RNA_COUNTER.RUN_SPATIAL_ENRICHMENT.fork0.chnk09.main
2024-10-21 18:00:37 [runtime] (run:local)       ID.Spatial_3.SPATIAL_RNA_COUNTER_CS.SPATIAL_RNA_COUNTER.RUN_SPATIAL_ENRICHMENT.fork0.chnk10.main
2024-10-21 18:00:37 [runtime] (run:local)       ID.Spatial_3.SPATIAL_RNA_COUNTER_CS.SPATIAL_RNA_COUNTER.RUN_SPATIAL_ENRICHMENT.fork0.chnk11.main
2024-10-21 18:00:37 [runtime] (run:local)       ID.Spatial_3.SPATIAL_RNA_COUNTER_CS.SPATIAL_RNA_COUNTER.RUN_SPATIAL_ENRICHMENT.fork0.chnk12.main
2024-10-21 18:00:37 [runtime] (run:local)       ID.Spatial_3.SPATIAL_RNA_COUNTER_CS.SPATIAL_RNA_COUNTER.RUN_SPATIAL_ENRICHMENT.fork0.chnk13.main
2024-10-21 18:00:37 [runtime] (run:local)       ID.Spatial_3.SPATIAL_RNA_COUNTER_CS.SPATIAL_RNA_COUNTER.RUN_SPATIAL_ENRICHMENT.fork0.chnk14.main
2024-10-21 18:00:37 [runtime] (run:local)       ID.Spatial_3.SPATIAL_RNA_COUNTER_CS.SPATIAL_RNA_COUNTER.RUN_SPATIAL_ENRICHMENT.fork0.chnk15.main
2024-10-21 18:00:37 [runtime] (run:local)       ID.Spatial_3.SPATIAL_RNA_COUNTER_CS.SPATIAL_RNA_COUNTER.RUN_SPATIAL_ENRICHMENT.fork0.chnk16.main
2024-10-21 18:00:37 [runtime] (run:local)       ID.Spatial_3.SPATIAL_RNA_COUNTER_CS.SPATIAL_RNA_COUNTER.RUN_SPATIAL_ENRICHMENT.fork0.chnk17.main
2024-10-21 18:00:37 [runtime] (run:local)       ID.Spatial_3.SPATIAL_RNA_COUNTER_CS.SPATIAL_RNA_COUNTER.RUN_SPATIAL_ENRICHMENT.fork0.chnk18.main
2024-10-21 18:00:37 [runtime] (run:local)       ID.Spatial_3.SPATIAL_RNA_COUNTER_CS.SPATIAL_RNA_COUNTER.RUN_SPATIAL_ENRICHMENT.fork0.chnk19.main
2024-10-21 18:00:38 [runtime] (split_complete)  ID.Spatial_3.SPATIAL_RNA_COUNTER_CS.SPATIAL_RNA_COUNTER.SPATIAL_RNA_ANALYZER.PREPROCESS_MATRIX
2024-10-21 18:00:38 [runtime] (run:local)       ID.Spatial_3.SPATIAL_RNA_COUNTER_CS.SPATIAL_RNA_COUNTER.SPATIAL_RNA_ANALYZER.PREPROCESS_MATRIX.fork0.join
2024-10-21 18:00:45 [runtime] (join_complete)   ID.Spatial_3.SPATIAL_RNA_COUNTER_CS.SPATIAL_RNA_COUNTER._BASIC_SPATIAL_RNA_COUNTER._CELLS_REPORTER.WRITE_MOLECULE_INFO
2024-10-21 18:00:45 [runtime] (ready)           ID.Spatial_3.SPATIAL_RNA_COUNTER_CS.SPATIAL_RNA_COUNTER._TARGETED_ANALYZER.SUBSAMPLE_OFF_TARGET_READS
2024-10-21 18:00:45 [runtime] (ready)           ID.Spatial_3.SPATIAL_RNA_COUNTER_CS.SPATIAL_RNA_COUNTER._BASIC_SPATIAL_RNA_COUNTER._CELLS_REPORTER.SUBSAMPLE_READS
2024-10-21 18:00:45 [runtime] (run:local)       ID.Spatial_3.SPATIAL_RNA_COUNTER_CS.SPATIAL_RNA_COUNTER._BASIC_SPATIAL_RNA_COUNTER._CELLS_REPORTER.SUBSAMPLE_READS.fork0.split
2024-10-21 18:00:45 [runtime] (ready)           ID.Spatial_3.SPATIAL_RNA_COUNTER_CS.SPATIAL_RNA_COUNTER._BASIC_SPATIAL_RNA_COUNTER._ASSIGN_TAGS.CALL_TAGS_JIBES
2024-10-21 18:00:45 [runtime] (ready)           ID.Spatial_3.SPATIAL_RNA_COUNTER_CS.SPATIAL_RNA_COUNTER._TARGETED_ANALYZER.SUBSAMPLE_ON_TARGET_READS
2024-10-21 18:00:45 [runtime] (ready)           ID.Spatial_3.SPATIAL_RNA_COUNTER_CS.SPATIAL_RNA_COUNTER._TARGETED_ANALYZER._RUN_GDNA_ANALYSIS.GET_GDNA_METRICS
2024-10-21 18:00:45 [runtime] (ready)           ID.Spatial_3.SPATIAL_RNA_COUNTER_CS.SPATIAL_RNA_COUNTER.HD_WEBSUMMARY_BUILDER.PICK_SATURATION_PLOT
2024-10-21 18:00:45 [runtime] (ready)           ID.Spatial_3.SPATIAL_RNA_COUNTER_CS.SPATIAL_RNA_COUNTER._BASIC_SPATIAL_RNA_COUNTER._ASSIGN_TAGS.DETERMINE_SAMPLE_ASSIGNMENTS
2024-10-21 18:00:45 [runtime] (ready)           ID.Spatial_3.SPATIAL_RNA_COUNTER_CS.SPATIAL_RNA_COUNTER._TARGETED_ANALYZER._RUN_GDNA_ANALYSIS.GET_GDNA_PLOT
2024-10-21 18:00:45 [runtime] (ready)           ID.Spatial_3.SPATIAL_RNA_COUNTER_CS.SPATIAL_RNA_COUNTER._BASIC_SPATIAL_RNA_COUNTER.DEMUX_PROBE_BC_MATRIX
2024-10-21 18:00:45 [runtime] (ready)           ID.Spatial_3.SPATIAL_RNA_COUNTER_CS.SPATIAL_RNA_COUNTER._BASIC_SPATIAL_RNA_COUNTER.MULTI_WRITE_PER_SAMPLE_BAM
2024-10-21 18:00:45 [runtime] (ready)           ID.Spatial_3.SPATIAL_RNA_COUNTER_CS.SPATIAL_RNA_COUNTER._BASIC_SPATIAL_RNA_COUNTER._ASSIGN_TAGS.COMPUTE_EXTRA_MULTIPLEXING_METRICS
2024-10-21 18:00:45 [runtime] (ready)           ID.Spatial_3.SPATIAL_RNA_COUNTER_CS.SPATIAL_RNA_COUNTER._BASIC_SPATIAL_RNA_COUNTER.MULTI_COLLATE_PER_SAMPLE_METRICS
2024-10-21 18:00:45 [runtime] (ready)           ID.Spatial_3.SPATIAL_RNA_COUNTER_CS.SPATIAL_RNA_COUNTER._BASIC_SPATIAL_RNA_COUNTER.MULTI_WRITE_PER_SAMPLE_MOLECULE_INFO
2024-10-21 18:00:45 [runtime] (ready)           ID.Spatial_3.SPATIAL_RNA_COUNTER_CS.SPATIAL_RNA_COUNTER._TARGETED_ANALYZER._RUN_GDNA_ANALYSIS.MERGE_METRICS
2024-10-21 18:00:45 [runtime] (ready)           ID.Spatial_3.SPATIAL_RNA_COUNTER_CS.SPATIAL_RNA_COUNTER._BASIC_SPATIAL_RNA_COUNTER.MULTI_WRITE_PER_SAMPLE_MATRICES
2024-10-21 18:00:45 [runtime] (ready)           ID.Spatial_3.SPATIAL_RNA_COUNTER_CS.SPATIAL_RNA_COUNTER._BASIC_SPATIAL_RNA_COUNTER._ASSIGN_TAGS.MERGE_METRICS
2024-10-21 18:01:34 [runtime] (chunks_complete) ID.Spatial_3.SPATIAL_RNA_COUNTER_CS.SPATIAL_RNA_COUNTER.RUN_SPATIAL_ENRICHMENT
2024-10-21 18:01:34 [runtime] (run:local)       ID.Spatial_3.SPATIAL_RNA_COUNTER_CS.SPATIAL_RNA_COUNTER.RUN_SPATIAL_ENRICHMENT.fork0.join
2024-10-21 18:01:36 [runtime] (join_complete)   ID.Spatial_3.SPATIAL_RNA_COUNTER_CS.SPATIAL_RNA_COUNTER.SPATIAL_RNA_ANALYZER.PREPROCESS_MATRIX
2024-10-21 18:01:36 [runtime] (ready)           ID.Spatial_3.SPATIAL_RNA_COUNTER_CS.SPATIAL_RNA_COUNTER.SPATIAL_RNA_ANALYZER._ANTIGEN_ANALYZER.SUMMARIZE_ANTIBODY_ANALYSIS
2024-10-21 18:01:36 [runtime] (ready)           ID.Spatial_3.SPATIAL_RNA_COUNTER_CS.SPATIAL_RNA_COUNTER.SPATIAL_RNA_ANALYZER._ANTIBODY_ANALYZER.SUMMARIZE_ANTIBODY_ANALYSIS
2024-10-21 18:01:36 [runtime] (ready)           ID.Spatial_3.SPATIAL_RNA_COUNTER_CS.SPATIAL_RNA_COUNTER.SPATIAL_RNA_ANALYZER._ANTIBODY_ANALYZER.CALL_ANTIBODIES
2024-10-21 18:01:36 [runtime] (ready)           ID.Spatial_3.SPATIAL_RNA_COUNTER_CS.SPATIAL_RNA_COUNTER.SPATIAL_RNA_ANALYZER.RUN_BATCH_CORRECTION_PCA.PCA_PREP
2024-10-21 18:01:36 [runtime] (ready)           ID.Spatial_3.SPATIAL_RNA_COUNTER_CS.SPATIAL_RNA_COUNTER.SPATIAL_RNA_ANALYZER.RUN_MULTIGENOME_ANALYSIS
2024-10-21 18:01:36 [runtime] (ready)           ID.Spatial_3.SPATIAL_RNA_COUNTER_CS.SPATIAL_RNA_COUNTER.SPATIAL_RNA_ANALYZER._ANTIGEN_ANALYZER.CALL_ANTIBODIES
2024-10-21 18:01:36 [runtime] (ready)           ID.Spatial_3.SPATIAL_RNA_COUNTER_CS.SPATIAL_RNA_COUNTER.SPATIAL_RNA_ANALYZER.RUN_BATCH_CORRECTION_PCA.RUN_PCA2
2024-10-21 18:01:36 [runtime] (ready)           ID.Spatial_3.SPATIAL_RNA_COUNTER_CS.SPATIAL_RNA_COUNTER.SPATIAL_RNA_ANALYZER.RUN_BATCH_CORRECTION_PCA.POST_PCA
2024-10-21 18:01:36 [runtime] (ready)           ID.Spatial_3.SPATIAL_RNA_COUNTER_CS.SPATIAL_RNA_COUNTER.SPATIAL_RNA_ANALYZER.CORRECT_CHEMISTRY_BATCH
2024-10-21 18:01:36 [runtime] (ready)           ID.Spatial_3.SPATIAL_RNA_COUNTER_CS.SPATIAL_RNA_COUNTER.SPATIAL_RNA_ANALYZER.RUN_PCA
2024-10-21 18:01:36 [runtime] (run:local)       ID.Spatial_3.SPATIAL_RNA_COUNTER_CS.SPATIAL_RNA_COUNTER.SPATIAL_RNA_ANALYZER.RUN_PCA.fork0.split
2024-10-21 18:01:37 [runtime] (split_complete)  ID.Spatial_3.SPATIAL_RNA_COUNTER_CS.SPATIAL_RNA_COUNTER._BASIC_SPATIAL_RNA_COUNTER._CELLS_REPORTER.SUBSAMPLE_READS
2024-10-21 18:01:37 [runtime] (run:local)       ID.Spatial_3.SPATIAL_RNA_COUNTER_CS.SPATIAL_RNA_COUNTER._BASIC_SPATIAL_RNA_COUNTER._CELLS_REPORTER.SUBSAMPLE_READS.fork0.chnk0.main
2024-10-21 18:01:37 [runtime] (split_complete)  ID.Spatial_3.SPATIAL_RNA_COUNTER_CS.SPATIAL_RNA_COUNTER.SPATIAL_RNA_ANALYZER.RUN_PCA
2024-10-21 18:01:37 [runtime] (run:local)       ID.Spatial_3.SPATIAL_RNA_COUNTER_CS.SPATIAL_RNA_COUNTER.SPATIAL_RNA_ANALYZER.RUN_PCA.fork0.chnk0.main
2024-10-21 18:01:38 [runtime] (join_complete)   ID.Spatial_3.SPATIAL_RNA_COUNTER_CS.SPATIAL_RNA_COUNTER.RUN_SPATIAL_ENRICHMENT
2024-10-21 18:01:38 [runtime] (ready)           ID.Spatial_3.SPATIAL_RNA_COUNTER_CS.SPATIAL_RNA_COUNTER.SPATIAL_FOLDER_COLLECTOR
2024-10-21 18:01:38 [runtime] (run:local)       ID.Spatial_3.SPATIAL_RNA_COUNTER_CS.SPATIAL_RNA_COUNTER.SPATIAL_FOLDER_COLLECTOR.fork0.chnk0.main
2024-10-21 18:02:47 [runtime] (chunks_complete) ID.Spatial_3.SPATIAL_RNA_COUNTER_CS.SPATIAL_RNA_COUNTER.SPATIAL_FOLDER_COLLECTOR
2024-10-21 18:02:47 [runtime] (ready)           ID.Spatial_3.SPATIAL_RNA_COUNTER_CS.SPATIAL_RNA_COUNTER.HD_WEBSUMMARY_BUILDER.CREATE_HD_WEBSUMMARY_IMAGE
2024-10-21 18:02:47 [runtime] (ready)           ID.Spatial_3.SPATIAL_RNA_COUNTER_CS.SPATIAL_RNA_COUNTER.HD_WEBSUMMARY_BUILDER.BUILD_HD_CLUSTERING_PLOT
2024-10-21 18:02:47 [runtime] (ready)           ID.Spatial_3.SPATIAL_RNA_COUNTER_CS.SPATIAL_RNA_COUNTER.HD_WEBSUMMARY_BUILDER.BUILD_HD_END_TO_END_ALIGNMENT
2024-10-21 18:02:49 [runtime] (chunks_complete) ID.Spatial_3.SPATIAL_RNA_COUNTER_CS.SPATIAL_RNA_COUNTER._BASIC_SPATIAL_RNA_COUNTER._CELLS_REPORTER.SUBSAMPLE_READS
2024-10-21 18:02:49 [runtime] (run:local)       ID.Spatial_3.SPATIAL_RNA_COUNTER_CS.SPATIAL_RNA_COUNTER._BASIC_SPATIAL_RNA_COUNTER._CELLS_REPORTER.SUBSAMPLE_READS.fork0.join
2024-10-21 18:02:50 [runtime] (chunks_complete) ID.Spatial_3.SPATIAL_RNA_COUNTER_CS.SPATIAL_RNA_COUNTER.SPATIAL_RNA_ANALYZER.RUN_PCA
2024-10-21 18:02:50 [runtime] (run:local)       ID.Spatial_3.SPATIAL_RNA_COUNTER_CS.SPATIAL_RNA_COUNTER.SPATIAL_RNA_ANALYZER.RUN_PCA.fork0.join
2024-10-21 18:02:50 [runtime] (join_complete)   ID.Spatial_3.SPATIAL_RNA_COUNTER_CS.SPATIAL_RNA_COUNTER.SPATIAL_RNA_ANALYZER.RUN_PCA
2024-10-21 18:02:50 [runtime] (ready)           ID.Spatial_3.SPATIAL_RNA_COUNTER_CS.SPATIAL_RNA_COUNTER.SPATIAL_RNA_ANALYZER.RUN_KMEANS
2024-10-21 18:02:50 [runtime] (run:local)       ID.Spatial_3.SPATIAL_RNA_COUNTER_CS.SPATIAL_RNA_COUNTER.SPATIAL_RNA_ANALYZER.RUN_KMEANS.fork0.split
2024-10-21 18:02:50 [runtime] (ready)           ID.Spatial_3.SPATIAL_RNA_COUNTER_CS.SPATIAL_RNA_COUNTER.SPATIAL_RNA_ANALYZER.RUN_UMAP
2024-10-21 18:02:50 [runtime] (run:local)       ID.Spatial_3.SPATIAL_RNA_COUNTER_CS.SPATIAL_RNA_COUNTER.SPATIAL_RNA_ANALYZER.RUN_UMAP.fork0.split
2024-10-21 18:02:50 [runtime] (ready)           ID.Spatial_3.SPATIAL_RNA_COUNTER_CS.SPATIAL_RNA_COUNTER.SPATIAL_RNA_ANALYZER.RUN_GRAPH_CLUSTERING
2024-10-21 18:02:50 [runtime] (run:local)       ID.Spatial_3.SPATIAL_RNA_COUNTER_CS.SPATIAL_RNA_COUNTER.SPATIAL_RNA_ANALYZER.RUN_GRAPH_CLUSTERING.fork0.split
2024-10-21 18:02:50 [runtime] (ready)           ID.Spatial_3.SPATIAL_RNA_COUNTER_CS.SPATIAL_RNA_COUNTER.SPATIAL_RNA_ANALYZER.RUN_TSNE
2024-10-21 18:02:50 [runtime] (run:local)       ID.Spatial_3.SPATIAL_RNA_COUNTER_CS.SPATIAL_RNA_COUNTER.SPATIAL_RNA_ANALYZER.RUN_TSNE.fork0.split
2024-10-21 18:02:50 [runtime] (split_complete)  ID.Spatial_3.SPATIAL_RNA_COUNTER_CS.SPATIAL_RNA_COUNTER.SPATIAL_RNA_ANALYZER.RUN_TSNE
2024-10-21 18:02:50 [runtime] (run:local)       ID.Spatial_3.SPATIAL_RNA_COUNTER_CS.SPATIAL_RNA_COUNTER.SPATIAL_RNA_ANALYZER.RUN_TSNE.fork0.chnk0.main
2024-10-21 18:02:50 [runtime] (split_complete)  ID.Spatial_3.SPATIAL_RNA_COUNTER_CS.SPATIAL_RNA_COUNTER.SPATIAL_RNA_ANALYZER.RUN_GRAPH_CLUSTERING
2024-10-21 18:02:50 [runtime] (run:local)       ID.Spatial_3.SPATIAL_RNA_COUNTER_CS.SPATIAL_RNA_COUNTER.SPATIAL_RNA_ANALYZER.RUN_GRAPH_CLUSTERING.fork0.chnk0.main
2024-10-21 18:02:50 [runtime] (split_complete)  ID.Spatial_3.SPATIAL_RNA_COUNTER_CS.SPATIAL_RNA_COUNTER.SPATIAL_RNA_ANALYZER.RUN_UMAP
2024-10-21 18:02:50 [runtime] (run:local)       ID.Spatial_3.SPATIAL_RNA_COUNTER_CS.SPATIAL_RNA_COUNTER.SPATIAL_RNA_ANALYZER.RUN_UMAP.fork0.chnk0.main
2024-10-21 18:02:50 [runtime] (chunks_complete) ID.Spatial_3.SPATIAL_RNA_COUNTER_CS.SPATIAL_RNA_COUNTER._BASIC_SPATIAL_RNA_COUNTER.WRITE_POS_BAM
2024-10-21 18:02:50 [runtime] (run:local)       ID.Spatial_3.SPATIAL_RNA_COUNTER_CS.SPATIAL_RNA_COUNTER._BASIC_SPATIAL_RNA_COUNTER.WRITE_POS_BAM.fork0.join
2024-10-21 18:02:51 [runtime] (chunks_complete) ID.Spatial_3.SPATIAL_RNA_COUNTER_CS.SPATIAL_RNA_COUNTER.SPATIAL_RNA_ANALYZER.RUN_GRAPH_CLUSTERING
2024-10-21 18:02:51 [runtime] (run:local)       ID.Spatial_3.SPATIAL_RNA_COUNTER_CS.SPATIAL_RNA_COUNTER.SPATIAL_RNA_ANALYZER.RUN_GRAPH_CLUSTERING.fork0.join
2024-10-21 18:02:51 [runtime] (join_complete)   ID.Spatial_3.SPATIAL_RNA_COUNTER_CS.SPATIAL_RNA_COUNTER._BASIC_SPATIAL_RNA_COUNTER._CELLS_REPORTER.SUBSAMPLE_READS
2024-10-21 18:02:51 [runtime] (chunks_complete) ID.Spatial_3.SPATIAL_RNA_COUNTER_CS.SPATIAL_RNA_COUNTER.SPATIAL_RNA_ANALYZER.RUN_TSNE
2024-10-21 18:02:51 [runtime] (run:local)       ID.Spatial_3.SPATIAL_RNA_COUNTER_CS.SPATIAL_RNA_COUNTER.SPATIAL_RNA_ANALYZER.RUN_TSNE.fork0.join
2024-10-21 18:02:51 [runtime] (ready)           ID.Spatial_3.SPATIAL_RNA_COUNTER_CS.SPATIAL_RNA_COUNTER._BASIC_SPATIAL_RNA_COUNTER._CELLS_REPORTER.SUMMARIZE_BASIC_REPORTS
2024-10-21 18:02:51 [runtime] (run:local)       ID.Spatial_3.SPATIAL_RNA_COUNTER_CS.SPATIAL_RNA_COUNTER._BASIC_SPATIAL_RNA_COUNTER._CELLS_REPORTER.SUMMARIZE_BASIC_REPORTS.fork0.split
2024-10-21 18:02:51 [runtime] (split_complete)  ID.Spatial_3.SPATIAL_RNA_COUNTER_CS.SPATIAL_RNA_COUNTER.SPATIAL_RNA_ANALYZER.RUN_KMEANS
2024-10-21 18:02:51 [runtime] (run:local)       ID.Spatial_3.SPATIAL_RNA_COUNTER_CS.SPATIAL_RNA_COUNTER.SPATIAL_RNA_ANALYZER.RUN_KMEANS.fork0.chnk0.main
2024-10-21 18:02:51 [runtime] (run:local)       ID.Spatial_3.SPATIAL_RNA_COUNTER_CS.SPATIAL_RNA_COUNTER.SPATIAL_RNA_ANALYZER.RUN_KMEANS.fork0.chnk1.main
2024-10-21 18:02:51 [runtime] (run:local)       ID.Spatial_3.SPATIAL_RNA_COUNTER_CS.SPATIAL_RNA_COUNTER.SPATIAL_RNA_ANALYZER.RUN_KMEANS.fork0.chnk2.main
2024-10-21 18:02:51 [runtime] (run:local)       ID.Spatial_3.SPATIAL_RNA_COUNTER_CS.SPATIAL_RNA_COUNTER.SPATIAL_RNA_ANALYZER.RUN_KMEANS.fork0.chnk3.main
2024-10-21 18:02:51 [runtime] (run:local)       ID.Spatial_3.SPATIAL_RNA_COUNTER_CS.SPATIAL_RNA_COUNTER.SPATIAL_RNA_ANALYZER.RUN_KMEANS.fork0.chnk4.main
2024-10-21 18:02:51 [runtime] (run:local)       ID.Spatial_3.SPATIAL_RNA_COUNTER_CS.SPATIAL_RNA_COUNTER.SPATIAL_RNA_ANALYZER.RUN_KMEANS.fork0.chnk5.main
2024-10-21 18:02:51 [runtime] (run:local)       ID.Spatial_3.SPATIAL_RNA_COUNTER_CS.SPATIAL_RNA_COUNTER.SPATIAL_RNA_ANALYZER.RUN_KMEANS.fork0.chnk6.main
2024-10-21 18:02:51 [runtime] (run:local)       ID.Spatial_3.SPATIAL_RNA_COUNTER_CS.SPATIAL_RNA_COUNTER.SPATIAL_RNA_ANALYZER.RUN_KMEANS.fork0.chnk7.main
2024-10-21 18:02:51 [runtime] (run:local)       ID.Spatial_3.SPATIAL_RNA_COUNTER_CS.SPATIAL_RNA_COUNTER.SPATIAL_RNA_ANALYZER.RUN_KMEANS.fork0.chnk8.main
2024-10-21 18:02:54 [runtime] (chunks_complete) ID.Spatial_3.SPATIAL_RNA_COUNTER_CS.SPATIAL_RNA_COUNTER.SPATIAL_RNA_ANALYZER.RUN_UMAP
2024-10-21 18:02:54 [runtime] (run:local)       ID.Spatial_3.SPATIAL_RNA_COUNTER_CS.SPATIAL_RNA_COUNTER.SPATIAL_RNA_ANALYZER.RUN_UMAP.fork0.join
2024-10-21 18:02:54 [runtime] (join_complete)   ID.Spatial_3.SPATIAL_RNA_COUNTER_CS.SPATIAL_RNA_COUNTER.SPATIAL_RNA_ANALYZER.RUN_TSNE
2024-10-21 18:02:54 [runtime] (join_complete)   ID.Spatial_3.SPATIAL_RNA_COUNTER_CS.SPATIAL_RNA_COUNTER.SPATIAL_RNA_ANALYZER.RUN_GRAPH_CLUSTERING
2024-10-21 18:02:54 [runtime] (ready)           ID.Spatial_3.SPATIAL_RNA_COUNTER_CS.SPATIAL_RNA_COUNTER.SPATIAL_RNA_ANALYZER.RUN_HIERARCHICAL_CLUSTERING
2024-10-21 18:02:55 [runtime] (split_complete)  ID.Spatial_3.SPATIAL_RNA_COUNTER_CS.SPATIAL_RNA_COUNTER._BASIC_SPATIAL_RNA_COUNTER._CELLS_REPORTER.SUMMARIZE_BASIC_REPORTS
2024-10-21 18:02:55 [runtime] (run:local)       ID.Spatial_3.SPATIAL_RNA_COUNTER_CS.SPATIAL_RNA_COUNTER._BASIC_SPATIAL_RNA_COUNTER._CELLS_REPORTER.SUMMARIZE_BASIC_REPORTS.fork0.join
2024-10-21 18:02:57 [runtime] (join_complete)   ID.Spatial_3.SPATIAL_RNA_COUNTER_CS.SPATIAL_RNA_COUNTER.SPATIAL_RNA_ANALYZER.RUN_UMAP
2024-10-21 18:02:58 [runtime] (chunks_complete) ID.Spatial_3.SPATIAL_RNA_COUNTER_CS.SPATIAL_RNA_COUNTER.SPATIAL_RNA_ANALYZER.RUN_KMEANS
2024-10-21 18:02:58 [runtime] (run:local)       ID.Spatial_3.SPATIAL_RNA_COUNTER_CS.SPATIAL_RNA_COUNTER.SPATIAL_RNA_ANALYZER.RUN_KMEANS.fork0.join
2024-10-21 18:03:00 [runtime] (join_complete)   ID.Spatial_3.SPATIAL_RNA_COUNTER_CS.SPATIAL_RNA_COUNTER._BASIC_SPATIAL_RNA_COUNTER._CELLS_REPORTER.SUMMARIZE_BASIC_REPORTS
2024-10-21 18:03:01 [runtime] (ready)           ID.Spatial_3.SPATIAL_RNA_COUNTER_CS.SPATIAL_RNA_COUNTER._BASIC_SPATIAL_RNA_COUNTER.MERGE_METRICS
2024-10-21 18:03:01 [runtime] (run:local)       ID.Spatial_3.SPATIAL_RNA_COUNTER_CS.SPATIAL_RNA_COUNTER._BASIC_SPATIAL_RNA_COUNTER.MERGE_METRICS.fork0.chnk0.main
2024-10-21 18:03:01 [runtime] (chunks_complete) ID.Spatial_3.SPATIAL_RNA_COUNTER_CS.SPATIAL_RNA_COUNTER._BASIC_SPATIAL_RNA_COUNTER.MERGE_METRICS
2024-10-21 18:03:01 [runtime] (ready)           ID.Spatial_3.SPATIAL_RNA_COUNTER_CS.SPATIAL_RNA_COUNTER._TARGETED_ANALYZER.CALCULATE_TARGETED_METRICS
2024-10-21 18:03:01 [runtime] (ready)           ID.Spatial_3.SPATIAL_RNA_COUNTER_CS.SPATIAL_RNA_COUNTER._TARGETED_ANALYZER.MERGE_METRICS
2024-10-21 18:03:01 [runtime] (ready)           ID.Spatial_3.SPATIAL_RNA_COUNTER_CS.SPATIAL_RNA_COUNTER.BIN_HD_DATA._BIN_HD_DATA.MERGE_BIN_METRICS
2024-10-21 18:03:01 [runtime] (join_complete)   ID.Spatial_3.SPATIAL_RNA_COUNTER_CS.SPATIAL_RNA_COUNTER.SPATIAL_RNA_ANALYZER.RUN_KMEANS
2024-10-21 18:03:01 [runtime] (ready)           ID.Spatial_3.SPATIAL_RNA_COUNTER_CS.SPATIAL_RNA_COUNTER.SPATIAL_RNA_ANALYZER.COMBINE_CLUSTERING
2024-10-21 18:03:01 [runtime] (run:local)       ID.Spatial_3.SPATIAL_RNA_COUNTER_CS.SPATIAL_RNA_COUNTER.SPATIAL_RNA_ANALYZER.COMBINE_CLUSTERING.fork0.chnk0.main
2024-10-21 18:03:02 [runtime] (chunks_complete) ID.Spatial_3.SPATIAL_RNA_COUNTER_CS.SPATIAL_RNA_COUNTER.SPATIAL_RNA_ANALYZER.COMBINE_CLUSTERING
2024-10-21 18:03:02 [runtime] (ready)           ID.Spatial_3.SPATIAL_RNA_COUNTER_CS.SPATIAL_RNA_COUNTER.SPATIAL_RNA_ANALYZER.RUN_DIFFERENTIAL_EXPRESSION
2024-10-21 18:03:02 [runtime] (run:local)       ID.Spatial_3.SPATIAL_RNA_COUNTER_CS.SPATIAL_RNA_COUNTER.SPATIAL_RNA_ANALYZER.RUN_DIFFERENTIAL_EXPRESSION.fork0.split
2024-10-21 18:03:02 [runtime] (split_complete)  ID.Spatial_3.SPATIAL_RNA_COUNTER_CS.SPATIAL_RNA_COUNTER.SPATIAL_RNA_ANALYZER.RUN_DIFFERENTIAL_EXPRESSION
2024-10-21 18:03:02 [runtime] (run:local)       ID.Spatial_3.SPATIAL_RNA_COUNTER_CS.SPATIAL_RNA_COUNTER.SPATIAL_RNA_ANALYZER.RUN_DIFFERENTIAL_EXPRESSION.fork0.chnk0.main
2024-10-21 18:03:02 [runtime] (run:local)       ID.Spatial_3.SPATIAL_RNA_COUNTER_CS.SPATIAL_RNA_COUNTER.SPATIAL_RNA_ANALYZER.RUN_DIFFERENTIAL_EXPRESSION.fork0.chnk1.main
2024-10-21 18:03:02 [runtime] (run:local)       ID.Spatial_3.SPATIAL_RNA_COUNTER_CS.SPATIAL_RNA_COUNTER.SPATIAL_RNA_ANALYZER.RUN_DIFFERENTIAL_EXPRESSION.fork0.chnk2.main
2024-10-21 18:03:02 [runtime] (run:local)       ID.Spatial_3.SPATIAL_RNA_COUNTER_CS.SPATIAL_RNA_COUNTER.SPATIAL_RNA_ANALYZER.RUN_DIFFERENTIAL_EXPRESSION.fork0.chnk3.main
2024-10-21 18:03:02 [runtime] (run:local)       ID.Spatial_3.SPATIAL_RNA_COUNTER_CS.SPATIAL_RNA_COUNTER.SPATIAL_RNA_ANALYZER.RUN_DIFFERENTIAL_EXPRESSION.fork0.chnk4.main
2024-10-21 18:03:02 [runtime] (run:local)       ID.Spatial_3.SPATIAL_RNA_COUNTER_CS.SPATIAL_RNA_COUNTER.SPATIAL_RNA_ANALYZER.RUN_DIFFERENTIAL_EXPRESSION.fork0.chnk5.main
2024-10-21 18:03:02 [runtime] (run:local)       ID.Spatial_3.SPATIAL_RNA_COUNTER_CS.SPATIAL_RNA_COUNTER.SPATIAL_RNA_ANALYZER.RUN_DIFFERENTIAL_EXPRESSION.fork0.chnk6.main
2024-10-21 18:03:02 [runtime] (run:local)       ID.Spatial_3.SPATIAL_RNA_COUNTER_CS.SPATIAL_RNA_COUNTER.SPATIAL_RNA_ANALYZER.RUN_DIFFERENTIAL_EXPRESSION.fork0.chnk7.main
2024-10-21 18:03:26 [runtime] (chunks_complete) ID.Spatial_3.SPATIAL_RNA_COUNTER_CS.SPATIAL_RNA_COUNTER.SPATIAL_RNA_ANALYZER.RUN_DIFFERENTIAL_EXPRESSION
2024-10-21 18:03:26 [runtime] (run:local)       ID.Spatial_3.SPATIAL_RNA_COUNTER_CS.SPATIAL_RNA_COUNTER.SPATIAL_RNA_ANALYZER.RUN_DIFFERENTIAL_EXPRESSION.fork0.join
2024-10-21 18:03:27 [runtime] (join_complete)   ID.Spatial_3.SPATIAL_RNA_COUNTER_CS.SPATIAL_RNA_COUNTER.SPATIAL_RNA_ANALYZER.RUN_DIFFERENTIAL_EXPRESSION
2024-10-21 18:03:27 [runtime] (ready)           ID.Spatial_3.SPATIAL_RNA_COUNTER_CS.SPATIAL_RNA_COUNTER.SPATIAL_RNA_ANALYZER.SUMMARIZE_ANALYSIS
2024-10-21 18:03:27 [runtime] (run:local)       ID.Spatial_3.SPATIAL_RNA_COUNTER_CS.SPATIAL_RNA_COUNTER.SPATIAL_RNA_ANALYZER.SUMMARIZE_ANALYSIS.fork0.split
2024-10-21 18:03:27 [runtime] (split_complete)  ID.Spatial_3.SPATIAL_RNA_COUNTER_CS.SPATIAL_RNA_COUNTER.SPATIAL_RNA_ANALYZER.SUMMARIZE_ANALYSIS
2024-10-21 18:03:27 [runtime] (run:local)       ID.Spatial_3.SPATIAL_RNA_COUNTER_CS.SPATIAL_RNA_COUNTER.SPATIAL_RNA_ANALYZER.SUMMARIZE_ANALYSIS.fork0.chnk0.main
2024-10-21 18:03:28 [runtime] (chunks_complete) ID.Spatial_3.SPATIAL_RNA_COUNTER_CS.SPATIAL_RNA_COUNTER.SPATIAL_RNA_ANALYZER.SUMMARIZE_ANALYSIS
2024-10-21 18:03:28 [runtime] (run:local)       ID.Spatial_3.SPATIAL_RNA_COUNTER_CS.SPATIAL_RNA_COUNTER.SPATIAL_RNA_ANALYZER.SUMMARIZE_ANALYSIS.fork0.join
2024-10-21 18:03:28 [runtime] (join_complete)   ID.Spatial_3.SPATIAL_RNA_COUNTER_CS.SPATIAL_RNA_COUNTER.SPATIAL_RNA_ANALYZER.SUMMARIZE_ANALYSIS
2024-10-21 18:03:28 [runtime] (ready)           ID.Spatial_3.SPATIAL_RNA_COUNTER_CS.SPATIAL_RNA_COUNTER.SPATIAL_REPORTER
2024-10-21 18:03:28 [runtime] (run:local)       ID.Spatial_3.SPATIAL_RNA_COUNTER_CS.SPATIAL_RNA_COUNTER.SPATIAL_REPORTER.fork0.split
2024-10-21 18:03:28 [runtime] (ready)           ID.Spatial_3.SPATIAL_RNA_COUNTER_CS.SPATIAL_RNA_COUNTER.DECONVOLVE_SPOTS
2024-10-21 18:03:28 [runtime] (run:local)       ID.Spatial_3.SPATIAL_RNA_COUNTER_CS.SPATIAL_RNA_COUNTER.DECONVOLVE_SPOTS.fork0.split
2024-10-21 18:03:30 [runtime] (split_complete)  ID.Spatial_3.SPATIAL_RNA_COUNTER_CS.SPATIAL_RNA_COUNTER.SPATIAL_REPORTER
2024-10-21 18:03:30 [runtime] (run:local)       ID.Spatial_3.SPATIAL_RNA_COUNTER_CS.SPATIAL_RNA_COUNTER.SPATIAL_REPORTER.fork0.join
2024-10-21 18:03:31 [runtime] (split_complete)  ID.Spatial_3.SPATIAL_RNA_COUNTER_CS.SPATIAL_RNA_COUNTER.DECONVOLVE_SPOTS
2024-10-21 18:03:31 [runtime] (run:local)       ID.Spatial_3.SPATIAL_RNA_COUNTER_CS.SPATIAL_RNA_COUNTER.DECONVOLVE_SPOTS.fork0.join
2024-10-21 18:03:35 [runtime] (join_complete)   ID.Spatial_3.SPATIAL_RNA_COUNTER_CS.SPATIAL_RNA_COUNTER.SPATIAL_REPORTER
2024-10-21 18:03:35 [runtime] (ready)           ID.Spatial_3.SPATIAL_RNA_COUNTER_CS.SPATIAL_RNA_COUNTER.HD_WEBSUMMARY_BUILDER.GENERATE_HD_WEBSUMMARY_CS
2024-10-21 18:03:35 [runtime] (ready)           ID.Spatial_3.SPATIAL_RNA_COUNTER_CS.PICK_SPATIAL_COUNTER_OUTS
2024-10-21 18:03:35 [runtime] (run:local)       ID.Spatial_3.SPATIAL_RNA_COUNTER_CS.PICK_SPATIAL_COUNTER_OUTS.fork0.chnk0.main
2024-10-21 18:03:35 [runtime] (chunks_complete) ID.Spatial_3.SPATIAL_RNA_COUNTER_CS.PICK_SPATIAL_COUNTER_OUTS
2024-10-21 18:04:03 [runtime] (join_complete)   ID.Spatial_3.SPATIAL_RNA_COUNTER_CS.SPATIAL_RNA_COUNTER._BASIC_SPATIAL_RNA_COUNTER.WRITE_POS_BAM
2024-10-21 18:04:11 [runtime] (join_complete)   ID.Spatial_3.SPATIAL_RNA_COUNTER_CS.SPATIAL_RNA_COUNTER.DECONVOLVE_SPOTS
2024-10-21 18:04:11 [runtime] (ready)           ID.Spatial_3.SPATIAL_RNA_COUNTER_CS.CLOUPE_PREPROCESS
2024-10-21 18:04:11 [runtime] (run:local)       ID.Spatial_3.SPATIAL_RNA_COUNTER_CS.CLOUPE_PREPROCESS.fork0.split
2024-10-21 18:04:12 [runtime] (split_complete)  ID.Spatial_3.SPATIAL_RNA_COUNTER_CS.CLOUPE_PREPROCESS
2024-10-21 18:04:12 [runtime] (run:local)       ID.Spatial_3.SPATIAL_RNA_COUNTER_CS.CLOUPE_PREPROCESS.fork0.chnk0.main
2024-10-21 18:04:41 [runtime] (chunks_complete) ID.Spatial_3.SPATIAL_RNA_COUNTER_CS.CLOUPE_PREPROCESS
2024-10-21 18:04:41 [runtime] (run:local)       ID.Spatial_3.SPATIAL_RNA_COUNTER_CS.CLOUPE_PREPROCESS.fork0.join
2024-10-21 18:04:42 [runtime] (join_complete)   ID.Spatial_3.SPATIAL_RNA_COUNTER_CS.CLOUPE_PREPROCESS

Outputs:
- Run summary HTML:                                  /storage/gge/Quique/Cells2SpineData/Pilot/spatial/matrices/Spatial_3/outs/web_summary.html
- Outputs of spatial pipeline:
    Slide image annotated with fiducial alignment:                             /storage/gge/Quique/Cells2SpineData/Pilot/spatial/matrices/Spatial_3/outs/spatial/aligned_fiducials.jpg
    Slide image annotated with detected tissue:                                /storage/gge/Quique/Cells2SpineData/Pilot/spatial/matrices/Spatial_3/outs/spatial/detected_tissue_image.jpg
    Scale factors for hires and lowres images and fiducial and spot diameters: /storage/gge/Quique/Cells2SpineData/Pilot/spatial/matrices/Spatial_3/outs/spatial/scalefactors_json.json
    Transform learned in tissue registration:                                  null
    Slide image scaled to 2000px in the largest dimension:                     /storage/gge/Quique/Cells2SpineData/Pilot/spatial/matrices/Spatial_3/outs/spatial/tissue_hires_image.png
    Slide image scaled to 600px in the largest dimension:                      /storage/gge/Quique/Cells2SpineData/Pilot/spatial/matrices/Spatial_3/outs/spatial/tissue_lowres_image.png
    RGB brightfield image generated by CytAssist instrument:                   null
    Registration image between CytAssist image and microscope image:           null
    Slide position and tissue status of barcodes CSV:                          /storage/gge/Quique/Cells2SpineData/Pilot/spatial/matrices/Spatial_3/outs/spatial/tissue_positions.csv
    Slide position and tissue status of barcodes PARQUET:                      null
    Per feature Moran's I CSV:                                                 /storage/gge/Quique/Cells2SpineData/Pilot/spatial/matrices/Spatial_3/outs/spatial/spatial_enrichment.csv
    Fluorescence intensity at spot CSV:                                        null
- Run summary CSV:                                   /storage/gge/Quique/Cells2SpineData/Pilot/spatial/matrices/Spatial_3/outs/metrics_summary.csv
- BAM:                                               /storage/gge/Quique/Cells2SpineData/Pilot/spatial/matrices/Spatial_3/outs/possorted_genome_bam.bam
- BAM BAI index:                                     /storage/gge/Quique/Cells2SpineData/Pilot/spatial/matrices/Spatial_3/outs/possorted_genome_bam.bam.bai
- BAM CSI index:                                     null
- Filtered feature-barcode matrices MEX:             /storage/gge/Quique/Cells2SpineData/Pilot/spatial/matrices/Spatial_3/outs/filtered_feature_bc_matrix
- Filtered feature-barcode matrices HDF5:            /storage/gge/Quique/Cells2SpineData/Pilot/spatial/matrices/Spatial_3/outs/filtered_feature_bc_matrix.h5
- Unfiltered feature-barcode matrices MEX:           /storage/gge/Quique/Cells2SpineData/Pilot/spatial/matrices/Spatial_3/outs/raw_feature_bc_matrix
- Unfiltered feature-barcode matrices HDF5:          /storage/gge/Quique/Cells2SpineData/Pilot/spatial/matrices/Spatial_3/outs/raw_feature_bc_matrix.h5
- Secondary analysis output CSV:                     /storage/gge/Quique/Cells2SpineData/Pilot/spatial/matrices/Spatial_3/outs/analysis
- Per-molecule read information:                     /storage/gge/Quique/Cells2SpineData/Pilot/spatial/matrices/Spatial_3/outs/molecule_info.h5
- Loupe Browser file:                                /storage/gge/Quique/Cells2SpineData/Pilot/spatial/matrices/Spatial_3/outs/cloupe.cloupe
- Feature Reference:                                 null
- Target Panel file:                                 null
- Probe Set file:                                    null
- Normalization factors used to normalize AB counts: null
- Deconvolution directory:                           /storage/gge/Quique/Cells2SpineData/Pilot/spatial/matrices/Spatial_3/outs/deconvolution
- Raw probe barcode matrix:                          null
- Feature Slice matrix:                              null
- Outputs at each bin level:                         null
- Loupe Browser file (8um bin size):                 null
- Loupe Browser file (custom bin size):              null

Waiting 6 seconds for UI to do final refresh.
Pipestance completed successfully!

2024-10-21 18:04:49 Shutting down.
Saving pipestance info to "/storage/gge/Quique/Cells2SpineData/Pilot/spatial/matrices/Spatial_3/Spatial_3.mri.tgz"
Processing single-cell sample: Spatial_4
Martian Runtime - v4.0.12
Serving UI at http://osd02:42051?auth=uGSNIF1AfhEPBkhiThXoYG5G6jJRz0ZeXvyvCoz9OpY

Running preflight checks (please wait)...
Checking sample info...
Checking FASTQ folder...
Checking reference...
Checking reference_path (/storage/gge/Quique/rat_reference/correct_output) on osd02...
Checking optional arguments...
mro: v4.0.12
mrp: v4.0.12
python: Python 3.10.8
numpy: 1.24.4
scipy: 1.10.1
pysam: 0.21.0
h5py: 3.9.0
pandas: 2.1.4
STAR: 2.7.2a
samtools: samtools 1.16.1
2024-10-21 18:05:10 [runtime] (ready)           ID.Spatial_4.SPATIAL_RNA_COUNTER_CS.SPATIAL_RNA_COUNTER.DISABLE_FEATURE_STAGES
2024-10-21 18:05:10 [runtime] (run:local)       ID.Spatial_4.SPATIAL_RNA_COUNTER_CS.SPATIAL_RNA_COUNTER.DISABLE_FEATURE_STAGES.fork0.chnk0.main
2024-10-21 18:05:10 [runtime] (ready)           ID.Spatial_4.SPATIAL_RNA_COUNTER_CS.SPATIAL_RNA_COUNTER.WRITE_GENE_INDEX
2024-10-21 18:05:10 [runtime] (run:local)       ID.Spatial_4.SPATIAL_RNA_COUNTER_CS.SPATIAL_RNA_COUNTER.WRITE_GENE_INDEX.fork0.chnk0.main
2024-10-21 18:05:10 [runtime] (ready)           ID.Spatial_4.SPATIAL_RNA_COUNTER_CS.SPATIAL_RNA_COUNTER._BASIC_SPATIAL_RNA_COUNTER._MATRIX_COMPUTER.DISABLE_CORRECTION_FACTOR
2024-10-21 18:05:10 [runtime] (run:local)       ID.Spatial_4.SPATIAL_RNA_COUNTER_CS.SPATIAL_RNA_COUNTER._BASIC_SPATIAL_RNA_COUNTER._MATRIX_COMPUTER.DISABLE_CORRECTION_FACTOR.fork0.chnk0.main
2024-10-21 18:05:10 [runtime] (ready)           ID.Spatial_4.SPATIAL_RNA_COUNTER_CS.SPATIAL_RNA_COUNTER_PREP.COPY_CHEMISTRY_SPEC
2024-10-21 18:05:10 [runtime] (run:local)       ID.Spatial_4.SPATIAL_RNA_COUNTER_CS.SPATIAL_RNA_COUNTER_PREP.COPY_CHEMISTRY_SPEC.fork0.chnk0.main
2024-10-21 18:05:10 [runtime] (chunks_complete) ID.Spatial_4.SPATIAL_RNA_COUNTER_CS.SPATIAL_RNA_COUNTER_PREP.COPY_CHEMISTRY_SPEC
2024-10-21 18:05:10 [runtime] (chunks_complete) ID.Spatial_4.SPATIAL_RNA_COUNTER_CS.SPATIAL_RNA_COUNTER.DISABLE_FEATURE_STAGES
2024-10-21 18:05:10 [runtime] (ready)           ID.Spatial_4.SPATIAL_RNA_COUNTER_CS.SPATIAL_RNA_COUNTER_PREP.DETECT_CHEMISTRY
2024-10-21 18:05:10 [runtime] (run:local)       ID.Spatial_4.SPATIAL_RNA_COUNTER_CS.SPATIAL_RNA_COUNTER_PREP.DETECT_CHEMISTRY.fork0.chnk0.main
2024-10-21 18:05:10 [runtime] (chunks_complete) ID.Spatial_4.SPATIAL_RNA_COUNTER_CS.SPATIAL_RNA_COUNTER._BASIC_SPATIAL_RNA_COUNTER._MATRIX_COMPUTER.DISABLE_CORRECTION_FACTOR
2024-10-21 18:05:15 [runtime] (chunks_complete) ID.Spatial_4.SPATIAL_RNA_COUNTER_CS.SPATIAL_RNA_COUNTER_PREP.DETECT_CHEMISTRY
2024-10-21 18:05:15 [runtime] (ready)           ID.Spatial_4.SPATIAL_RNA_COUNTER_CS.SPATIAL_RNA_COUNTER_PREP.MULTI_SETUP_CHUNKS
2024-10-21 18:05:15 [runtime] (run:local)       ID.Spatial_4.SPATIAL_RNA_COUNTER_CS.SPATIAL_RNA_COUNTER_PREP.MULTI_SETUP_CHUNKS.fork0.chnk0.main
2024-10-21 18:05:15 [runtime] (chunks_complete) ID.Spatial_4.SPATIAL_RNA_COUNTER_CS.SPATIAL_RNA_COUNTER_PREP.MULTI_SETUP_CHUNKS
2024-10-21 18:05:15 [runtime] (ready)           ID.Spatial_4.SPATIAL_RNA_COUNTER_CS.SPATIAL_RNA_COUNTER.BIN_HD_DATA.SETUP_BINNING
2024-10-21 18:05:15 [runtime] (run:local)       ID.Spatial_4.SPATIAL_RNA_COUNTER_CS.SPATIAL_RNA_COUNTER.BIN_HD_DATA.SETUP_BINNING.fork0.chnk0.main
2024-10-21 18:05:15 [runtime] (ready)           ID.Spatial_4.SPATIAL_RNA_COUNTER_CS.SPATIAL_IMAGING_CS.DETERMINE_PIPELINE_MODE
2024-10-21 18:05:15 [runtime] (run:local)       ID.Spatial_4.SPATIAL_RNA_COUNTER_CS.SPATIAL_IMAGING_CS.DETERMINE_PIPELINE_MODE.fork0.chnk0.main
2024-10-21 18:05:15 [runtime] (chunks_complete) ID.Spatial_4.SPATIAL_RNA_COUNTER_CS.SPATIAL_RNA_COUNTER.BIN_HD_DATA.SETUP_BINNING
2024-10-21 18:05:15 [runtime] (chunks_complete) ID.Spatial_4.SPATIAL_RNA_COUNTER_CS.SPATIAL_IMAGING_CS.DETERMINE_PIPELINE_MODE
2024-10-21 18:05:15 [runtime] (ready)           ID.Spatial_4.SPATIAL_RNA_COUNTER_CS.SPATIAL_RNA_COUNTER.DISABLE_DECONVOLUTION
2024-10-21 18:05:15 [runtime] (run:local)       ID.Spatial_4.SPATIAL_RNA_COUNTER_CS.SPATIAL_RNA_COUNTER.DISABLE_DECONVOLUTION.fork0.chnk0.main
2024-10-21 18:05:15 [runtime] (ready)           ID.Spatial_4.SPATIAL_RNA_COUNTER_CS.SPATIAL_RNA_COUNTER.WEBSUMMARY_ALERTS
2024-10-21 18:05:15 [runtime] (run:local)       ID.Spatial_4.SPATIAL_RNA_COUNTER_CS.SPATIAL_RNA_COUNTER.WEBSUMMARY_ALERTS.fork0.chnk0.main
2024-10-21 18:05:15 [runtime] (ready)           ID.Spatial_4.SPATIAL_RNA_COUNTER_CS.SPATIAL_IMAGING_CS.STANDARDIZE_IMAGES
2024-10-21 18:05:15 [runtime] (run:local)       ID.Spatial_4.SPATIAL_RNA_COUNTER_CS.SPATIAL_IMAGING_CS.STANDARDIZE_IMAGES.fork0.split
2024-10-21 18:05:16 [runtime] (chunks_complete) ID.Spatial_4.SPATIAL_RNA_COUNTER_CS.SPATIAL_RNA_COUNTER.DISABLE_DECONVOLUTION
2024-10-21 18:05:16 [runtime] (chunks_complete) ID.Spatial_4.SPATIAL_RNA_COUNTER_CS.SPATIAL_RNA_COUNTER.WEBSUMMARY_ALERTS
2024-10-21 18:05:17 [runtime] (chunks_complete) ID.Spatial_4.SPATIAL_RNA_COUNTER_CS.SPATIAL_RNA_COUNTER.WRITE_GENE_INDEX
2024-10-21 18:05:17 [runtime] (ready)           ID.Spatial_4.SPATIAL_RNA_COUNTER_CS.SPATIAL_RNA_COUNTER.PARSE_TARGET_FEATURES
2024-10-21 18:05:17 [runtime] (run:local)       ID.Spatial_4.SPATIAL_RNA_COUNTER_CS.SPATIAL_RNA_COUNTER.PARSE_TARGET_FEATURES.fork0.chnk0.main
2024-10-21 18:05:17 [runtime] (split_complete)  ID.Spatial_4.SPATIAL_RNA_COUNTER_CS.SPATIAL_IMAGING_CS.STANDARDIZE_IMAGES
2024-10-21 18:05:17 [runtime] (run:local)       ID.Spatial_4.SPATIAL_RNA_COUNTER_CS.SPATIAL_IMAGING_CS.STANDARDIZE_IMAGES.fork0.join
2024-10-21 18:05:18 [runtime] (chunks_complete) ID.Spatial_4.SPATIAL_RNA_COUNTER_CS.SPATIAL_RNA_COUNTER.PARSE_TARGET_FEATURES
2024-10-21 18:05:18 [runtime] (ready)           ID.Spatial_4.SPATIAL_RNA_COUNTER_CS.SPATIAL_RNA_COUNTER._TARGETED_ANALYZER.DISABLE_TARGETED_STAGES
2024-10-21 18:05:18 [runtime] (ready)           ID.Spatial_4.SPATIAL_RNA_COUNTER_CS.SPATIAL_RNA_COUNTER._BASIC_SPATIAL_RNA_COUNTER._MATRIX_COMPUTER.MAKE_SHARD
2024-10-21 18:05:18 [runtime] (run:local)       ID.Spatial_4.SPATIAL_RNA_COUNTER_CS.SPATIAL_RNA_COUNTER._BASIC_SPATIAL_RNA_COUNTER._MATRIX_COMPUTER.MAKE_SHARD.fork0.split
2024-10-21 18:05:21 [runtime] (split_complete)  ID.Spatial_4.SPATIAL_RNA_COUNTER_CS.SPATIAL_RNA_COUNTER._BASIC_SPATIAL_RNA_COUNTER._MATRIX_COMPUTER.MAKE_SHARD
2024-10-21 18:05:21 [runtime] (run:local)       ID.Spatial_4.SPATIAL_RNA_COUNTER_CS.SPATIAL_RNA_COUNTER._BASIC_SPATIAL_RNA_COUNTER._MATRIX_COMPUTER.MAKE_SHARD.fork0.chnk0.main
2024-10-21 18:05:34 [runtime] (join_complete)   ID.Spatial_4.SPATIAL_RNA_COUNTER_CS.SPATIAL_IMAGING_CS.STANDARDIZE_IMAGES
2024-10-21 18:05:34 [runtime] (ready)           ID.Spatial_4.SPATIAL_RNA_COUNTER_CS.CLOUPE_TILE_IMAGES
2024-10-21 18:05:34 [runtime] (run:local)       ID.Spatial_4.SPATIAL_RNA_COUNTER_CS.CLOUPE_TILE_IMAGES.fork0.split
2024-10-21 18:05:34 [runtime] (ready)           ID.Spatial_4.SPATIAL_RNA_COUNTER_CS.SPATIAL_IMAGING_CS.LOUPE_ALIGNMENT_READER
2024-10-21 18:05:34 [runtime] (run:local)       ID.Spatial_4.SPATIAL_RNA_COUNTER_CS.SPATIAL_IMAGING_CS.LOUPE_ALIGNMENT_READER.fork0.split
2024-10-21 18:05:35 [runtime] (split_complete)  ID.Spatial_4.SPATIAL_RNA_COUNTER_CS.CLOUPE_TILE_IMAGES
2024-10-21 18:05:35 [runtime] (run:local)       ID.Spatial_4.SPATIAL_RNA_COUNTER_CS.CLOUPE_TILE_IMAGES.fork0.join
2024-10-21 18:05:36 [runtime] (split_complete)  ID.Spatial_4.SPATIAL_RNA_COUNTER_CS.SPATIAL_IMAGING_CS.LOUPE_ALIGNMENT_READER
2024-10-21 18:05:36 [runtime] (run:local)       ID.Spatial_4.SPATIAL_RNA_COUNTER_CS.SPATIAL_IMAGING_CS.LOUPE_ALIGNMENT_READER.fork0.join
2024-10-21 18:05:37 [runtime] (join_complete)   ID.Spatial_4.SPATIAL_RNA_COUNTER_CS.SPATIAL_IMAGING_CS.LOUPE_ALIGNMENT_READER
2024-10-21 18:05:37 [runtime] (ready)           ID.Spatial_4.SPATIAL_RNA_COUNTER_CS.SPATIAL_IMAGING_CS.HD_LAYOUT_READER
2024-10-21 18:05:37 [runtime] (ready)           ID.Spatial_4.SPATIAL_RNA_COUNTER_CS.SPATIAL_IMAGING_CS.GPR_READER
2024-10-21 18:05:37 [runtime] (run:local)       ID.Spatial_4.SPATIAL_RNA_COUNTER_CS.SPATIAL_IMAGING_CS.GPR_READER.fork0.chnk0.main
2024-10-21 18:05:38 [runtime] (chunks_complete) ID.Spatial_4.SPATIAL_RNA_COUNTER_CS.SPATIAL_IMAGING_CS.GPR_READER
2024-10-21 18:05:38 [runtime] (ready)           ID.Spatial_4.SPATIAL_RNA_COUNTER_CS.SPATIAL_IMAGING_CS.ALIGN_FIDUCIALS
2024-10-21 18:05:38 [runtime] (run:local)       ID.Spatial_4.SPATIAL_RNA_COUNTER_CS.SPATIAL_IMAGING_CS.ALIGN_FIDUCIALS.fork0.split
2024-10-21 18:05:40 [runtime] (split_complete)  ID.Spatial_4.SPATIAL_RNA_COUNTER_CS.SPATIAL_IMAGING_CS.ALIGN_FIDUCIALS
2024-10-21 18:05:40 [runtime] (run:local)       ID.Spatial_4.SPATIAL_RNA_COUNTER_CS.SPATIAL_IMAGING_CS.ALIGN_FIDUCIALS.fork0.join
2024-10-21 18:05:42 [runtime] (join_complete)   ID.Spatial_4.SPATIAL_RNA_COUNTER_CS.SPATIAL_IMAGING_CS.ALIGN_FIDUCIALS
2024-10-21 18:05:42 [runtime] (ready)           ID.Spatial_4.SPATIAL_RNA_COUNTER_CS.SPATIAL_IMAGING_CS.REGISTER_TISSUE
2024-10-21 18:05:42 [runtime] (ready)           ID.Spatial_4.SPATIAL_RNA_COUNTER_CS.SPATIAL_IMAGING_CS.DETECT_TISSUE
2024-10-21 18:05:42 [runtime] (run:local)       ID.Spatial_4.SPATIAL_RNA_COUNTER_CS.SPATIAL_IMAGING_CS.DETECT_TISSUE.fork0.split
2024-10-21 18:05:45 [runtime] (split_complete)  ID.Spatial_4.SPATIAL_RNA_COUNTER_CS.SPATIAL_IMAGING_CS.DETECT_TISSUE
2024-10-21 18:05:45 [runtime] (run:local)       ID.Spatial_4.SPATIAL_RNA_COUNTER_CS.SPATIAL_IMAGING_CS.DETECT_TISSUE.fork0.join
2024-10-21 18:05:48 [runtime] (join_complete)   ID.Spatial_4.SPATIAL_RNA_COUNTER_CS.SPATIAL_IMAGING_CS.DETECT_TISSUE
2024-10-21 18:05:48 [runtime] (ready)           ID.Spatial_4.SPATIAL_RNA_COUNTER_CS.SPATIAL_IMAGING_CS.OUTPUT_SPOTS_BARCODES
2024-10-21 18:05:48 [runtime] (run:local)       ID.Spatial_4.SPATIAL_RNA_COUNTER_CS.SPATIAL_IMAGING_CS.OUTPUT_SPOTS_BARCODES.fork0.split
2024-10-21 18:05:49 [runtime] (split_complete)  ID.Spatial_4.SPATIAL_RNA_COUNTER_CS.SPATIAL_IMAGING_CS.OUTPUT_SPOTS_BARCODES
2024-10-21 18:05:49 [runtime] (run:local)       ID.Spatial_4.SPATIAL_RNA_COUNTER_CS.SPATIAL_IMAGING_CS.OUTPUT_SPOTS_BARCODES.fork0.join
2024-10-21 18:05:50 [runtime] (join_complete)   ID.Spatial_4.SPATIAL_RNA_COUNTER_CS.SPATIAL_IMAGING_CS.OUTPUT_SPOTS_BARCODES
2024-10-21 18:05:51 [runtime] (ready)           ID.Spatial_4.SPATIAL_RNA_COUNTER_CS.SPATIAL_RNA_COUNTER._BASIC_SPATIAL_RNA_COUNTER._MATRIX_COMPUTER.COMPUTE_CORRECTION_FACTOR
2024-10-21 18:05:51 [runtime] (ready)           ID.Spatial_4.SPATIAL_RNA_COUNTER_CS.SPATIAL_IMAGING_CS.CALCULATE_FLUORESCENCE_INTENSITY
2024-10-21 18:05:51 [runtime] (run:local)       ID.Spatial_4.SPATIAL_RNA_COUNTER_CS.SPATIAL_IMAGING_CS.CALCULATE_FLUORESCENCE_INTENSITY.fork0.split
2024-10-21 18:05:52 [runtime] (split_complete)  ID.Spatial_4.SPATIAL_RNA_COUNTER_CS.SPATIAL_IMAGING_CS.CALCULATE_FLUORESCENCE_INTENSITY
2024-10-21 18:05:52 [runtime] (run:local)       ID.Spatial_4.SPATIAL_RNA_COUNTER_CS.SPATIAL_IMAGING_CS.CALCULATE_FLUORESCENCE_INTENSITY.fork0.join
2024-10-21 18:05:52 [runtime] (join_complete)   ID.Spatial_4.SPATIAL_RNA_COUNTER_CS.SPATIAL_IMAGING_CS.CALCULATE_FLUORESCENCE_INTENSITY
2024-10-21 18:06:41 [runtime] (join_complete)   ID.Spatial_4.SPATIAL_RNA_COUNTER_CS.CLOUPE_TILE_IMAGES
2024-10-21 18:11:22 [runtime] (update)          ID.Spatial_4.SPATIAL_RNA_COUNTER_CS.SPATIAL_RNA_COUNTER._BASIC_SPATIAL_RNA_COUNTER._MATRIX_COMPUTER.MAKE_SHARD.fork0 chunks_running
2024-10-21 18:14:43 [runtime] (chunks_complete) ID.Spatial_4.SPATIAL_RNA_COUNTER_CS.SPATIAL_RNA_COUNTER._BASIC_SPATIAL_RNA_COUNTER._MATRIX_COMPUTER.MAKE_SHARD
2024-10-21 18:14:43 [runtime] (run:local)       ID.Spatial_4.SPATIAL_RNA_COUNTER_CS.SPATIAL_RNA_COUNTER._BASIC_SPATIAL_RNA_COUNTER._MATRIX_COMPUTER.MAKE_SHARD.fork0.join
2024-10-21 18:14:43 [runtime] (join_complete)   ID.Spatial_4.SPATIAL_RNA_COUNTER_CS.SPATIAL_RNA_COUNTER._BASIC_SPATIAL_RNA_COUNTER._MATRIX_COMPUTER.MAKE_SHARD
2024-10-21 18:14:43 [runtime] (ready)           ID.Spatial_4.SPATIAL_RNA_COUNTER_CS.SPATIAL_RNA_COUNTER._BASIC_SPATIAL_RNA_COUNTER._MATRIX_COMPUTER.MAKE_CORRECTION_MAP
2024-10-21 18:14:43 [runtime] (run:local)       ID.Spatial_4.SPATIAL_RNA_COUNTER_CS.SPATIAL_RNA_COUNTER._BASIC_SPATIAL_RNA_COUNTER._MATRIX_COMPUTER.MAKE_CORRECTION_MAP.fork0.split
2024-10-21 18:14:43 [runtime] (split_complete)  ID.Spatial_4.SPATIAL_RNA_COUNTER_CS.SPATIAL_RNA_COUNTER._BASIC_SPATIAL_RNA_COUNTER._MATRIX_COMPUTER.MAKE_CORRECTION_MAP
2024-10-21 18:14:43 [runtime] (run:local)       ID.Spatial_4.SPATIAL_RNA_COUNTER_CS.SPATIAL_RNA_COUNTER._BASIC_SPATIAL_RNA_COUNTER._MATRIX_COMPUTER.MAKE_CORRECTION_MAP.fork0.join
2024-10-21 18:14:43 [runtime] (join_complete)   ID.Spatial_4.SPATIAL_RNA_COUNTER_CS.SPATIAL_RNA_COUNTER._BASIC_SPATIAL_RNA_COUNTER._MATRIX_COMPUTER.MAKE_CORRECTION_MAP
2024-10-21 18:14:43 [runtime] (ready)           ID.Spatial_4.SPATIAL_RNA_COUNTER_CS.SPATIAL_RNA_COUNTER._BASIC_SPATIAL_RNA_COUNTER._MATRIX_COMPUTER.BARCODE_CORRECTION
2024-10-21 18:14:43 [runtime] (run:local)       ID.Spatial_4.SPATIAL_RNA_COUNTER_CS.SPATIAL_RNA_COUNTER._BASIC_SPATIAL_RNA_COUNTER._MATRIX_COMPUTER.BARCODE_CORRECTION.fork0.split
2024-10-21 18:14:43 [runtime] (split_complete)  ID.Spatial_4.SPATIAL_RNA_COUNTER_CS.SPATIAL_RNA_COUNTER._BASIC_SPATIAL_RNA_COUNTER._MATRIX_COMPUTER.BARCODE_CORRECTION
2024-10-21 18:14:43 [runtime] (run:local)       ID.Spatial_4.SPATIAL_RNA_COUNTER_CS.SPATIAL_RNA_COUNTER._BASIC_SPATIAL_RNA_COUNTER._MATRIX_COMPUTER.BARCODE_CORRECTION.fork0.chnk0.main
2024-10-21 18:14:43 [runtime] (run:local)       ID.Spatial_4.SPATIAL_RNA_COUNTER_CS.SPATIAL_RNA_COUNTER._BASIC_SPATIAL_RNA_COUNTER._MATRIX_COMPUTER.BARCODE_CORRECTION.fork0.chnk1.main
2024-10-21 18:14:43 [runtime] (run:local)       ID.Spatial_4.SPATIAL_RNA_COUNTER_CS.SPATIAL_RNA_COUNTER._BASIC_SPATIAL_RNA_COUNTER._MATRIX_COMPUTER.BARCODE_CORRECTION.fork0.chnk2.main
2024-10-21 18:14:43 [runtime] (run:local)       ID.Spatial_4.SPATIAL_RNA_COUNTER_CS.SPATIAL_RNA_COUNTER._BASIC_SPATIAL_RNA_COUNTER._MATRIX_COMPUTER.BARCODE_CORRECTION.fork0.chnk3.main
2024-10-21 18:14:43 [runtime] (run:local)       ID.Spatial_4.SPATIAL_RNA_COUNTER_CS.SPATIAL_RNA_COUNTER._BASIC_SPATIAL_RNA_COUNTER._MATRIX_COMPUTER.BARCODE_CORRECTION.fork0.chnk4.main
2024-10-21 18:14:43 [runtime] (run:local)       ID.Spatial_4.SPATIAL_RNA_COUNTER_CS.SPATIAL_RNA_COUNTER._BASIC_SPATIAL_RNA_COUNTER._MATRIX_COMPUTER.BARCODE_CORRECTION.fork0.chnk5.main
2024-10-21 18:14:43 [runtime] (run:local)       ID.Spatial_4.SPATIAL_RNA_COUNTER_CS.SPATIAL_RNA_COUNTER._BASIC_SPATIAL_RNA_COUNTER._MATRIX_COMPUTER.BARCODE_CORRECTION.fork0.chnk6.main
2024-10-21 18:14:43 [runtime] (run:local)       ID.Spatial_4.SPATIAL_RNA_COUNTER_CS.SPATIAL_RNA_COUNTER._BASIC_SPATIAL_RNA_COUNTER._MATRIX_COMPUTER.BARCODE_CORRECTION.fork0.chnk7.main
2024-10-21 18:14:52 [runtime] (chunks_complete) ID.Spatial_4.SPATIAL_RNA_COUNTER_CS.SPATIAL_RNA_COUNTER._BASIC_SPATIAL_RNA_COUNTER._MATRIX_COMPUTER.BARCODE_CORRECTION
2024-10-21 18:14:52 [runtime] (run:local)       ID.Spatial_4.SPATIAL_RNA_COUNTER_CS.SPATIAL_RNA_COUNTER._BASIC_SPATIAL_RNA_COUNTER._MATRIX_COMPUTER.BARCODE_CORRECTION.fork0.join
2024-10-21 18:14:52 [runtime] (join_complete)   ID.Spatial_4.SPATIAL_RNA_COUNTER_CS.SPATIAL_RNA_COUNTER._BASIC_SPATIAL_RNA_COUNTER._MATRIX_COMPUTER.BARCODE_CORRECTION
2024-10-21 18:14:52 [runtime] (ready)           ID.Spatial_4.SPATIAL_RNA_COUNTER_CS.SPATIAL_RNA_COUNTER._BASIC_SPATIAL_RNA_COUNTER._MATRIX_COMPUTER._SLFE_PARTIAL_FIRST_PASS.SUBSAMPLE_BARCODES
2024-10-21 18:14:52 [runtime] (ready)           ID.Spatial_4.SPATIAL_RNA_COUNTER_CS.SPATIAL_RNA_COUNTER._BASIC_SPATIAL_RNA_COUNTER._MATRIX_COMPUTER.WRITE_BARCODE_INDEX
2024-10-21 18:14:52 [runtime] (run:local)       ID.Spatial_4.SPATIAL_RNA_COUNTER_CS.SPATIAL_RNA_COUNTER._BASIC_SPATIAL_RNA_COUNTER._MATRIX_COMPUTER.WRITE_BARCODE_INDEX.fork0.chnk0.main
2024-10-21 18:14:52 [runtime] (ready)           ID.Spatial_4.SPATIAL_RNA_COUNTER_CS.SPATIAL_RNA_COUNTER._BASIC_SPATIAL_RNA_COUNTER._MATRIX_COMPUTER._SLFE_PARTIAL_FIRST_PASS.INITIAL_ALIGN_AND_COUNT
2024-10-21 18:14:52 [runtime] (ready)           ID.Spatial_4.SPATIAL_RNA_COUNTER_CS.SPATIAL_RNA_COUNTER._BASIC_SPATIAL_RNA_COUNTER._MATRIX_COMPUTER._SLFE_PARTIAL_FIRST_PASS.SET_TARGETED_UMI_FILTER
2024-10-21 18:14:52 [runtime] (ready)           ID.Spatial_4.SPATIAL_RNA_COUNTER_CS.SPATIAL_RNA_COUNTER._BASIC_SPATIAL_RNA_COUNTER._MATRIX_COMPUTER.ALIGN_AND_COUNT
2024-10-21 18:14:52 [runtime] (run:local)       ID.Spatial_4.SPATIAL_RNA_COUNTER_CS.SPATIAL_RNA_COUNTER._BASIC_SPATIAL_RNA_COUNTER._MATRIX_COMPUTER.ALIGN_AND_COUNT.fork0.split
2024-10-21 18:14:53 [runtime] (chunks_complete) ID.Spatial_4.SPATIAL_RNA_COUNTER_CS.SPATIAL_RNA_COUNTER._BASIC_SPATIAL_RNA_COUNTER._MATRIX_COMPUTER.WRITE_BARCODE_INDEX
2024-10-21 18:14:53 [runtime] (split_complete)  ID.Spatial_4.SPATIAL_RNA_COUNTER_CS.SPATIAL_RNA_COUNTER._BASIC_SPATIAL_RNA_COUNTER._MATRIX_COMPUTER.ALIGN_AND_COUNT
2024-10-21 18:14:53 [runtime] (run:local)       ID.Spatial_4.SPATIAL_RNA_COUNTER_CS.SPATIAL_RNA_COUNTER._BASIC_SPATIAL_RNA_COUNTER._MATRIX_COMPUTER.ALIGN_AND_COUNT.fork0.chnk0.main
2024-10-21 18:14:53 [runtime] (run:local)       ID.Spatial_4.SPATIAL_RNA_COUNTER_CS.SPATIAL_RNA_COUNTER._BASIC_SPATIAL_RNA_COUNTER._MATRIX_COMPUTER.ALIGN_AND_COUNT.fork0.chnk1.main
2024-10-21 18:14:53 [runtime] (run:local)       ID.Spatial_4.SPATIAL_RNA_COUNTER_CS.SPATIAL_RNA_COUNTER._BASIC_SPATIAL_RNA_COUNTER._MATRIX_COMPUTER.ALIGN_AND_COUNT.fork0.chnk2.main
2024-10-21 18:14:53 [runtime] (run:local)       ID.Spatial_4.SPATIAL_RNA_COUNTER_CS.SPATIAL_RNA_COUNTER._BASIC_SPATIAL_RNA_COUNTER._MATRIX_COMPUTER.ALIGN_AND_COUNT.fork0.chnk3.main
2024-10-21 18:14:53 [runtime] (run:local)       ID.Spatial_4.SPATIAL_RNA_COUNTER_CS.SPATIAL_RNA_COUNTER._BASIC_SPATIAL_RNA_COUNTER._MATRIX_COMPUTER.ALIGN_AND_COUNT.fork0.chnk4.main
2024-10-21 18:20:53 [runtime] (update)          ID.Spatial_4.SPATIAL_RNA_COUNTER_CS.SPATIAL_RNA_COUNTER._BASIC_SPATIAL_RNA_COUNTER._MATRIX_COMPUTER.ALIGN_AND_COUNT.fork0 chunks running (1/5 completed)
2024-10-21 18:26:25 [runtime] (update)          ID.Spatial_4.SPATIAL_RNA_COUNTER_CS.SPATIAL_RNA_COUNTER._BASIC_SPATIAL_RNA_COUNTER._MATRIX_COMPUTER.ALIGN_AND_COUNT.fork0 chunks running (1/5 completed)
2024-10-21 18:32:28 [runtime] (update)          ID.Spatial_4.SPATIAL_RNA_COUNTER_CS.SPATIAL_RNA_COUNTER._BASIC_SPATIAL_RNA_COUNTER._MATRIX_COMPUTER.ALIGN_AND_COUNT.fork0 chunks running (3/5 completed)
2024-10-21 18:38:24 [runtime] (chunks_complete) ID.Spatial_4.SPATIAL_RNA_COUNTER_CS.SPATIAL_RNA_COUNTER._BASIC_SPATIAL_RNA_COUNTER._MATRIX_COMPUTER.ALIGN_AND_COUNT
2024-10-21 18:38:24 [runtime] (run:local)       ID.Spatial_4.SPATIAL_RNA_COUNTER_CS.SPATIAL_RNA_COUNTER._BASIC_SPATIAL_RNA_COUNTER._MATRIX_COMPUTER.ALIGN_AND_COUNT.fork0.join
2024-10-21 18:38:25 [runtime] (join_complete)   ID.Spatial_4.SPATIAL_RNA_COUNTER_CS.SPATIAL_RNA_COUNTER._BASIC_SPATIAL_RNA_COUNTER._MATRIX_COMPUTER.ALIGN_AND_COUNT
2024-10-21 18:38:26 [runtime] (ready)           ID.Spatial_4.SPATIAL_RNA_COUNTER_CS.SPATIAL_RNA_COUNTER._BASIC_SPATIAL_RNA_COUNTER._MATRIX_COMPUTER.WRITE_H5_MATRIX
2024-10-21 18:38:26 [runtime] (run:local)       ID.Spatial_4.SPATIAL_RNA_COUNTER_CS.SPATIAL_RNA_COUNTER._BASIC_SPATIAL_RNA_COUNTER._MATRIX_COMPUTER.WRITE_H5_MATRIX.fork0.chnk0.main
2024-10-21 18:38:26 [runtime] (ready)           ID.Spatial_4.SPATIAL_RNA_COUNTER_CS.SPATIAL_RNA_COUNTER._BASIC_SPATIAL_RNA_COUNTER._MATRIX_COMPUTER.WRITE_BARCODE_SUMMARY
2024-10-21 18:38:26 [runtime] (run:local)       ID.Spatial_4.SPATIAL_RNA_COUNTER_CS.SPATIAL_RNA_COUNTER._BASIC_SPATIAL_RNA_COUNTER._MATRIX_COMPUTER.WRITE_BARCODE_SUMMARY.fork0.chnk0.main
2024-10-21 18:38:26 [runtime] (ready)           ID.Spatial_4.SPATIAL_RNA_COUNTER_CS.SPATIAL_RNA_COUNTER._BASIC_SPATIAL_RNA_COUNTER._MATRIX_COMPUTER.COLLATE_METRICS
2024-10-21 18:38:26 [runtime] (run:local)       ID.Spatial_4.SPATIAL_RNA_COUNTER_CS.SPATIAL_RNA_COUNTER._BASIC_SPATIAL_RNA_COUNTER._MATRIX_COMPUTER.COLLATE_METRICS.fork0.split
2024-10-21 18:38:26 [runtime] (ready)           ID.Spatial_4.SPATIAL_RNA_COUNTER_CS.SPATIAL_RNA_COUNTER._BASIC_SPATIAL_RNA_COUNTER._MATRIX_COMPUTER.WRITE_MATRIX_MARKET
2024-10-21 18:38:26 [runtime] (run:local)       ID.Spatial_4.SPATIAL_RNA_COUNTER_CS.SPATIAL_RNA_COUNTER._BASIC_SPATIAL_RNA_COUNTER._MATRIX_COMPUTER.WRITE_MATRIX_MARKET.fork0.chnk0.main
2024-10-21 18:38:26 [runtime] (split_complete)  ID.Spatial_4.SPATIAL_RNA_COUNTER_CS.SPATIAL_RNA_COUNTER._BASIC_SPATIAL_RNA_COUNTER._MATRIX_COMPUTER.COLLATE_METRICS
2024-10-21 18:38:26 [runtime] (run:local)       ID.Spatial_4.SPATIAL_RNA_COUNTER_CS.SPATIAL_RNA_COUNTER._BASIC_SPATIAL_RNA_COUNTER._MATRIX_COMPUTER.COLLATE_METRICS.fork0.chnk0.main
2024-10-21 18:38:26 [runtime] (chunks_complete) ID.Spatial_4.SPATIAL_RNA_COUNTER_CS.SPATIAL_RNA_COUNTER._BASIC_SPATIAL_RNA_COUNTER._MATRIX_COMPUTER.WRITE_BARCODE_SUMMARY
2024-10-21 18:38:26 [runtime] (chunks_complete) ID.Spatial_4.SPATIAL_RNA_COUNTER_CS.SPATIAL_RNA_COUNTER._BASIC_SPATIAL_RNA_COUNTER._MATRIX_COMPUTER.COLLATE_METRICS
2024-10-21 18:38:26 [runtime] (run:local)       ID.Spatial_4.SPATIAL_RNA_COUNTER_CS.SPATIAL_RNA_COUNTER._BASIC_SPATIAL_RNA_COUNTER._MATRIX_COMPUTER.COLLATE_METRICS.fork0.join
2024-10-21 18:38:26 [runtime] (join_complete)   ID.Spatial_4.SPATIAL_RNA_COUNTER_CS.SPATIAL_RNA_COUNTER._BASIC_SPATIAL_RNA_COUNTER._MATRIX_COMPUTER.COLLATE_METRICS
2024-10-21 18:38:26 [runtime] (ready)           ID.Spatial_4.SPATIAL_RNA_COUNTER_CS.SPATIAL_RNA_COUNTER._BASIC_SPATIAL_RNA_COUNTER._MATRIX_COMPUTER.MERGE_METRICS
2024-10-21 18:38:26 [runtime] (run:local)       ID.Spatial_4.SPATIAL_RNA_COUNTER_CS.SPATIAL_RNA_COUNTER._BASIC_SPATIAL_RNA_COUNTER._MATRIX_COMPUTER.MERGE_METRICS.fork0.chnk0.main
2024-10-21 18:38:26 [runtime] (chunks_complete) ID.Spatial_4.SPATIAL_RNA_COUNTER_CS.SPATIAL_RNA_COUNTER._BASIC_SPATIAL_RNA_COUNTER._MATRIX_COMPUTER.MERGE_METRICS
2024-10-21 18:38:28 [runtime] (chunks_complete) ID.Spatial_4.SPATIAL_RNA_COUNTER_CS.SPATIAL_RNA_COUNTER._BASIC_SPATIAL_RNA_COUNTER._MATRIX_COMPUTER.WRITE_H5_MATRIX
2024-10-21 18:38:28 [runtime] (ready)           ID.Spatial_4.SPATIAL_RNA_COUNTER_CS.SPATIAL_RNA_COUNTER._BASIC_SPATIAL_RNA_COUNTER.DISABLE_STAGES
2024-10-21 18:38:28 [runtime] (run:local)       ID.Spatial_4.SPATIAL_RNA_COUNTER_CS.SPATIAL_RNA_COUNTER._BASIC_SPATIAL_RNA_COUNTER.DISABLE_STAGES.fork0.chnk0.main
2024-10-21 18:38:28 [runtime] (ready)           ID.Spatial_4.SPATIAL_RNA_COUNTER_CS.SPATIAL_RNA_COUNTER._BASIC_SPATIAL_RNA_COUNTER.FILTER_BARCODES
2024-10-21 18:38:28 [runtime] (run:local)       ID.Spatial_4.SPATIAL_RNA_COUNTER_CS.SPATIAL_RNA_COUNTER._BASIC_SPATIAL_RNA_COUNTER.FILTER_BARCODES.fork0.split
2024-10-21 18:38:28 [runtime] (ready)           ID.Spatial_4.SPATIAL_RNA_COUNTER_CS.SPATIAL_RNA_COUNTER.BIN_HD_DATA._BIN_HD_DATA.CREATE_HD_FEATURE_SLICE
2024-10-21 18:38:28 [runtime] (chunks_complete) ID.Spatial_4.SPATIAL_RNA_COUNTER_CS.SPATIAL_RNA_COUNTER._BASIC_SPATIAL_RNA_COUNTER._MATRIX_COMPUTER.WRITE_MATRIX_MARKET
2024-10-21 18:38:28 [runtime] (ready)           ID.Spatial_4.SPATIAL_RNA_COUNTER_CS.SPATIAL_RNA_COUNTER.BIN_HD_DATA._BIN_HD_DATA.PROCESS_HD_ALIGNMENT
2024-10-21 18:38:32 [runtime] (split_complete)  ID.Spatial_4.SPATIAL_RNA_COUNTER_CS.SPATIAL_RNA_COUNTER._BASIC_SPATIAL_RNA_COUNTER.FILTER_BARCODES
2024-10-21 18:38:32 [runtime] (run:local)       ID.Spatial_4.SPATIAL_RNA_COUNTER_CS.SPATIAL_RNA_COUNTER._BASIC_SPATIAL_RNA_COUNTER.FILTER_BARCODES.fork0.chnk0.main
2024-10-21 18:38:33 [runtime] (chunks_complete) ID.Spatial_4.SPATIAL_RNA_COUNTER_CS.SPATIAL_RNA_COUNTER._BASIC_SPATIAL_RNA_COUNTER.DISABLE_STAGES
2024-10-21 18:38:33 [runtime] (ready)           ID.Spatial_4.SPATIAL_RNA_COUNTER_CS.SPATIAL_RNA_COUNTER._BASIC_SPATIAL_RNA_COUNTER.WRITE_POS_BAM
2024-10-21 18:38:33 [runtime] (run:local)       ID.Spatial_4.SPATIAL_RNA_COUNTER_CS.SPATIAL_RNA_COUNTER._BASIC_SPATIAL_RNA_COUNTER.WRITE_POS_BAM.fork0.split
2024-10-21 18:38:33 [runtime] (ready)           ID.Spatial_4.SPATIAL_RNA_COUNTER_CS.SPATIAL_RNA_COUNTER._BASIC_SPATIAL_RNA_COUNTER._ASSIGN_TAGS.MULTIPLEXING_METHOD
2024-10-21 18:38:33 [runtime] (ready)           ID.Spatial_4.SPATIAL_RNA_COUNTER_CS.SPATIAL_RNA_COUNTER._BASIC_SPATIAL_RNA_COUNTER._ASSIGN_TAGS.CALL_TAGS_OH
2024-10-21 18:38:33 [runtime] (split_complete)  ID.Spatial_4.SPATIAL_RNA_COUNTER_CS.SPATIAL_RNA_COUNTER._BASIC_SPATIAL_RNA_COUNTER.WRITE_POS_BAM
2024-10-21 18:38:33 [runtime] (run:local)       ID.Spatial_4.SPATIAL_RNA_COUNTER_CS.SPATIAL_RNA_COUNTER._BASIC_SPATIAL_RNA_COUNTER.WRITE_POS_BAM.fork0.chnk0.main
2024-10-21 18:38:33 [runtime] (run:local)       ID.Spatial_4.SPATIAL_RNA_COUNTER_CS.SPATIAL_RNA_COUNTER._BASIC_SPATIAL_RNA_COUNTER.WRITE_POS_BAM.fork0.chnk1.main
2024-10-21 18:38:33 [runtime] (run:local)       ID.Spatial_4.SPATIAL_RNA_COUNTER_CS.SPATIAL_RNA_COUNTER._BASIC_SPATIAL_RNA_COUNTER.WRITE_POS_BAM.fork0.chnk2.main
2024-10-21 18:38:33 [runtime] (run:local)       ID.Spatial_4.SPATIAL_RNA_COUNTER_CS.SPATIAL_RNA_COUNTER._BASIC_SPATIAL_RNA_COUNTER.WRITE_POS_BAM.fork0.chnk3.main
2024-10-21 18:38:33 [runtime] (run:local)       ID.Spatial_4.SPATIAL_RNA_COUNTER_CS.SPATIAL_RNA_COUNTER._BASIC_SPATIAL_RNA_COUNTER.WRITE_POS_BAM.fork0.chnk4.main
2024-10-21 18:38:34 [runtime] (chunks_complete) ID.Spatial_4.SPATIAL_RNA_COUNTER_CS.SPATIAL_RNA_COUNTER._BASIC_SPATIAL_RNA_COUNTER.FILTER_BARCODES
2024-10-21 18:38:34 [runtime] (run:local)       ID.Spatial_4.SPATIAL_RNA_COUNTER_CS.SPATIAL_RNA_COUNTER._BASIC_SPATIAL_RNA_COUNTER.FILTER_BARCODES.fork0.join
2024-10-21 18:40:50 [runtime] (join_complete)   ID.Spatial_4.SPATIAL_RNA_COUNTER_CS.SPATIAL_RNA_COUNTER._BASIC_SPATIAL_RNA_COUNTER.FILTER_BARCODES
2024-10-21 18:40:50 [runtime] (ready)           ID.Spatial_4.SPATIAL_RNA_COUNTER_CS.SPATIAL_RNA_COUNTER._BASIC_SPATIAL_RNA_COUNTER.INFER_GEM_WELL_THROUGHPUT
2024-10-21 18:40:50 [runtime] (ready)           ID.Spatial_4.SPATIAL_RNA_COUNTER_CS.SPATIAL_RNA_COUNTER.DISABLE_SECONDARY_ANALYSIS
2024-10-21 18:40:50 [runtime] (run:local)       ID.Spatial_4.SPATIAL_RNA_COUNTER_CS.SPATIAL_RNA_COUNTER.DISABLE_SECONDARY_ANALYSIS.fork0.chnk0.main
2024-10-21 18:40:50 [runtime] (ready)           ID.Spatial_4.SPATIAL_RNA_COUNTER_CS.SPATIAL_RNA_COUNTER._BASIC_SPATIAL_RNA_COUNTER._ASSIGN_TAGS.CALL_TAGS_RTL
2024-10-21 18:40:50 [runtime] (ready)           ID.Spatial_4.SPATIAL_RNA_COUNTER_CS.SPATIAL_RNA_COUNTER._BASIC_SPATIAL_RNA_COUNTER._ASSIGN_TAGS.CALL_TAGS_MARGINAL
2024-10-21 18:40:50 [runtime] (ready)           ID.Spatial_4.SPATIAL_RNA_COUNTER_CS.SPATIAL_RNA_COUNTER.RUN_SPATIAL_ENRICHMENT
2024-10-21 18:40:50 [runtime] (run:local)       ID.Spatial_4.SPATIAL_RNA_COUNTER_CS.SPATIAL_RNA_COUNTER.RUN_SPATIAL_ENRICHMENT.fork0.split
2024-10-21 18:40:50 [runtime] (ready)           ID.Spatial_4.SPATIAL_RNA_COUNTER_CS.SPATIAL_RNA_COUNTER.ANTIBODY_QC_PLOTS
2024-10-21 18:40:50 [runtime] (ready)           ID.Spatial_4.SPATIAL_RNA_COUNTER_CS.SPATIAL_RNA_COUNTER.BIN_HD_DATA._BIN_HD_DATA.UPDATE_HD_FEATURE_SLICE_H5
2024-10-21 18:40:50 [runtime] (ready)           ID.Spatial_4.SPATIAL_RNA_COUNTER_CS.SPATIAL_RNA_COUNTER._BASIC_SPATIAL_RNA_COUNTER.COLLATE_PROBE_METRICS
2024-10-21 18:40:50 [runtime] (ready)           ID.Spatial_4.SPATIAL_RNA_COUNTER_CS.SPATIAL_RNA_COUNTER._BASIC_SPATIAL_RNA_COUNTER.CHECK_CORRECTION_FACTOR
2024-10-21 18:40:50 [runtime] (run:local)       ID.Spatial_4.SPATIAL_RNA_COUNTER_CS.SPATIAL_RNA_COUNTER._BASIC_SPATIAL_RNA_COUNTER.CHECK_CORRECTION_FACTOR.fork0.chnk0.main
2024-10-21 18:40:50 [runtime] (ready)           ID.Spatial_4.SPATIAL_RNA_COUNTER_CS.SPATIAL_RNA_COUNTER._BASIC_SPATIAL_RNA_COUNTER._CELLS_REPORTER.WRITE_MOLECULE_INFO
2024-10-21 18:40:50 [runtime] (run:local)       ID.Spatial_4.SPATIAL_RNA_COUNTER_CS.SPATIAL_RNA_COUNTER._BASIC_SPATIAL_RNA_COUNTER._CELLS_REPORTER.WRITE_MOLECULE_INFO.fork0.split
2024-10-21 18:40:50 [runtime] (split_complete)  ID.Spatial_4.SPATIAL_RNA_COUNTER_CS.SPATIAL_RNA_COUNTER._BASIC_SPATIAL_RNA_COUNTER._CELLS_REPORTER.WRITE_MOLECULE_INFO
2024-10-21 18:40:50 [runtime] (run:local)       ID.Spatial_4.SPATIAL_RNA_COUNTER_CS.SPATIAL_RNA_COUNTER._BASIC_SPATIAL_RNA_COUNTER._CELLS_REPORTER.WRITE_MOLECULE_INFO.fork0.join
2024-10-21 18:40:50 [runtime] (chunks_complete) ID.Spatial_4.SPATIAL_RNA_COUNTER_CS.SPATIAL_RNA_COUNTER._BASIC_SPATIAL_RNA_COUNTER.CHECK_CORRECTION_FACTOR
2024-10-21 18:40:51 [runtime] (chunks_complete) ID.Spatial_4.SPATIAL_RNA_COUNTER_CS.SPATIAL_RNA_COUNTER.DISABLE_SECONDARY_ANALYSIS
2024-10-21 18:40:51 [runtime] (ready)           ID.Spatial_4.SPATIAL_RNA_COUNTER_CS.SPATIAL_RNA_COUNTER.SPATIAL_RNA_ANALYZER.ANALYZER_PREFLIGHT
2024-10-21 18:40:51 [runtime] (run:local)       ID.Spatial_4.SPATIAL_RNA_COUNTER_CS.SPATIAL_RNA_COUNTER.SPATIAL_RNA_ANALYZER.ANALYZER_PREFLIGHT.fork0.chnk0.main
2024-10-21 18:40:52 [runtime] (chunks_complete) ID.Spatial_4.SPATIAL_RNA_COUNTER_CS.SPATIAL_RNA_COUNTER.SPATIAL_RNA_ANALYZER.ANALYZER_PREFLIGHT
2024-10-21 18:40:52 [runtime] (ready)           ID.Spatial_4.SPATIAL_RNA_COUNTER_CS.SPATIAL_RNA_COUNTER.SPATIAL_RNA_ANALYZER.PREPROCESS_MATRIX
2024-10-21 18:40:52 [runtime] (run:local)       ID.Spatial_4.SPATIAL_RNA_COUNTER_CS.SPATIAL_RNA_COUNTER.SPATIAL_RNA_ANALYZER.PREPROCESS_MATRIX.fork0.split
2024-10-21 18:40:52 [runtime] (split_complete)  ID.Spatial_4.SPATIAL_RNA_COUNTER_CS.SPATIAL_RNA_COUNTER.RUN_SPATIAL_ENRICHMENT
2024-10-21 18:40:52 [runtime] (run:local)       ID.Spatial_4.SPATIAL_RNA_COUNTER_CS.SPATIAL_RNA_COUNTER.RUN_SPATIAL_ENRICHMENT.fork0.chnk00.main
2024-10-21 18:40:52 [runtime] (run:local)       ID.Spatial_4.SPATIAL_RNA_COUNTER_CS.SPATIAL_RNA_COUNTER.RUN_SPATIAL_ENRICHMENT.fork0.chnk01.main
2024-10-21 18:40:52 [runtime] (run:local)       ID.Spatial_4.SPATIAL_RNA_COUNTER_CS.SPATIAL_RNA_COUNTER.RUN_SPATIAL_ENRICHMENT.fork0.chnk02.main
2024-10-21 18:40:52 [runtime] (run:local)       ID.Spatial_4.SPATIAL_RNA_COUNTER_CS.SPATIAL_RNA_COUNTER.RUN_SPATIAL_ENRICHMENT.fork0.chnk03.main
2024-10-21 18:40:52 [runtime] (run:local)       ID.Spatial_4.SPATIAL_RNA_COUNTER_CS.SPATIAL_RNA_COUNTER.RUN_SPATIAL_ENRICHMENT.fork0.chnk04.main
2024-10-21 18:40:52 [runtime] (run:local)       ID.Spatial_4.SPATIAL_RNA_COUNTER_CS.SPATIAL_RNA_COUNTER.RUN_SPATIAL_ENRICHMENT.fork0.chnk05.main
2024-10-21 18:40:52 [runtime] (run:local)       ID.Spatial_4.SPATIAL_RNA_COUNTER_CS.SPATIAL_RNA_COUNTER.RUN_SPATIAL_ENRICHMENT.fork0.chnk06.main
2024-10-21 18:40:52 [runtime] (run:local)       ID.Spatial_4.SPATIAL_RNA_COUNTER_CS.SPATIAL_RNA_COUNTER.RUN_SPATIAL_ENRICHMENT.fork0.chnk07.main
2024-10-21 18:40:52 [runtime] (run:local)       ID.Spatial_4.SPATIAL_RNA_COUNTER_CS.SPATIAL_RNA_COUNTER.RUN_SPATIAL_ENRICHMENT.fork0.chnk08.main
2024-10-21 18:40:52 [runtime] (run:local)       ID.Spatial_4.SPATIAL_RNA_COUNTER_CS.SPATIAL_RNA_COUNTER.RUN_SPATIAL_ENRICHMENT.fork0.chnk09.main
2024-10-21 18:40:52 [runtime] (run:local)       ID.Spatial_4.SPATIAL_RNA_COUNTER_CS.SPATIAL_RNA_COUNTER.RUN_SPATIAL_ENRICHMENT.fork0.chnk10.main
2024-10-21 18:40:52 [runtime] (run:local)       ID.Spatial_4.SPATIAL_RNA_COUNTER_CS.SPATIAL_RNA_COUNTER.RUN_SPATIAL_ENRICHMENT.fork0.chnk11.main
2024-10-21 18:40:52 [runtime] (run:local)       ID.Spatial_4.SPATIAL_RNA_COUNTER_CS.SPATIAL_RNA_COUNTER.RUN_SPATIAL_ENRICHMENT.fork0.chnk12.main
2024-10-21 18:40:52 [runtime] (run:local)       ID.Spatial_4.SPATIAL_RNA_COUNTER_CS.SPATIAL_RNA_COUNTER.RUN_SPATIAL_ENRICHMENT.fork0.chnk13.main
2024-10-21 18:40:52 [runtime] (run:local)       ID.Spatial_4.SPATIAL_RNA_COUNTER_CS.SPATIAL_RNA_COUNTER.RUN_SPATIAL_ENRICHMENT.fork0.chnk14.main
2024-10-21 18:40:52 [runtime] (run:local)       ID.Spatial_4.SPATIAL_RNA_COUNTER_CS.SPATIAL_RNA_COUNTER.RUN_SPATIAL_ENRICHMENT.fork0.chnk15.main
2024-10-21 18:40:52 [runtime] (run:local)       ID.Spatial_4.SPATIAL_RNA_COUNTER_CS.SPATIAL_RNA_COUNTER.RUN_SPATIAL_ENRICHMENT.fork0.chnk16.main
2024-10-21 18:40:52 [runtime] (run:local)       ID.Spatial_4.SPATIAL_RNA_COUNTER_CS.SPATIAL_RNA_COUNTER.RUN_SPATIAL_ENRICHMENT.fork0.chnk17.main
2024-10-21 18:40:52 [runtime] (run:local)       ID.Spatial_4.SPATIAL_RNA_COUNTER_CS.SPATIAL_RNA_COUNTER.RUN_SPATIAL_ENRICHMENT.fork0.chnk18.main
2024-10-21 18:40:52 [runtime] (run:local)       ID.Spatial_4.SPATIAL_RNA_COUNTER_CS.SPATIAL_RNA_COUNTER.RUN_SPATIAL_ENRICHMENT.fork0.chnk19.main
2024-10-21 18:40:52 [runtime] (split_complete)  ID.Spatial_4.SPATIAL_RNA_COUNTER_CS.SPATIAL_RNA_COUNTER.SPATIAL_RNA_ANALYZER.PREPROCESS_MATRIX
2024-10-21 18:40:52 [runtime] (run:local)       ID.Spatial_4.SPATIAL_RNA_COUNTER_CS.SPATIAL_RNA_COUNTER.SPATIAL_RNA_ANALYZER.PREPROCESS_MATRIX.fork0.join
2024-10-21 18:40:58 [runtime] (join_complete)   ID.Spatial_4.SPATIAL_RNA_COUNTER_CS.SPATIAL_RNA_COUNTER._BASIC_SPATIAL_RNA_COUNTER._CELLS_REPORTER.WRITE_MOLECULE_INFO
2024-10-21 18:40:58 [runtime] (ready)           ID.Spatial_4.SPATIAL_RNA_COUNTER_CS.SPATIAL_RNA_COUNTER._BASIC_SPATIAL_RNA_COUNTER._ASSIGN_TAGS.CALL_TAGS_JIBES
2024-10-21 18:40:58 [runtime] (ready)           ID.Spatial_4.SPATIAL_RNA_COUNTER_CS.SPATIAL_RNA_COUNTER._BASIC_SPATIAL_RNA_COUNTER._CELLS_REPORTER.SUBSAMPLE_READS
2024-10-21 18:40:58 [runtime] (run:local)       ID.Spatial_4.SPATIAL_RNA_COUNTER_CS.SPATIAL_RNA_COUNTER._BASIC_SPATIAL_RNA_COUNTER._CELLS_REPORTER.SUBSAMPLE_READS.fork0.split
2024-10-21 18:40:58 [runtime] (ready)           ID.Spatial_4.SPATIAL_RNA_COUNTER_CS.SPATIAL_RNA_COUNTER._BASIC_SPATIAL_RNA_COUNTER._ASSIGN_TAGS.DETERMINE_SAMPLE_ASSIGNMENTS
2024-10-21 18:40:58 [runtime] (ready)           ID.Spatial_4.SPATIAL_RNA_COUNTER_CS.SPATIAL_RNA_COUNTER._TARGETED_ANALYZER._RUN_GDNA_ANALYSIS.GET_GDNA_METRICS
2024-10-21 18:40:58 [runtime] (ready)           ID.Spatial_4.SPATIAL_RNA_COUNTER_CS.SPATIAL_RNA_COUNTER._TARGETED_ANALYZER.SUBSAMPLE_ON_TARGET_READS
2024-10-21 18:40:58 [runtime] (ready)           ID.Spatial_4.SPATIAL_RNA_COUNTER_CS.SPATIAL_RNA_COUNTER._TARGETED_ANALYZER.SUBSAMPLE_OFF_TARGET_READS
2024-10-21 18:40:58 [runtime] (ready)           ID.Spatial_4.SPATIAL_RNA_COUNTER_CS.SPATIAL_RNA_COUNTER._BASIC_SPATIAL_RNA_COUNTER.MULTI_COLLATE_PER_SAMPLE_METRICS
2024-10-21 18:40:58 [runtime] (ready)           ID.Spatial_4.SPATIAL_RNA_COUNTER_CS.SPATIAL_RNA_COUNTER._TARGETED_ANALYZER._RUN_GDNA_ANALYSIS.GET_GDNA_PLOT
2024-10-21 18:40:58 [runtime] (ready)           ID.Spatial_4.SPATIAL_RNA_COUNTER_CS.SPATIAL_RNA_COUNTER.HD_WEBSUMMARY_BUILDER.PICK_SATURATION_PLOT
2024-10-21 18:40:58 [runtime] (ready)           ID.Spatial_4.SPATIAL_RNA_COUNTER_CS.SPATIAL_RNA_COUNTER._BASIC_SPATIAL_RNA_COUNTER.MULTI_WRITE_PER_SAMPLE_BAM
2024-10-21 18:40:58 [runtime] (ready)           ID.Spatial_4.SPATIAL_RNA_COUNTER_CS.SPATIAL_RNA_COUNTER._BASIC_SPATIAL_RNA_COUNTER.DEMUX_PROBE_BC_MATRIX
2024-10-21 18:40:58 [runtime] (ready)           ID.Spatial_4.SPATIAL_RNA_COUNTER_CS.SPATIAL_RNA_COUNTER._BASIC_SPATIAL_RNA_COUNTER.MULTI_WRITE_PER_SAMPLE_MOLECULE_INFO
2024-10-21 18:40:58 [runtime] (ready)           ID.Spatial_4.SPATIAL_RNA_COUNTER_CS.SPATIAL_RNA_COUNTER._BASIC_SPATIAL_RNA_COUNTER._ASSIGN_TAGS.COMPUTE_EXTRA_MULTIPLEXING_METRICS
2024-10-21 18:40:58 [runtime] (ready)           ID.Spatial_4.SPATIAL_RNA_COUNTER_CS.SPATIAL_RNA_COUNTER._TARGETED_ANALYZER._RUN_GDNA_ANALYSIS.MERGE_METRICS
2024-10-21 18:40:58 [runtime] (ready)           ID.Spatial_4.SPATIAL_RNA_COUNTER_CS.SPATIAL_RNA_COUNTER._BASIC_SPATIAL_RNA_COUNTER.MULTI_WRITE_PER_SAMPLE_MATRICES
2024-10-21 18:40:58 [runtime] (ready)           ID.Spatial_4.SPATIAL_RNA_COUNTER_CS.SPATIAL_RNA_COUNTER._BASIC_SPATIAL_RNA_COUNTER._ASSIGN_TAGS.MERGE_METRICS
2024-10-21 18:41:12 [runtime] (split_complete)  ID.Spatial_4.SPATIAL_RNA_COUNTER_CS.SPATIAL_RNA_COUNTER._BASIC_SPATIAL_RNA_COUNTER._CELLS_REPORTER.SUBSAMPLE_READS
2024-10-21 18:41:12 [runtime] (run:local)       ID.Spatial_4.SPATIAL_RNA_COUNTER_CS.SPATIAL_RNA_COUNTER._BASIC_SPATIAL_RNA_COUNTER._CELLS_REPORTER.SUBSAMPLE_READS.fork0.chnk0.main
2024-10-21 18:41:12 [runtime] (run:local)       ID.Spatial_4.SPATIAL_RNA_COUNTER_CS.SPATIAL_RNA_COUNTER._BASIC_SPATIAL_RNA_COUNTER._CELLS_REPORTER.SUBSAMPLE_READS.fork0.chnk1.main
2024-10-21 18:41:13 [runtime] (chunks_complete) ID.Spatial_4.SPATIAL_RNA_COUNTER_CS.SPATIAL_RNA_COUNTER.RUN_SPATIAL_ENRICHMENT
2024-10-21 18:41:13 [runtime] (run:local)       ID.Spatial_4.SPATIAL_RNA_COUNTER_CS.SPATIAL_RNA_COUNTER.RUN_SPATIAL_ENRICHMENT.fork0.join
2024-10-21 18:41:14 [runtime] (join_complete)   ID.Spatial_4.SPATIAL_RNA_COUNTER_CS.SPATIAL_RNA_COUNTER.SPATIAL_RNA_ANALYZER.PREPROCESS_MATRIX
2024-10-21 18:41:14 [runtime] (ready)           ID.Spatial_4.SPATIAL_RNA_COUNTER_CS.SPATIAL_RNA_COUNTER.SPATIAL_RNA_ANALYZER._ANTIGEN_ANALYZER.CALL_ANTIBODIES
2024-10-21 18:41:14 [runtime] (ready)           ID.Spatial_4.SPATIAL_RNA_COUNTER_CS.SPATIAL_RNA_COUNTER.SPATIAL_RNA_ANALYZER.RUN_MULTIGENOME_ANALYSIS
2024-10-21 18:41:14 [runtime] (ready)           ID.Spatial_4.SPATIAL_RNA_COUNTER_CS.SPATIAL_RNA_COUNTER.SPATIAL_RNA_ANALYZER._ANTIBODY_ANALYZER.CALL_ANTIBODIES
2024-10-21 18:41:14 [runtime] (ready)           ID.Spatial_4.SPATIAL_RNA_COUNTER_CS.SPATIAL_RNA_COUNTER.SPATIAL_RNA_ANALYZER._ANTIBODY_ANALYZER.SUMMARIZE_ANTIBODY_ANALYSIS
2024-10-21 18:41:14 [runtime] (ready)           ID.Spatial_4.SPATIAL_RNA_COUNTER_CS.SPATIAL_RNA_COUNTER.SPATIAL_RNA_ANALYZER.RUN_BATCH_CORRECTION_PCA.PCA_PREP
2024-10-21 18:41:14 [runtime] (ready)           ID.Spatial_4.SPATIAL_RNA_COUNTER_CS.SPATIAL_RNA_COUNTER.SPATIAL_RNA_ANALYZER._ANTIGEN_ANALYZER.SUMMARIZE_ANTIBODY_ANALYSIS
2024-10-21 18:41:14 [runtime] (ready)           ID.Spatial_4.SPATIAL_RNA_COUNTER_CS.SPATIAL_RNA_COUNTER.SPATIAL_RNA_ANALYZER.RUN_BATCH_CORRECTION_PCA.RUN_PCA2
2024-10-21 18:41:14 [runtime] (ready)           ID.Spatial_4.SPATIAL_RNA_COUNTER_CS.SPATIAL_RNA_COUNTER.SPATIAL_RNA_ANALYZER.RUN_BATCH_CORRECTION_PCA.POST_PCA
2024-10-21 18:41:14 [runtime] (ready)           ID.Spatial_4.SPATIAL_RNA_COUNTER_CS.SPATIAL_RNA_COUNTER.SPATIAL_RNA_ANALYZER.CORRECT_CHEMISTRY_BATCH
2024-10-21 18:41:14 [runtime] (ready)           ID.Spatial_4.SPATIAL_RNA_COUNTER_CS.SPATIAL_RNA_COUNTER.SPATIAL_RNA_ANALYZER.RUN_PCA
2024-10-21 18:41:14 [runtime] (run:local)       ID.Spatial_4.SPATIAL_RNA_COUNTER_CS.SPATIAL_RNA_COUNTER.SPATIAL_RNA_ANALYZER.RUN_PCA.fork0.split
2024-10-21 18:41:14 [runtime] (split_complete)  ID.Spatial_4.SPATIAL_RNA_COUNTER_CS.SPATIAL_RNA_COUNTER.SPATIAL_RNA_ANALYZER.RUN_PCA
2024-10-21 18:41:14 [runtime] (run:local)       ID.Spatial_4.SPATIAL_RNA_COUNTER_CS.SPATIAL_RNA_COUNTER.SPATIAL_RNA_ANALYZER.RUN_PCA.fork0.chnk0.main
2024-10-21 18:41:15 [runtime] (join_complete)   ID.Spatial_4.SPATIAL_RNA_COUNTER_CS.SPATIAL_RNA_COUNTER.RUN_SPATIAL_ENRICHMENT
2024-10-21 18:41:15 [runtime] (ready)           ID.Spatial_4.SPATIAL_RNA_COUNTER_CS.SPATIAL_RNA_COUNTER.SPATIAL_FOLDER_COLLECTOR
2024-10-21 18:41:15 [runtime] (run:local)       ID.Spatial_4.SPATIAL_RNA_COUNTER_CS.SPATIAL_RNA_COUNTER.SPATIAL_FOLDER_COLLECTOR.fork0.chnk0.main
2024-10-21 18:41:18 [runtime] (chunks_complete) ID.Spatial_4.SPATIAL_RNA_COUNTER_CS.SPATIAL_RNA_COUNTER.SPATIAL_RNA_ANALYZER.RUN_PCA
2024-10-21 18:41:18 [runtime] (run:local)       ID.Spatial_4.SPATIAL_RNA_COUNTER_CS.SPATIAL_RNA_COUNTER.SPATIAL_RNA_ANALYZER.RUN_PCA.fork0.join
2024-10-21 18:41:18 [runtime] (join_complete)   ID.Spatial_4.SPATIAL_RNA_COUNTER_CS.SPATIAL_RNA_COUNTER.SPATIAL_RNA_ANALYZER.RUN_PCA
2024-10-21 18:41:18 [runtime] (chunks_complete) ID.Spatial_4.SPATIAL_RNA_COUNTER_CS.SPATIAL_RNA_COUNTER.SPATIAL_FOLDER_COLLECTOR
2024-10-21 18:41:18 [runtime] (ready)           ID.Spatial_4.SPATIAL_RNA_COUNTER_CS.SPATIAL_RNA_COUNTER.SPATIAL_RNA_ANALYZER.RUN_UMAP
2024-10-21 18:41:18 [runtime] (run:local)       ID.Spatial_4.SPATIAL_RNA_COUNTER_CS.SPATIAL_RNA_COUNTER.SPATIAL_RNA_ANALYZER.RUN_UMAP.fork0.split
2024-10-21 18:41:18 [runtime] (ready)           ID.Spatial_4.SPATIAL_RNA_COUNTER_CS.SPATIAL_RNA_COUNTER.SPATIAL_RNA_ANALYZER.RUN_KMEANS
2024-10-21 18:41:18 [runtime] (run:local)       ID.Spatial_4.SPATIAL_RNA_COUNTER_CS.SPATIAL_RNA_COUNTER.SPATIAL_RNA_ANALYZER.RUN_KMEANS.fork0.split
2024-10-21 18:41:18 [runtime] (ready)           ID.Spatial_4.SPATIAL_RNA_COUNTER_CS.SPATIAL_RNA_COUNTER.SPATIAL_RNA_ANALYZER.RUN_GRAPH_CLUSTERING
2024-10-21 18:41:18 [runtime] (run:local)       ID.Spatial_4.SPATIAL_RNA_COUNTER_CS.SPATIAL_RNA_COUNTER.SPATIAL_RNA_ANALYZER.RUN_GRAPH_CLUSTERING.fork0.split
2024-10-21 18:41:18 [runtime] (ready)           ID.Spatial_4.SPATIAL_RNA_COUNTER_CS.SPATIAL_RNA_COUNTER.HD_WEBSUMMARY_BUILDER.CREATE_HD_WEBSUMMARY_IMAGE
2024-10-21 18:41:18 [runtime] (ready)           ID.Spatial_4.SPATIAL_RNA_COUNTER_CS.SPATIAL_RNA_COUNTER.SPATIAL_RNA_ANALYZER.RUN_TSNE
2024-10-21 18:41:18 [runtime] (run:local)       ID.Spatial_4.SPATIAL_RNA_COUNTER_CS.SPATIAL_RNA_COUNTER.SPATIAL_RNA_ANALYZER.RUN_TSNE.fork0.split
2024-10-21 18:41:18 [runtime] (ready)           ID.Spatial_4.SPATIAL_RNA_COUNTER_CS.SPATIAL_RNA_COUNTER.HD_WEBSUMMARY_BUILDER.BUILD_HD_END_TO_END_ALIGNMENT
2024-10-21 18:41:18 [runtime] (ready)           ID.Spatial_4.SPATIAL_RNA_COUNTER_CS.SPATIAL_RNA_COUNTER.HD_WEBSUMMARY_BUILDER.BUILD_HD_CLUSTERING_PLOT
2024-10-21 18:41:18 [runtime] (split_complete)  ID.Spatial_4.SPATIAL_RNA_COUNTER_CS.SPATIAL_RNA_COUNTER.SPATIAL_RNA_ANALYZER.RUN_TSNE
2024-10-21 18:41:18 [runtime] (run:local)       ID.Spatial_4.SPATIAL_RNA_COUNTER_CS.SPATIAL_RNA_COUNTER.SPATIAL_RNA_ANALYZER.RUN_TSNE.fork0.chnk0.main
2024-10-21 18:41:18 [runtime] (split_complete)  ID.Spatial_4.SPATIAL_RNA_COUNTER_CS.SPATIAL_RNA_COUNTER.SPATIAL_RNA_ANALYZER.RUN_UMAP
2024-10-21 18:41:18 [runtime] (run:local)       ID.Spatial_4.SPATIAL_RNA_COUNTER_CS.SPATIAL_RNA_COUNTER.SPATIAL_RNA_ANALYZER.RUN_UMAP.fork0.chnk0.main
2024-10-21 18:41:18 [runtime] (split_complete)  ID.Spatial_4.SPATIAL_RNA_COUNTER_CS.SPATIAL_RNA_COUNTER.SPATIAL_RNA_ANALYZER.RUN_GRAPH_CLUSTERING
2024-10-21 18:41:18 [runtime] (run:local)       ID.Spatial_4.SPATIAL_RNA_COUNTER_CS.SPATIAL_RNA_COUNTER.SPATIAL_RNA_ANALYZER.RUN_GRAPH_CLUSTERING.fork0.chnk0.main
2024-10-21 18:41:19 [runtime] (chunks_complete) ID.Spatial_4.SPATIAL_RNA_COUNTER_CS.SPATIAL_RNA_COUNTER.SPATIAL_RNA_ANALYZER.RUN_TSNE
2024-10-21 18:41:19 [runtime] (run:local)       ID.Spatial_4.SPATIAL_RNA_COUNTER_CS.SPATIAL_RNA_COUNTER.SPATIAL_RNA_ANALYZER.RUN_TSNE.fork0.join
2024-10-21 18:41:20 [runtime] (split_complete)  ID.Spatial_4.SPATIAL_RNA_COUNTER_CS.SPATIAL_RNA_COUNTER.SPATIAL_RNA_ANALYZER.RUN_KMEANS
2024-10-21 18:41:20 [runtime] (run:local)       ID.Spatial_4.SPATIAL_RNA_COUNTER_CS.SPATIAL_RNA_COUNTER.SPATIAL_RNA_ANALYZER.RUN_KMEANS.fork0.chnk0.main
2024-10-21 18:41:20 [runtime] (run:local)       ID.Spatial_4.SPATIAL_RNA_COUNTER_CS.SPATIAL_RNA_COUNTER.SPATIAL_RNA_ANALYZER.RUN_KMEANS.fork0.chnk1.main
2024-10-21 18:41:20 [runtime] (run:local)       ID.Spatial_4.SPATIAL_RNA_COUNTER_CS.SPATIAL_RNA_COUNTER.SPATIAL_RNA_ANALYZER.RUN_KMEANS.fork0.chnk2.main
2024-10-21 18:41:20 [runtime] (run:local)       ID.Spatial_4.SPATIAL_RNA_COUNTER_CS.SPATIAL_RNA_COUNTER.SPATIAL_RNA_ANALYZER.RUN_KMEANS.fork0.chnk3.main
2024-10-21 18:41:20 [runtime] (run:local)       ID.Spatial_4.SPATIAL_RNA_COUNTER_CS.SPATIAL_RNA_COUNTER.SPATIAL_RNA_ANALYZER.RUN_KMEANS.fork0.chnk4.main
2024-10-21 18:41:20 [runtime] (run:local)       ID.Spatial_4.SPATIAL_RNA_COUNTER_CS.SPATIAL_RNA_COUNTER.SPATIAL_RNA_ANALYZER.RUN_KMEANS.fork0.chnk5.main
2024-10-21 18:41:20 [runtime] (run:local)       ID.Spatial_4.SPATIAL_RNA_COUNTER_CS.SPATIAL_RNA_COUNTER.SPATIAL_RNA_ANALYZER.RUN_KMEANS.fork0.chnk6.main
2024-10-21 18:41:20 [runtime] (run:local)       ID.Spatial_4.SPATIAL_RNA_COUNTER_CS.SPATIAL_RNA_COUNTER.SPATIAL_RNA_ANALYZER.RUN_KMEANS.fork0.chnk7.main
2024-10-21 18:41:20 [runtime] (run:local)       ID.Spatial_4.SPATIAL_RNA_COUNTER_CS.SPATIAL_RNA_COUNTER.SPATIAL_RNA_ANALYZER.RUN_KMEANS.fork0.chnk8.main
2024-10-21 18:41:23 [runtime] (chunks_complete) ID.Spatial_4.SPATIAL_RNA_COUNTER_CS.SPATIAL_RNA_COUNTER.SPATIAL_RNA_ANALYZER.RUN_UMAP
2024-10-21 18:41:23 [runtime] (run:local)       ID.Spatial_4.SPATIAL_RNA_COUNTER_CS.SPATIAL_RNA_COUNTER.SPATIAL_RNA_ANALYZER.RUN_UMAP.fork0.join
2024-10-21 18:41:23 [runtime] (join_complete)   ID.Spatial_4.SPATIAL_RNA_COUNTER_CS.SPATIAL_RNA_COUNTER.SPATIAL_RNA_ANALYZER.RUN_TSNE
2024-10-21 18:41:24 [runtime] (chunks_complete) ID.Spatial_4.SPATIAL_RNA_COUNTER_CS.SPATIAL_RNA_COUNTER.SPATIAL_RNA_ANALYZER.RUN_GRAPH_CLUSTERING
2024-10-21 18:41:24 [runtime] (run:local)       ID.Spatial_4.SPATIAL_RNA_COUNTER_CS.SPATIAL_RNA_COUNTER.SPATIAL_RNA_ANALYZER.RUN_GRAPH_CLUSTERING.fork0.join
2024-10-21 18:41:26 [runtime] (join_complete)   ID.Spatial_4.SPATIAL_RNA_COUNTER_CS.SPATIAL_RNA_COUNTER.SPATIAL_RNA_ANALYZER.RUN_UMAP
2024-10-21 18:41:26 [runtime] (join_complete)   ID.Spatial_4.SPATIAL_RNA_COUNTER_CS.SPATIAL_RNA_COUNTER.SPATIAL_RNA_ANALYZER.RUN_GRAPH_CLUSTERING
2024-10-21 18:41:26 [runtime] (ready)           ID.Spatial_4.SPATIAL_RNA_COUNTER_CS.SPATIAL_RNA_COUNTER.SPATIAL_RNA_ANALYZER.RUN_HIERARCHICAL_CLUSTERING
2024-10-21 18:41:27 [runtime] (chunks_complete) ID.Spatial_4.SPATIAL_RNA_COUNTER_CS.SPATIAL_RNA_COUNTER.SPATIAL_RNA_ANALYZER.RUN_KMEANS
2024-10-21 18:41:27 [runtime] (run:local)       ID.Spatial_4.SPATIAL_RNA_COUNTER_CS.SPATIAL_RNA_COUNTER.SPATIAL_RNA_ANALYZER.RUN_KMEANS.fork0.join
2024-10-21 18:41:28 [runtime] (join_complete)   ID.Spatial_4.SPATIAL_RNA_COUNTER_CS.SPATIAL_RNA_COUNTER.SPATIAL_RNA_ANALYZER.RUN_KMEANS
2024-10-21 18:41:28 [runtime] (ready)           ID.Spatial_4.SPATIAL_RNA_COUNTER_CS.SPATIAL_RNA_COUNTER.SPATIAL_RNA_ANALYZER.COMBINE_CLUSTERING
2024-10-21 18:41:28 [runtime] (run:local)       ID.Spatial_4.SPATIAL_RNA_COUNTER_CS.SPATIAL_RNA_COUNTER.SPATIAL_RNA_ANALYZER.COMBINE_CLUSTERING.fork0.chnk0.main
2024-10-21 18:41:29 [runtime] (chunks_complete) ID.Spatial_4.SPATIAL_RNA_COUNTER_CS.SPATIAL_RNA_COUNTER.SPATIAL_RNA_ANALYZER.COMBINE_CLUSTERING
2024-10-21 18:41:29 [runtime] (ready)           ID.Spatial_4.SPATIAL_RNA_COUNTER_CS.SPATIAL_RNA_COUNTER.SPATIAL_RNA_ANALYZER.RUN_DIFFERENTIAL_EXPRESSION
2024-10-21 18:41:29 [runtime] (run:local)       ID.Spatial_4.SPATIAL_RNA_COUNTER_CS.SPATIAL_RNA_COUNTER.SPATIAL_RNA_ANALYZER.RUN_DIFFERENTIAL_EXPRESSION.fork0.split
2024-10-21 18:41:29 [runtime] (split_complete)  ID.Spatial_4.SPATIAL_RNA_COUNTER_CS.SPATIAL_RNA_COUNTER.SPATIAL_RNA_ANALYZER.RUN_DIFFERENTIAL_EXPRESSION
2024-10-21 18:41:29 [runtime] (run:local)       ID.Spatial_4.SPATIAL_RNA_COUNTER_CS.SPATIAL_RNA_COUNTER.SPATIAL_RNA_ANALYZER.RUN_DIFFERENTIAL_EXPRESSION.fork0.chnk0.main
2024-10-21 18:41:29 [runtime] (run:local)       ID.Spatial_4.SPATIAL_RNA_COUNTER_CS.SPATIAL_RNA_COUNTER.SPATIAL_RNA_ANALYZER.RUN_DIFFERENTIAL_EXPRESSION.fork0.chnk1.main
2024-10-21 18:41:29 [runtime] (run:local)       ID.Spatial_4.SPATIAL_RNA_COUNTER_CS.SPATIAL_RNA_COUNTER.SPATIAL_RNA_ANALYZER.RUN_DIFFERENTIAL_EXPRESSION.fork0.chnk2.main
2024-10-21 18:41:29 [runtime] (run:local)       ID.Spatial_4.SPATIAL_RNA_COUNTER_CS.SPATIAL_RNA_COUNTER.SPATIAL_RNA_ANALYZER.RUN_DIFFERENTIAL_EXPRESSION.fork0.chnk3.main
2024-10-21 18:41:29 [runtime] (run:local)       ID.Spatial_4.SPATIAL_RNA_COUNTER_CS.SPATIAL_RNA_COUNTER.SPATIAL_RNA_ANALYZER.RUN_DIFFERENTIAL_EXPRESSION.fork0.chnk4.main
2024-10-21 18:41:29 [runtime] (run:local)       ID.Spatial_4.SPATIAL_RNA_COUNTER_CS.SPATIAL_RNA_COUNTER.SPATIAL_RNA_ANALYZER.RUN_DIFFERENTIAL_EXPRESSION.fork0.chnk5.main
2024-10-21 18:41:29 [runtime] (run:local)       ID.Spatial_4.SPATIAL_RNA_COUNTER_CS.SPATIAL_RNA_COUNTER.SPATIAL_RNA_ANALYZER.RUN_DIFFERENTIAL_EXPRESSION.fork0.chnk6.main
2024-10-21 18:41:29 [runtime] (run:local)       ID.Spatial_4.SPATIAL_RNA_COUNTER_CS.SPATIAL_RNA_COUNTER.SPATIAL_RNA_ANALYZER.RUN_DIFFERENTIAL_EXPRESSION.fork0.chnk7.main
2024-10-21 18:41:48 [runtime] (chunks_complete) ID.Spatial_4.SPATIAL_RNA_COUNTER_CS.SPATIAL_RNA_COUNTER.SPATIAL_RNA_ANALYZER.RUN_DIFFERENTIAL_EXPRESSION
2024-10-21 18:41:48 [runtime] (run:local)       ID.Spatial_4.SPATIAL_RNA_COUNTER_CS.SPATIAL_RNA_COUNTER.SPATIAL_RNA_ANALYZER.RUN_DIFFERENTIAL_EXPRESSION.fork0.join
2024-10-21 18:41:49 [runtime] (join_complete)   ID.Spatial_4.SPATIAL_RNA_COUNTER_CS.SPATIAL_RNA_COUNTER.SPATIAL_RNA_ANALYZER.RUN_DIFFERENTIAL_EXPRESSION
2024-10-21 18:41:49 [runtime] (ready)           ID.Spatial_4.SPATIAL_RNA_COUNTER_CS.SPATIAL_RNA_COUNTER.SPATIAL_RNA_ANALYZER.SUMMARIZE_ANALYSIS
2024-10-21 18:41:49 [runtime] (run:local)       ID.Spatial_4.SPATIAL_RNA_COUNTER_CS.SPATIAL_RNA_COUNTER.SPATIAL_RNA_ANALYZER.SUMMARIZE_ANALYSIS.fork0.split
2024-10-21 18:41:49 [runtime] (split_complete)  ID.Spatial_4.SPATIAL_RNA_COUNTER_CS.SPATIAL_RNA_COUNTER.SPATIAL_RNA_ANALYZER.SUMMARIZE_ANALYSIS
2024-10-21 18:41:49 [runtime] (run:local)       ID.Spatial_4.SPATIAL_RNA_COUNTER_CS.SPATIAL_RNA_COUNTER.SPATIAL_RNA_ANALYZER.SUMMARIZE_ANALYSIS.fork0.chnk0.main
2024-10-21 18:41:50 [runtime] (chunks_complete) ID.Spatial_4.SPATIAL_RNA_COUNTER_CS.SPATIAL_RNA_COUNTER.SPATIAL_RNA_ANALYZER.SUMMARIZE_ANALYSIS
2024-10-21 18:41:50 [runtime] (run:local)       ID.Spatial_4.SPATIAL_RNA_COUNTER_CS.SPATIAL_RNA_COUNTER.SPATIAL_RNA_ANALYZER.SUMMARIZE_ANALYSIS.fork0.join
2024-10-21 18:41:50 [runtime] (join_complete)   ID.Spatial_4.SPATIAL_RNA_COUNTER_CS.SPATIAL_RNA_COUNTER.SPATIAL_RNA_ANALYZER.SUMMARIZE_ANALYSIS
2024-10-21 18:41:50 [runtime] (ready)           ID.Spatial_4.SPATIAL_RNA_COUNTER_CS.SPATIAL_RNA_COUNTER.DECONVOLVE_SPOTS
2024-10-21 18:41:50 [runtime] (run:local)       ID.Spatial_4.SPATIAL_RNA_COUNTER_CS.SPATIAL_RNA_COUNTER.DECONVOLVE_SPOTS.fork0.split
2024-10-21 18:41:52 [runtime] (split_complete)  ID.Spatial_4.SPATIAL_RNA_COUNTER_CS.SPATIAL_RNA_COUNTER.DECONVOLVE_SPOTS
2024-10-21 18:41:52 [runtime] (run:local)       ID.Spatial_4.SPATIAL_RNA_COUNTER_CS.SPATIAL_RNA_COUNTER.DECONVOLVE_SPOTS.fork0.join
2024-10-21 18:42:16 [runtime] (chunks_complete) ID.Spatial_4.SPATIAL_RNA_COUNTER_CS.SPATIAL_RNA_COUNTER._BASIC_SPATIAL_RNA_COUNTER._CELLS_REPORTER.SUBSAMPLE_READS
2024-10-21 18:42:16 [runtime] (run:local)       ID.Spatial_4.SPATIAL_RNA_COUNTER_CS.SPATIAL_RNA_COUNTER._BASIC_SPATIAL_RNA_COUNTER._CELLS_REPORTER.SUBSAMPLE_READS.fork0.join
2024-10-21 18:42:18 [runtime] (join_complete)   ID.Spatial_4.SPATIAL_RNA_COUNTER_CS.SPATIAL_RNA_COUNTER._BASIC_SPATIAL_RNA_COUNTER._CELLS_REPORTER.SUBSAMPLE_READS
2024-10-21 18:42:18 [runtime] (ready)           ID.Spatial_4.SPATIAL_RNA_COUNTER_CS.SPATIAL_RNA_COUNTER._BASIC_SPATIAL_RNA_COUNTER._CELLS_REPORTER.SUMMARIZE_BASIC_REPORTS
2024-10-21 18:42:18 [runtime] (run:local)       ID.Spatial_4.SPATIAL_RNA_COUNTER_CS.SPATIAL_RNA_COUNTER._BASIC_SPATIAL_RNA_COUNTER._CELLS_REPORTER.SUMMARIZE_BASIC_REPORTS.fork0.split
2024-10-21 18:42:18 [runtime] (split_complete)  ID.Spatial_4.SPATIAL_RNA_COUNTER_CS.SPATIAL_RNA_COUNTER._BASIC_SPATIAL_RNA_COUNTER._CELLS_REPORTER.SUMMARIZE_BASIC_REPORTS
2024-10-21 18:42:18 [runtime] (run:local)       ID.Spatial_4.SPATIAL_RNA_COUNTER_CS.SPATIAL_RNA_COUNTER._BASIC_SPATIAL_RNA_COUNTER._CELLS_REPORTER.SUMMARIZE_BASIC_REPORTS.fork0.join
2024-10-21 18:42:21 [runtime] (join_complete)   ID.Spatial_4.SPATIAL_RNA_COUNTER_CS.SPATIAL_RNA_COUNTER._BASIC_SPATIAL_RNA_COUNTER._CELLS_REPORTER.SUMMARIZE_BASIC_REPORTS
2024-10-21 18:42:21 [runtime] (ready)           ID.Spatial_4.SPATIAL_RNA_COUNTER_CS.SPATIAL_RNA_COUNTER._BASIC_SPATIAL_RNA_COUNTER.MERGE_METRICS
2024-10-21 18:42:21 [runtime] (run:local)       ID.Spatial_4.SPATIAL_RNA_COUNTER_CS.SPATIAL_RNA_COUNTER._BASIC_SPATIAL_RNA_COUNTER.MERGE_METRICS.fork0.chnk0.main
2024-10-21 18:42:21 [runtime] (chunks_complete) ID.Spatial_4.SPATIAL_RNA_COUNTER_CS.SPATIAL_RNA_COUNTER._BASIC_SPATIAL_RNA_COUNTER.MERGE_METRICS
2024-10-21 18:42:21 [runtime] (ready)           ID.Spatial_4.SPATIAL_RNA_COUNTER_CS.SPATIAL_RNA_COUNTER._TARGETED_ANALYZER.CALCULATE_TARGETED_METRICS
2024-10-21 18:42:21 [runtime] (ready)           ID.Spatial_4.SPATIAL_RNA_COUNTER_CS.SPATIAL_RNA_COUNTER._TARGETED_ANALYZER.MERGE_METRICS
2024-10-21 18:42:21 [runtime] (ready)           ID.Spatial_4.SPATIAL_RNA_COUNTER_CS.SPATIAL_RNA_COUNTER.BIN_HD_DATA._BIN_HD_DATA.MERGE_BIN_METRICS
2024-10-21 18:42:21 [runtime] (ready)           ID.Spatial_4.SPATIAL_RNA_COUNTER_CS.SPATIAL_RNA_COUNTER.SPATIAL_REPORTER
2024-10-21 18:42:21 [runtime] (run:local)       ID.Spatial_4.SPATIAL_RNA_COUNTER_CS.SPATIAL_RNA_COUNTER.SPATIAL_REPORTER.fork0.split
2024-10-21 18:42:23 [runtime] (split_complete)  ID.Spatial_4.SPATIAL_RNA_COUNTER_CS.SPATIAL_RNA_COUNTER.SPATIAL_REPORTER
2024-10-21 18:42:23 [runtime] (run:local)       ID.Spatial_4.SPATIAL_RNA_COUNTER_CS.SPATIAL_RNA_COUNTER.SPATIAL_REPORTER.fork0.join
2024-10-21 18:42:25 [runtime] (join_complete)   ID.Spatial_4.SPATIAL_RNA_COUNTER_CS.SPATIAL_RNA_COUNTER.DECONVOLVE_SPOTS
2024-10-21 18:42:26 [runtime] (join_complete)   ID.Spatial_4.SPATIAL_RNA_COUNTER_CS.SPATIAL_RNA_COUNTER.SPATIAL_REPORTER
2024-10-21 18:42:26 [runtime] (ready)           ID.Spatial_4.SPATIAL_RNA_COUNTER_CS.SPATIAL_RNA_COUNTER.HD_WEBSUMMARY_BUILDER.GENERATE_HD_WEBSUMMARY_CS
2024-10-21 18:42:26 [runtime] (ready)           ID.Spatial_4.SPATIAL_RNA_COUNTER_CS.CLOUPE_PREPROCESS
2024-10-21 18:42:26 [runtime] (run:local)       ID.Spatial_4.SPATIAL_RNA_COUNTER_CS.CLOUPE_PREPROCESS.fork0.split
2024-10-21 18:42:26 [runtime] (ready)           ID.Spatial_4.SPATIAL_RNA_COUNTER_CS.PICK_SPATIAL_COUNTER_OUTS
2024-10-21 18:42:26 [runtime] (run:local)       ID.Spatial_4.SPATIAL_RNA_COUNTER_CS.PICK_SPATIAL_COUNTER_OUTS.fork0.chnk0.main
2024-10-21 18:42:26 [runtime] (chunks_complete) ID.Spatial_4.SPATIAL_RNA_COUNTER_CS.PICK_SPATIAL_COUNTER_OUTS
2024-10-21 18:42:27 [runtime] (split_complete)  ID.Spatial_4.SPATIAL_RNA_COUNTER_CS.CLOUPE_PREPROCESS
2024-10-21 18:42:27 [runtime] (run:local)       ID.Spatial_4.SPATIAL_RNA_COUNTER_CS.CLOUPE_PREPROCESS.fork0.chnk0.main
2024-10-21 18:42:44 [runtime] (chunks_complete) ID.Spatial_4.SPATIAL_RNA_COUNTER_CS.SPATIAL_RNA_COUNTER._BASIC_SPATIAL_RNA_COUNTER.WRITE_POS_BAM
2024-10-21 18:42:44 [runtime] (run:local)       ID.Spatial_4.SPATIAL_RNA_COUNTER_CS.SPATIAL_RNA_COUNTER._BASIC_SPATIAL_RNA_COUNTER.WRITE_POS_BAM.fork0.join
2024-10-21 18:42:56 [runtime] (chunks_complete) ID.Spatial_4.SPATIAL_RNA_COUNTER_CS.CLOUPE_PREPROCESS
2024-10-21 18:42:56 [runtime] (run:local)       ID.Spatial_4.SPATIAL_RNA_COUNTER_CS.CLOUPE_PREPROCESS.fork0.join
2024-10-21 18:42:57 [runtime] (join_complete)   ID.Spatial_4.SPATIAL_RNA_COUNTER_CS.CLOUPE_PREPROCESS
2024-10-21 18:43:27 [runtime] (join_complete)   ID.Spatial_4.SPATIAL_RNA_COUNTER_CS.SPATIAL_RNA_COUNTER._BASIC_SPATIAL_RNA_COUNTER.WRITE_POS_BAM

Outputs:
- Run summary HTML:                                  /storage/gge/Quique/Cells2SpineData/Pilot/spatial/matrices/Spatial_4/outs/web_summary.html
- Outputs of spatial pipeline:
    Slide image annotated with fiducial alignment:                             /storage/gge/Quique/Cells2SpineData/Pilot/spatial/matrices/Spatial_4/outs/spatial/aligned_fiducials.jpg
    Slide image annotated with detected tissue:                                /storage/gge/Quique/Cells2SpineData/Pilot/spatial/matrices/Spatial_4/outs/spatial/detected_tissue_image.jpg
    Scale factors for hires and lowres images and fiducial and spot diameters: /storage/gge/Quique/Cells2SpineData/Pilot/spatial/matrices/Spatial_4/outs/spatial/scalefactors_json.json
    Transform learned in tissue registration:                                  null
    Slide image scaled to 2000px in the largest dimension:                     /storage/gge/Quique/Cells2SpineData/Pilot/spatial/matrices/Spatial_4/outs/spatial/tissue_hires_image.png
    Slide image scaled to 600px in the largest dimension:                      /storage/gge/Quique/Cells2SpineData/Pilot/spatial/matrices/Spatial_4/outs/spatial/tissue_lowres_image.png
    RGB brightfield image generated by CytAssist instrument:                   null
    Registration image between CytAssist image and microscope image:           null
    Slide position and tissue status of barcodes CSV:                          /storage/gge/Quique/Cells2SpineData/Pilot/spatial/matrices/Spatial_4/outs/spatial/tissue_positions.csv
    Slide position and tissue status of barcodes PARQUET:                      null
    Per feature Moran's I CSV:                                                 /storage/gge/Quique/Cells2SpineData/Pilot/spatial/matrices/Spatial_4/outs/spatial/spatial_enrichment.csv
    Fluorescence intensity at spot CSV:                                        null
- Run summary CSV:                                   /storage/gge/Quique/Cells2SpineData/Pilot/spatial/matrices/Spatial_4/outs/metrics_summary.csv
- BAM:                                               /storage/gge/Quique/Cells2SpineData/Pilot/spatial/matrices/Spatial_4/outs/possorted_genome_bam.bam
- BAM BAI index:                                     /storage/gge/Quique/Cells2SpineData/Pilot/spatial/matrices/Spatial_4/outs/possorted_genome_bam.bam.bai
- BAM CSI index:                                     null
- Filtered feature-barcode matrices MEX:             /storage/gge/Quique/Cells2SpineData/Pilot/spatial/matrices/Spatial_4/outs/filtered_feature_bc_matrix
- Filtered feature-barcode matrices HDF5:            /storage/gge/Quique/Cells2SpineData/Pilot/spatial/matrices/Spatial_4/outs/filtered_feature_bc_matrix.h5
- Unfiltered feature-barcode matrices MEX:           /storage/gge/Quique/Cells2SpineData/Pilot/spatial/matrices/Spatial_4/outs/raw_feature_bc_matrix
- Unfiltered feature-barcode matrices HDF5:          /storage/gge/Quique/Cells2SpineData/Pilot/spatial/matrices/Spatial_4/outs/raw_feature_bc_matrix.h5
- Secondary analysis output CSV:                     /storage/gge/Quique/Cells2SpineData/Pilot/spatial/matrices/Spatial_4/outs/analysis
- Per-molecule read information:                     /storage/gge/Quique/Cells2SpineData/Pilot/spatial/matrices/Spatial_4/outs/molecule_info.h5
- Loupe Browser file:                                /storage/gge/Quique/Cells2SpineData/Pilot/spatial/matrices/Spatial_4/outs/cloupe.cloupe
- Feature Reference:                                 null
- Target Panel file:                                 null
- Probe Set file:                                    null
- Normalization factors used to normalize AB counts: null
- Deconvolution directory:                           /storage/gge/Quique/Cells2SpineData/Pilot/spatial/matrices/Spatial_4/outs/deconvolution
- Raw probe barcode matrix:                          null
- Feature Slice matrix:                              null
- Outputs at each bin level:                         null
- Loupe Browser file (8um bin size):                 null
- Loupe Browser file (custom bin size):              null

Waiting 6 seconds for UI to do final refresh.
Pipestance completed successfully!

2024-10-21 18:43:35 Shutting down.
Saving pipestance info to "/storage/gge/Quique/Cells2SpineData/Pilot/spatial/matrices/Spatial_4/Spatial_4.mri.tgz"
Alignment process completed.
