/storage/gge/Quique/rat_reference/correct_output/
Processing single-cell sample: Single_Cell_1
Martian Runtime - v4.0.12
Serving UI at http://osd10:38731?auth=5cSfg8FMKYHlHsHSeUQpIkFgE4h-gWFECTYcQ9cRvc4

Running preflight checks (please wait)...
Checking sample info...
Checking FASTQ folder...
Checking reference...
Checking reference_path (/storage/gge/Quique/rat_reference/correct_output) on osd10...
Checking optional arguments...
mro: v4.0.12
mrp: v4.0.12
python: Python 3.10.8
numpy: 1.24.4
scipy: 1.10.1
pysam: 0.21.0
h5py: 3.9.0
pandas: 2.1.4
STAR: 2.7.2a
samtools: samtools 1.16.1
2025-02-11 15:31:35 [runtime] (ready)           ID.Single_Cell_1.SC_RNA_COUNTER_CS.FULL_COUNT_INPUTS.WRITE_GENE_INDEX
2025-02-11 15:31:35 [runtime] (run:local)       ID.Single_Cell_1.SC_RNA_COUNTER_CS.FULL_COUNT_INPUTS.WRITE_GENE_INDEX.fork0.chnk0.main
2025-02-11 15:31:35 [runtime] (ready)           ID.Single_Cell_1.SC_RNA_COUNTER_CS.SC_MULTI_CORE.MULTI_CHEMISTRY_DETECTOR.CHECK_SINGLE_BEAM_MODE
2025-02-11 15:31:35 [runtime] (ready)           ID.Single_Cell_1.SC_RNA_COUNTER_CS.SC_MULTI_CORE.MULTI_GEM_WELL_PROCESSOR.COUNT_GEM_WELL_PROCESSOR._BASIC_SC_RNA_COUNTER._MATRIX_COMPUTER.DISABLE_CORRECTION_FACTOR
2025-02-11 15:31:35 [runtime] (run:local)       ID.Single_Cell_1.SC_RNA_COUNTER_CS.SC_MULTI_CORE.MULTI_GEM_WELL_PROCESSOR.COUNT_GEM_WELL_PROCESSOR._BASIC_SC_RNA_COUNTER._MATRIX_COMPUTER.DISABLE_CORRECTION_FACTOR.fork0.chnk0.main
2025-02-11 15:31:35 [runtime] (ready)           ID.Single_Cell_1.SC_RNA_COUNTER_CS.COPY_CHEMISTRY_SPEC
2025-02-11 15:31:35 [runtime] (run:local)       ID.Single_Cell_1.SC_RNA_COUNTER_CS.COPY_CHEMISTRY_SPEC.fork0.chnk0.main
2025-02-11 15:31:35 [runtime] (ready)           ID.Single_Cell_1.SC_RNA_COUNTER_CS.SC_MULTI_CORE.SPLIT_VDJ_INPUTS
2025-02-11 15:31:35 [runtime] (ready)           ID.Single_Cell_1.SC_RNA_COUNTER_CS.WRITE_GENE_INDEX
2025-02-11 15:31:35 [runtime] (run:local)       ID.Single_Cell_1.SC_RNA_COUNTER_CS.WRITE_GENE_INDEX.fork0.chnk0.main
2025-02-11 15:31:35 [runtime] (ready)           ID.Single_Cell_1.SC_RNA_COUNTER_CS.SC_MULTI_CORE.COPY_VDJ_REFERENCE
2025-02-11 15:31:35 [runtime] (ready)           ID.Single_Cell_1.SC_RNA_COUNTER_CS.SC_MULTI_CORE.MAKE_FULL_CONFIG._MAKE_VDJ_CONFIG
2025-02-11 15:31:35 [runtime] (run:local)       ID.Single_Cell_1.SC_RNA_COUNTER_CS.SC_MULTI_CORE.MAKE_FULL_CONFIG._MAKE_VDJ_CONFIG.fork0.chnk0.main
2025-02-11 15:31:35 [runtime] (ready)           ID.Single_Cell_1.SC_RNA_COUNTER_CS.SC_MULTI_CORE.SANITIZE_MAP_CALLS
2025-02-11 15:31:35 [runtime] (chunks_complete) ID.Single_Cell_1.SC_RNA_COUNTER_CS.SC_MULTI_CORE.MULTI_GEM_WELL_PROCESSOR.COUNT_GEM_WELL_PROCESSOR._BASIC_SC_RNA_COUNTER._MATRIX_COMPUTER.DISABLE_CORRECTION_FACTOR
2025-02-11 15:31:35 [runtime] (chunks_complete) ID.Single_Cell_1.SC_RNA_COUNTER_CS.SC_MULTI_CORE.MAKE_FULL_CONFIG._MAKE_VDJ_CONFIG
2025-02-11 15:31:35 [runtime] (ready)           ID.Single_Cell_1.SC_RNA_COUNTER_CS.SC_MULTI_CORE.MULTI_GEM_WELL_PROCESSOR.COUNT_GEM_WELL_PROCESSOR._BASIC_SC_RNA_COUNTER._MATRIX_COMPUTER.COMPUTE_CORRECTION_FACTOR
2025-02-11 15:31:35 [runtime] (ready)           ID.Single_Cell_1.SC_RNA_COUNTER_CS.SC_MULTI_CORE.MULTI_GEM_WELL_PROCESSOR.VDJ_T_GEM_WELL_PROCESSOR.MULTI_SETUP_CHUNKS
2025-02-11 15:31:35 [runtime] (ready)           ID.Single_Cell_1.SC_RNA_COUNTER_CS.SC_MULTI_CORE.MULTI_GEM_WELL_PROCESSOR.VDJ_B_GEM_WELL_PROCESSOR.MULTI_SETUP_CHUNKS
2025-02-11 15:31:35 [runtime] (ready)           ID.Single_Cell_1.SC_RNA_COUNTER_CS.SC_MULTI_CORE.MULTI_GEM_WELL_PROCESSOR.VDJ_T_GD_GEM_WELL_PROCESSOR.SETUP_VDJ_DEMUX
2025-02-11 15:31:35 [runtime] (ready)           ID.Single_Cell_1.SC_RNA_COUNTER_CS.SC_MULTI_CORE.MULTI_GEM_WELL_PROCESSOR.VDJ_T_GD_GEM_WELL_PROCESSOR.MULTI_SETUP_CHUNKS
2025-02-11 15:31:35 [runtime] (ready)           ID.Single_Cell_1.SC_RNA_COUNTER_CS.SC_MULTI_CORE.MULTI_GEM_WELL_PROCESSOR.VDJ_B_GEM_WELL_PROCESSOR.SETUP_VDJ_DEMUX
2025-02-11 15:31:35 [runtime] (ready)           ID.Single_Cell_1.SC_RNA_COUNTER_CS.SC_MULTI_CORE.MULTI_GEM_WELL_PROCESSOR.VDJ_T_GEM_WELL_PROCESSOR.SETUP_VDJ_DEMUX
2025-02-11 15:31:35 [runtime] (ready)           ID.Single_Cell_1.SC_RNA_COUNTER_CS.SC_MULTI_CORE.MULTI_GEM_WELL_PROCESSOR.VDJ_T_GEM_WELL_PROCESSOR.SC_VDJ_CONTIG_ASSEMBLER.MAKE_SHARD
2025-02-11 15:31:35 [runtime] (ready)           ID.Single_Cell_1.SC_RNA_COUNTER_CS.SC_MULTI_CORE.MULTI_GEM_WELL_PROCESSOR.VDJ_T_GD_GEM_WELL_PROCESSOR.SC_VDJ_CONTIG_ASSEMBLER.MAKE_SHARD
2025-02-11 15:31:35 [runtime] (ready)           ID.Single_Cell_1.SC_RNA_COUNTER_CS.SC_MULTI_CORE.MULTI_GEM_WELL_PROCESSOR.VDJ_B_GEM_WELL_PROCESSOR.SC_VDJ_CONTIG_ASSEMBLER.MAKE_SHARD
2025-02-11 15:31:35 [runtime] (ready)           ID.Single_Cell_1.SC_RNA_COUNTER_CS.SC_MULTI_CORE.MULTI_GEM_WELL_PROCESSOR.VDJ_T_GD_GEM_WELL_PROCESSOR.SC_VDJ_CONTIG_ASSEMBLER.BARCODE_CORRECTION
2025-02-11 15:31:35 [runtime] (ready)           ID.Single_Cell_1.SC_RNA_COUNTER_CS.SC_MULTI_CORE.MULTI_GEM_WELL_PROCESSOR.VDJ_T_GEM_WELL_PROCESSOR.SC_VDJ_CONTIG_ASSEMBLER.BARCODE_CORRECTION
2025-02-11 15:31:35 [runtime] (ready)           ID.Single_Cell_1.SC_RNA_COUNTER_CS.SC_MULTI_CORE.MULTI_GEM_WELL_PROCESSOR.VDJ_B_GEM_WELL_PROCESSOR.SC_VDJ_CONTIG_ASSEMBLER.BARCODE_CORRECTION
2025-02-11 15:31:35 [runtime] (ready)           ID.Single_Cell_1.SC_RNA_COUNTER_CS.SC_MULTI_CORE.MULTI_GEM_WELL_PROCESSOR.VDJ_T_GD_GEM_WELL_PROCESSOR.SC_VDJ_CONTIG_ASSEMBLER.RUST_BRIDGE
2025-02-11 15:31:35 [runtime] (ready)           ID.Single_Cell_1.SC_RNA_COUNTER_CS.SC_MULTI_CORE.MULTI_GEM_WELL_PROCESSOR.VDJ_B_GEM_WELL_PROCESSOR.SC_VDJ_CONTIG_ASSEMBLER.RUST_BRIDGE
2025-02-11 15:31:35 [runtime] (ready)           ID.Single_Cell_1.SC_RNA_COUNTER_CS.SC_MULTI_CORE.MULTI_GEM_WELL_PROCESSOR.VDJ_T_GEM_WELL_PROCESSOR.SC_VDJ_CONTIG_ASSEMBLER.RUST_BRIDGE
2025-02-11 15:31:35 [runtime] (ready)           ID.Single_Cell_1.SC_RNA_COUNTER_CS.SC_MULTI_CORE.MULTI_GEM_WELL_PROCESSOR.VDJ_T_GD_GEM_WELL_PROCESSOR.SC_VDJ_CONTIG_ASSEMBLER.ASSEMBLE_VDJ
2025-02-11 15:31:35 [runtime] (ready)           ID.Single_Cell_1.SC_RNA_COUNTER_CS.SC_MULTI_CORE.MULTI_GEM_WELL_PROCESSOR.VDJ_B_GEM_WELL_PROCESSOR.SC_VDJ_CONTIG_ASSEMBLER.ASSEMBLE_VDJ
2025-02-11 15:31:35 [runtime] (ready)           ID.Single_Cell_1.SC_RNA_COUNTER_CS.SC_MULTI_CORE.MULTI_GEM_WELL_PROCESSOR.VDJ_T_GEM_WELL_PROCESSOR.SC_VDJ_CONTIG_ASSEMBLER.ASSEMBLE_VDJ
2025-02-11 15:31:35 [runtime] (ready)           ID.Single_Cell_1.SC_RNA_COUNTER_CS.SC_MULTI_CORE.MULTI_GEM_WELL_PROCESSOR.VDJ_B_GEM_WELL_PROCESSOR.SC_VDJ_CONTIG_ASSEMBLER.MERGE_METRICS
2025-02-11 15:31:35 [runtime] (ready)           ID.Single_Cell_1.SC_RNA_COUNTER_CS.SC_MULTI_CORE.MULTI_GEM_WELL_PROCESSOR.VDJ_T_GD_GEM_WELL_PROCESSOR.SC_VDJ_CONTIG_ASSEMBLER.MERGE_METRICS
2025-02-11 15:31:35 [runtime] (ready)           ID.Single_Cell_1.SC_RNA_COUNTER_CS.SC_MULTI_CORE.MULTI_GEM_WELL_PROCESSOR.VDJ_T_GEM_WELL_PROCESSOR.SC_VDJ_CONTIG_ASSEMBLER.MERGE_METRICS
2025-02-11 15:31:42 [runtime] (chunks_complete) ID.Single_Cell_1.SC_RNA_COUNTER_CS.WRITE_GENE_INDEX
2025-02-11 15:31:43 [runtime] (chunks_complete) ID.Single_Cell_1.SC_RNA_COUNTER_CS.FULL_COUNT_INPUTS.WRITE_GENE_INDEX
2025-02-11 15:31:43 [runtime] (ready)           ID.Single_Cell_1.SC_RNA_COUNTER_CS.SC_MULTI_CORE.MULTI_GEM_WELL_PROCESSOR.COUNT_GEM_WELL_PROCESSOR.PARSE_TARGET_FEATURES
2025-02-11 15:31:43 [runtime] (run:local)       ID.Single_Cell_1.SC_RNA_COUNTER_CS.SC_MULTI_CORE.MULTI_GEM_WELL_PROCESSOR.COUNT_GEM_WELL_PROCESSOR.PARSE_TARGET_FEATURES.fork0.chnk0.main
2025-02-11 15:31:43 [runtime] (chunks_complete) ID.Single_Cell_1.SC_RNA_COUNTER_CS.SC_MULTI_CORE.MULTI_GEM_WELL_PROCESSOR.COUNT_GEM_WELL_PROCESSOR.PARSE_TARGET_FEATURES
2025-02-11 15:31:55 [runtime] (chunks_complete) ID.Single_Cell_1.SC_RNA_COUNTER_CS.COPY_CHEMISTRY_SPEC
2025-02-11 15:31:55 [runtime] (ready)           ID.Single_Cell_1.SC_RNA_COUNTER_CS.SC_MULTI_CORE.MULTI_CHEMISTRY_DETECTOR.DETECT_COUNT_CHEMISTRY
2025-02-11 15:31:55 [runtime] (run:local)       ID.Single_Cell_1.SC_RNA_COUNTER_CS.SC_MULTI_CORE.MULTI_CHEMISTRY_DETECTOR.DETECT_COUNT_CHEMISTRY.fork0.chnk0.main
2025-02-11 15:32:27 [runtime] (chunks_complete) ID.Single_Cell_1.SC_RNA_COUNTER_CS.SC_MULTI_CORE.MULTI_CHEMISTRY_DETECTOR.DETECT_COUNT_CHEMISTRY
2025-02-11 15:32:27 [runtime] (ready)           ID.Single_Cell_1.SC_RNA_COUNTER_CS.SC_MULTI_CORE.MULTI_CHEMISTRY_DETECTOR.CHECK_BARCODES_COMPATIBILITY
2025-02-11 15:32:27 [runtime] (run:local)       ID.Single_Cell_1.SC_RNA_COUNTER_CS.SC_MULTI_CORE.MULTI_CHEMISTRY_DETECTOR.CHECK_BARCODES_COMPATIBILITY.fork0.chnk0.main
2025-02-11 15:32:27 [runtime] (ready)           ID.Single_Cell_1.SC_RNA_COUNTER_CS.SC_MULTI_CORE.MULTI_GEM_WELL_PROCESSOR.MAKE_VDJ_FILTER_SWITCH
2025-02-11 15:32:27 [runtime] (run:local)       ID.Single_Cell_1.SC_RNA_COUNTER_CS.SC_MULTI_CORE.MULTI_GEM_WELL_PROCESSOR.MAKE_VDJ_FILTER_SWITCH.fork0.chnk0.main
2025-02-11 15:32:27 [runtime] (ready)           ID.Single_Cell_1.SC_RNA_COUNTER_CS.SC_MULTI_CORE.CREATE_MULTI_GRAPH
2025-02-11 15:32:27 [runtime] (ready)           ID.Single_Cell_1.SC_RNA_COUNTER_CS.SC_MULTI_CORE.MULTI_GEM_WELL_PROCESSOR.COUNT_GEM_WELL_PROCESSOR.MULTI_SETUP_CHUNKS
2025-02-11 15:32:27 [runtime] (run:local)       ID.Single_Cell_1.SC_RNA_COUNTER_CS.SC_MULTI_CORE.MULTI_GEM_WELL_PROCESSOR.COUNT_GEM_WELL_PROCESSOR.MULTI_SETUP_CHUNKS.fork0.chnk0.main
2025-02-11 15:32:27 [runtime] (chunks_complete) ID.Single_Cell_1.SC_RNA_COUNTER_CS.SC_MULTI_CORE.MULTI_CHEMISTRY_DETECTOR.CHECK_BARCODES_COMPATIBILITY
2025-02-11 15:32:27 [runtime] (chunks_complete) ID.Single_Cell_1.SC_RNA_COUNTER_CS.SC_MULTI_CORE.MULTI_GEM_WELL_PROCESSOR.COUNT_GEM_WELL_PROCESSOR.MULTI_SETUP_CHUNKS
2025-02-11 15:32:27 [runtime] (ready)           ID.Single_Cell_1.SC_RNA_COUNTER_CS.SC_MULTI_CORE.MULTI_GEM_WELL_PROCESSOR.COUNT_GEM_WELL_PROCESSOR._BASIC_SC_RNA_COUNTER._MATRIX_COMPUTER.MAKE_SHARD
2025-02-11 15:32:27 [runtime] (run:local)       ID.Single_Cell_1.SC_RNA_COUNTER_CS.SC_MULTI_CORE.MULTI_GEM_WELL_PROCESSOR.COUNT_GEM_WELL_PROCESSOR._BASIC_SC_RNA_COUNTER._MATRIX_COMPUTER.MAKE_SHARD.fork0.split
2025-02-11 15:32:27 [runtime] (chunks_complete) ID.Single_Cell_1.SC_RNA_COUNTER_CS.SC_MULTI_CORE.MULTI_GEM_WELL_PROCESSOR.MAKE_VDJ_FILTER_SWITCH
2025-02-11 15:32:30 [runtime] (split_complete)  ID.Single_Cell_1.SC_RNA_COUNTER_CS.SC_MULTI_CORE.MULTI_GEM_WELL_PROCESSOR.COUNT_GEM_WELL_PROCESSOR._BASIC_SC_RNA_COUNTER._MATRIX_COMPUTER.MAKE_SHARD
2025-02-11 15:32:30 [runtime] (run:local)       ID.Single_Cell_1.SC_RNA_COUNTER_CS.SC_MULTI_CORE.MULTI_GEM_WELL_PROCESSOR.COUNT_GEM_WELL_PROCESSOR._BASIC_SC_RNA_COUNTER._MATRIX_COMPUTER.MAKE_SHARD.fork0.chnk0.main
2025-02-11 15:32:30 [runtime] (run:local)       ID.Single_Cell_1.SC_RNA_COUNTER_CS.SC_MULTI_CORE.MULTI_GEM_WELL_PROCESSOR.COUNT_GEM_WELL_PROCESSOR._BASIC_SC_RNA_COUNTER._MATRIX_COMPUTER.MAKE_SHARD.fork0.chnk1.main
2025-02-11 15:38:31 [runtime] (update)          ID.Single_Cell_1.SC_RNA_COUNTER_CS.SC_MULTI_CORE.MULTI_GEM_WELL_PROCESSOR.COUNT_GEM_WELL_PROCESSOR._BASIC_SC_RNA_COUNTER._MATRIX_COMPUTER.MAKE_SHARD.fork0 chunks running (0/2 completed)
2025-02-11 15:44:32 [runtime] (update)          ID.Single_Cell_1.SC_RNA_COUNTER_CS.SC_MULTI_CORE.MULTI_GEM_WELL_PROCESSOR.COUNT_GEM_WELL_PROCESSOR._BASIC_SC_RNA_COUNTER._MATRIX_COMPUTER.MAKE_SHARD.fork0 chunks running (0/2 completed)
2025-02-11 15:50:33 [runtime] (update)          ID.Single_Cell_1.SC_RNA_COUNTER_CS.SC_MULTI_CORE.MULTI_GEM_WELL_PROCESSOR.COUNT_GEM_WELL_PROCESSOR._BASIC_SC_RNA_COUNTER._MATRIX_COMPUTER.MAKE_SHARD.fork0 chunks running (0/2 completed)
2025-02-11 15:56:31 [runtime] (update)          ID.Single_Cell_1.SC_RNA_COUNTER_CS.SC_MULTI_CORE.MULTI_GEM_WELL_PROCESSOR.COUNT_GEM_WELL_PROCESSOR._BASIC_SC_RNA_COUNTER._MATRIX_COMPUTER.MAKE_SHARD.fork0 chunks running (0/2 completed)
2025-02-11 16:02:31 [runtime] (update)          ID.Single_Cell_1.SC_RNA_COUNTER_CS.SC_MULTI_CORE.MULTI_GEM_WELL_PROCESSOR.COUNT_GEM_WELL_PROCESSOR._BASIC_SC_RNA_COUNTER._MATRIX_COMPUTER.MAKE_SHARD.fork0 chunks running (1/2 completed)
2025-02-11 16:02:59 [runtime] (chunks_complete) ID.Single_Cell_1.SC_RNA_COUNTER_CS.SC_MULTI_CORE.MULTI_GEM_WELL_PROCESSOR.COUNT_GEM_WELL_PROCESSOR._BASIC_SC_RNA_COUNTER._MATRIX_COMPUTER.MAKE_SHARD
2025-02-11 16:02:59 [runtime] (run:local)       ID.Single_Cell_1.SC_RNA_COUNTER_CS.SC_MULTI_CORE.MULTI_GEM_WELL_PROCESSOR.COUNT_GEM_WELL_PROCESSOR._BASIC_SC_RNA_COUNTER._MATRIX_COMPUTER.MAKE_SHARD.fork0.join
2025-02-11 16:03:01 [runtime] (join_complete)   ID.Single_Cell_1.SC_RNA_COUNTER_CS.SC_MULTI_CORE.MULTI_GEM_WELL_PROCESSOR.COUNT_GEM_WELL_PROCESSOR._BASIC_SC_RNA_COUNTER._MATRIX_COMPUTER.MAKE_SHARD
2025-02-11 16:03:01 [runtime] (ready)           ID.Single_Cell_1.SC_RNA_COUNTER_CS.SC_MULTI_CORE.MULTI_GEM_WELL_PROCESSOR.COUNT_GEM_WELL_PROCESSOR._BASIC_SC_RNA_COUNTER._MATRIX_COMPUTER.MAKE_CORRECTION_MAP
2025-02-11 16:03:01 [runtime] (run:local)       ID.Single_Cell_1.SC_RNA_COUNTER_CS.SC_MULTI_CORE.MULTI_GEM_WELL_PROCESSOR.COUNT_GEM_WELL_PROCESSOR._BASIC_SC_RNA_COUNTER._MATRIX_COMPUTER.MAKE_CORRECTION_MAP.fork0.split
2025-02-11 16:03:01 [runtime] (split_complete)  ID.Single_Cell_1.SC_RNA_COUNTER_CS.SC_MULTI_CORE.MULTI_GEM_WELL_PROCESSOR.COUNT_GEM_WELL_PROCESSOR._BASIC_SC_RNA_COUNTER._MATRIX_COMPUTER.MAKE_CORRECTION_MAP
2025-02-11 16:03:01 [runtime] (run:local)       ID.Single_Cell_1.SC_RNA_COUNTER_CS.SC_MULTI_CORE.MULTI_GEM_WELL_PROCESSOR.COUNT_GEM_WELL_PROCESSOR._BASIC_SC_RNA_COUNTER._MATRIX_COMPUTER.MAKE_CORRECTION_MAP.fork0.join
2025-02-11 16:03:01 [runtime] (join_complete)   ID.Single_Cell_1.SC_RNA_COUNTER_CS.SC_MULTI_CORE.MULTI_GEM_WELL_PROCESSOR.COUNT_GEM_WELL_PROCESSOR._BASIC_SC_RNA_COUNTER._MATRIX_COMPUTER.MAKE_CORRECTION_MAP
2025-02-11 16:03:02 [runtime] (ready)           ID.Single_Cell_1.SC_RNA_COUNTER_CS.SC_MULTI_CORE.MULTI_GEM_WELL_PROCESSOR.COUNT_GEM_WELL_PROCESSOR._BASIC_SC_RNA_COUNTER._MATRIX_COMPUTER.BARCODE_CORRECTION
2025-02-11 16:03:02 [runtime] (run:local)       ID.Single_Cell_1.SC_RNA_COUNTER_CS.SC_MULTI_CORE.MULTI_GEM_WELL_PROCESSOR.COUNT_GEM_WELL_PROCESSOR._BASIC_SC_RNA_COUNTER._MATRIX_COMPUTER.BARCODE_CORRECTION.fork0.split
2025-02-11 16:03:02 [runtime] (split_complete)  ID.Single_Cell_1.SC_RNA_COUNTER_CS.SC_MULTI_CORE.MULTI_GEM_WELL_PROCESSOR.COUNT_GEM_WELL_PROCESSOR._BASIC_SC_RNA_COUNTER._MATRIX_COMPUTER.BARCODE_CORRECTION
2025-02-11 16:03:02 [runtime] (run:local)       ID.Single_Cell_1.SC_RNA_COUNTER_CS.SC_MULTI_CORE.MULTI_GEM_WELL_PROCESSOR.COUNT_GEM_WELL_PROCESSOR._BASIC_SC_RNA_COUNTER._MATRIX_COMPUTER.BARCODE_CORRECTION.fork0.chnk00.main
2025-02-11 16:03:02 [runtime] (run:local)       ID.Single_Cell_1.SC_RNA_COUNTER_CS.SC_MULTI_CORE.MULTI_GEM_WELL_PROCESSOR.COUNT_GEM_WELL_PROCESSOR._BASIC_SC_RNA_COUNTER._MATRIX_COMPUTER.BARCODE_CORRECTION.fork0.chnk01.main
2025-02-11 16:03:02 [runtime] (run:local)       ID.Single_Cell_1.SC_RNA_COUNTER_CS.SC_MULTI_CORE.MULTI_GEM_WELL_PROCESSOR.COUNT_GEM_WELL_PROCESSOR._BASIC_SC_RNA_COUNTER._MATRIX_COMPUTER.BARCODE_CORRECTION.fork0.chnk02.main
2025-02-11 16:03:02 [runtime] (run:local)       ID.Single_Cell_1.SC_RNA_COUNTER_CS.SC_MULTI_CORE.MULTI_GEM_WELL_PROCESSOR.COUNT_GEM_WELL_PROCESSOR._BASIC_SC_RNA_COUNTER._MATRIX_COMPUTER.BARCODE_CORRECTION.fork0.chnk03.main
2025-02-11 16:03:02 [runtime] (run:local)       ID.Single_Cell_1.SC_RNA_COUNTER_CS.SC_MULTI_CORE.MULTI_GEM_WELL_PROCESSOR.COUNT_GEM_WELL_PROCESSOR._BASIC_SC_RNA_COUNTER._MATRIX_COMPUTER.BARCODE_CORRECTION.fork0.chnk04.main
2025-02-11 16:03:02 [runtime] (run:local)       ID.Single_Cell_1.SC_RNA_COUNTER_CS.SC_MULTI_CORE.MULTI_GEM_WELL_PROCESSOR.COUNT_GEM_WELL_PROCESSOR._BASIC_SC_RNA_COUNTER._MATRIX_COMPUTER.BARCODE_CORRECTION.fork0.chnk05.main
2025-02-11 16:03:02 [runtime] (run:local)       ID.Single_Cell_1.SC_RNA_COUNTER_CS.SC_MULTI_CORE.MULTI_GEM_WELL_PROCESSOR.COUNT_GEM_WELL_PROCESSOR._BASIC_SC_RNA_COUNTER._MATRIX_COMPUTER.BARCODE_CORRECTION.fork0.chnk06.main
2025-02-11 16:03:02 [runtime] (run:local)       ID.Single_Cell_1.SC_RNA_COUNTER_CS.SC_MULTI_CORE.MULTI_GEM_WELL_PROCESSOR.COUNT_GEM_WELL_PROCESSOR._BASIC_SC_RNA_COUNTER._MATRIX_COMPUTER.BARCODE_CORRECTION.fork0.chnk07.main
2025-02-11 16:03:02 [runtime] (run:local)       ID.Single_Cell_1.SC_RNA_COUNTER_CS.SC_MULTI_CORE.MULTI_GEM_WELL_PROCESSOR.COUNT_GEM_WELL_PROCESSOR._BASIC_SC_RNA_COUNTER._MATRIX_COMPUTER.BARCODE_CORRECTION.fork0.chnk08.main
2025-02-11 16:03:02 [runtime] (run:local)       ID.Single_Cell_1.SC_RNA_COUNTER_CS.SC_MULTI_CORE.MULTI_GEM_WELL_PROCESSOR.COUNT_GEM_WELL_PROCESSOR._BASIC_SC_RNA_COUNTER._MATRIX_COMPUTER.BARCODE_CORRECTION.fork0.chnk09.main
2025-02-11 16:03:02 [runtime] (run:local)       ID.Single_Cell_1.SC_RNA_COUNTER_CS.SC_MULTI_CORE.MULTI_GEM_WELL_PROCESSOR.COUNT_GEM_WELL_PROCESSOR._BASIC_SC_RNA_COUNTER._MATRIX_COMPUTER.BARCODE_CORRECTION.fork0.chnk10.main
2025-02-11 16:03:02 [runtime] (run:local)       ID.Single_Cell_1.SC_RNA_COUNTER_CS.SC_MULTI_CORE.MULTI_GEM_WELL_PROCESSOR.COUNT_GEM_WELL_PROCESSOR._BASIC_SC_RNA_COUNTER._MATRIX_COMPUTER.BARCODE_CORRECTION.fork0.chnk11.main
2025-02-11 16:03:02 [runtime] (run:local)       ID.Single_Cell_1.SC_RNA_COUNTER_CS.SC_MULTI_CORE.MULTI_GEM_WELL_PROCESSOR.COUNT_GEM_WELL_PROCESSOR._BASIC_SC_RNA_COUNTER._MATRIX_COMPUTER.BARCODE_CORRECTION.fork0.chnk12.main
2025-02-11 16:03:02 [runtime] (run:local)       ID.Single_Cell_1.SC_RNA_COUNTER_CS.SC_MULTI_CORE.MULTI_GEM_WELL_PROCESSOR.COUNT_GEM_WELL_PROCESSOR._BASIC_SC_RNA_COUNTER._MATRIX_COMPUTER.BARCODE_CORRECTION.fork0.chnk13.main
2025-02-11 16:03:02 [runtime] (run:local)       ID.Single_Cell_1.SC_RNA_COUNTER_CS.SC_MULTI_CORE.MULTI_GEM_WELL_PROCESSOR.COUNT_GEM_WELL_PROCESSOR._BASIC_SC_RNA_COUNTER._MATRIX_COMPUTER.BARCODE_CORRECTION.fork0.chnk14.main
2025-02-11 16:03:02 [runtime] (run:local)       ID.Single_Cell_1.SC_RNA_COUNTER_CS.SC_MULTI_CORE.MULTI_GEM_WELL_PROCESSOR.COUNT_GEM_WELL_PROCESSOR._BASIC_SC_RNA_COUNTER._MATRIX_COMPUTER.BARCODE_CORRECTION.fork0.chnk15.main
2025-02-11 16:03:02 [runtime] (run:local)       ID.Single_Cell_1.SC_RNA_COUNTER_CS.SC_MULTI_CORE.MULTI_GEM_WELL_PROCESSOR.COUNT_GEM_WELL_PROCESSOR._BASIC_SC_RNA_COUNTER._MATRIX_COMPUTER.BARCODE_CORRECTION.fork0.chnk16.main
2025-02-11 16:03:02 [runtime] (run:local)       ID.Single_Cell_1.SC_RNA_COUNTER_CS.SC_MULTI_CORE.MULTI_GEM_WELL_PROCESSOR.COUNT_GEM_WELL_PROCESSOR._BASIC_SC_RNA_COUNTER._MATRIX_COMPUTER.BARCODE_CORRECTION.fork0.chnk17.main
2025-02-11 16:03:02 [runtime] (run:local)       ID.Single_Cell_1.SC_RNA_COUNTER_CS.SC_MULTI_CORE.MULTI_GEM_WELL_PROCESSOR.COUNT_GEM_WELL_PROCESSOR._BASIC_SC_RNA_COUNTER._MATRIX_COMPUTER.BARCODE_CORRECTION.fork0.chnk18.main
2025-02-11 16:03:02 [runtime] (run:local)       ID.Single_Cell_1.SC_RNA_COUNTER_CS.SC_MULTI_CORE.MULTI_GEM_WELL_PROCESSOR.COUNT_GEM_WELL_PROCESSOR._BASIC_SC_RNA_COUNTER._MATRIX_COMPUTER.BARCODE_CORRECTION.fork0.chnk19.main
2025-02-11 16:03:02 [runtime] (run:local)       ID.Single_Cell_1.SC_RNA_COUNTER_CS.SC_MULTI_CORE.MULTI_GEM_WELL_PROCESSOR.COUNT_GEM_WELL_PROCESSOR._BASIC_SC_RNA_COUNTER._MATRIX_COMPUTER.BARCODE_CORRECTION.fork0.chnk20.main
2025-02-11 16:03:02 [runtime] (run:local)       ID.Single_Cell_1.SC_RNA_COUNTER_CS.SC_MULTI_CORE.MULTI_GEM_WELL_PROCESSOR.COUNT_GEM_WELL_PROCESSOR._BASIC_SC_RNA_COUNTER._MATRIX_COMPUTER.BARCODE_CORRECTION.fork0.chnk21.main
2025-02-11 16:03:02 [runtime] (run:local)       ID.Single_Cell_1.SC_RNA_COUNTER_CS.SC_MULTI_CORE.MULTI_GEM_WELL_PROCESSOR.COUNT_GEM_WELL_PROCESSOR._BASIC_SC_RNA_COUNTER._MATRIX_COMPUTER.BARCODE_CORRECTION.fork0.chnk22.main
2025-02-11 16:03:02 [runtime] (run:local)       ID.Single_Cell_1.SC_RNA_COUNTER_CS.SC_MULTI_CORE.MULTI_GEM_WELL_PROCESSOR.COUNT_GEM_WELL_PROCESSOR._BASIC_SC_RNA_COUNTER._MATRIX_COMPUTER.BARCODE_CORRECTION.fork0.chnk23.main
2025-02-11 16:03:02 [runtime] (run:local)       ID.Single_Cell_1.SC_RNA_COUNTER_CS.SC_MULTI_CORE.MULTI_GEM_WELL_PROCESSOR.COUNT_GEM_WELL_PROCESSOR._BASIC_SC_RNA_COUNTER._MATRIX_COMPUTER.BARCODE_CORRECTION.fork0.chnk24.main
2025-02-11 16:03:02 [runtime] (run:local)       ID.Single_Cell_1.SC_RNA_COUNTER_CS.SC_MULTI_CORE.MULTI_GEM_WELL_PROCESSOR.COUNT_GEM_WELL_PROCESSOR._BASIC_SC_RNA_COUNTER._MATRIX_COMPUTER.BARCODE_CORRECTION.fork0.chnk25.main
2025-02-11 16:03:02 [runtime] (run:local)       ID.Single_Cell_1.SC_RNA_COUNTER_CS.SC_MULTI_CORE.MULTI_GEM_WELL_PROCESSOR.COUNT_GEM_WELL_PROCESSOR._BASIC_SC_RNA_COUNTER._MATRIX_COMPUTER.BARCODE_CORRECTION.fork0.chnk26.main
2025-02-11 16:03:02 [runtime] (run:local)       ID.Single_Cell_1.SC_RNA_COUNTER_CS.SC_MULTI_CORE.MULTI_GEM_WELL_PROCESSOR.COUNT_GEM_WELL_PROCESSOR._BASIC_SC_RNA_COUNTER._MATRIX_COMPUTER.BARCODE_CORRECTION.fork0.chnk27.main
2025-02-11 16:03:02 [runtime] (run:local)       ID.Single_Cell_1.SC_RNA_COUNTER_CS.SC_MULTI_CORE.MULTI_GEM_WELL_PROCESSOR.COUNT_GEM_WELL_PROCESSOR._BASIC_SC_RNA_COUNTER._MATRIX_COMPUTER.BARCODE_CORRECTION.fork0.chnk28.main
2025-02-11 16:03:02 [runtime] (run:local)       ID.Single_Cell_1.SC_RNA_COUNTER_CS.SC_MULTI_CORE.MULTI_GEM_WELL_PROCESSOR.COUNT_GEM_WELL_PROCESSOR._BASIC_SC_RNA_COUNTER._MATRIX_COMPUTER.BARCODE_CORRECTION.fork0.chnk29.main
2025-02-11 16:03:02 [runtime] (run:local)       ID.Single_Cell_1.SC_RNA_COUNTER_CS.SC_MULTI_CORE.MULTI_GEM_WELL_PROCESSOR.COUNT_GEM_WELL_PROCESSOR._BASIC_SC_RNA_COUNTER._MATRIX_COMPUTER.BARCODE_CORRECTION.fork0.chnk30.main
2025-02-11 16:03:02 [runtime] (run:local)       ID.Single_Cell_1.SC_RNA_COUNTER_CS.SC_MULTI_CORE.MULTI_GEM_WELL_PROCESSOR.COUNT_GEM_WELL_PROCESSOR._BASIC_SC_RNA_COUNTER._MATRIX_COMPUTER.BARCODE_CORRECTION.fork0.chnk31.main
2025-02-11 16:03:02 [runtime] (run:local)       ID.Single_Cell_1.SC_RNA_COUNTER_CS.SC_MULTI_CORE.MULTI_GEM_WELL_PROCESSOR.COUNT_GEM_WELL_PROCESSOR._BASIC_SC_RNA_COUNTER._MATRIX_COMPUTER.BARCODE_CORRECTION.fork0.chnk32.main
2025-02-11 16:03:03 [runtime] (run:local)       ID.Single_Cell_1.SC_RNA_COUNTER_CS.SC_MULTI_CORE.MULTI_GEM_WELL_PROCESSOR.COUNT_GEM_WELL_PROCESSOR._BASIC_SC_RNA_COUNTER._MATRIX_COMPUTER.BARCODE_CORRECTION.fork0.chnk33.main
2025-02-11 16:03:03 [runtime] (run:local)       ID.Single_Cell_1.SC_RNA_COUNTER_CS.SC_MULTI_CORE.MULTI_GEM_WELL_PROCESSOR.COUNT_GEM_WELL_PROCESSOR._BASIC_SC_RNA_COUNTER._MATRIX_COMPUTER.BARCODE_CORRECTION.fork0.chnk34.main
2025-02-11 16:03:03 [runtime] (run:local)       ID.Single_Cell_1.SC_RNA_COUNTER_CS.SC_MULTI_CORE.MULTI_GEM_WELL_PROCESSOR.COUNT_GEM_WELL_PROCESSOR._BASIC_SC_RNA_COUNTER._MATRIX_COMPUTER.BARCODE_CORRECTION.fork0.chnk35.main
2025-02-11 16:03:03 [runtime] (run:local)       ID.Single_Cell_1.SC_RNA_COUNTER_CS.SC_MULTI_CORE.MULTI_GEM_WELL_PROCESSOR.COUNT_GEM_WELL_PROCESSOR._BASIC_SC_RNA_COUNTER._MATRIX_COMPUTER.BARCODE_CORRECTION.fork0.chnk36.main
2025-02-11 16:03:03 [runtime] (run:local)       ID.Single_Cell_1.SC_RNA_COUNTER_CS.SC_MULTI_CORE.MULTI_GEM_WELL_PROCESSOR.COUNT_GEM_WELL_PROCESSOR._BASIC_SC_RNA_COUNTER._MATRIX_COMPUTER.BARCODE_CORRECTION.fork0.chnk37.main
2025-02-11 16:03:03 [runtime] (run:local)       ID.Single_Cell_1.SC_RNA_COUNTER_CS.SC_MULTI_CORE.MULTI_GEM_WELL_PROCESSOR.COUNT_GEM_WELL_PROCESSOR._BASIC_SC_RNA_COUNTER._MATRIX_COMPUTER.BARCODE_CORRECTION.fork0.chnk38.main
2025-02-11 16:03:03 [runtime] (run:local)       ID.Single_Cell_1.SC_RNA_COUNTER_CS.SC_MULTI_CORE.MULTI_GEM_WELL_PROCESSOR.COUNT_GEM_WELL_PROCESSOR._BASIC_SC_RNA_COUNTER._MATRIX_COMPUTER.BARCODE_CORRECTION.fork0.chnk39.main
2025-02-11 16:03:03 [runtime] (run:local)       ID.Single_Cell_1.SC_RNA_COUNTER_CS.SC_MULTI_CORE.MULTI_GEM_WELL_PROCESSOR.COUNT_GEM_WELL_PROCESSOR._BASIC_SC_RNA_COUNTER._MATRIX_COMPUTER.BARCODE_CORRECTION.fork0.chnk40.main
2025-02-11 16:03:03 [runtime] (run:local)       ID.Single_Cell_1.SC_RNA_COUNTER_CS.SC_MULTI_CORE.MULTI_GEM_WELL_PROCESSOR.COUNT_GEM_WELL_PROCESSOR._BASIC_SC_RNA_COUNTER._MATRIX_COMPUTER.BARCODE_CORRECTION.fork0.chnk41.main
2025-02-11 16:03:03 [runtime] (run:local)       ID.Single_Cell_1.SC_RNA_COUNTER_CS.SC_MULTI_CORE.MULTI_GEM_WELL_PROCESSOR.COUNT_GEM_WELL_PROCESSOR._BASIC_SC_RNA_COUNTER._MATRIX_COMPUTER.BARCODE_CORRECTION.fork0.chnk42.main
2025-02-11 16:03:03 [runtime] (run:local)       ID.Single_Cell_1.SC_RNA_COUNTER_CS.SC_MULTI_CORE.MULTI_GEM_WELL_PROCESSOR.COUNT_GEM_WELL_PROCESSOR._BASIC_SC_RNA_COUNTER._MATRIX_COMPUTER.BARCODE_CORRECTION.fork0.chnk43.main
2025-02-11 16:03:03 [runtime] (run:local)       ID.Single_Cell_1.SC_RNA_COUNTER_CS.SC_MULTI_CORE.MULTI_GEM_WELL_PROCESSOR.COUNT_GEM_WELL_PROCESSOR._BASIC_SC_RNA_COUNTER._MATRIX_COMPUTER.BARCODE_CORRECTION.fork0.chnk44.main
2025-02-11 16:03:04 [runtime] (run:local)       ID.Single_Cell_1.SC_RNA_COUNTER_CS.SC_MULTI_CORE.MULTI_GEM_WELL_PROCESSOR.COUNT_GEM_WELL_PROCESSOR._BASIC_SC_RNA_COUNTER._MATRIX_COMPUTER.BARCODE_CORRECTION.fork0.chnk45.main
2025-02-11 16:03:04 [runtime] (run:local)       ID.Single_Cell_1.SC_RNA_COUNTER_CS.SC_MULTI_CORE.MULTI_GEM_WELL_PROCESSOR.COUNT_GEM_WELL_PROCESSOR._BASIC_SC_RNA_COUNTER._MATRIX_COMPUTER.BARCODE_CORRECTION.fork0.chnk46.main
2025-02-11 16:03:04 [runtime] (run:local)       ID.Single_Cell_1.SC_RNA_COUNTER_CS.SC_MULTI_CORE.MULTI_GEM_WELL_PROCESSOR.COUNT_GEM_WELL_PROCESSOR._BASIC_SC_RNA_COUNTER._MATRIX_COMPUTER.BARCODE_CORRECTION.fork0.chnk47.main
2025-02-11 16:03:04 [runtime] (run:local)       ID.Single_Cell_1.SC_RNA_COUNTER_CS.SC_MULTI_CORE.MULTI_GEM_WELL_PROCESSOR.COUNT_GEM_WELL_PROCESSOR._BASIC_SC_RNA_COUNTER._MATRIX_COMPUTER.BARCODE_CORRECTION.fork0.chnk48.main
2025-02-11 16:03:04 [runtime] (run:local)       ID.Single_Cell_1.SC_RNA_COUNTER_CS.SC_MULTI_CORE.MULTI_GEM_WELL_PROCESSOR.COUNT_GEM_WELL_PROCESSOR._BASIC_SC_RNA_COUNTER._MATRIX_COMPUTER.BARCODE_CORRECTION.fork0.chnk49.main
2025-02-11 16:03:04 [runtime] (run:local)       ID.Single_Cell_1.SC_RNA_COUNTER_CS.SC_MULTI_CORE.MULTI_GEM_WELL_PROCESSOR.COUNT_GEM_WELL_PROCESSOR._BASIC_SC_RNA_COUNTER._MATRIX_COMPUTER.BARCODE_CORRECTION.fork0.chnk50.main
2025-02-11 16:03:04 [runtime] (run:local)       ID.Single_Cell_1.SC_RNA_COUNTER_CS.SC_MULTI_CORE.MULTI_GEM_WELL_PROCESSOR.COUNT_GEM_WELL_PROCESSOR._BASIC_SC_RNA_COUNTER._MATRIX_COMPUTER.BARCODE_CORRECTION.fork0.chnk51.main
2025-02-11 16:03:04 [runtime] (run:local)       ID.Single_Cell_1.SC_RNA_COUNTER_CS.SC_MULTI_CORE.MULTI_GEM_WELL_PROCESSOR.COUNT_GEM_WELL_PROCESSOR._BASIC_SC_RNA_COUNTER._MATRIX_COMPUTER.BARCODE_CORRECTION.fork0.chnk52.main
2025-02-11 16:03:04 [runtime] (run:local)       ID.Single_Cell_1.SC_RNA_COUNTER_CS.SC_MULTI_CORE.MULTI_GEM_WELL_PROCESSOR.COUNT_GEM_WELL_PROCESSOR._BASIC_SC_RNA_COUNTER._MATRIX_COMPUTER.BARCODE_CORRECTION.fork0.chnk53.main
2025-02-11 16:03:04 [runtime] (run:local)       ID.Single_Cell_1.SC_RNA_COUNTER_CS.SC_MULTI_CORE.MULTI_GEM_WELL_PROCESSOR.COUNT_GEM_WELL_PROCESSOR._BASIC_SC_RNA_COUNTER._MATRIX_COMPUTER.BARCODE_CORRECTION.fork0.chnk54.main
2025-02-11 16:03:04 [runtime] (run:local)       ID.Single_Cell_1.SC_RNA_COUNTER_CS.SC_MULTI_CORE.MULTI_GEM_WELL_PROCESSOR.COUNT_GEM_WELL_PROCESSOR._BASIC_SC_RNA_COUNTER._MATRIX_COMPUTER.BARCODE_CORRECTION.fork0.chnk55.main
2025-02-11 16:03:05 [runtime] (run:local)       ID.Single_Cell_1.SC_RNA_COUNTER_CS.SC_MULTI_CORE.MULTI_GEM_WELL_PROCESSOR.COUNT_GEM_WELL_PROCESSOR._BASIC_SC_RNA_COUNTER._MATRIX_COMPUTER.BARCODE_CORRECTION.fork0.chnk56.main
2025-02-11 16:03:05 [runtime] (run:local)       ID.Single_Cell_1.SC_RNA_COUNTER_CS.SC_MULTI_CORE.MULTI_GEM_WELL_PROCESSOR.COUNT_GEM_WELL_PROCESSOR._BASIC_SC_RNA_COUNTER._MATRIX_COMPUTER.BARCODE_CORRECTION.fork0.chnk57.main
2025-02-11 16:03:05 [runtime] (run:local)       ID.Single_Cell_1.SC_RNA_COUNTER_CS.SC_MULTI_CORE.MULTI_GEM_WELL_PROCESSOR.COUNT_GEM_WELL_PROCESSOR._BASIC_SC_RNA_COUNTER._MATRIX_COMPUTER.BARCODE_CORRECTION.fork0.chnk58.main
2025-02-11 16:03:05 [runtime] (run:local)       ID.Single_Cell_1.SC_RNA_COUNTER_CS.SC_MULTI_CORE.MULTI_GEM_WELL_PROCESSOR.COUNT_GEM_WELL_PROCESSOR._BASIC_SC_RNA_COUNTER._MATRIX_COMPUTER.BARCODE_CORRECTION.fork0.chnk59.main
2025-02-11 16:03:05 [runtime] (run:local)       ID.Single_Cell_1.SC_RNA_COUNTER_CS.SC_MULTI_CORE.MULTI_GEM_WELL_PROCESSOR.COUNT_GEM_WELL_PROCESSOR._BASIC_SC_RNA_COUNTER._MATRIX_COMPUTER.BARCODE_CORRECTION.fork0.chnk60.main
2025-02-11 16:03:05 [runtime] (run:local)       ID.Single_Cell_1.SC_RNA_COUNTER_CS.SC_MULTI_CORE.MULTI_GEM_WELL_PROCESSOR.COUNT_GEM_WELL_PROCESSOR._BASIC_SC_RNA_COUNTER._MATRIX_COMPUTER.BARCODE_CORRECTION.fork0.chnk61.main
2025-02-11 16:03:05 [runtime] (run:local)       ID.Single_Cell_1.SC_RNA_COUNTER_CS.SC_MULTI_CORE.MULTI_GEM_WELL_PROCESSOR.COUNT_GEM_WELL_PROCESSOR._BASIC_SC_RNA_COUNTER._MATRIX_COMPUTER.BARCODE_CORRECTION.fork0.chnk62.main
2025-02-11 16:03:05 [runtime] (run:local)       ID.Single_Cell_1.SC_RNA_COUNTER_CS.SC_MULTI_CORE.MULTI_GEM_WELL_PROCESSOR.COUNT_GEM_WELL_PROCESSOR._BASIC_SC_RNA_COUNTER._MATRIX_COMPUTER.BARCODE_CORRECTION.fork0.chnk63.main
2025-02-11 16:03:05 [runtime] (run:local)       ID.Single_Cell_1.SC_RNA_COUNTER_CS.SC_MULTI_CORE.MULTI_GEM_WELL_PROCESSOR.COUNT_GEM_WELL_PROCESSOR._BASIC_SC_RNA_COUNTER._MATRIX_COMPUTER.BARCODE_CORRECTION.fork0.chnk64.main
2025-02-11 16:03:05 [runtime] (run:local)       ID.Single_Cell_1.SC_RNA_COUNTER_CS.SC_MULTI_CORE.MULTI_GEM_WELL_PROCESSOR.COUNT_GEM_WELL_PROCESSOR._BASIC_SC_RNA_COUNTER._MATRIX_COMPUTER.BARCODE_CORRECTION.fork0.chnk65.main
2025-02-11 16:03:05 [runtime] (run:local)       ID.Single_Cell_1.SC_RNA_COUNTER_CS.SC_MULTI_CORE.MULTI_GEM_WELL_PROCESSOR.COUNT_GEM_WELL_PROCESSOR._BASIC_SC_RNA_COUNTER._MATRIX_COMPUTER.BARCODE_CORRECTION.fork0.chnk66.main
2025-02-11 16:03:05 [runtime] (run:local)       ID.Single_Cell_1.SC_RNA_COUNTER_CS.SC_MULTI_CORE.MULTI_GEM_WELL_PROCESSOR.COUNT_GEM_WELL_PROCESSOR._BASIC_SC_RNA_COUNTER._MATRIX_COMPUTER.BARCODE_CORRECTION.fork0.chnk67.main
2025-02-11 16:03:05 [runtime] (run:local)       ID.Single_Cell_1.SC_RNA_COUNTER_CS.SC_MULTI_CORE.MULTI_GEM_WELL_PROCESSOR.COUNT_GEM_WELL_PROCESSOR._BASIC_SC_RNA_COUNTER._MATRIX_COMPUTER.BARCODE_CORRECTION.fork0.chnk68.main
2025-02-11 16:03:05 [runtime] (run:local)       ID.Single_Cell_1.SC_RNA_COUNTER_CS.SC_MULTI_CORE.MULTI_GEM_WELL_PROCESSOR.COUNT_GEM_WELL_PROCESSOR._BASIC_SC_RNA_COUNTER._MATRIX_COMPUTER.BARCODE_CORRECTION.fork0.chnk69.main
2025-02-11 16:03:05 [runtime] (run:local)       ID.Single_Cell_1.SC_RNA_COUNTER_CS.SC_MULTI_CORE.MULTI_GEM_WELL_PROCESSOR.COUNT_GEM_WELL_PROCESSOR._BASIC_SC_RNA_COUNTER._MATRIX_COMPUTER.BARCODE_CORRECTION.fork0.chnk70.main
2025-02-11 16:03:05 [runtime] (run:local)       ID.Single_Cell_1.SC_RNA_COUNTER_CS.SC_MULTI_CORE.MULTI_GEM_WELL_PROCESSOR.COUNT_GEM_WELL_PROCESSOR._BASIC_SC_RNA_COUNTER._MATRIX_COMPUTER.BARCODE_CORRECTION.fork0.chnk71.main
2025-02-11 16:03:05 [runtime] (run:local)       ID.Single_Cell_1.SC_RNA_COUNTER_CS.SC_MULTI_CORE.MULTI_GEM_WELL_PROCESSOR.COUNT_GEM_WELL_PROCESSOR._BASIC_SC_RNA_COUNTER._MATRIX_COMPUTER.BARCODE_CORRECTION.fork0.chnk72.main
2025-02-11 16:03:06 [runtime] (run:local)       ID.Single_Cell_1.SC_RNA_COUNTER_CS.SC_MULTI_CORE.MULTI_GEM_WELL_PROCESSOR.COUNT_GEM_WELL_PROCESSOR._BASIC_SC_RNA_COUNTER._MATRIX_COMPUTER.BARCODE_CORRECTION.fork0.chnk73.main
2025-02-11 16:03:06 [runtime] (run:local)       ID.Single_Cell_1.SC_RNA_COUNTER_CS.SC_MULTI_CORE.MULTI_GEM_WELL_PROCESSOR.COUNT_GEM_WELL_PROCESSOR._BASIC_SC_RNA_COUNTER._MATRIX_COMPUTER.BARCODE_CORRECTION.fork0.chnk74.main
2025-02-11 16:05:29 [runtime] (chunks_complete) ID.Single_Cell_1.SC_RNA_COUNTER_CS.SC_MULTI_CORE.MULTI_GEM_WELL_PROCESSOR.COUNT_GEM_WELL_PROCESSOR._BASIC_SC_RNA_COUNTER._MATRIX_COMPUTER.BARCODE_CORRECTION
2025-02-11 16:05:29 [runtime] (run:local)       ID.Single_Cell_1.SC_RNA_COUNTER_CS.SC_MULTI_CORE.MULTI_GEM_WELL_PROCESSOR.COUNT_GEM_WELL_PROCESSOR._BASIC_SC_RNA_COUNTER._MATRIX_COMPUTER.BARCODE_CORRECTION.fork0.join
2025-02-11 16:05:30 [runtime] (join_complete)   ID.Single_Cell_1.SC_RNA_COUNTER_CS.SC_MULTI_CORE.MULTI_GEM_WELL_PROCESSOR.COUNT_GEM_WELL_PROCESSOR._BASIC_SC_RNA_COUNTER._MATRIX_COMPUTER.BARCODE_CORRECTION
2025-02-11 16:05:31 [runtime] (ready)           ID.Single_Cell_1.SC_RNA_COUNTER_CS.SC_MULTI_CORE.MULTI_GEM_WELL_PROCESSOR.COUNT_GEM_WELL_PROCESSOR._BASIC_SC_RNA_COUNTER._MATRIX_COMPUTER.WRITE_BARCODE_INDEX
2025-02-11 16:05:31 [runtime] (run:local)       ID.Single_Cell_1.SC_RNA_COUNTER_CS.SC_MULTI_CORE.MULTI_GEM_WELL_PROCESSOR.COUNT_GEM_WELL_PROCESSOR._BASIC_SC_RNA_COUNTER._MATRIX_COMPUTER.WRITE_BARCODE_INDEX.fork0.chnk0.main
2025-02-11 16:05:31 [runtime] (ready)           ID.Single_Cell_1.SC_RNA_COUNTER_CS.SC_MULTI_CORE.MULTI_GEM_WELL_PROCESSOR.COUNT_GEM_WELL_PROCESSOR._BASIC_SC_RNA_COUNTER._MATRIX_COMPUTER._SLFE_PARTIAL_FIRST_PASS.SUBSAMPLE_BARCODES
2025-02-11 16:05:31 [runtime] (ready)           ID.Single_Cell_1.SC_RNA_COUNTER_CS.SC_MULTI_CORE.MULTI_GEM_WELL_PROCESSOR.COUNT_GEM_WELL_PROCESSOR._BASIC_SC_RNA_COUNTER._MATRIX_COMPUTER._SLFE_PARTIAL_FIRST_PASS.INITIAL_ALIGN_AND_COUNT
2025-02-11 16:05:31 [runtime] (ready)           ID.Single_Cell_1.SC_RNA_COUNTER_CS.SC_MULTI_CORE.MULTI_GEM_WELL_PROCESSOR.COUNT_GEM_WELL_PROCESSOR._BASIC_SC_RNA_COUNTER._MATRIX_COMPUTER._SLFE_PARTIAL_FIRST_PASS.SET_TARGETED_UMI_FILTER
2025-02-11 16:05:31 [runtime] (ready)           ID.Single_Cell_1.SC_RNA_COUNTER_CS.SC_MULTI_CORE.MULTI_GEM_WELL_PROCESSOR.COUNT_GEM_WELL_PROCESSOR._BASIC_SC_RNA_COUNTER._MATRIX_COMPUTER.ALIGN_AND_COUNT
2025-02-11 16:05:31 [runtime] (run:local)       ID.Single_Cell_1.SC_RNA_COUNTER_CS.SC_MULTI_CORE.MULTI_GEM_WELL_PROCESSOR.COUNT_GEM_WELL_PROCESSOR._BASIC_SC_RNA_COUNTER._MATRIX_COMPUTER.ALIGN_AND_COUNT.fork0.split
2025-02-11 16:05:32 [runtime] (split_complete)  ID.Single_Cell_1.SC_RNA_COUNTER_CS.SC_MULTI_CORE.MULTI_GEM_WELL_PROCESSOR.COUNT_GEM_WELL_PROCESSOR._BASIC_SC_RNA_COUNTER._MATRIX_COMPUTER.ALIGN_AND_COUNT
2025-02-11 16:05:32 [runtime] (run:local)       ID.Single_Cell_1.SC_RNA_COUNTER_CS.SC_MULTI_CORE.MULTI_GEM_WELL_PROCESSOR.COUNT_GEM_WELL_PROCESSOR._BASIC_SC_RNA_COUNTER._MATRIX_COMPUTER.ALIGN_AND_COUNT.fork0.chnk00.main
2025-02-11 16:05:32 [runtime] (run:local)       ID.Single_Cell_1.SC_RNA_COUNTER_CS.SC_MULTI_CORE.MULTI_GEM_WELL_PROCESSOR.COUNT_GEM_WELL_PROCESSOR._BASIC_SC_RNA_COUNTER._MATRIX_COMPUTER.ALIGN_AND_COUNT.fork0.chnk01.main
2025-02-11 16:05:32 [runtime] (run:local)       ID.Single_Cell_1.SC_RNA_COUNTER_CS.SC_MULTI_CORE.MULTI_GEM_WELL_PROCESSOR.COUNT_GEM_WELL_PROCESSOR._BASIC_SC_RNA_COUNTER._MATRIX_COMPUTER.ALIGN_AND_COUNT.fork0.chnk02.main
2025-02-11 16:05:32 [runtime] (run:local)       ID.Single_Cell_1.SC_RNA_COUNTER_CS.SC_MULTI_CORE.MULTI_GEM_WELL_PROCESSOR.COUNT_GEM_WELL_PROCESSOR._BASIC_SC_RNA_COUNTER._MATRIX_COMPUTER.ALIGN_AND_COUNT.fork0.chnk03.main
2025-02-11 16:05:32 [runtime] (run:local)       ID.Single_Cell_1.SC_RNA_COUNTER_CS.SC_MULTI_CORE.MULTI_GEM_WELL_PROCESSOR.COUNT_GEM_WELL_PROCESSOR._BASIC_SC_RNA_COUNTER._MATRIX_COMPUTER.ALIGN_AND_COUNT.fork0.chnk04.main
2025-02-11 16:05:32 [runtime] (run:local)       ID.Single_Cell_1.SC_RNA_COUNTER_CS.SC_MULTI_CORE.MULTI_GEM_WELL_PROCESSOR.COUNT_GEM_WELL_PROCESSOR._BASIC_SC_RNA_COUNTER._MATRIX_COMPUTER.ALIGN_AND_COUNT.fork0.chnk05.main
2025-02-11 16:05:32 [runtime] (run:local)       ID.Single_Cell_1.SC_RNA_COUNTER_CS.SC_MULTI_CORE.MULTI_GEM_WELL_PROCESSOR.COUNT_GEM_WELL_PROCESSOR._BASIC_SC_RNA_COUNTER._MATRIX_COMPUTER.ALIGN_AND_COUNT.fork0.chnk06.main
2025-02-11 16:05:32 [runtime] (run:local)       ID.Single_Cell_1.SC_RNA_COUNTER_CS.SC_MULTI_CORE.MULTI_GEM_WELL_PROCESSOR.COUNT_GEM_WELL_PROCESSOR._BASIC_SC_RNA_COUNTER._MATRIX_COMPUTER.ALIGN_AND_COUNT.fork0.chnk07.main
2025-02-11 16:05:32 [runtime] (run:local)       ID.Single_Cell_1.SC_RNA_COUNTER_CS.SC_MULTI_CORE.MULTI_GEM_WELL_PROCESSOR.COUNT_GEM_WELL_PROCESSOR._BASIC_SC_RNA_COUNTER._MATRIX_COMPUTER.ALIGN_AND_COUNT.fork0.chnk08.main
2025-02-11 16:05:32 [runtime] (run:local)       ID.Single_Cell_1.SC_RNA_COUNTER_CS.SC_MULTI_CORE.MULTI_GEM_WELL_PROCESSOR.COUNT_GEM_WELL_PROCESSOR._BASIC_SC_RNA_COUNTER._MATRIX_COMPUTER.ALIGN_AND_COUNT.fork0.chnk09.main
2025-02-11 16:05:32 [runtime] (run:local)       ID.Single_Cell_1.SC_RNA_COUNTER_CS.SC_MULTI_CORE.MULTI_GEM_WELL_PROCESSOR.COUNT_GEM_WELL_PROCESSOR._BASIC_SC_RNA_COUNTER._MATRIX_COMPUTER.ALIGN_AND_COUNT.fork0.chnk10.main
2025-02-11 16:05:32 [runtime] (run:local)       ID.Single_Cell_1.SC_RNA_COUNTER_CS.SC_MULTI_CORE.MULTI_GEM_WELL_PROCESSOR.COUNT_GEM_WELL_PROCESSOR._BASIC_SC_RNA_COUNTER._MATRIX_COMPUTER.ALIGN_AND_COUNT.fork0.chnk11.main
2025-02-11 16:05:32 [runtime] (run:local)       ID.Single_Cell_1.SC_RNA_COUNTER_CS.SC_MULTI_CORE.MULTI_GEM_WELL_PROCESSOR.COUNT_GEM_WELL_PROCESSOR._BASIC_SC_RNA_COUNTER._MATRIX_COMPUTER.ALIGN_AND_COUNT.fork0.chnk12.main
2025-02-11 16:05:32 [runtime] (run:local)       ID.Single_Cell_1.SC_RNA_COUNTER_CS.SC_MULTI_CORE.MULTI_GEM_WELL_PROCESSOR.COUNT_GEM_WELL_PROCESSOR._BASIC_SC_RNA_COUNTER._MATRIX_COMPUTER.ALIGN_AND_COUNT.fork0.chnk13.main
2025-02-11 16:05:32 [runtime] (run:local)       ID.Single_Cell_1.SC_RNA_COUNTER_CS.SC_MULTI_CORE.MULTI_GEM_WELL_PROCESSOR.COUNT_GEM_WELL_PROCESSOR._BASIC_SC_RNA_COUNTER._MATRIX_COMPUTER.ALIGN_AND_COUNT.fork0.chnk14.main
2025-02-11 16:05:32 [runtime] (run:local)       ID.Single_Cell_1.SC_RNA_COUNTER_CS.SC_MULTI_CORE.MULTI_GEM_WELL_PROCESSOR.COUNT_GEM_WELL_PROCESSOR._BASIC_SC_RNA_COUNTER._MATRIX_COMPUTER.ALIGN_AND_COUNT.fork0.chnk15.main
2025-02-11 16:05:32 [runtime] (run:local)       ID.Single_Cell_1.SC_RNA_COUNTER_CS.SC_MULTI_CORE.MULTI_GEM_WELL_PROCESSOR.COUNT_GEM_WELL_PROCESSOR._BASIC_SC_RNA_COUNTER._MATRIX_COMPUTER.ALIGN_AND_COUNT.fork0.chnk16.main
2025-02-11 16:05:32 [runtime] (run:local)       ID.Single_Cell_1.SC_RNA_COUNTER_CS.SC_MULTI_CORE.MULTI_GEM_WELL_PROCESSOR.COUNT_GEM_WELL_PROCESSOR._BASIC_SC_RNA_COUNTER._MATRIX_COMPUTER.ALIGN_AND_COUNT.fork0.chnk17.main
2025-02-11 16:05:32 [runtime] (run:local)       ID.Single_Cell_1.SC_RNA_COUNTER_CS.SC_MULTI_CORE.MULTI_GEM_WELL_PROCESSOR.COUNT_GEM_WELL_PROCESSOR._BASIC_SC_RNA_COUNTER._MATRIX_COMPUTER.ALIGN_AND_COUNT.fork0.chnk18.main
2025-02-11 16:05:32 [runtime] (run:local)       ID.Single_Cell_1.SC_RNA_COUNTER_CS.SC_MULTI_CORE.MULTI_GEM_WELL_PROCESSOR.COUNT_GEM_WELL_PROCESSOR._BASIC_SC_RNA_COUNTER._MATRIX_COMPUTER.ALIGN_AND_COUNT.fork0.chnk19.main
2025-02-11 16:05:32 [runtime] (run:local)       ID.Single_Cell_1.SC_RNA_COUNTER_CS.SC_MULTI_CORE.MULTI_GEM_WELL_PROCESSOR.COUNT_GEM_WELL_PROCESSOR._BASIC_SC_RNA_COUNTER._MATRIX_COMPUTER.ALIGN_AND_COUNT.fork0.chnk20.main
2025-02-11 16:05:32 [runtime] (run:local)       ID.Single_Cell_1.SC_RNA_COUNTER_CS.SC_MULTI_CORE.MULTI_GEM_WELL_PROCESSOR.COUNT_GEM_WELL_PROCESSOR._BASIC_SC_RNA_COUNTER._MATRIX_COMPUTER.ALIGN_AND_COUNT.fork0.chnk21.main
2025-02-11 16:05:32 [runtime] (run:local)       ID.Single_Cell_1.SC_RNA_COUNTER_CS.SC_MULTI_CORE.MULTI_GEM_WELL_PROCESSOR.COUNT_GEM_WELL_PROCESSOR._BASIC_SC_RNA_COUNTER._MATRIX_COMPUTER.ALIGN_AND_COUNT.fork0.chnk22.main
2025-02-11 16:05:32 [runtime] (run:local)       ID.Single_Cell_1.SC_RNA_COUNTER_CS.SC_MULTI_CORE.MULTI_GEM_WELL_PROCESSOR.COUNT_GEM_WELL_PROCESSOR._BASIC_SC_RNA_COUNTER._MATRIX_COMPUTER.ALIGN_AND_COUNT.fork0.chnk23.main
2025-02-11 16:05:32 [runtime] (run:local)       ID.Single_Cell_1.SC_RNA_COUNTER_CS.SC_MULTI_CORE.MULTI_GEM_WELL_PROCESSOR.COUNT_GEM_WELL_PROCESSOR._BASIC_SC_RNA_COUNTER._MATRIX_COMPUTER.ALIGN_AND_COUNT.fork0.chnk24.main
2025-02-11 16:05:32 [runtime] (run:local)       ID.Single_Cell_1.SC_RNA_COUNTER_CS.SC_MULTI_CORE.MULTI_GEM_WELL_PROCESSOR.COUNT_GEM_WELL_PROCESSOR._BASIC_SC_RNA_COUNTER._MATRIX_COMPUTER.ALIGN_AND_COUNT.fork0.chnk25.main
2025-02-11 16:05:32 [runtime] (run:local)       ID.Single_Cell_1.SC_RNA_COUNTER_CS.SC_MULTI_CORE.MULTI_GEM_WELL_PROCESSOR.COUNT_GEM_WELL_PROCESSOR._BASIC_SC_RNA_COUNTER._MATRIX_COMPUTER.ALIGN_AND_COUNT.fork0.chnk26.main
2025-02-11 16:05:32 [runtime] (run:local)       ID.Single_Cell_1.SC_RNA_COUNTER_CS.SC_MULTI_CORE.MULTI_GEM_WELL_PROCESSOR.COUNT_GEM_WELL_PROCESSOR._BASIC_SC_RNA_COUNTER._MATRIX_COMPUTER.ALIGN_AND_COUNT.fork0.chnk27.main
2025-02-11 16:05:32 [runtime] (run:local)       ID.Single_Cell_1.SC_RNA_COUNTER_CS.SC_MULTI_CORE.MULTI_GEM_WELL_PROCESSOR.COUNT_GEM_WELL_PROCESSOR._BASIC_SC_RNA_COUNTER._MATRIX_COMPUTER.ALIGN_AND_COUNT.fork0.chnk28.main
2025-02-11 16:05:32 [runtime] (run:local)       ID.Single_Cell_1.SC_RNA_COUNTER_CS.SC_MULTI_CORE.MULTI_GEM_WELL_PROCESSOR.COUNT_GEM_WELL_PROCESSOR._BASIC_SC_RNA_COUNTER._MATRIX_COMPUTER.ALIGN_AND_COUNT.fork0.chnk29.main
2025-02-11 16:05:32 [runtime] (run:local)       ID.Single_Cell_1.SC_RNA_COUNTER_CS.SC_MULTI_CORE.MULTI_GEM_WELL_PROCESSOR.COUNT_GEM_WELL_PROCESSOR._BASIC_SC_RNA_COUNTER._MATRIX_COMPUTER.ALIGN_AND_COUNT.fork0.chnk30.main
2025-02-11 16:05:32 [runtime] (run:local)       ID.Single_Cell_1.SC_RNA_COUNTER_CS.SC_MULTI_CORE.MULTI_GEM_WELL_PROCESSOR.COUNT_GEM_WELL_PROCESSOR._BASIC_SC_RNA_COUNTER._MATRIX_COMPUTER.ALIGN_AND_COUNT.fork0.chnk31.main
2025-02-11 16:05:32 [runtime] (run:local)       ID.Single_Cell_1.SC_RNA_COUNTER_CS.SC_MULTI_CORE.MULTI_GEM_WELL_PROCESSOR.COUNT_GEM_WELL_PROCESSOR._BASIC_SC_RNA_COUNTER._MATRIX_COMPUTER.ALIGN_AND_COUNT.fork0.chnk32.main
2025-02-11 16:05:32 [runtime] (run:local)       ID.Single_Cell_1.SC_RNA_COUNTER_CS.SC_MULTI_CORE.MULTI_GEM_WELL_PROCESSOR.COUNT_GEM_WELL_PROCESSOR._BASIC_SC_RNA_COUNTER._MATRIX_COMPUTER.ALIGN_AND_COUNT.fork0.chnk33.main
2025-02-11 16:05:33 [runtime] (chunks_complete) ID.Single_Cell_1.SC_RNA_COUNTER_CS.SC_MULTI_CORE.MULTI_GEM_WELL_PROCESSOR.COUNT_GEM_WELL_PROCESSOR._BASIC_SC_RNA_COUNTER._MATRIX_COMPUTER.WRITE_BARCODE_INDEX
2025-02-11 16:11:35 [runtime] (update)          ID.Single_Cell_1.SC_RNA_COUNTER_CS.SC_MULTI_CORE.MULTI_GEM_WELL_PROCESSOR.COUNT_GEM_WELL_PROCESSOR._BASIC_SC_RNA_COUNTER._MATRIX_COMPUTER.ALIGN_AND_COUNT.fork0 chunks running (0/34 completed)
2025-02-11 16:17:37 [runtime] (update)          ID.Single_Cell_1.SC_RNA_COUNTER_CS.SC_MULTI_CORE.MULTI_GEM_WELL_PROCESSOR.COUNT_GEM_WELL_PROCESSOR._BASIC_SC_RNA_COUNTER._MATRIX_COMPUTER.ALIGN_AND_COUNT.fork0 chunks running (4/34 completed)
2025-02-11 16:22:37 [runtime] (update)          ID.Single_Cell_1.SC_RNA_COUNTER_CS.SC_MULTI_CORE.MULTI_GEM_WELL_PROCESSOR.COUNT_GEM_WELL_PROCESSOR._BASIC_SC_RNA_COUNTER._MATRIX_COMPUTER.ALIGN_AND_COUNT.fork0 chunks running (5/34 completed)
2025-02-11 16:27:54 [runtime] (update)          ID.Single_Cell_1.SC_RNA_COUNTER_CS.SC_MULTI_CORE.MULTI_GEM_WELL_PROCESSOR.COUNT_GEM_WELL_PROCESSOR._BASIC_SC_RNA_COUNTER._MATRIX_COMPUTER.ALIGN_AND_COUNT.fork0 chunks running (5/34 completed)
2025-02-11 16:33:54 [runtime] (update)          ID.Single_Cell_1.SC_RNA_COUNTER_CS.SC_MULTI_CORE.MULTI_GEM_WELL_PROCESSOR.COUNT_GEM_WELL_PROCESSOR._BASIC_SC_RNA_COUNTER._MATRIX_COMPUTER.ALIGN_AND_COUNT.fork0 chunks running (6/34 completed)
2025-02-11 16:38:58 [runtime] (update)          ID.Single_Cell_1.SC_RNA_COUNTER_CS.SC_MULTI_CORE.MULTI_GEM_WELL_PROCESSOR.COUNT_GEM_WELL_PROCESSOR._BASIC_SC_RNA_COUNTER._MATRIX_COMPUTER.ALIGN_AND_COUNT.fork0 chunks running (8/34 completed)
2025-02-11 16:44:05 [runtime] (update)          ID.Single_Cell_1.SC_RNA_COUNTER_CS.SC_MULTI_CORE.MULTI_GEM_WELL_PROCESSOR.COUNT_GEM_WELL_PROCESSOR._BASIC_SC_RNA_COUNTER._MATRIX_COMPUTER.ALIGN_AND_COUNT.fork0 chunks running (8/34 completed)
2025-02-11 16:49:53 [runtime] (update)          ID.Single_Cell_1.SC_RNA_COUNTER_CS.SC_MULTI_CORE.MULTI_GEM_WELL_PROCESSOR.COUNT_GEM_WELL_PROCESSOR._BASIC_SC_RNA_COUNTER._MATRIX_COMPUTER.ALIGN_AND_COUNT.fork0 chunks running (10/34 completed)
2025-02-11 16:55:24 [runtime] (update)          ID.Single_Cell_1.SC_RNA_COUNTER_CS.SC_MULTI_CORE.MULTI_GEM_WELL_PROCESSOR.COUNT_GEM_WELL_PROCESSOR._BASIC_SC_RNA_COUNTER._MATRIX_COMPUTER.ALIGN_AND_COUNT.fork0 chunks running (11/34 completed)
2025-02-11 17:00:46 [runtime] (update)          ID.Single_Cell_1.SC_RNA_COUNTER_CS.SC_MULTI_CORE.MULTI_GEM_WELL_PROCESSOR.COUNT_GEM_WELL_PROCESSOR._BASIC_SC_RNA_COUNTER._MATRIX_COMPUTER.ALIGN_AND_COUNT.fork0 chunks running (12/34 completed)
2025-02-11 17:05:47 [runtime] (update)          ID.Single_Cell_1.SC_RNA_COUNTER_CS.SC_MULTI_CORE.MULTI_GEM_WELL_PROCESSOR.COUNT_GEM_WELL_PROCESSOR._BASIC_SC_RNA_COUNTER._MATRIX_COMPUTER.ALIGN_AND_COUNT.fork0 chunks running (14/34 completed)
2025-02-11 17:11:48 [runtime] (update)          ID.Single_Cell_1.SC_RNA_COUNTER_CS.SC_MULTI_CORE.MULTI_GEM_WELL_PROCESSOR.COUNT_GEM_WELL_PROCESSOR._BASIC_SC_RNA_COUNTER._MATRIX_COMPUTER.ALIGN_AND_COUNT.fork0 chunks running (15/34 completed)
2025-02-11 17:18:39 [runtime] (update)          ID.Single_Cell_1.SC_RNA_COUNTER_CS.SC_MULTI_CORE.MULTI_GEM_WELL_PROCESSOR.COUNT_GEM_WELL_PROCESSOR._BASIC_SC_RNA_COUNTER._MATRIX_COMPUTER.ALIGN_AND_COUNT.fork0 chunks running (16/34 completed)
2025-02-11 17:23:48 [runtime] (update)          ID.Single_Cell_1.SC_RNA_COUNTER_CS.SC_MULTI_CORE.MULTI_GEM_WELL_PROCESSOR.COUNT_GEM_WELL_PROCESSOR._BASIC_SC_RNA_COUNTER._MATRIX_COMPUTER.ALIGN_AND_COUNT.fork0 chunks running (18/34 completed)
2025-02-11 17:29:48 [runtime] (update)          ID.Single_Cell_1.SC_RNA_COUNTER_CS.SC_MULTI_CORE.MULTI_GEM_WELL_PROCESSOR.COUNT_GEM_WELL_PROCESSOR._BASIC_SC_RNA_COUNTER._MATRIX_COMPUTER.ALIGN_AND_COUNT.fork0 chunks running (18/34 completed)
2025-02-11 17:35:03 [runtime] (update)          ID.Single_Cell_1.SC_RNA_COUNTER_CS.SC_MULTI_CORE.MULTI_GEM_WELL_PROCESSOR.COUNT_GEM_WELL_PROCESSOR._BASIC_SC_RNA_COUNTER._MATRIX_COMPUTER.ALIGN_AND_COUNT.fork0 chunks running (20/34 completed)
2025-02-11 17:40:45 [runtime] (update)          ID.Single_Cell_1.SC_RNA_COUNTER_CS.SC_MULTI_CORE.MULTI_GEM_WELL_PROCESSOR.COUNT_GEM_WELL_PROCESSOR._BASIC_SC_RNA_COUNTER._MATRIX_COMPUTER.ALIGN_AND_COUNT.fork0 chunks running (22/34 completed)
2025-02-11 17:46:01 [runtime] (update)          ID.Single_Cell_1.SC_RNA_COUNTER_CS.SC_MULTI_CORE.MULTI_GEM_WELL_PROCESSOR.COUNT_GEM_WELL_PROCESSOR._BASIC_SC_RNA_COUNTER._MATRIX_COMPUTER.ALIGN_AND_COUNT.fork0 chunks running (22/34 completed)
2025-02-11 17:51:15 [runtime] (update)          ID.Single_Cell_1.SC_RNA_COUNTER_CS.SC_MULTI_CORE.MULTI_GEM_WELL_PROCESSOR.COUNT_GEM_WELL_PROCESSOR._BASIC_SC_RNA_COUNTER._MATRIX_COMPUTER.ALIGN_AND_COUNT.fork0 chunks running (24/34 completed)
2025-02-11 17:56:44 [runtime] (update)          ID.Single_Cell_1.SC_RNA_COUNTER_CS.SC_MULTI_CORE.MULTI_GEM_WELL_PROCESSOR.COUNT_GEM_WELL_PROCESSOR._BASIC_SC_RNA_COUNTER._MATRIX_COMPUTER.ALIGN_AND_COUNT.fork0 chunks running (24/34 completed)
2025-02-11 18:02:54 [runtime] (update)          ID.Single_Cell_1.SC_RNA_COUNTER_CS.SC_MULTI_CORE.MULTI_GEM_WELL_PROCESSOR.COUNT_GEM_WELL_PROCESSOR._BASIC_SC_RNA_COUNTER._MATRIX_COMPUTER.ALIGN_AND_COUNT.fork0 chunks running (26/34 completed)
2025-02-11 18:08:41 [runtime] (update)          ID.Single_Cell_1.SC_RNA_COUNTER_CS.SC_MULTI_CORE.MULTI_GEM_WELL_PROCESSOR.COUNT_GEM_WELL_PROCESSOR._BASIC_SC_RNA_COUNTER._MATRIX_COMPUTER.ALIGN_AND_COUNT.fork0 chunks running (28/34 completed)
2025-02-11 18:14:44 [runtime] (update)          ID.Single_Cell_1.SC_RNA_COUNTER_CS.SC_MULTI_CORE.MULTI_GEM_WELL_PROCESSOR.COUNT_GEM_WELL_PROCESSOR._BASIC_SC_RNA_COUNTER._MATRIX_COMPUTER.ALIGN_AND_COUNT.fork0 chunks running (28/34 completed)
2025-02-11 18:20:11 [runtime] (update)          ID.Single_Cell_1.SC_RNA_COUNTER_CS.SC_MULTI_CORE.MULTI_GEM_WELL_PROCESSOR.COUNT_GEM_WELL_PROCESSOR._BASIC_SC_RNA_COUNTER._MATRIX_COMPUTER.ALIGN_AND_COUNT.fork0 chunks running (30/34 completed)
2025-02-11 18:25:31 [runtime] (update)          ID.Single_Cell_1.SC_RNA_COUNTER_CS.SC_MULTI_CORE.MULTI_GEM_WELL_PROCESSOR.COUNT_GEM_WELL_PROCESSOR._BASIC_SC_RNA_COUNTER._MATRIX_COMPUTER.ALIGN_AND_COUNT.fork0 chunks running (30/34 completed)
2025-02-11 18:31:01 [runtime] (update)          ID.Single_Cell_1.SC_RNA_COUNTER_CS.SC_MULTI_CORE.MULTI_GEM_WELL_PROCESSOR.COUNT_GEM_WELL_PROCESSOR._BASIC_SC_RNA_COUNTER._MATRIX_COMPUTER.ALIGN_AND_COUNT.fork0 chunks running (32/34 completed)
2025-02-11 18:36:09 [runtime] (update)          ID.Single_Cell_1.SC_RNA_COUNTER_CS.SC_MULTI_CORE.MULTI_GEM_WELL_PROCESSOR.COUNT_GEM_WELL_PROCESSOR._BASIC_SC_RNA_COUNTER._MATRIX_COMPUTER.ALIGN_AND_COUNT.fork0 chunks running (32/34 completed)
2025-02-11 18:43:04 [runtime] (update)          ID.Single_Cell_1.SC_RNA_COUNTER_CS.SC_MULTI_CORE.MULTI_GEM_WELL_PROCESSOR.COUNT_GEM_WELL_PROCESSOR._BASIC_SC_RNA_COUNTER._MATRIX_COMPUTER.ALIGN_AND_COUNT.fork0 chunks running (33/34 completed)
2025-02-11 18:44:06 [runtime] (chunks_complete) ID.Single_Cell_1.SC_RNA_COUNTER_CS.SC_MULTI_CORE.MULTI_GEM_WELL_PROCESSOR.COUNT_GEM_WELL_PROCESSOR._BASIC_SC_RNA_COUNTER._MATRIX_COMPUTER.ALIGN_AND_COUNT
2025-02-11 18:44:07 [runtime] (run:local)       ID.Single_Cell_1.SC_RNA_COUNTER_CS.SC_MULTI_CORE.MULTI_GEM_WELL_PROCESSOR.COUNT_GEM_WELL_PROCESSOR._BASIC_SC_RNA_COUNTER._MATRIX_COMPUTER.ALIGN_AND_COUNT.fork0.join
2025-02-11 18:44:10 [runtime] (join_complete)   ID.Single_Cell_1.SC_RNA_COUNTER_CS.SC_MULTI_CORE.MULTI_GEM_WELL_PROCESSOR.COUNT_GEM_WELL_PROCESSOR._BASIC_SC_RNA_COUNTER._MATRIX_COMPUTER.ALIGN_AND_COUNT
2025-02-11 18:44:13 [runtime] (ready)           ID.Single_Cell_1.SC_RNA_COUNTER_CS.SC_MULTI_CORE.MULTI_GEM_WELL_PROCESSOR.COUNT_GEM_WELL_PROCESSOR._BASIC_SC_RNA_COUNTER._MATRIX_COMPUTER.COLLATE_METRICS
2025-02-11 18:44:13 [runtime] (run:local)       ID.Single_Cell_1.SC_RNA_COUNTER_CS.SC_MULTI_CORE.MULTI_GEM_WELL_PROCESSOR.COUNT_GEM_WELL_PROCESSOR._BASIC_SC_RNA_COUNTER._MATRIX_COMPUTER.COLLATE_METRICS.fork0.split
2025-02-11 18:44:13 [runtime] (ready)           ID.Single_Cell_1.SC_RNA_COUNTER_CS.SC_MULTI_CORE.MULTI_GEM_WELL_PROCESSOR.COUNT_GEM_WELL_PROCESSOR._BASIC_SC_RNA_COUNTER._MATRIX_COMPUTER.WRITE_H5_MATRIX
2025-02-11 18:44:13 [runtime] (run:local)       ID.Single_Cell_1.SC_RNA_COUNTER_CS.SC_MULTI_CORE.MULTI_GEM_WELL_PROCESSOR.COUNT_GEM_WELL_PROCESSOR._BASIC_SC_RNA_COUNTER._MATRIX_COMPUTER.WRITE_H5_MATRIX.fork0.chnk0.main
2025-02-11 18:44:13 [runtime] (ready)           ID.Single_Cell_1.SC_RNA_COUNTER_CS.SC_MULTI_CORE.MULTI_GEM_WELL_PROCESSOR.COUNT_GEM_WELL_PROCESSOR._BASIC_SC_RNA_COUNTER._MATRIX_COMPUTER.WRITE_BARCODE_SUMMARY
2025-02-11 18:44:13 [runtime] (run:local)       ID.Single_Cell_1.SC_RNA_COUNTER_CS.SC_MULTI_CORE.MULTI_GEM_WELL_PROCESSOR.COUNT_GEM_WELL_PROCESSOR._BASIC_SC_RNA_COUNTER._MATRIX_COMPUTER.WRITE_BARCODE_SUMMARY.fork0.chnk0.main
2025-02-11 18:44:13 [runtime] (ready)           ID.Single_Cell_1.SC_RNA_COUNTER_CS.SC_MULTI_CORE.MULTI_GEM_WELL_PROCESSOR.COUNT_GEM_WELL_PROCESSOR._BASIC_SC_RNA_COUNTER._MATRIX_COMPUTER.WRITE_MATRIX_MARKET
2025-02-11 18:44:13 [runtime] (run:local)       ID.Single_Cell_1.SC_RNA_COUNTER_CS.SC_MULTI_CORE.MULTI_GEM_WELL_PROCESSOR.COUNT_GEM_WELL_PROCESSOR._BASIC_SC_RNA_COUNTER._MATRIX_COMPUTER.WRITE_MATRIX_MARKET.fork0.chnk0.main
2025-02-11 18:44:13 [runtime] (split_complete)  ID.Single_Cell_1.SC_RNA_COUNTER_CS.SC_MULTI_CORE.MULTI_GEM_WELL_PROCESSOR.COUNT_GEM_WELL_PROCESSOR._BASIC_SC_RNA_COUNTER._MATRIX_COMPUTER.COLLATE_METRICS
2025-02-11 18:44:13 [runtime] (run:local)       ID.Single_Cell_1.SC_RNA_COUNTER_CS.SC_MULTI_CORE.MULTI_GEM_WELL_PROCESSOR.COUNT_GEM_WELL_PROCESSOR._BASIC_SC_RNA_COUNTER._MATRIX_COMPUTER.COLLATE_METRICS.fork0.chnk0.main
2025-02-11 18:44:24 [runtime] (chunks_complete) ID.Single_Cell_1.SC_RNA_COUNTER_CS.SC_MULTI_CORE.MULTI_GEM_WELL_PROCESSOR.COUNT_GEM_WELL_PROCESSOR._BASIC_SC_RNA_COUNTER._MATRIX_COMPUTER.WRITE_BARCODE_SUMMARY
2025-02-11 18:44:29 [runtime] (chunks_complete) ID.Single_Cell_1.SC_RNA_COUNTER_CS.SC_MULTI_CORE.MULTI_GEM_WELL_PROCESSOR.COUNT_GEM_WELL_PROCESSOR._BASIC_SC_RNA_COUNTER._MATRIX_COMPUTER.COLLATE_METRICS
2025-02-11 18:44:29 [runtime] (run:local)       ID.Single_Cell_1.SC_RNA_COUNTER_CS.SC_MULTI_CORE.MULTI_GEM_WELL_PROCESSOR.COUNT_GEM_WELL_PROCESSOR._BASIC_SC_RNA_COUNTER._MATRIX_COMPUTER.COLLATE_METRICS.fork0.join
2025-02-11 18:44:30 [runtime] (join_complete)   ID.Single_Cell_1.SC_RNA_COUNTER_CS.SC_MULTI_CORE.MULTI_GEM_WELL_PROCESSOR.COUNT_GEM_WELL_PROCESSOR._BASIC_SC_RNA_COUNTER._MATRIX_COMPUTER.COLLATE_METRICS
2025-02-11 18:44:30 [runtime] (ready)           ID.Single_Cell_1.SC_RNA_COUNTER_CS.SC_MULTI_CORE.MULTI_GEM_WELL_PROCESSOR.COUNT_GEM_WELL_PROCESSOR._BASIC_SC_RNA_COUNTER._MATRIX_COMPUTER.MERGE_METRICS
2025-02-11 18:44:30 [runtime] (run:local)       ID.Single_Cell_1.SC_RNA_COUNTER_CS.SC_MULTI_CORE.MULTI_GEM_WELL_PROCESSOR.COUNT_GEM_WELL_PROCESSOR._BASIC_SC_RNA_COUNTER._MATRIX_COMPUTER.MERGE_METRICS.fork0.chnk0.main
2025-02-11 18:44:30 [runtime] (chunks_complete) ID.Single_Cell_1.SC_RNA_COUNTER_CS.SC_MULTI_CORE.MULTI_GEM_WELL_PROCESSOR.COUNT_GEM_WELL_PROCESSOR._BASIC_SC_RNA_COUNTER._MATRIX_COMPUTER.MERGE_METRICS
2025-02-11 18:45:27 [runtime] (chunks_complete) ID.Single_Cell_1.SC_RNA_COUNTER_CS.SC_MULTI_CORE.MULTI_GEM_WELL_PROCESSOR.COUNT_GEM_WELL_PROCESSOR._BASIC_SC_RNA_COUNTER._MATRIX_COMPUTER.WRITE_H5_MATRIX
2025-02-11 18:45:27 [runtime] (ready)           ID.Single_Cell_1.SC_RNA_COUNTER_CS.SC_MULTI_CORE.MULTI_GEM_WELL_PROCESSOR.COUNT_GEM_WELL_PROCESSOR._BASIC_SC_RNA_COUNTER.FILTER_BARCODES
2025-02-11 18:45:27 [runtime] (run:local)       ID.Single_Cell_1.SC_RNA_COUNTER_CS.SC_MULTI_CORE.MULTI_GEM_WELL_PROCESSOR.COUNT_GEM_WELL_PROCESSOR._BASIC_SC_RNA_COUNTER.FILTER_BARCODES.fork0.split
2025-02-11 18:45:27 [runtime] (ready)           ID.Single_Cell_1.SC_RNA_COUNTER_CS.SC_MULTI_CORE.MULTI_GEM_WELL_PROCESSOR.COUNT_GEM_WELL_PROCESSOR._BASIC_SC_RNA_COUNTER.DISABLE_STAGES
2025-02-11 18:45:27 [runtime] (run:local)       ID.Single_Cell_1.SC_RNA_COUNTER_CS.SC_MULTI_CORE.MULTI_GEM_WELL_PROCESSOR.COUNT_GEM_WELL_PROCESSOR._BASIC_SC_RNA_COUNTER.DISABLE_STAGES.fork0.chnk0.main
2025-02-11 18:45:39 [runtime] (chunks_complete) ID.Single_Cell_1.SC_RNA_COUNTER_CS.SC_MULTI_CORE.MULTI_GEM_WELL_PROCESSOR.COUNT_GEM_WELL_PROCESSOR._BASIC_SC_RNA_COUNTER._MATRIX_COMPUTER.WRITE_MATRIX_MARKET
2025-02-11 18:45:45 [runtime] (chunks_complete) ID.Single_Cell_1.SC_RNA_COUNTER_CS.SC_MULTI_CORE.MULTI_GEM_WELL_PROCESSOR.COUNT_GEM_WELL_PROCESSOR._BASIC_SC_RNA_COUNTER.DISABLE_STAGES
2025-02-11 18:45:45 [runtime] (ready)           ID.Single_Cell_1.SC_RNA_COUNTER_CS.SC_MULTI_CORE.MULTI_GEM_WELL_PROCESSOR.COUNT_GEM_WELL_PROCESSOR._BASIC_SC_RNA_COUNTER._ASSIGN_TAGS.MULTIPLEXING_METHOD
2025-02-11 18:45:45 [runtime] (ready)           ID.Single_Cell_1.SC_RNA_COUNTER_CS.SC_MULTI_CORE.MULTI_GEM_WELL_PROCESSOR.COUNT_GEM_WELL_PROCESSOR._BASIC_SC_RNA_COUNTER.WRITE_POS_BAM
2025-02-11 18:45:45 [runtime] (run:local)       ID.Single_Cell_1.SC_RNA_COUNTER_CS.SC_MULTI_CORE.MULTI_GEM_WELL_PROCESSOR.COUNT_GEM_WELL_PROCESSOR._BASIC_SC_RNA_COUNTER.WRITE_POS_BAM.fork0.split
2025-02-11 18:45:45 [runtime] (ready)           ID.Single_Cell_1.SC_RNA_COUNTER_CS.SC_MULTI_CORE.MULTI_GEM_WELL_PROCESSOR.COUNT_GEM_WELL_PROCESSOR._BASIC_SC_RNA_COUNTER._ASSIGN_TAGS.CALL_TAGS_OH
2025-02-11 18:45:45 [runtime] (split_complete)  ID.Single_Cell_1.SC_RNA_COUNTER_CS.SC_MULTI_CORE.MULTI_GEM_WELL_PROCESSOR.COUNT_GEM_WELL_PROCESSOR._BASIC_SC_RNA_COUNTER.FILTER_BARCODES
2025-02-11 18:45:45 [runtime] (run:local)       ID.Single_Cell_1.SC_RNA_COUNTER_CS.SC_MULTI_CORE.MULTI_GEM_WELL_PROCESSOR.COUNT_GEM_WELL_PROCESSOR._BASIC_SC_RNA_COUNTER.FILTER_BARCODES.fork0.chnk0.main
2025-02-11 18:45:46 [runtime] (split_complete)  ID.Single_Cell_1.SC_RNA_COUNTER_CS.SC_MULTI_CORE.MULTI_GEM_WELL_PROCESSOR.COUNT_GEM_WELL_PROCESSOR._BASIC_SC_RNA_COUNTER.WRITE_POS_BAM
2025-02-11 18:45:46 [runtime] (run:local)       ID.Single_Cell_1.SC_RNA_COUNTER_CS.SC_MULTI_CORE.MULTI_GEM_WELL_PROCESSOR.COUNT_GEM_WELL_PROCESSOR._BASIC_SC_RNA_COUNTER.WRITE_POS_BAM.fork0.chnk00.main
2025-02-11 18:45:46 [runtime] (run:local)       ID.Single_Cell_1.SC_RNA_COUNTER_CS.SC_MULTI_CORE.MULTI_GEM_WELL_PROCESSOR.COUNT_GEM_WELL_PROCESSOR._BASIC_SC_RNA_COUNTER.WRITE_POS_BAM.fork0.chnk01.main
2025-02-11 18:45:46 [runtime] (run:local)       ID.Single_Cell_1.SC_RNA_COUNTER_CS.SC_MULTI_CORE.MULTI_GEM_WELL_PROCESSOR.COUNT_GEM_WELL_PROCESSOR._BASIC_SC_RNA_COUNTER.WRITE_POS_BAM.fork0.chnk02.main
2025-02-11 18:45:46 [runtime] (run:local)       ID.Single_Cell_1.SC_RNA_COUNTER_CS.SC_MULTI_CORE.MULTI_GEM_WELL_PROCESSOR.COUNT_GEM_WELL_PROCESSOR._BASIC_SC_RNA_COUNTER.WRITE_POS_BAM.fork0.chnk03.main
2025-02-11 18:45:46 [runtime] (run:local)       ID.Single_Cell_1.SC_RNA_COUNTER_CS.SC_MULTI_CORE.MULTI_GEM_WELL_PROCESSOR.COUNT_GEM_WELL_PROCESSOR._BASIC_SC_RNA_COUNTER.WRITE_POS_BAM.fork0.chnk04.main
2025-02-11 18:45:46 [runtime] (run:local)       ID.Single_Cell_1.SC_RNA_COUNTER_CS.SC_MULTI_CORE.MULTI_GEM_WELL_PROCESSOR.COUNT_GEM_WELL_PROCESSOR._BASIC_SC_RNA_COUNTER.WRITE_POS_BAM.fork0.chnk05.main
2025-02-11 18:45:46 [runtime] (run:local)       ID.Single_Cell_1.SC_RNA_COUNTER_CS.SC_MULTI_CORE.MULTI_GEM_WELL_PROCESSOR.COUNT_GEM_WELL_PROCESSOR._BASIC_SC_RNA_COUNTER.WRITE_POS_BAM.fork0.chnk06.main
2025-02-11 18:45:46 [runtime] (run:local)       ID.Single_Cell_1.SC_RNA_COUNTER_CS.SC_MULTI_CORE.MULTI_GEM_WELL_PROCESSOR.COUNT_GEM_WELL_PROCESSOR._BASIC_SC_RNA_COUNTER.WRITE_POS_BAM.fork0.chnk07.main
2025-02-11 18:45:46 [runtime] (run:local)       ID.Single_Cell_1.SC_RNA_COUNTER_CS.SC_MULTI_CORE.MULTI_GEM_WELL_PROCESSOR.COUNT_GEM_WELL_PROCESSOR._BASIC_SC_RNA_COUNTER.WRITE_POS_BAM.fork0.chnk08.main
2025-02-11 18:45:46 [runtime] (run:local)       ID.Single_Cell_1.SC_RNA_COUNTER_CS.SC_MULTI_CORE.MULTI_GEM_WELL_PROCESSOR.COUNT_GEM_WELL_PROCESSOR._BASIC_SC_RNA_COUNTER.WRITE_POS_BAM.fork0.chnk09.main
2025-02-11 18:45:46 [runtime] (run:local)       ID.Single_Cell_1.SC_RNA_COUNTER_CS.SC_MULTI_CORE.MULTI_GEM_WELL_PROCESSOR.COUNT_GEM_WELL_PROCESSOR._BASIC_SC_RNA_COUNTER.WRITE_POS_BAM.fork0.chnk10.main
2025-02-11 18:45:46 [runtime] (run:local)       ID.Single_Cell_1.SC_RNA_COUNTER_CS.SC_MULTI_CORE.MULTI_GEM_WELL_PROCESSOR.COUNT_GEM_WELL_PROCESSOR._BASIC_SC_RNA_COUNTER.WRITE_POS_BAM.fork0.chnk11.main
2025-02-11 18:45:46 [runtime] (run:local)       ID.Single_Cell_1.SC_RNA_COUNTER_CS.SC_MULTI_CORE.MULTI_GEM_WELL_PROCESSOR.COUNT_GEM_WELL_PROCESSOR._BASIC_SC_RNA_COUNTER.WRITE_POS_BAM.fork0.chnk12.main
2025-02-11 18:45:46 [runtime] (run:local)       ID.Single_Cell_1.SC_RNA_COUNTER_CS.SC_MULTI_CORE.MULTI_GEM_WELL_PROCESSOR.COUNT_GEM_WELL_PROCESSOR._BASIC_SC_RNA_COUNTER.WRITE_POS_BAM.fork0.chnk13.main
2025-02-11 18:45:46 [runtime] (run:local)       ID.Single_Cell_1.SC_RNA_COUNTER_CS.SC_MULTI_CORE.MULTI_GEM_WELL_PROCESSOR.COUNT_GEM_WELL_PROCESSOR._BASIC_SC_RNA_COUNTER.WRITE_POS_BAM.fork0.chnk14.main
2025-02-11 18:45:46 [runtime] (run:local)       ID.Single_Cell_1.SC_RNA_COUNTER_CS.SC_MULTI_CORE.MULTI_GEM_WELL_PROCESSOR.COUNT_GEM_WELL_PROCESSOR._BASIC_SC_RNA_COUNTER.WRITE_POS_BAM.fork0.chnk15.main
2025-02-11 18:45:46 [runtime] (run:local)       ID.Single_Cell_1.SC_RNA_COUNTER_CS.SC_MULTI_CORE.MULTI_GEM_WELL_PROCESSOR.COUNT_GEM_WELL_PROCESSOR._BASIC_SC_RNA_COUNTER.WRITE_POS_BAM.fork0.chnk16.main
2025-02-11 18:45:46 [runtime] (run:local)       ID.Single_Cell_1.SC_RNA_COUNTER_CS.SC_MULTI_CORE.MULTI_GEM_WELL_PROCESSOR.COUNT_GEM_WELL_PROCESSOR._BASIC_SC_RNA_COUNTER.WRITE_POS_BAM.fork0.chnk17.main
2025-02-11 18:45:46 [runtime] (run:local)       ID.Single_Cell_1.SC_RNA_COUNTER_CS.SC_MULTI_CORE.MULTI_GEM_WELL_PROCESSOR.COUNT_GEM_WELL_PROCESSOR._BASIC_SC_RNA_COUNTER.WRITE_POS_BAM.fork0.chnk18.main
2025-02-11 18:45:46 [runtime] (run:local)       ID.Single_Cell_1.SC_RNA_COUNTER_CS.SC_MULTI_CORE.MULTI_GEM_WELL_PROCESSOR.COUNT_GEM_WELL_PROCESSOR._BASIC_SC_RNA_COUNTER.WRITE_POS_BAM.fork0.chnk19.main
2025-02-11 18:45:46 [runtime] (run:local)       ID.Single_Cell_1.SC_RNA_COUNTER_CS.SC_MULTI_CORE.MULTI_GEM_WELL_PROCESSOR.COUNT_GEM_WELL_PROCESSOR._BASIC_SC_RNA_COUNTER.WRITE_POS_BAM.fork0.chnk20.main
2025-02-11 18:45:46 [runtime] (run:local)       ID.Single_Cell_1.SC_RNA_COUNTER_CS.SC_MULTI_CORE.MULTI_GEM_WELL_PROCESSOR.COUNT_GEM_WELL_PROCESSOR._BASIC_SC_RNA_COUNTER.WRITE_POS_BAM.fork0.chnk21.main
2025-02-11 18:45:46 [runtime] (run:local)       ID.Single_Cell_1.SC_RNA_COUNTER_CS.SC_MULTI_CORE.MULTI_GEM_WELL_PROCESSOR.COUNT_GEM_WELL_PROCESSOR._BASIC_SC_RNA_COUNTER.WRITE_POS_BAM.fork0.chnk22.main
2025-02-11 18:45:46 [runtime] (run:local)       ID.Single_Cell_1.SC_RNA_COUNTER_CS.SC_MULTI_CORE.MULTI_GEM_WELL_PROCESSOR.COUNT_GEM_WELL_PROCESSOR._BASIC_SC_RNA_COUNTER.WRITE_POS_BAM.fork0.chnk23.main
2025-02-11 18:45:46 [runtime] (run:local)       ID.Single_Cell_1.SC_RNA_COUNTER_CS.SC_MULTI_CORE.MULTI_GEM_WELL_PROCESSOR.COUNT_GEM_WELL_PROCESSOR._BASIC_SC_RNA_COUNTER.WRITE_POS_BAM.fork0.chnk24.main
2025-02-11 18:45:46 [runtime] (run:local)       ID.Single_Cell_1.SC_RNA_COUNTER_CS.SC_MULTI_CORE.MULTI_GEM_WELL_PROCESSOR.COUNT_GEM_WELL_PROCESSOR._BASIC_SC_RNA_COUNTER.WRITE_POS_BAM.fork0.chnk25.main
2025-02-11 18:45:46 [runtime] (run:local)       ID.Single_Cell_1.SC_RNA_COUNTER_CS.SC_MULTI_CORE.MULTI_GEM_WELL_PROCESSOR.COUNT_GEM_WELL_PROCESSOR._BASIC_SC_RNA_COUNTER.WRITE_POS_BAM.fork0.chnk26.main
2025-02-11 18:45:46 [runtime] (run:local)       ID.Single_Cell_1.SC_RNA_COUNTER_CS.SC_MULTI_CORE.MULTI_GEM_WELL_PROCESSOR.COUNT_GEM_WELL_PROCESSOR._BASIC_SC_RNA_COUNTER.WRITE_POS_BAM.fork0.chnk27.main
2025-02-11 18:45:46 [runtime] (run:local)       ID.Single_Cell_1.SC_RNA_COUNTER_CS.SC_MULTI_CORE.MULTI_GEM_WELL_PROCESSOR.COUNT_GEM_WELL_PROCESSOR._BASIC_SC_RNA_COUNTER.WRITE_POS_BAM.fork0.chnk28.main
2025-02-11 18:45:46 [runtime] (run:local)       ID.Single_Cell_1.SC_RNA_COUNTER_CS.SC_MULTI_CORE.MULTI_GEM_WELL_PROCESSOR.COUNT_GEM_WELL_PROCESSOR._BASIC_SC_RNA_COUNTER.WRITE_POS_BAM.fork0.chnk29.main
2025-02-11 18:45:46 [runtime] (run:local)       ID.Single_Cell_1.SC_RNA_COUNTER_CS.SC_MULTI_CORE.MULTI_GEM_WELL_PROCESSOR.COUNT_GEM_WELL_PROCESSOR._BASIC_SC_RNA_COUNTER.WRITE_POS_BAM.fork0.chnk30.main
2025-02-11 18:45:46 [runtime] (run:local)       ID.Single_Cell_1.SC_RNA_COUNTER_CS.SC_MULTI_CORE.MULTI_GEM_WELL_PROCESSOR.COUNT_GEM_WELL_PROCESSOR._BASIC_SC_RNA_COUNTER.WRITE_POS_BAM.fork0.chnk31.main
2025-02-11 18:45:46 [runtime] (run:local)       ID.Single_Cell_1.SC_RNA_COUNTER_CS.SC_MULTI_CORE.MULTI_GEM_WELL_PROCESSOR.COUNT_GEM_WELL_PROCESSOR._BASIC_SC_RNA_COUNTER.WRITE_POS_BAM.fork0.chnk32.main
2025-02-11 18:45:46 [runtime] (run:local)       ID.Single_Cell_1.SC_RNA_COUNTER_CS.SC_MULTI_CORE.MULTI_GEM_WELL_PROCESSOR.COUNT_GEM_WELL_PROCESSOR._BASIC_SC_RNA_COUNTER.WRITE_POS_BAM.fork0.chnk33.main
2025-02-11 18:50:12 [runtime] (chunks_complete) ID.Single_Cell_1.SC_RNA_COUNTER_CS.SC_MULTI_CORE.MULTI_GEM_WELL_PROCESSOR.COUNT_GEM_WELL_PROCESSOR._BASIC_SC_RNA_COUNTER.FILTER_BARCODES
2025-02-11 18:50:12 [runtime] (run:local)       ID.Single_Cell_1.SC_RNA_COUNTER_CS.SC_MULTI_CORE.MULTI_GEM_WELL_PROCESSOR.COUNT_GEM_WELL_PROCESSOR._BASIC_SC_RNA_COUNTER.FILTER_BARCODES.fork0.join
2025-02-11 18:50:57 [runtime] (update)          ID.Single_Cell_1.SC_RNA_COUNTER_CS.SC_MULTI_CORE.MULTI_GEM_WELL_PROCESSOR.COUNT_GEM_WELL_PROCESSOR._BASIC_SC_RNA_COUNTER.WRITE_POS_BAM.fork0 chunks running (5/34 completed)
2025-02-11 18:55:57 [runtime] (update)          ID.Single_Cell_1.SC_RNA_COUNTER_CS.SC_MULTI_CORE.MULTI_GEM_WELL_PROCESSOR.COUNT_GEM_WELL_PROCESSOR._BASIC_SC_RNA_COUNTER.WRITE_POS_BAM.fork0 chunks running (14/34 completed)
2025-02-11 19:01:06 [runtime] (update)          ID.Single_Cell_1.SC_RNA_COUNTER_CS.SC_MULTI_CORE.MULTI_GEM_WELL_PROCESSOR.COUNT_GEM_WELL_PROCESSOR._BASIC_SC_RNA_COUNTER.WRITE_POS_BAM.fork0 chunks running (20/34 completed)
2025-02-11 19:06:16 [runtime] (update)          ID.Single_Cell_1.SC_RNA_COUNTER_CS.SC_MULTI_CORE.MULTI_GEM_WELL_PROCESSOR.COUNT_GEM_WELL_PROCESSOR._BASIC_SC_RNA_COUNTER.WRITE_POS_BAM.fork0 chunks running (28/34 completed)
2025-02-11 19:07:01 [runtime] (update)          ID.Single_Cell_1.SC_RNA_COUNTER_CS.SC_MULTI_CORE.MULTI_GEM_WELL_PROCESSOR.COUNT_GEM_WELL_PROCESSOR._BASIC_SC_RNA_COUNTER.FILTER_BARCODES.fork0 join_running
2025-02-11 19:08:32 [runtime] (join_complete)   ID.Single_Cell_1.SC_RNA_COUNTER_CS.SC_MULTI_CORE.MULTI_GEM_WELL_PROCESSOR.COUNT_GEM_WELL_PROCESSOR._BASIC_SC_RNA_COUNTER.FILTER_BARCODES
2025-02-11 19:08:33 [runtime] (ready)           ID.Single_Cell_1.SC_RNA_COUNTER_CS.SC_MULTI_CORE.MULTI_GEM_WELL_PROCESSOR.COUNT_GEM_WELL_PROCESSOR._BASIC_SC_RNA_COUNTER.INFER_GEM_WELL_THROUGHPUT
2025-02-11 19:08:33 [runtime] (run:local)       ID.Single_Cell_1.SC_RNA_COUNTER_CS.SC_MULTI_CORE.MULTI_GEM_WELL_PROCESSOR.COUNT_GEM_WELL_PROCESSOR._BASIC_SC_RNA_COUNTER.INFER_GEM_WELL_THROUGHPUT.fork0.chnk0.main
2025-02-11 19:08:33 [runtime] (ready)           ID.Single_Cell_1.SC_RNA_COUNTER_CS.SC_MULTI_CORE.MULTI_GEM_WELL_PROCESSOR.VDJ_T_GD_GEM_WELL_PROCESSOR.LIB_VDJ_ANALYZER.SETUP_VDJ_ANALYSIS
2025-02-11 19:08:33 [runtime] (ready)           ID.Single_Cell_1.SC_RNA_COUNTER_CS.SC_MULTI_CORE.MULTI_GEM_WELL_PROCESSOR.COUNT_GEM_WELL_PROCESSOR._BASIC_SC_RNA_COUNTER.CHECK_CORRECTION_FACTOR
2025-02-11 19:08:33 [runtime] (run:local)       ID.Single_Cell_1.SC_RNA_COUNTER_CS.SC_MULTI_CORE.MULTI_GEM_WELL_PROCESSOR.COUNT_GEM_WELL_PROCESSOR._BASIC_SC_RNA_COUNTER.CHECK_CORRECTION_FACTOR.fork0.chnk0.main
2025-02-11 19:08:33 [runtime] (ready)           ID.Single_Cell_1.SC_RNA_COUNTER_CS.SC_MULTI_CORE.MULTI_GEM_WELL_PROCESSOR.COUNT_GEM_WELL_PROCESSOR._BASIC_SC_RNA_COUNTER._ASSIGN_TAGS.CALL_TAGS_RTL
2025-02-11 19:08:33 [runtime] (ready)           ID.Single_Cell_1.SC_RNA_COUNTER_CS.SC_MULTI_CORE.MULTI_GEM_WELL_PROCESSOR.VDJ_B_GEM_WELL_PROCESSOR.LIB_VDJ_ANALYZER.SETUP_VDJ_ANALYSIS
2025-02-11 19:08:33 [runtime] (ready)           ID.Single_Cell_1.SC_RNA_COUNTER_CS.SC_MULTI_CORE.MULTI_GEM_WELL_PROCESSOR.VDJ_T_GEM_WELL_PROCESSOR.LIB_VDJ_ANALYZER.SETUP_VDJ_ANALYSIS
2025-02-11 19:08:33 [runtime] (ready)           ID.Single_Cell_1.SC_RNA_COUNTER_CS.SC_MULTI_CORE.MULTI_GEM_WELL_PROCESSOR.COUNT_GEM_WELL_PROCESSOR._BASIC_SC_RNA_COUNTER.COLLATE_PROBE_METRICS
2025-02-11 19:08:33 [runtime] (ready)           ID.Single_Cell_1.SC_RNA_COUNTER_CS.SC_MULTI_CORE.COUNT_ANALYZER.DISABLE_SECONDARY_ANALYSIS
2025-02-11 19:08:33 [runtime] (run:local)       ID.Single_Cell_1.SC_RNA_COUNTER_CS.SC_MULTI_CORE.COUNT_ANALYZER.DISABLE_SECONDARY_ANALYSIS.fork0.chnk0.main
2025-02-11 19:08:33 [runtime] (ready)           ID.Single_Cell_1.SC_RNA_COUNTER_CS.SC_MULTI_CORE.MULTI_GEM_WELL_PROCESSOR.VDJ_T_GD_GEM_WELL_PROCESSOR.LIB_VDJ_ANALYZER.VDJ_CALL_CELLS.ASM_CALL_CELLS
2025-02-11 19:08:33 [runtime] (ready)           ID.Single_Cell_1.SC_RNA_COUNTER_CS.SC_MULTI_CORE.MULTI_GEM_WELL_PROCESSOR.VDJ_T_GD_GEM_WELL_PROCESSOR.LIB_VDJ_ANALYZER.VDJ_CALL_CELLS.HANDLE_GEX_CELLS
2025-02-11 19:08:33 [runtime] (ready)           ID.Single_Cell_1.SC_RNA_COUNTER_CS.SC_MULTI_CORE.MULTI_GEM_WELL_PROCESSOR.COUNT_GEM_WELL_PROCESSOR._BASIC_SC_RNA_COUNTER._CELLS_REPORTER.WRITE_MOLECULE_INFO
2025-02-11 19:08:33 [runtime] (run:local)       ID.Single_Cell_1.SC_RNA_COUNTER_CS.SC_MULTI_CORE.MULTI_GEM_WELL_PROCESSOR.COUNT_GEM_WELL_PROCESSOR._BASIC_SC_RNA_COUNTER._CELLS_REPORTER.WRITE_MOLECULE_INFO.fork0.split
2025-02-11 19:08:33 [runtime] (ready)           ID.Single_Cell_1.SC_RNA_COUNTER_CS.SC_MULTI_CORE.MULTI_GEM_WELL_PROCESSOR.VDJ_B_GEM_WELL_PROCESSOR.LIB_VDJ_ANALYZER.VDJ_CALL_CELLS.ASM_CALL_CELLS
2025-02-11 19:08:33 [runtime] (ready)           ID.Single_Cell_1.SC_RNA_COUNTER_CS.SC_MULTI_CORE.MULTI_GEM_WELL_PROCESSOR.VDJ_T_GEM_WELL_PROCESSOR.LIB_VDJ_ANALYZER.VDJ_CALL_CELLS.ASM_CALL_CELLS
2025-02-11 19:08:33 [runtime] (ready)           ID.Single_Cell_1.SC_RNA_COUNTER_CS.SC_MULTI_CORE.MULTI_GEM_WELL_PROCESSOR.VDJ_B_GEM_WELL_PROCESSOR.LIB_VDJ_ANALYZER.VDJ_CALL_CELLS.HANDLE_GEX_CELLS
2025-02-11 19:08:33 [runtime] (ready)           ID.Single_Cell_1.SC_RNA_COUNTER_CS.SC_MULTI_CORE.MULTI_GEM_WELL_PROCESSOR.VDJ_T_GEM_WELL_PROCESSOR.LIB_VDJ_ANALYZER.VDJ_CALL_CELLS.HANDLE_GEX_CELLS
2025-02-11 19:08:33 [runtime] (ready)           ID.Single_Cell_1.SC_RNA_COUNTER_CS.SC_MULTI_CORE.MULTI_GEM_WELL_PROCESSOR.VDJ_B_GEM_WELL_PROCESSOR.MERGE_PER_SAMPLE_ANNOTATIONS
2025-02-11 19:08:33 [runtime] (ready)           ID.Single_Cell_1.SC_RNA_COUNTER_CS.SC_MULTI_CORE.MULTI_GEM_WELL_PROCESSOR.VDJ_B_GEM_WELL_PROCESSOR.LIB_VDJ_ANALYZER.SUBSET_ASSEMBLY_OUTS
2025-02-11 19:08:33 [runtime] (ready)           ID.Single_Cell_1.SC_RNA_COUNTER_CS.SC_MULTI_CORE.MULTI_GEM_WELL_PROCESSOR.VDJ_T_GD_GEM_WELL_PROCESSOR.MERGE_PER_SAMPLE_ANNOTATIONS
2025-02-11 19:08:33 [runtime] (ready)           ID.Single_Cell_1.SC_RNA_COUNTER_CS.SC_MULTI_CORE.MULTI_GEM_WELL_PROCESSOR.VDJ_B_GEM_WELL_PROCESSOR.LIB_VDJ_ANALYZER.CLONOTYPE_ASSIGNER.RUN_ENCLONE
2025-02-11 19:08:33 [runtime] (ready)           ID.Single_Cell_1.SC_RNA_COUNTER_CS.SC_MULTI_CORE.MULTI_GEM_WELL_PROCESSOR.VDJ_T_GEM_WELL_PROCESSOR.MERGE_PER_SAMPLE_ANNOTATIONS
2025-02-11 19:08:34 [runtime] (split_complete)  ID.Single_Cell_1.SC_RNA_COUNTER_CS.SC_MULTI_CORE.MULTI_GEM_WELL_PROCESSOR.COUNT_GEM_WELL_PROCESSOR._BASIC_SC_RNA_COUNTER._CELLS_REPORTER.WRITE_MOLECULE_INFO
2025-02-11 19:08:34 [runtime] (run:local)       ID.Single_Cell_1.SC_RNA_COUNTER_CS.SC_MULTI_CORE.MULTI_GEM_WELL_PROCESSOR.COUNT_GEM_WELL_PROCESSOR._BASIC_SC_RNA_COUNTER._CELLS_REPORTER.WRITE_MOLECULE_INFO.fork0.join
2025-02-11 19:08:34 [runtime] (ready)           ID.Single_Cell_1.SC_RNA_COUNTER_CS.SC_MULTI_CORE.MULTI_GEM_WELL_PROCESSOR.VDJ_B_GEM_WELL_PROCESSOR.LIB_VDJ_ANALYZER.CLONOTYPE_ASSIGNER.WRITE_CLONOTYPE_OUTS
2025-02-11 19:08:34 [runtime] (ready)           ID.Single_Cell_1.SC_RNA_COUNTER_CS.SC_MULTI_CORE.PICK_BEAM_ANALYZER
2025-02-11 19:08:34 [runtime] (ready)           ID.Single_Cell_1.SC_RNA_COUNTER_CS.SC_MULTI_CORE.MULTI_GEM_WELL_PROCESSOR.VDJ_T_GEM_WELL_PROCESSOR.LIB_VDJ_ANALYZER.SUBSET_ASSEMBLY_OUTS
2025-02-11 19:08:34 [runtime] (ready)           ID.Single_Cell_1.SC_RNA_COUNTER_CS.SC_MULTI_CORE.MULTI_GEM_WELL_PROCESSOR.VDJ_B_GEM_WELL_PROCESSOR.LIB_VDJ_ANALYZER.CLONOTYPE_ASSIGNER.WRITE_CONSENSUS_TXT
2025-02-11 19:08:34 [runtime] (ready)           ID.Single_Cell_1.SC_RNA_COUNTER_CS.SC_MULTI_CORE.MULTI_GEM_WELL_PROCESSOR.VDJ_T_GD_GEM_WELL_PROCESSOR.LIB_VDJ_ANALYZER.SUBSET_ASSEMBLY_OUTS
2025-02-11 19:08:34 [runtime] (ready)           ID.Single_Cell_1.SC_RNA_COUNTER_CS.SC_MULTI_CORE.MULTI_GEM_WELL_PROCESSOR.VDJ_B_GEM_WELL_PROCESSOR.LIB_VDJ_ANALYZER.CLONOTYPE_ASSIGNER.FILL_CLONOTYPE_INFO
2025-02-11 19:08:34 [runtime] (ready)           ID.Single_Cell_1.SC_RNA_COUNTER_CS.SC_MULTI_CORE.MULTI_GEM_WELL_PROCESSOR.VDJ_T_GEM_WELL_PROCESSOR.LIB_VDJ_ANALYZER.CLONOTYPE_ASSIGNER.RUN_ENCLONE
2025-02-11 19:08:34 [runtime] (ready)           ID.Single_Cell_1.SC_RNA_COUNTER_CS.SC_MULTI_CORE.MULTI_GEM_WELL_PROCESSOR.VDJ_B_GEM_WELL_PROCESSOR.LIB_VDJ_ANALYZER.CLONOTYPE_ASSIGNER.WRITE_CONSENSUS_BAM
2025-02-11 19:08:34 [runtime] (ready)           ID.Single_Cell_1.SC_RNA_COUNTER_CS.SC_MULTI_CORE.MULTI_GEM_WELL_PROCESSOR.VDJ_T_GEM_WELL_PROCESSOR.LIB_VDJ_ANALYZER.CLONOTYPE_ASSIGNER.FILL_CLONOTYPE_INFO
2025-02-11 19:08:34 [runtime] (ready)           ID.Single_Cell_1.SC_RNA_COUNTER_CS.SC_MULTI_CORE.MULTI_GEM_WELL_PROCESSOR.VDJ_B_GEM_WELL_PROCESSOR.LIB_VDJ_ANALYZER.CLONOTYPE_ASSIGNER.WRITE_CONCAT_REF_OUTS
2025-02-11 19:08:34 [runtime] (ready)           ID.Single_Cell_1.SC_RNA_COUNTER_CS.SC_MULTI_CORE.MULTI_GEM_WELL_PROCESSOR.VDJ_B_GEM_WELL_PROCESSOR.LIB_VDJ_ANALYZER.HANDLE_NO_CLONOTYPING
2025-02-11 19:08:34 [runtime] (ready)           ID.Single_Cell_1.SC_RNA_COUNTER_CS.SC_MULTI_CORE.MULTI_GEM_WELL_PROCESSOR.VDJ_T_GEM_WELL_PROCESSOR.LIB_VDJ_ANALYZER.CLONOTYPE_ASSIGNER.WRITE_CONSENSUS_TXT
2025-02-11 19:08:34 [runtime] (ready)           ID.Single_Cell_1.SC_RNA_COUNTER_CS.SC_MULTI_CORE.MULTI_GEM_WELL_PROCESSOR.VDJ_T_GD_GEM_WELL_PROCESSOR.LIB_VDJ_ANALYZER.CLONOTYPE_ASSIGNER.RUN_ENCLONE
2025-02-11 19:08:34 [runtime] (ready)           ID.Single_Cell_1.SC_RNA_COUNTER_CS.SC_MULTI_CORE.MULTI_GEM_WELL_PROCESSOR.VDJ_T_GEM_WELL_PROCESSOR.LIB_VDJ_ANALYZER.CLONOTYPE_ASSIGNER.WRITE_CLONOTYPE_OUTS
2025-02-11 19:08:34 [runtime] (ready)           ID.Single_Cell_1.SC_RNA_COUNTER_CS.SC_MULTI_CORE.MULTI_GEM_WELL_PROCESSOR.VDJ_T_GEM_WELL_PROCESSOR.LIB_VDJ_ANALYZER.CLONOTYPE_ASSIGNER.WRITE_CONSENSUS_BAM
2025-02-11 19:08:34 [runtime] (ready)           ID.Single_Cell_1.SC_RNA_COUNTER_CS.SC_MULTI_CORE.MULTI_GEM_WELL_PROCESSOR.VDJ_T_GEM_WELL_PROCESSOR.LIB_VDJ_ANALYZER.CLONOTYPE_ASSIGNER.WRITE_CONCAT_REF_OUTS
2025-02-11 19:08:34 [runtime] (ready)           ID.Single_Cell_1.SC_RNA_COUNTER_CS.SC_MULTI_CORE.MULTI_GEM_WELL_PROCESSOR.VDJ_B_GEM_WELL_PROCESSOR.LIB_VDJ_ANALYZER.CLONOTYPE_ASSIGNER.CREATE_AIRR_TSV
2025-02-11 19:08:34 [runtime] (ready)           ID.Single_Cell_1.SC_RNA_COUNTER_CS.SC_MULTI_CORE.MULTI_GEM_WELL_PROCESSOR.VDJ_T_GEM_WELL_PROCESSOR.LIB_VDJ_ANALYZER.CLONOTYPE_ASSIGNER.CREATE_AIRR_TSV
2025-02-11 19:08:34 [runtime] (ready)           ID.Single_Cell_1.SC_RNA_COUNTER_CS.SC_MULTI_CORE.MULTI_GEM_WELL_PROCESSOR.VDJ_B_GEM_WELL_PROCESSOR.LIB_VDJ_ANALYZER.WRITE_ANN_CSV
2025-02-11 19:08:34 [runtime] (ready)           ID.Single_Cell_1.SC_RNA_COUNTER_CS.SC_MULTI_CORE.MULTI_GEM_WELL_PROCESSOR.VDJ_T_GEM_WELL_PROCESSOR.LIB_VDJ_ANALYZER.HANDLE_NO_CLONOTYPING
2025-02-11 19:08:34 [runtime] (ready)           ID.Single_Cell_1.SC_RNA_COUNTER_CS.SC_MULTI_CORE.MULTI_GEM_WELL_PROCESSOR.VDJ_T_GD_GEM_WELL_PROCESSOR.LIB_VDJ_ANALYZER.CLONOTYPE_ASSIGNER.WRITE_CLONOTYPE_OUTS
2025-02-11 19:08:34 [runtime] (ready)           ID.Single_Cell_1.SC_RNA_COUNTER_CS.SC_MULTI_CORE.MULTI_GEM_WELL_PROCESSOR.VDJ_T_GD_GEM_WELL_PROCESSOR.LIB_VDJ_ANALYZER.CLONOTYPE_ASSIGNER.FILL_CLONOTYPE_INFO
2025-02-11 19:08:34 [runtime] (ready)           ID.Single_Cell_1.SC_RNA_COUNTER_CS.SC_MULTI_CORE.MULTI_GEM_WELL_PROCESSOR.VDJ_T_GD_GEM_WELL_PROCESSOR.LIB_VDJ_ANALYZER.CLONOTYPE_ASSIGNER.WRITE_CONSENSUS_TXT
2025-02-11 19:08:34 [runtime] (ready)           ID.Single_Cell_1.SC_RNA_COUNTER_CS.SC_MULTI_CORE.MULTI_GEM_WELL_PROCESSOR.VDJ_B_GEM_WELL_PROCESSOR.LIB_VDJ_ANALYZER.WRITE_CONTIG_OUTS
2025-02-11 19:08:34 [runtime] (ready)           ID.Single_Cell_1.SC_RNA_COUNTER_CS.SC_MULTI_CORE.MULTI_GEM_WELL_PROCESSOR.VDJ_B_GEM_WELL_PROCESSOR.LIB_VDJ_ANALYZER.SUMMARIZE_VDJ_FILTERS
2025-02-11 19:08:34 [runtime] (ready)           ID.Single_Cell_1.SC_RNA_COUNTER_CS.SC_MULTI_CORE.MULTI_GEM_WELL_PROCESSOR.VDJ_B_GEM_WELL_PROCESSOR.LIB_VDJ_ANALYZER.BEAM_ANALYZER.CALCULATE_ANTIGEN_SPECIFICITY
2025-02-11 19:08:34 [runtime] (ready)           ID.Single_Cell_1.SC_RNA_COUNTER_CS.SC_MULTI_CORE.MULTI_GEM_WELL_PROCESSOR.VDJ_T_GD_GEM_WELL_PROCESSOR.LIB_VDJ_ANALYZER.HANDLE_NO_CLONOTYPING
2025-02-11 19:08:34 [runtime] (ready)           ID.Single_Cell_1.SC_RNA_COUNTER_CS.SC_MULTI_CORE.MULTI_GEM_WELL_PROCESSOR.VDJ_T_GD_GEM_WELL_PROCESSOR.LIB_VDJ_ANALYZER.CLONOTYPE_ASSIGNER.WRITE_CONCAT_REF_OUTS
2025-02-11 19:08:34 [runtime] (ready)           ID.Single_Cell_1.SC_RNA_COUNTER_CS.SC_MULTI_CORE.MULTI_GEM_WELL_PROCESSOR.VDJ_T_GEM_WELL_PROCESSOR.LIB_VDJ_ANALYZER.WRITE_CONTIG_OUTS
2025-02-11 19:08:34 [runtime] (ready)           ID.Single_Cell_1.SC_RNA_COUNTER_CS.SC_MULTI_CORE.MULTI_GEM_WELL_PROCESSOR.VDJ_B_GEM_WELL_PROCESSOR.LIB_VDJ_ANALYZER.BEAM_ANALYZER.CREATE_BARCODE_CSV
2025-02-11 19:08:34 [runtime] (ready)           ID.Single_Cell_1.SC_RNA_COUNTER_CS.SC_MULTI_CORE.MULTI_GEM_WELL_PROCESSOR.VDJ_T_GEM_WELL_PROCESSOR.LIB_VDJ_ANALYZER.WRITE_ANN_CSV
2025-02-11 19:08:34 [runtime] (ready)           ID.Single_Cell_1.SC_RNA_COUNTER_CS.SC_MULTI_CORE.MULTI_GEM_WELL_PROCESSOR.VDJ_B_GEM_WELL_PROCESSOR.LIB_VDJ_ANALYZER.BEAM_ANALYZER.COMPUTE_ANTIGEN_VDJ_METRICS
2025-02-11 19:08:34 [runtime] (ready)           ID.Single_Cell_1.SC_RNA_COUNTER_CS.SC_MULTI_CORE.MULTI_GEM_WELL_PROCESSOR.VDJ_T_GD_GEM_WELL_PROCESSOR.LIB_VDJ_ANALYZER.WRITE_CONTIG_OUTS
2025-02-11 19:08:34 [runtime] (ready)           ID.Single_Cell_1.SC_RNA_COUNTER_CS.SC_MULTI_CORE.MULTI_GEM_WELL_PROCESSOR.VDJ_T_GEM_WELL_PROCESSOR.LIB_VDJ_ANALYZER.REPORT_CONTIGS
2025-02-11 19:08:34 [runtime] (ready)           ID.Single_Cell_1.SC_RNA_COUNTER_CS.SC_MULTI_CORE.MULTI_GEM_WELL_PROCESSOR.VDJ_B_GEM_WELL_PROCESSOR.LIB_VDJ_ANALYZER.VLOUPE_PREPROCESS
2025-02-11 19:08:34 [runtime] (ready)           ID.Single_Cell_1.SC_RNA_COUNTER_CS.SC_MULTI_CORE.MULTI_GEM_WELL_PROCESSOR.VDJ_B_GEM_WELL_PROCESSOR.LIB_VDJ_ANALYZER.REPORT_CONTIGS
2025-02-11 19:08:34 [runtime] (ready)           ID.Single_Cell_1.SC_RNA_COUNTER_CS.SC_MULTI_CORE.MULTI_GEM_WELL_PROCESSOR.VDJ_T_GD_GEM_WELL_PROCESSOR.LIB_VDJ_ANALYZER.CLONOTYPE_ASSIGNER.WRITE_CONSENSUS_BAM
2025-02-11 19:08:34 [runtime] (ready)           ID.Single_Cell_1.SC_RNA_COUNTER_CS.SC_MULTI_CORE.MULTI_GEM_WELL_PROCESSOR.VDJ_T_GEM_WELL_PROCESSOR.LIB_VDJ_ANALYZER.SUMMARIZE_VDJ_FILTERS
2025-02-11 19:08:34 [runtime] (ready)           ID.Single_Cell_1.SC_RNA_COUNTER_CS.SC_MULTI_CORE.MULTI_GEM_WELL_PROCESSOR.VDJ_T_GD_GEM_WELL_PROCESSOR.LIB_VDJ_ANALYZER.SUMMARIZE_VDJ_FILTERS
2025-02-11 19:08:34 [runtime] (ready)           ID.Single_Cell_1.SC_RNA_COUNTER_CS.SC_MULTI_CORE.MULTI_GEM_WELL_PROCESSOR.VDJ_T_GD_GEM_WELL_PROCESSOR.LIB_VDJ_ANALYZER.BEAM_ANALYZER.COMPUTE_ANTIGEN_VDJ_METRICS
2025-02-11 19:08:34 [runtime] (ready)           ID.Single_Cell_1.SC_RNA_COUNTER_CS.SC_MULTI_CORE.MULTI_GEM_WELL_PROCESSOR.VDJ_T_GEM_WELL_PROCESSOR.LIB_VDJ_ANALYZER.BEAM_ANALYZER.CREATE_BARCODE_CSV
2025-02-11 19:08:34 [runtime] (ready)           ID.Single_Cell_1.SC_RNA_COUNTER_CS.SC_MULTI_CORE.MULTI_GEM_WELL_PROCESSOR.VDJ_T_GD_GEM_WELL_PROCESSOR.LIB_VDJ_ANALYZER.WRITE_ANN_CSV
2025-02-11 19:08:34 [runtime] (ready)           ID.Single_Cell_1.SC_RNA_COUNTER_CS.SC_MULTI_CORE.MULTI_GEM_WELL_PROCESSOR.VDJ_T_GEM_WELL_PROCESSOR.LIB_VDJ_ANALYZER.BEAM_ANALYZER.COMPUTE_ANTIGEN_VDJ_METRICS
2025-02-11 19:08:34 [runtime] (ready)           ID.Single_Cell_1.SC_RNA_COUNTER_CS.SC_MULTI_CORE.MULTI_GEM_WELL_PROCESSOR.VDJ_T_GD_GEM_WELL_PROCESSOR.LIB_VDJ_ANALYZER.CLONOTYPE_ASSIGNER.CREATE_AIRR_TSV
2025-02-11 19:08:34 [runtime] (ready)           ID.Single_Cell_1.SC_RNA_COUNTER_CS.SC_MULTI_CORE.MULTI_GEM_WELL_PROCESSOR.VDJ_T_GD_GEM_WELL_PROCESSOR.LIB_VDJ_ANALYZER.REPORT_CONTIGS
2025-02-11 19:08:34 [runtime] (ready)           ID.Single_Cell_1.SC_RNA_COUNTER_CS.SC_MULTI_CORE.MULTI_GEM_WELL_PROCESSOR.VDJ_T_GEM_WELL_PROCESSOR.LIB_VDJ_ANALYZER.BEAM_ANALYZER.CALCULATE_ANTIGEN_SPECIFICITY
2025-02-11 19:08:34 [runtime] (ready)           ID.Single_Cell_1.SC_RNA_COUNTER_CS.SC_MULTI_CORE.MULTI_GEM_WELL_PROCESSOR.VDJ_T_GD_GEM_WELL_PROCESSOR.LIB_VDJ_ANALYZER.BEAM_ANALYZER.CREATE_BARCODE_CSV
2025-02-11 19:08:34 [runtime] (ready)           ID.Single_Cell_1.SC_RNA_COUNTER_CS.SC_MULTI_CORE.MULTI_GEM_WELL_PROCESSOR.VDJ_T_GD_GEM_WELL_PROCESSOR.LIB_VDJ_ANALYZER.BEAM_ANALYZER.CALCULATE_ANTIGEN_SPECIFICITY
2025-02-11 19:08:34 [runtime] (ready)           ID.Single_Cell_1.SC_RNA_COUNTER_CS.SC_MULTI_CORE.MULTI_GEM_WELL_PROCESSOR.VDJ_B_GEM_WELL_PROCESSOR.LIB_VDJ_ANALYZER.SUMMARIZE_VDJ_REPORTS
2025-02-11 19:08:34 [runtime] (ready)           ID.Single_Cell_1.SC_RNA_COUNTER_CS.SC_MULTI_CORE.MULTI_GEM_WELL_PROCESSOR.VDJ_T_GEM_WELL_PROCESSOR.LIB_VDJ_ANALYZER.SUMMARIZE_VDJ_REPORTS
2025-02-11 19:08:34 [runtime] (ready)           ID.Single_Cell_1.SC_RNA_COUNTER_CS.SC_MULTI_CORE.MULTI_GEM_WELL_PROCESSOR.VDJ_T_GEM_WELL_PROCESSOR.LIB_VDJ_ANALYZER.VLOUPE_PREPROCESS
2025-02-11 19:08:34 [runtime] (ready)           ID.Single_Cell_1.SC_RNA_COUNTER_CS.SC_MULTI_CORE.MULTI_GEM_WELL_PROCESSOR.VDJ_T_GD_GEM_WELL_PROCESSOR.LIB_VDJ_ANALYZER.SUMMARIZE_VDJ_REPORTS
2025-02-11 19:08:34 [runtime] (ready)           ID.Single_Cell_1.SC_RNA_COUNTER_CS.SC_MULTI_CORE.MULTI_GEM_WELL_PROCESSOR.VDJ_B_GEM_WELL_PROCESSOR.BUILD_PER_SAMPLE_VDJ_WS_CONTENTS
2025-02-11 19:08:34 [runtime] (ready)           ID.Single_Cell_1.SC_RNA_COUNTER_CS.SC_MULTI_CORE.MULTI_GEM_WELL_PROCESSOR.VDJ_B_GEM_WELL_PROCESSOR.LIB_VDJ_ANALYZER.WRITE_CONTIG_PROTO
2025-02-11 19:08:34 [runtime] (ready)           ID.Single_Cell_1.SC_RNA_COUNTER_CS.SC_MULTI_CORE.MULTI_GEM_WELL_PROCESSOR.VDJ_T_GD_GEM_WELL_PROCESSOR.LIB_VDJ_ANALYZER.VLOUPE_PREPROCESS
2025-02-11 19:08:34 [runtime] (ready)           ID.Single_Cell_1.SC_RNA_COUNTER_CS.SC_MULTI_CORE.MULTI_GEM_WELL_PROCESSOR.VDJ_T_GEM_WELL_PROCESSOR.LIB_VDJ_ANALYZER.WRITE_CONTIG_PROTO
2025-02-11 19:08:34 [runtime] (ready)           ID.Single_Cell_1.SC_RNA_COUNTER_CS.SC_MULTI_CORE.MULTI_GEM_WELL_PROCESSOR.VDJ_T_GD_GEM_WELL_PROCESSOR.LIB_VDJ_ANALYZER.WRITE_CONTIG_PROTO
2025-02-11 19:08:34 [runtime] (ready)           ID.Single_Cell_1.SC_RNA_COUNTER_CS.SC_MULTI_CORE.MULTI_GEM_WELL_PROCESSOR.VDJ_T_GEM_WELL_PROCESSOR.BUILD_PER_SAMPLE_VDJ_WS_CONTENTS
2025-02-11 19:08:34 [runtime] (ready)           ID.Single_Cell_1.SC_RNA_COUNTER_CS.SC_MULTI_CORE.MULTI_GEM_WELL_PROCESSOR.VDJ_T_GD_GEM_WELL_PROCESSOR.BUILD_PER_SAMPLE_VDJ_WS_CONTENTS
2025-02-11 19:08:35 [runtime] (chunks_complete) ID.Single_Cell_1.SC_RNA_COUNTER_CS.SC_MULTI_CORE.MULTI_GEM_WELL_PROCESSOR.COUNT_GEM_WELL_PROCESSOR._BASIC_SC_RNA_COUNTER.CHECK_CORRECTION_FACTOR
2025-02-11 19:08:38 [runtime] (chunks_complete) ID.Single_Cell_1.SC_RNA_COUNTER_CS.SC_MULTI_CORE.COUNT_ANALYZER.DISABLE_SECONDARY_ANALYSIS
2025-02-11 19:08:38 [runtime] (chunks_complete) ID.Single_Cell_1.SC_RNA_COUNTER_CS.SC_MULTI_CORE.MULTI_GEM_WELL_PROCESSOR.COUNT_GEM_WELL_PROCESSOR._BASIC_SC_RNA_COUNTER.INFER_GEM_WELL_THROUGHPUT
2025-02-11 19:08:38 [runtime] (ready)           ID.Single_Cell_1.SC_RNA_COUNTER_CS.SC_MULTI_CORE.MULTI_GEM_WELL_PROCESSOR.COUNT_GEM_WELL_PROCESSOR._BASIC_SC_RNA_COUNTER._ASSIGN_TAGS.CALL_TAGS_MARGINAL
2025-02-11 19:09:11 [runtime] (chunks_complete) ID.Single_Cell_1.SC_RNA_COUNTER_CS.SC_MULTI_CORE.MULTI_GEM_WELL_PROCESSOR.COUNT_GEM_WELL_PROCESSOR._BASIC_SC_RNA_COUNTER.WRITE_POS_BAM
2025-02-11 19:09:12 [runtime] (run:local)       ID.Single_Cell_1.SC_RNA_COUNTER_CS.SC_MULTI_CORE.MULTI_GEM_WELL_PROCESSOR.COUNT_GEM_WELL_PROCESSOR._BASIC_SC_RNA_COUNTER.WRITE_POS_BAM.fork0.join
2025-02-11 19:10:04 [runtime] (join_complete)   ID.Single_Cell_1.SC_RNA_COUNTER_CS.SC_MULTI_CORE.MULTI_GEM_WELL_PROCESSOR.COUNT_GEM_WELL_PROCESSOR._BASIC_SC_RNA_COUNTER._CELLS_REPORTER.WRITE_MOLECULE_INFO
2025-02-11 19:10:04 [runtime] (ready)           ID.Single_Cell_1.SC_RNA_COUNTER_CS.SC_MULTI_CORE.MULTI_GEM_WELL_PROCESSOR.COUNT_GEM_WELL_PROCESSOR._BASIC_SC_RNA_COUNTER._ASSIGN_TAGS.CALL_TAGS_JIBES
2025-02-11 19:10:04 [runtime] (ready)           ID.Single_Cell_1.SC_RNA_COUNTER_CS.SC_MULTI_CORE.MULTI_GEM_WELL_PROCESSOR.COUNT_GEM_WELL_PROCESSOR._BASIC_SC_RNA_COUNTER._CELLS_REPORTER.SUBSAMPLE_READS
2025-02-11 19:10:04 [runtime] (run:local)       ID.Single_Cell_1.SC_RNA_COUNTER_CS.SC_MULTI_CORE.MULTI_GEM_WELL_PROCESSOR.COUNT_GEM_WELL_PROCESSOR._BASIC_SC_RNA_COUNTER._CELLS_REPORTER.SUBSAMPLE_READS.fork0.split
2025-02-11 19:10:04 [runtime] (ready)           ID.Single_Cell_1.SC_RNA_COUNTER_CS.SC_MULTI_CORE.MULTI_GEM_WELL_PROCESSOR.COUNT_GEM_WELL_PROCESSOR._BASIC_SC_RNA_COUNTER._ASSIGN_TAGS.DETERMINE_SAMPLE_ASSIGNMENTS
2025-02-11 19:10:04 [runtime] (ready)           ID.Single_Cell_1.SC_RNA_COUNTER_CS.SC_MULTI_CORE.MULTI_GEM_WELL_PROCESSOR.COUNT_GEM_WELL_PROCESSOR._BASIC_SC_RNA_COUNTER.MULTI_COLLATE_PER_SAMPLE_METRICS
2025-02-11 19:10:04 [runtime] (ready)           ID.Single_Cell_1.SC_RNA_COUNTER_CS.SC_MULTI_CORE.MULTI_GEM_WELL_PROCESSOR.COUNT_GEM_WELL_PROCESSOR._BASIC_SC_RNA_COUNTER._ASSIGN_TAGS.COMPUTE_EXTRA_MULTIPLEXING_METRICS
2025-02-11 19:10:04 [runtime] (ready)           ID.Single_Cell_1.SC_RNA_COUNTER_CS.SC_MULTI_CORE.MULTI_GEM_WELL_PROCESSOR.COUNT_GEM_WELL_PROCESSOR._BASIC_SC_RNA_COUNTER.MULTI_WRITE_PER_SAMPLE_BAM
2025-02-11 19:10:04 [runtime] (ready)           ID.Single_Cell_1.SC_RNA_COUNTER_CS.SC_MULTI_CORE.MULTI_GEM_WELL_PROCESSOR.COUNT_GEM_WELL_PROCESSOR._BASIC_SC_RNA_COUNTER.MULTI_WRITE_PER_SAMPLE_MOLECULE_INFO
2025-02-11 19:10:04 [runtime] (ready)           ID.Single_Cell_1.SC_RNA_COUNTER_CS.SC_MULTI_CORE.MULTI_GEM_WELL_PROCESSOR.COUNT_GEM_WELL_PROCESSOR._BASIC_SC_RNA_COUNTER.DEMUX_PROBE_BC_MATRIX
2025-02-11 19:10:04 [runtime] (ready)           ID.Single_Cell_1.SC_RNA_COUNTER_CS.SC_MULTI_CORE.STRUCTIFY_PER_SAMPLE_OUTS
2025-02-11 19:10:04 [runtime] (run:local)       ID.Single_Cell_1.SC_RNA_COUNTER_CS.SC_MULTI_CORE.STRUCTIFY_PER_SAMPLE_OUTS.fork0.chnk0.main
2025-02-11 19:10:04 [runtime] (ready)           ID.Single_Cell_1.SC_RNA_COUNTER_CS.SC_MULTI_CORE.MULTI_GEM_WELL_PROCESSOR.COUNT_GEM_WELL_PROCESSOR._BASIC_SC_RNA_COUNTER._ASSIGN_TAGS.MERGE_METRICS
2025-02-11 19:10:04 [runtime] (ready)           ID.Single_Cell_1.SC_RNA_COUNTER_CS.SC_MULTI_CORE.MULTI_GEM_WELL_PROCESSOR.COUNT_GEM_WELL_PROCESSOR._BASIC_SC_RNA_COUNTER.MULTI_WRITE_PER_SAMPLE_MATRICES
2025-02-11 19:10:05 [runtime] (chunks_complete) ID.Single_Cell_1.SC_RNA_COUNTER_CS.SC_MULTI_CORE.STRUCTIFY_PER_SAMPLE_OUTS
2025-02-11 19:10:05 [runtime] (ready)           ID.Single_Cell_1.SC_RNA_COUNTER_CS.SC_MULTI_CORE.DISABLE_FEATURE_STAGES
2025-02-11 19:10:05 [runtime] (run:local)       ID.Single_Cell_1.SC_RNA_COUNTER_CS.SC_MULTI_CORE.DISABLE_FEATURE_STAGES.fork0.chnk0.main
2025-02-11 19:10:05 [runtime] (chunks_complete) ID.Single_Cell_1.SC_RNA_COUNTER_CS.SC_MULTI_CORE.DISABLE_FEATURE_STAGES
2025-02-11 19:10:05 [runtime] (ready)           ID.Single_Cell_1.SC_RNA_COUNTER_CS.SC_MULTI_CORE.COUNT_ANALYZER.SC_RNA_ANALYZER.ANALYZER_PREFLIGHT
2025-02-11 19:10:05 [runtime] (run:local)       ID.Single_Cell_1.SC_RNA_COUNTER_CS.SC_MULTI_CORE.COUNT_ANALYZER.SC_RNA_ANALYZER.ANALYZER_PREFLIGHT.fork0.chnk0.main
2025-02-11 19:10:05 [runtime] (ready)           ID.Single_Cell_1.SC_RNA_COUNTER_CS.SC_MULTI_CORE.COUNT_ANALYZER._CRISPR_ANALYZER.CALL_PROTOSPACERS
2025-02-11 19:10:05 [runtime] (ready)           ID.Single_Cell_1.SC_RNA_COUNTER_CS.SC_MULTI_CORE.COUNT_ANALYZER._ANTIGEN_ANALYZER.SUMMARIZE_ANTIBODY_ANALYSIS
2025-02-11 19:10:05 [runtime] (ready)           ID.Single_Cell_1.SC_RNA_COUNTER_CS.SC_MULTI_CORE.COUNT_ANALYZER._TARGETED_ANALYZER.DISABLE_TARGETED_STAGES
2025-02-11 19:10:05 [runtime] (ready)           ID.Single_Cell_1.SC_RNA_COUNTER_CS.SC_MULTI_CORE.COUNT_ANALYZER._ANTIBODY_ANALYZER.SUMMARIZE_ANTIBODY_ANALYSIS
2025-02-11 19:10:05 [runtime] (ready)           ID.Single_Cell_1.SC_RNA_COUNTER_CS.SC_MULTI_CORE.COUNT_ANALYZER._CRISPR_ANALYZER._PERTURBATIONS_BY_TARGET
2025-02-11 19:10:05 [runtime] (ready)           ID.Single_Cell_1.SC_RNA_COUNTER_CS.SC_MULTI_CORE.COUNT_ANALYZER._CRISPR_ANALYZER._PERTURBATIONS_BY_FEATURE
2025-02-11 19:10:05 [runtime] (ready)           ID.Single_Cell_1.SC_RNA_COUNTER_CS.SC_MULTI_CORE.COUNT_ANALYZER._TARGETED_ANALYZER.SUBSAMPLE_OFF_TARGET_READS
2025-02-11 19:10:05 [runtime] (ready)           ID.Single_Cell_1.SC_RNA_COUNTER_CS.SC_MULTI_CORE.COUNT_ANALYZER._ANTIGEN_ANALYZER.CALL_ANTIBODIES
2025-02-11 19:10:05 [runtime] (ready)           ID.Single_Cell_1.SC_RNA_COUNTER_CS.SC_MULTI_CORE.COUNT_ANALYZER._ANTIBODY_ANALYZER.CALL_ANTIBODIES
2025-02-11 19:10:05 [runtime] (ready)           ID.Single_Cell_1.SC_RNA_COUNTER_CS.GET_AGGREGATE_BARCODES_OUT
2025-02-11 19:10:05 [runtime] (run:local)       ID.Single_Cell_1.SC_RNA_COUNTER_CS.GET_AGGREGATE_BARCODES_OUT.fork0.chnk0.main
2025-02-11 19:10:05 [runtime] (ready)           ID.Single_Cell_1.SC_RNA_COUNTER_CS.SC_MULTI_CORE.COUNT_ANALYZER._TARGETED_ANALYZER._RUN_GDNA_ANALYSIS.GET_GDNA_METRICS
2025-02-11 19:10:05 [runtime] (ready)           ID.Single_Cell_1.SC_RNA_COUNTER_CS.SC_MULTI_CORE.COUNT_ANALYZER._TARGETED_ANALYZER.SUBSAMPLE_ON_TARGET_READS
2025-02-11 19:10:05 [runtime] (ready)           ID.Single_Cell_1.SC_RNA_COUNTER_CS.SC_MULTI_CORE.COUNT_ANALYZER._CRISPR_ANALYZER.SUMMARIZE_CRISPR_ANALYSIS
2025-02-11 19:10:05 [runtime] (ready)           ID.Single_Cell_1.SC_RNA_COUNTER_CS.SC_MULTI_CORE.COUNT_ANALYZER._TARGETED_ANALYZER._RUN_GDNA_ANALYSIS.GET_GDNA_PLOT
2025-02-11 19:10:05 [runtime] (ready)           ID.Single_Cell_1.SC_RNA_COUNTER_CS.SC_MULTI_CORE.COUNT_ANALYZER._TARGETED_ANALYZER._RUN_GDNA_ANALYSIS.MERGE_METRICS
2025-02-11 19:10:05 [runtime] (chunks_complete) ID.Single_Cell_1.SC_RNA_COUNTER_CS.GET_AGGREGATE_BARCODES_OUT
2025-02-11 19:10:06 [runtime] (chunks_complete) ID.Single_Cell_1.SC_RNA_COUNTER_CS.SC_MULTI_CORE.COUNT_ANALYZER.SC_RNA_ANALYZER.ANALYZER_PREFLIGHT
2025-02-11 19:10:06 [runtime] (ready)           ID.Single_Cell_1.SC_RNA_COUNTER_CS.SC_MULTI_CORE.COUNT_ANALYZER.SC_RNA_ANALYZER.PREPROCESS_MATRIX
2025-02-11 19:10:06 [runtime] (run:local)       ID.Single_Cell_1.SC_RNA_COUNTER_CS.SC_MULTI_CORE.COUNT_ANALYZER.SC_RNA_ANALYZER.PREPROCESS_MATRIX.fork0.split
2025-02-11 19:10:07 [runtime] (split_complete)  ID.Single_Cell_1.SC_RNA_COUNTER_CS.SC_MULTI_CORE.COUNT_ANALYZER.SC_RNA_ANALYZER.PREPROCESS_MATRIX
2025-02-11 19:10:07 [runtime] (run:local)       ID.Single_Cell_1.SC_RNA_COUNTER_CS.SC_MULTI_CORE.COUNT_ANALYZER.SC_RNA_ANALYZER.PREPROCESS_MATRIX.fork0.join
2025-02-11 19:10:08 [runtime] (split_complete)  ID.Single_Cell_1.SC_RNA_COUNTER_CS.SC_MULTI_CORE.MULTI_GEM_WELL_PROCESSOR.COUNT_GEM_WELL_PROCESSOR._BASIC_SC_RNA_COUNTER._CELLS_REPORTER.SUBSAMPLE_READS
2025-02-11 19:10:08 [runtime] (run:local)       ID.Single_Cell_1.SC_RNA_COUNTER_CS.SC_MULTI_CORE.MULTI_GEM_WELL_PROCESSOR.COUNT_GEM_WELL_PROCESSOR._BASIC_SC_RNA_COUNTER._CELLS_REPORTER.SUBSAMPLE_READS.fork0.chnk00.main
2025-02-11 19:10:08 [runtime] (run:local)       ID.Single_Cell_1.SC_RNA_COUNTER_CS.SC_MULTI_CORE.MULTI_GEM_WELL_PROCESSOR.COUNT_GEM_WELL_PROCESSOR._BASIC_SC_RNA_COUNTER._CELLS_REPORTER.SUBSAMPLE_READS.fork0.chnk01.main
2025-02-11 19:10:08 [runtime] (run:local)       ID.Single_Cell_1.SC_RNA_COUNTER_CS.SC_MULTI_CORE.MULTI_GEM_WELL_PROCESSOR.COUNT_GEM_WELL_PROCESSOR._BASIC_SC_RNA_COUNTER._CELLS_REPORTER.SUBSAMPLE_READS.fork0.chnk02.main
2025-02-11 19:10:08 [runtime] (run:local)       ID.Single_Cell_1.SC_RNA_COUNTER_CS.SC_MULTI_CORE.MULTI_GEM_WELL_PROCESSOR.COUNT_GEM_WELL_PROCESSOR._BASIC_SC_RNA_COUNTER._CELLS_REPORTER.SUBSAMPLE_READS.fork0.chnk03.main
2025-02-11 19:10:08 [runtime] (run:local)       ID.Single_Cell_1.SC_RNA_COUNTER_CS.SC_MULTI_CORE.MULTI_GEM_WELL_PROCESSOR.COUNT_GEM_WELL_PROCESSOR._BASIC_SC_RNA_COUNTER._CELLS_REPORTER.SUBSAMPLE_READS.fork0.chnk04.main
2025-02-11 19:10:08 [runtime] (run:local)       ID.Single_Cell_1.SC_RNA_COUNTER_CS.SC_MULTI_CORE.MULTI_GEM_WELL_PROCESSOR.COUNT_GEM_WELL_PROCESSOR._BASIC_SC_RNA_COUNTER._CELLS_REPORTER.SUBSAMPLE_READS.fork0.chnk05.main
2025-02-11 19:10:08 [runtime] (run:local)       ID.Single_Cell_1.SC_RNA_COUNTER_CS.SC_MULTI_CORE.MULTI_GEM_WELL_PROCESSOR.COUNT_GEM_WELL_PROCESSOR._BASIC_SC_RNA_COUNTER._CELLS_REPORTER.SUBSAMPLE_READS.fork0.chnk06.main
2025-02-11 19:10:08 [runtime] (run:local)       ID.Single_Cell_1.SC_RNA_COUNTER_CS.SC_MULTI_CORE.MULTI_GEM_WELL_PROCESSOR.COUNT_GEM_WELL_PROCESSOR._BASIC_SC_RNA_COUNTER._CELLS_REPORTER.SUBSAMPLE_READS.fork0.chnk07.main
2025-02-11 19:10:08 [runtime] (run:local)       ID.Single_Cell_1.SC_RNA_COUNTER_CS.SC_MULTI_CORE.MULTI_GEM_WELL_PROCESSOR.COUNT_GEM_WELL_PROCESSOR._BASIC_SC_RNA_COUNTER._CELLS_REPORTER.SUBSAMPLE_READS.fork0.chnk08.main
2025-02-11 19:10:08 [runtime] (run:local)       ID.Single_Cell_1.SC_RNA_COUNTER_CS.SC_MULTI_CORE.MULTI_GEM_WELL_PROCESSOR.COUNT_GEM_WELL_PROCESSOR._BASIC_SC_RNA_COUNTER._CELLS_REPORTER.SUBSAMPLE_READS.fork0.chnk09.main
2025-02-11 19:10:08 [runtime] (run:local)       ID.Single_Cell_1.SC_RNA_COUNTER_CS.SC_MULTI_CORE.MULTI_GEM_WELL_PROCESSOR.COUNT_GEM_WELL_PROCESSOR._BASIC_SC_RNA_COUNTER._CELLS_REPORTER.SUBSAMPLE_READS.fork0.chnk10.main
2025-02-11 19:10:08 [runtime] (run:local)       ID.Single_Cell_1.SC_RNA_COUNTER_CS.SC_MULTI_CORE.MULTI_GEM_WELL_PROCESSOR.COUNT_GEM_WELL_PROCESSOR._BASIC_SC_RNA_COUNTER._CELLS_REPORTER.SUBSAMPLE_READS.fork0.chnk11.main
2025-02-11 19:10:08 [runtime] (run:local)       ID.Single_Cell_1.SC_RNA_COUNTER_CS.SC_MULTI_CORE.MULTI_GEM_WELL_PROCESSOR.COUNT_GEM_WELL_PROCESSOR._BASIC_SC_RNA_COUNTER._CELLS_REPORTER.SUBSAMPLE_READS.fork0.chnk12.main
2025-02-11 19:10:08 [runtime] (run:local)       ID.Single_Cell_1.SC_RNA_COUNTER_CS.SC_MULTI_CORE.MULTI_GEM_WELL_PROCESSOR.COUNT_GEM_WELL_PROCESSOR._BASIC_SC_RNA_COUNTER._CELLS_REPORTER.SUBSAMPLE_READS.fork0.chnk13.main
2025-02-11 19:10:08 [runtime] (run:local)       ID.Single_Cell_1.SC_RNA_COUNTER_CS.SC_MULTI_CORE.MULTI_GEM_WELL_PROCESSOR.COUNT_GEM_WELL_PROCESSOR._BASIC_SC_RNA_COUNTER._CELLS_REPORTER.SUBSAMPLE_READS.fork0.chnk14.main
2025-02-11 19:10:08 [runtime] (run:local)       ID.Single_Cell_1.SC_RNA_COUNTER_CS.SC_MULTI_CORE.MULTI_GEM_WELL_PROCESSOR.COUNT_GEM_WELL_PROCESSOR._BASIC_SC_RNA_COUNTER._CELLS_REPORTER.SUBSAMPLE_READS.fork0.chnk15.main
2025-02-11 19:10:08 [runtime] (run:local)       ID.Single_Cell_1.SC_RNA_COUNTER_CS.SC_MULTI_CORE.MULTI_GEM_WELL_PROCESSOR.COUNT_GEM_WELL_PROCESSOR._BASIC_SC_RNA_COUNTER._CELLS_REPORTER.SUBSAMPLE_READS.fork0.chnk16.main
2025-02-11 19:10:08 [runtime] (run:local)       ID.Single_Cell_1.SC_RNA_COUNTER_CS.SC_MULTI_CORE.MULTI_GEM_WELL_PROCESSOR.COUNT_GEM_WELL_PROCESSOR._BASIC_SC_RNA_COUNTER._CELLS_REPORTER.SUBSAMPLE_READS.fork0.chnk17.main
2025-02-11 19:10:08 [runtime] (run:local)       ID.Single_Cell_1.SC_RNA_COUNTER_CS.SC_MULTI_CORE.MULTI_GEM_WELL_PROCESSOR.COUNT_GEM_WELL_PROCESSOR._BASIC_SC_RNA_COUNTER._CELLS_REPORTER.SUBSAMPLE_READS.fork0.chnk18.main
2025-02-11 19:10:08 [runtime] (run:local)       ID.Single_Cell_1.SC_RNA_COUNTER_CS.SC_MULTI_CORE.MULTI_GEM_WELL_PROCESSOR.COUNT_GEM_WELL_PROCESSOR._BASIC_SC_RNA_COUNTER._CELLS_REPORTER.SUBSAMPLE_READS.fork0.chnk19.main
2025-02-11 19:10:35 [runtime] (join_complete)   ID.Single_Cell_1.SC_RNA_COUNTER_CS.SC_MULTI_CORE.COUNT_ANALYZER.SC_RNA_ANALYZER.PREPROCESS_MATRIX
2025-02-11 19:10:36 [runtime] (ready)           ID.Single_Cell_1.SC_RNA_COUNTER_CS.SC_MULTI_CORE.COUNT_ANALYZER.SC_RNA_ANALYZER._ANTIBODY_ANALYZER.SUMMARIZE_ANTIBODY_ANALYSIS
2025-02-11 19:10:36 [runtime] (ready)           ID.Single_Cell_1.SC_RNA_COUNTER_CS.SC_MULTI_CORE.COUNT_ANALYZER.SC_RNA_ANALYZER.RUN_BATCH_CORRECTION_PCA.PCA_PREP
2025-02-11 19:10:36 [runtime] (ready)           ID.Single_Cell_1.SC_RNA_COUNTER_CS.SC_MULTI_CORE.COUNT_ANALYZER.SC_RNA_ANALYZER._ANTIGEN_ANALYZER.CALL_ANTIBODIES
2025-02-11 19:10:36 [runtime] (ready)           ID.Single_Cell_1.SC_RNA_COUNTER_CS.SC_MULTI_CORE.COUNT_ANALYZER.SC_RNA_ANALYZER.RUN_MULTIGENOME_ANALYSIS
2025-02-11 19:10:36 [runtime] (run:local)       ID.Single_Cell_1.SC_RNA_COUNTER_CS.SC_MULTI_CORE.COUNT_ANALYZER.SC_RNA_ANALYZER.RUN_MULTIGENOME_ANALYSIS.fork0.split
2025-02-11 19:10:36 [runtime] (ready)           ID.Single_Cell_1.SC_RNA_COUNTER_CS.SC_MULTI_CORE.COUNT_ANALYZER.SC_RNA_ANALYZER._ANTIBODY_ANALYZER.CALL_ANTIBODIES
2025-02-11 19:10:36 [runtime] (ready)           ID.Single_Cell_1.SC_RNA_COUNTER_CS.SC_MULTI_CORE.COUNT_ANALYZER.SC_RNA_ANALYZER._ANTIGEN_ANALYZER.SUMMARIZE_ANTIBODY_ANALYSIS
2025-02-11 19:10:36 [runtime] (ready)           ID.Single_Cell_1.SC_RNA_COUNTER_CS.SC_MULTI_CORE.COUNT_ANALYZER.SC_RNA_ANALYZER.RUN_BATCH_CORRECTION_PCA.RUN_PCA2
2025-02-11 19:10:36 [runtime] (ready)           ID.Single_Cell_1.SC_RNA_COUNTER_CS.SC_MULTI_CORE.COUNT_ANALYZER.SC_RNA_ANALYZER.RUN_BATCH_CORRECTION_PCA.POST_PCA
2025-02-11 19:10:36 [runtime] (ready)           ID.Single_Cell_1.SC_RNA_COUNTER_CS.SC_MULTI_CORE.COUNT_ANALYZER.SC_RNA_ANALYZER.CORRECT_CHEMISTRY_BATCH
2025-02-11 19:10:36 [runtime] (ready)           ID.Single_Cell_1.SC_RNA_COUNTER_CS.SC_MULTI_CORE.COUNT_ANALYZER.SC_RNA_ANALYZER.RUN_PCA
2025-02-11 19:10:36 [runtime] (run:local)       ID.Single_Cell_1.SC_RNA_COUNTER_CS.SC_MULTI_CORE.COUNT_ANALYZER.SC_RNA_ANALYZER.RUN_PCA.fork0.split
2025-02-11 19:15:13 [runtime] (update)          ID.Single_Cell_1.SC_RNA_COUNTER_CS.SC_MULTI_CORE.MULTI_GEM_WELL_PROCESSOR.COUNT_GEM_WELL_PROCESSOR._BASIC_SC_RNA_COUNTER.WRITE_POS_BAM.fork0 join_running
2025-02-11 19:15:43 [runtime] (update)          ID.Single_Cell_1.SC_RNA_COUNTER_CS.SC_MULTI_CORE.MULTI_GEM_WELL_PROCESSOR.COUNT_GEM_WELL_PROCESSOR._BASIC_SC_RNA_COUNTER._CELLS_REPORTER.SUBSAMPLE_READS.fork0 chunks running (13/20 completed)
2025-02-11 19:16:45 [runtime] (split_complete)  ID.Single_Cell_1.SC_RNA_COUNTER_CS.SC_MULTI_CORE.COUNT_ANALYZER.SC_RNA_ANALYZER.RUN_MULTIGENOME_ANALYSIS
2025-02-11 19:16:45 [runtime] (run:local)       ID.Single_Cell_1.SC_RNA_COUNTER_CS.SC_MULTI_CORE.COUNT_ANALYZER.SC_RNA_ANALYZER.RUN_MULTIGENOME_ANALYSIS.fork0.join
2025-02-11 19:16:46 [runtime] (split_complete)  ID.Single_Cell_1.SC_RNA_COUNTER_CS.SC_MULTI_CORE.COUNT_ANALYZER.SC_RNA_ANALYZER.RUN_PCA
2025-02-11 19:16:46 [runtime] (run:local)       ID.Single_Cell_1.SC_RNA_COUNTER_CS.SC_MULTI_CORE.COUNT_ANALYZER.SC_RNA_ANALYZER.RUN_PCA.fork0.chnk0.main
2025-02-11 19:16:46 [runtime] (join_complete)   ID.Single_Cell_1.SC_RNA_COUNTER_CS.SC_MULTI_CORE.COUNT_ANALYZER.SC_RNA_ANALYZER.RUN_MULTIGENOME_ANALYSIS
2025-02-11 19:17:11 [runtime] (join_complete)   ID.Single_Cell_1.SC_RNA_COUNTER_CS.SC_MULTI_CORE.MULTI_GEM_WELL_PROCESSOR.COUNT_GEM_WELL_PROCESSOR._BASIC_SC_RNA_COUNTER.WRITE_POS_BAM
2025-02-11 19:17:22 [runtime] (chunks_complete) ID.Single_Cell_1.SC_RNA_COUNTER_CS.SC_MULTI_CORE.MULTI_GEM_WELL_PROCESSOR.COUNT_GEM_WELL_PROCESSOR._BASIC_SC_RNA_COUNTER._CELLS_REPORTER.SUBSAMPLE_READS
2025-02-11 19:17:22 [runtime] (run:local)       ID.Single_Cell_1.SC_RNA_COUNTER_CS.SC_MULTI_CORE.MULTI_GEM_WELL_PROCESSOR.COUNT_GEM_WELL_PROCESSOR._BASIC_SC_RNA_COUNTER._CELLS_REPORTER.SUBSAMPLE_READS.fork0.join
2025-02-11 19:17:28 [runtime] (join_complete)   ID.Single_Cell_1.SC_RNA_COUNTER_CS.SC_MULTI_CORE.MULTI_GEM_WELL_PROCESSOR.COUNT_GEM_WELL_PROCESSOR._BASIC_SC_RNA_COUNTER._CELLS_REPORTER.SUBSAMPLE_READS
2025-02-11 19:17:28 [runtime] (ready)           ID.Single_Cell_1.SC_RNA_COUNTER_CS.SC_MULTI_CORE.MULTI_GEM_WELL_PROCESSOR.COUNT_GEM_WELL_PROCESSOR._BASIC_SC_RNA_COUNTER._CELLS_REPORTER.SUMMARIZE_BASIC_REPORTS
2025-02-11 19:17:28 [runtime] (run:local)       ID.Single_Cell_1.SC_RNA_COUNTER_CS.SC_MULTI_CORE.MULTI_GEM_WELL_PROCESSOR.COUNT_GEM_WELL_PROCESSOR._BASIC_SC_RNA_COUNTER._CELLS_REPORTER.SUMMARIZE_BASIC_REPORTS.fork0.split
2025-02-11 19:17:29 [runtime] (split_complete)  ID.Single_Cell_1.SC_RNA_COUNTER_CS.SC_MULTI_CORE.MULTI_GEM_WELL_PROCESSOR.COUNT_GEM_WELL_PROCESSOR._BASIC_SC_RNA_COUNTER._CELLS_REPORTER.SUMMARIZE_BASIC_REPORTS
2025-02-11 19:17:29 [runtime] (run:local)       ID.Single_Cell_1.SC_RNA_COUNTER_CS.SC_MULTI_CORE.MULTI_GEM_WELL_PROCESSOR.COUNT_GEM_WELL_PROCESSOR._BASIC_SC_RNA_COUNTER._CELLS_REPORTER.SUMMARIZE_BASIC_REPORTS.fork0.join
2025-02-11 19:17:59 [runtime] (join_complete)   ID.Single_Cell_1.SC_RNA_COUNTER_CS.SC_MULTI_CORE.MULTI_GEM_WELL_PROCESSOR.COUNT_GEM_WELL_PROCESSOR._BASIC_SC_RNA_COUNTER._CELLS_REPORTER.SUMMARIZE_BASIC_REPORTS
2025-02-11 19:17:59 [runtime] (ready)           ID.Single_Cell_1.SC_RNA_COUNTER_CS.SC_MULTI_CORE.MULTI_GEM_WELL_PROCESSOR.COUNT_GEM_WELL_PROCESSOR._BASIC_SC_RNA_COUNTER.MERGE_METRICS
2025-02-11 19:17:59 [runtime] (run:local)       ID.Single_Cell_1.SC_RNA_COUNTER_CS.SC_MULTI_CORE.MULTI_GEM_WELL_PROCESSOR.COUNT_GEM_WELL_PROCESSOR._BASIC_SC_RNA_COUNTER.MERGE_METRICS.fork0.chnk0.main
2025-02-11 19:17:59 [runtime] (chunks_complete) ID.Single_Cell_1.SC_RNA_COUNTER_CS.SC_MULTI_CORE.MULTI_GEM_WELL_PROCESSOR.COUNT_GEM_WELL_PROCESSOR._BASIC_SC_RNA_COUNTER.MERGE_METRICS
2025-02-11 19:17:59 [runtime] (ready)           ID.Single_Cell_1.SC_RNA_COUNTER_CS.SC_MULTI_CORE.COUNT_ANALYZER._TARGETED_ANALYZER.CALCULATE_TARGETED_METRICS
2025-02-11 19:18:00 [runtime] (ready)           ID.Single_Cell_1.SC_RNA_COUNTER_CS.SC_MULTI_CORE.COUNT_ANALYZER._TARGETED_ANALYZER.MERGE_METRICS
2025-02-11 19:18:08 [runtime] (chunks_complete) ID.Single_Cell_1.SC_RNA_COUNTER_CS.SC_MULTI_CORE.COUNT_ANALYZER.SC_RNA_ANALYZER.RUN_PCA
2025-02-11 19:18:08 [runtime] (run:local)       ID.Single_Cell_1.SC_RNA_COUNTER_CS.SC_MULTI_CORE.COUNT_ANALYZER.SC_RNA_ANALYZER.RUN_PCA.fork0.join
2025-02-11 19:18:09 [runtime] (join_complete)   ID.Single_Cell_1.SC_RNA_COUNTER_CS.SC_MULTI_CORE.COUNT_ANALYZER.SC_RNA_ANALYZER.RUN_PCA
2025-02-11 19:18:09 [runtime] (ready)           ID.Single_Cell_1.SC_RNA_COUNTER_CS.SC_MULTI_CORE.COUNT_ANALYZER.SC_RNA_ANALYZER.RUN_TSNE
2025-02-11 19:18:09 [runtime] (run:local)       ID.Single_Cell_1.SC_RNA_COUNTER_CS.SC_MULTI_CORE.COUNT_ANALYZER.SC_RNA_ANALYZER.RUN_TSNE.fork0.split
2025-02-11 19:18:09 [runtime] (ready)           ID.Single_Cell_1.SC_RNA_COUNTER_CS.SC_MULTI_CORE.COUNT_ANALYZER.SC_RNA_ANALYZER.RUN_UMAP
2025-02-11 19:18:09 [runtime] (run:local)       ID.Single_Cell_1.SC_RNA_COUNTER_CS.SC_MULTI_CORE.COUNT_ANALYZER.SC_RNA_ANALYZER.RUN_UMAP.fork0.split
2025-02-11 19:18:09 [runtime] (ready)           ID.Single_Cell_1.SC_RNA_COUNTER_CS.SC_MULTI_CORE.COUNT_ANALYZER.SC_RNA_ANALYZER.RUN_GRAPH_CLUSTERING
2025-02-11 19:18:09 [runtime] (run:local)       ID.Single_Cell_1.SC_RNA_COUNTER_CS.SC_MULTI_CORE.COUNT_ANALYZER.SC_RNA_ANALYZER.RUN_GRAPH_CLUSTERING.fork0.split
2025-02-11 19:18:09 [runtime] (ready)           ID.Single_Cell_1.SC_RNA_COUNTER_CS.SC_MULTI_CORE.COUNT_ANALYZER.SC_RNA_ANALYZER.RUN_KMEANS
2025-02-11 19:18:09 [runtime] (run:local)       ID.Single_Cell_1.SC_RNA_COUNTER_CS.SC_MULTI_CORE.COUNT_ANALYZER.SC_RNA_ANALYZER.RUN_KMEANS.fork0.split
2025-02-11 19:18:09 [runtime] (split_complete)  ID.Single_Cell_1.SC_RNA_COUNTER_CS.SC_MULTI_CORE.COUNT_ANALYZER.SC_RNA_ANALYZER.RUN_UMAP
2025-02-11 19:18:09 [runtime] (run:local)       ID.Single_Cell_1.SC_RNA_COUNTER_CS.SC_MULTI_CORE.COUNT_ANALYZER.SC_RNA_ANALYZER.RUN_UMAP.fork0.chnk0.main
2025-02-11 19:18:09 [runtime] (split_complete)  ID.Single_Cell_1.SC_RNA_COUNTER_CS.SC_MULTI_CORE.COUNT_ANALYZER.SC_RNA_ANALYZER.RUN_TSNE
2025-02-11 19:18:09 [runtime] (run:local)       ID.Single_Cell_1.SC_RNA_COUNTER_CS.SC_MULTI_CORE.COUNT_ANALYZER.SC_RNA_ANALYZER.RUN_TSNE.fork0.chnk0.main
2025-02-11 19:18:09 [runtime] (split_complete)  ID.Single_Cell_1.SC_RNA_COUNTER_CS.SC_MULTI_CORE.COUNT_ANALYZER.SC_RNA_ANALYZER.RUN_GRAPH_CLUSTERING
2025-02-11 19:18:09 [runtime] (run:local)       ID.Single_Cell_1.SC_RNA_COUNTER_CS.SC_MULTI_CORE.COUNT_ANALYZER.SC_RNA_ANALYZER.RUN_GRAPH_CLUSTERING.fork0.chnk0.main
2025-02-11 19:18:16 [runtime] (split_complete)  ID.Single_Cell_1.SC_RNA_COUNTER_CS.SC_MULTI_CORE.COUNT_ANALYZER.SC_RNA_ANALYZER.RUN_KMEANS
2025-02-11 19:18:16 [runtime] (run:local)       ID.Single_Cell_1.SC_RNA_COUNTER_CS.SC_MULTI_CORE.COUNT_ANALYZER.SC_RNA_ANALYZER.RUN_KMEANS.fork0.chnk0.main
2025-02-11 19:18:16 [runtime] (run:local)       ID.Single_Cell_1.SC_RNA_COUNTER_CS.SC_MULTI_CORE.COUNT_ANALYZER.SC_RNA_ANALYZER.RUN_KMEANS.fork0.chnk1.main
2025-02-11 19:18:16 [runtime] (run:local)       ID.Single_Cell_1.SC_RNA_COUNTER_CS.SC_MULTI_CORE.COUNT_ANALYZER.SC_RNA_ANALYZER.RUN_KMEANS.fork0.chnk2.main
2025-02-11 19:18:16 [runtime] (run:local)       ID.Single_Cell_1.SC_RNA_COUNTER_CS.SC_MULTI_CORE.COUNT_ANALYZER.SC_RNA_ANALYZER.RUN_KMEANS.fork0.chnk3.main
2025-02-11 19:18:16 [runtime] (run:local)       ID.Single_Cell_1.SC_RNA_COUNTER_CS.SC_MULTI_CORE.COUNT_ANALYZER.SC_RNA_ANALYZER.RUN_KMEANS.fork0.chnk4.main
2025-02-11 19:18:16 [runtime] (run:local)       ID.Single_Cell_1.SC_RNA_COUNTER_CS.SC_MULTI_CORE.COUNT_ANALYZER.SC_RNA_ANALYZER.RUN_KMEANS.fork0.chnk5.main
2025-02-11 19:18:16 [runtime] (run:local)       ID.Single_Cell_1.SC_RNA_COUNTER_CS.SC_MULTI_CORE.COUNT_ANALYZER.SC_RNA_ANALYZER.RUN_KMEANS.fork0.chnk6.main
2025-02-11 19:18:16 [runtime] (run:local)       ID.Single_Cell_1.SC_RNA_COUNTER_CS.SC_MULTI_CORE.COUNT_ANALYZER.SC_RNA_ANALYZER.RUN_KMEANS.fork0.chnk7.main
2025-02-11 19:18:16 [runtime] (run:local)       ID.Single_Cell_1.SC_RNA_COUNTER_CS.SC_MULTI_CORE.COUNT_ANALYZER.SC_RNA_ANALYZER.RUN_KMEANS.fork0.chnk8.main
2025-02-11 19:19:10 [runtime] (chunks_complete) ID.Single_Cell_1.SC_RNA_COUNTER_CS.SC_MULTI_CORE.COUNT_ANALYZER.SC_RNA_ANALYZER.RUN_UMAP
2025-02-11 19:19:10 [runtime] (run:local)       ID.Single_Cell_1.SC_RNA_COUNTER_CS.SC_MULTI_CORE.COUNT_ANALYZER.SC_RNA_ANALYZER.RUN_UMAP.fork0.join
2025-02-11 19:19:18 [runtime] (chunks_complete) ID.Single_Cell_1.SC_RNA_COUNTER_CS.SC_MULTI_CORE.COUNT_ANALYZER.SC_RNA_ANALYZER.RUN_TSNE
2025-02-11 19:19:18 [runtime] (run:local)       ID.Single_Cell_1.SC_RNA_COUNTER_CS.SC_MULTI_CORE.COUNT_ANALYZER.SC_RNA_ANALYZER.RUN_TSNE.fork0.join
2025-02-11 19:19:20 [runtime] (join_complete)   ID.Single_Cell_1.SC_RNA_COUNTER_CS.SC_MULTI_CORE.COUNT_ANALYZER.SC_RNA_ANALYZER.RUN_UMAP
2025-02-11 19:19:20 [runtime] (join_complete)   ID.Single_Cell_1.SC_RNA_COUNTER_CS.SC_MULTI_CORE.COUNT_ANALYZER.SC_RNA_ANALYZER.RUN_TSNE
2025-02-11 19:19:23 [runtime] (chunks_complete) ID.Single_Cell_1.SC_RNA_COUNTER_CS.SC_MULTI_CORE.COUNT_ANALYZER.SC_RNA_ANALYZER.RUN_KMEANS
2025-02-11 19:19:23 [runtime] (run:local)       ID.Single_Cell_1.SC_RNA_COUNTER_CS.SC_MULTI_CORE.COUNT_ANALYZER.SC_RNA_ANALYZER.RUN_KMEANS.fork0.join
2025-02-11 19:19:24 [runtime] (join_complete)   ID.Single_Cell_1.SC_RNA_COUNTER_CS.SC_MULTI_CORE.COUNT_ANALYZER.SC_RNA_ANALYZER.RUN_KMEANS
2025-02-11 19:20:07 [runtime] (chunks_complete) ID.Single_Cell_1.SC_RNA_COUNTER_CS.SC_MULTI_CORE.COUNT_ANALYZER.SC_RNA_ANALYZER.RUN_GRAPH_CLUSTERING
2025-02-11 19:20:07 [runtime] (run:local)       ID.Single_Cell_1.SC_RNA_COUNTER_CS.SC_MULTI_CORE.COUNT_ANALYZER.SC_RNA_ANALYZER.RUN_GRAPH_CLUSTERING.fork0.join
2025-02-11 19:20:07 [runtime] (join_complete)   ID.Single_Cell_1.SC_RNA_COUNTER_CS.SC_MULTI_CORE.COUNT_ANALYZER.SC_RNA_ANALYZER.RUN_GRAPH_CLUSTERING
2025-02-11 19:20:07 [runtime] (ready)           ID.Single_Cell_1.SC_RNA_COUNTER_CS.SC_MULTI_CORE.COUNT_ANALYZER.SC_RNA_ANALYZER.RUN_HIERARCHICAL_CLUSTERING
2025-02-11 19:20:07 [runtime] (ready)           ID.Single_Cell_1.SC_RNA_COUNTER_CS.SC_MULTI_CORE.COUNT_ANALYZER.SC_RNA_ANALYZER.COMBINE_CLUSTERING
2025-02-11 19:20:07 [runtime] (run:local)       ID.Single_Cell_1.SC_RNA_COUNTER_CS.SC_MULTI_CORE.COUNT_ANALYZER.SC_RNA_ANALYZER.COMBINE_CLUSTERING.fork0.chnk0.main
2025-02-11 19:20:07 [runtime] (chunks_complete) ID.Single_Cell_1.SC_RNA_COUNTER_CS.SC_MULTI_CORE.COUNT_ANALYZER.SC_RNA_ANALYZER.COMBINE_CLUSTERING
2025-02-11 19:20:08 [runtime] (ready)           ID.Single_Cell_1.SC_RNA_COUNTER_CS.SC_MULTI_CORE.COUNT_ANALYZER.SC_RNA_ANALYZER.RUN_DIFFERENTIAL_EXPRESSION
2025-02-11 19:20:08 [runtime] (run:local)       ID.Single_Cell_1.SC_RNA_COUNTER_CS.SC_MULTI_CORE.COUNT_ANALYZER.SC_RNA_ANALYZER.RUN_DIFFERENTIAL_EXPRESSION.fork0.split
2025-02-11 19:20:08 [runtime] (split_complete)  ID.Single_Cell_1.SC_RNA_COUNTER_CS.SC_MULTI_CORE.COUNT_ANALYZER.SC_RNA_ANALYZER.RUN_DIFFERENTIAL_EXPRESSION
2025-02-11 19:20:08 [runtime] (run:local)       ID.Single_Cell_1.SC_RNA_COUNTER_CS.SC_MULTI_CORE.COUNT_ANALYZER.SC_RNA_ANALYZER.RUN_DIFFERENTIAL_EXPRESSION.fork0.chnk00.main
2025-02-11 19:20:08 [runtime] (run:local)       ID.Single_Cell_1.SC_RNA_COUNTER_CS.SC_MULTI_CORE.COUNT_ANALYZER.SC_RNA_ANALYZER.RUN_DIFFERENTIAL_EXPRESSION.fork0.chnk01.main
2025-02-11 19:20:08 [runtime] (run:local)       ID.Single_Cell_1.SC_RNA_COUNTER_CS.SC_MULTI_CORE.COUNT_ANALYZER.SC_RNA_ANALYZER.RUN_DIFFERENTIAL_EXPRESSION.fork0.chnk02.main
2025-02-11 19:20:08 [runtime] (run:local)       ID.Single_Cell_1.SC_RNA_COUNTER_CS.SC_MULTI_CORE.COUNT_ANALYZER.SC_RNA_ANALYZER.RUN_DIFFERENTIAL_EXPRESSION.fork0.chnk03.main
2025-02-11 19:20:08 [runtime] (run:local)       ID.Single_Cell_1.SC_RNA_COUNTER_CS.SC_MULTI_CORE.COUNT_ANALYZER.SC_RNA_ANALYZER.RUN_DIFFERENTIAL_EXPRESSION.fork0.chnk04.main
2025-02-11 19:20:08 [runtime] (run:local)       ID.Single_Cell_1.SC_RNA_COUNTER_CS.SC_MULTI_CORE.COUNT_ANALYZER.SC_RNA_ANALYZER.RUN_DIFFERENTIAL_EXPRESSION.fork0.chnk05.main
2025-02-11 19:20:08 [runtime] (run:local)       ID.Single_Cell_1.SC_RNA_COUNTER_CS.SC_MULTI_CORE.COUNT_ANALYZER.SC_RNA_ANALYZER.RUN_DIFFERENTIAL_EXPRESSION.fork0.chnk06.main
2025-02-11 19:20:08 [runtime] (run:local)       ID.Single_Cell_1.SC_RNA_COUNTER_CS.SC_MULTI_CORE.COUNT_ANALYZER.SC_RNA_ANALYZER.RUN_DIFFERENTIAL_EXPRESSION.fork0.chnk07.main
2025-02-11 19:20:08 [runtime] (run:local)       ID.Single_Cell_1.SC_RNA_COUNTER_CS.SC_MULTI_CORE.COUNT_ANALYZER.SC_RNA_ANALYZER.RUN_DIFFERENTIAL_EXPRESSION.fork0.chnk08.main
2025-02-11 19:20:08 [runtime] (run:local)       ID.Single_Cell_1.SC_RNA_COUNTER_CS.SC_MULTI_CORE.COUNT_ANALYZER.SC_RNA_ANALYZER.RUN_DIFFERENTIAL_EXPRESSION.fork0.chnk09.main
2025-02-11 19:20:08 [runtime] (run:local)       ID.Single_Cell_1.SC_RNA_COUNTER_CS.SC_MULTI_CORE.COUNT_ANALYZER.SC_RNA_ANALYZER.RUN_DIFFERENTIAL_EXPRESSION.fork0.chnk10.main
2025-02-11 19:24:53 [runtime] (chunks_complete) ID.Single_Cell_1.SC_RNA_COUNTER_CS.SC_MULTI_CORE.COUNT_ANALYZER.SC_RNA_ANALYZER.RUN_DIFFERENTIAL_EXPRESSION
2025-02-11 19:24:53 [runtime] (run:local)       ID.Single_Cell_1.SC_RNA_COUNTER_CS.SC_MULTI_CORE.COUNT_ANALYZER.SC_RNA_ANALYZER.RUN_DIFFERENTIAL_EXPRESSION.fork0.join
2025-02-11 19:24:54 [runtime] (join_complete)   ID.Single_Cell_1.SC_RNA_COUNTER_CS.SC_MULTI_CORE.COUNT_ANALYZER.SC_RNA_ANALYZER.RUN_DIFFERENTIAL_EXPRESSION
2025-02-11 19:24:55 [runtime] (ready)           ID.Single_Cell_1.SC_RNA_COUNTER_CS.SC_MULTI_CORE.COUNT_ANALYZER.SC_RNA_ANALYZER.SUMMARIZE_ANALYSIS
2025-02-11 19:24:55 [runtime] (run:local)       ID.Single_Cell_1.SC_RNA_COUNTER_CS.SC_MULTI_CORE.COUNT_ANALYZER.SC_RNA_ANALYZER.SUMMARIZE_ANALYSIS.fork0.split
2025-02-11 19:24:55 [runtime] (split_complete)  ID.Single_Cell_1.SC_RNA_COUNTER_CS.SC_MULTI_CORE.COUNT_ANALYZER.SC_RNA_ANALYZER.SUMMARIZE_ANALYSIS
2025-02-11 19:24:55 [runtime] (run:local)       ID.Single_Cell_1.SC_RNA_COUNTER_CS.SC_MULTI_CORE.COUNT_ANALYZER.SC_RNA_ANALYZER.SUMMARIZE_ANALYSIS.fork0.chnk0.main
2025-02-11 19:24:55 [runtime] (chunks_complete) ID.Single_Cell_1.SC_RNA_COUNTER_CS.SC_MULTI_CORE.COUNT_ANALYZER.SC_RNA_ANALYZER.SUMMARIZE_ANALYSIS
2025-02-11 19:24:55 [runtime] (run:local)       ID.Single_Cell_1.SC_RNA_COUNTER_CS.SC_MULTI_CORE.COUNT_ANALYZER.SC_RNA_ANALYZER.SUMMARIZE_ANALYSIS.fork0.join
2025-02-11 19:24:56 [runtime] (join_complete)   ID.Single_Cell_1.SC_RNA_COUNTER_CS.SC_MULTI_CORE.COUNT_ANALYZER.SC_RNA_ANALYZER.SUMMARIZE_ANALYSIS
2025-02-11 19:24:56 [runtime] (ready)           ID.Single_Cell_1.SC_RNA_COUNTER_CS.SC_MULTI_CORE.MULTI_REPORTER.GENERATE_LIBRARY_PLOTS
2025-02-11 19:24:56 [runtime] (ready)           ID.Single_Cell_1.SC_RNA_COUNTER_CS.SC_MULTI_CORE.MULTI_REPORTER.SUMMARIZE_REPORTS
2025-02-11 19:24:56 [runtime] (run:local)       ID.Single_Cell_1.SC_RNA_COUNTER_CS.SC_MULTI_CORE.MULTI_REPORTER.SUMMARIZE_REPORTS.fork0.chnk0.main
2025-02-11 19:25:13 [runtime] (chunks_complete) ID.Single_Cell_1.SC_RNA_COUNTER_CS.SC_MULTI_CORE.MULTI_REPORTER.SUMMARIZE_REPORTS
2025-02-11 19:25:13 [runtime] (ready)           ID.Single_Cell_1.SC_RNA_COUNTER_CS.SC_MULTI_CORE.MULTI_REPORTER.CLOUPE_PREPROCESS
2025-02-11 19:25:13 [runtime] (run:local)       ID.Single_Cell_1.SC_RNA_COUNTER_CS.SC_MULTI_CORE.MULTI_REPORTER.CLOUPE_PREPROCESS.fork0.split
2025-02-11 19:25:14 [runtime] (split_complete)  ID.Single_Cell_1.SC_RNA_COUNTER_CS.SC_MULTI_CORE.MULTI_REPORTER.CLOUPE_PREPROCESS
2025-02-11 19:25:14 [runtime] (run:local)       ID.Single_Cell_1.SC_RNA_COUNTER_CS.SC_MULTI_CORE.MULTI_REPORTER.CLOUPE_PREPROCESS.fork0.join
2025-02-11 19:26:24 [runtime] (join_complete)   ID.Single_Cell_1.SC_RNA_COUNTER_CS.SC_MULTI_CORE.MULTI_REPORTER.CLOUPE_PREPROCESS
2025-02-11 19:26:24 [runtime] (ready)           ID.Single_Cell_1.SC_RNA_COUNTER_CS.SC_MULTI_CORE.MULTI_REPORTER.CHOOSE_CLOUPE
2025-02-11 19:26:24 [runtime] (run:local)       ID.Single_Cell_1.SC_RNA_COUNTER_CS.SC_MULTI_CORE.MULTI_REPORTER.CHOOSE_CLOUPE.fork0.chnk0.main
2025-02-11 19:26:24 [runtime] (chunks_complete) ID.Single_Cell_1.SC_RNA_COUNTER_CS.SC_MULTI_CORE.MULTI_REPORTER.CHOOSE_CLOUPE

Outputs:
- Run summary HTML:                         /storage/gge/Quique/Cells2SpineData/Pilot/single-cell/full_seq_join/Single_Cell_1/outs/outs/web_summary.html
- Run summary CSV:                          /storage/gge/Quique/Cells2SpineData/Pilot/single-cell/full_seq_join/Single_Cell_1/outs/outs/metrics_summary.csv
- BAM:                                      /storage/gge/Quique/Cells2SpineData/Pilot/single-cell/full_seq_join/Single_Cell_1/outs/outs/possorted_genome_bam.bam
- BAM BAI index:                            /storage/gge/Quique/Cells2SpineData/Pilot/single-cell/full_seq_join/Single_Cell_1/outs/outs/possorted_genome_bam.bam.bai
- BAM CSI index:                            null
- Filtered feature-barcode matrices MEX:    /storage/gge/Quique/Cells2SpineData/Pilot/single-cell/full_seq_join/Single_Cell_1/outs/outs/filtered_feature_bc_matrix
- Filtered feature-barcode matrices HDF5:   /storage/gge/Quique/Cells2SpineData/Pilot/single-cell/full_seq_join/Single_Cell_1/outs/outs/filtered_feature_bc_matrix.h5
- Unfiltered feature-barcode matrices MEX:  /storage/gge/Quique/Cells2SpineData/Pilot/single-cell/full_seq_join/Single_Cell_1/outs/outs/raw_feature_bc_matrix
- Unfiltered feature-barcode matrices HDF5: /storage/gge/Quique/Cells2SpineData/Pilot/single-cell/full_seq_join/Single_Cell_1/outs/outs/raw_feature_bc_matrix.h5
- Secondary analysis output CSV:            /storage/gge/Quique/Cells2SpineData/Pilot/single-cell/full_seq_join/Single_Cell_1/outs/outs/analysis
- Per-molecule read information:            /storage/gge/Quique/Cells2SpineData/Pilot/single-cell/full_seq_join/Single_Cell_1/outs/outs/molecule_info.h5
- CRISPR-specific analysis:                 null
- Antibody aggregate barcodes:              null
- Loupe Browser file:                       /storage/gge/Quique/Cells2SpineData/Pilot/single-cell/full_seq_join/Single_Cell_1/outs/outs/cloupe.cloupe
- Feature Reference:                        null
- Target Panel File:                        null
- Probe Set File:                           null

Waiting 6 seconds for UI to do final refresh.
Pipestance completed successfully!

2025-02-11 19:26:33 Shutting down.
Saving pipestance info to "/storage/gge/Quique/Cells2SpineData/Pilot/single-cell/full_seq_join/Single_Cell_1/outs/outs.mri.tgz"
Processing single-cell sample: Single_Cell__3
Martian Runtime - v4.0.12
Serving UI at http://osd10:41785?auth=N5iARsoc55rbdz1olnjY2KjoAc7tp9Jq7lL_SazoE-g

Running preflight checks (please wait)...
Checking sample info...
Checking FASTQ folder...
Checking reference...
Checking reference_path (/storage/gge/Quique/rat_reference/correct_output) on osd10...
Checking optional arguments...
mro: v4.0.12
mrp: v4.0.12
python: Python 3.10.8
numpy: 1.24.4
scipy: 1.10.1
pysam: 0.21.0
h5py: 3.9.0
pandas: 2.1.4
STAR: 2.7.2a
samtools: samtools 1.16.1
2025-02-11 19:27:32 [runtime] (ready)           ID.Single_Cell__3.SC_RNA_COUNTER_CS.SC_MULTI_CORE.COPY_VDJ_REFERENCE
2025-02-11 19:27:32 [runtime] (ready)           ID.Single_Cell__3.SC_RNA_COUNTER_CS.SC_MULTI_CORE.SPLIT_VDJ_INPUTS
2025-02-11 19:27:32 [runtime] (ready)           ID.Single_Cell__3.SC_RNA_COUNTER_CS.COPY_CHEMISTRY_SPEC
2025-02-11 19:27:32 [runtime] (run:local)       ID.Single_Cell__3.SC_RNA_COUNTER_CS.COPY_CHEMISTRY_SPEC.fork0.chnk0.main
2025-02-11 19:27:32 [runtime] (ready)           ID.Single_Cell__3.SC_RNA_COUNTER_CS.SC_MULTI_CORE.MULTI_CHEMISTRY_DETECTOR.CHECK_SINGLE_BEAM_MODE
2025-02-11 19:27:32 [runtime] (ready)           ID.Single_Cell__3.SC_RNA_COUNTER_CS.WRITE_GENE_INDEX
2025-02-11 19:27:32 [runtime] (run:local)       ID.Single_Cell__3.SC_RNA_COUNTER_CS.WRITE_GENE_INDEX.fork0.chnk0.main
2025-02-11 19:27:32 [runtime] (ready)           ID.Single_Cell__3.SC_RNA_COUNTER_CS.SC_MULTI_CORE.SANITIZE_MAP_CALLS
2025-02-11 19:27:32 [runtime] (ready)           ID.Single_Cell__3.SC_RNA_COUNTER_CS.SC_MULTI_CORE.MULTI_GEM_WELL_PROCESSOR.COUNT_GEM_WELL_PROCESSOR._BASIC_SC_RNA_COUNTER._MATRIX_COMPUTER.DISABLE_CORRECTION_FACTOR
2025-02-11 19:27:32 [runtime] (run:local)       ID.Single_Cell__3.SC_RNA_COUNTER_CS.SC_MULTI_CORE.MULTI_GEM_WELL_PROCESSOR.COUNT_GEM_WELL_PROCESSOR._BASIC_SC_RNA_COUNTER._MATRIX_COMPUTER.DISABLE_CORRECTION_FACTOR.fork0.chnk0.main
2025-02-11 19:27:32 [runtime] (ready)           ID.Single_Cell__3.SC_RNA_COUNTER_CS.FULL_COUNT_INPUTS.WRITE_GENE_INDEX
2025-02-11 19:27:32 [runtime] (run:local)       ID.Single_Cell__3.SC_RNA_COUNTER_CS.FULL_COUNT_INPUTS.WRITE_GENE_INDEX.fork0.chnk0.main
2025-02-11 19:27:32 [runtime] (ready)           ID.Single_Cell__3.SC_RNA_COUNTER_CS.SC_MULTI_CORE.MAKE_FULL_CONFIG._MAKE_VDJ_CONFIG
2025-02-11 19:27:32 [runtime] (run:local)       ID.Single_Cell__3.SC_RNA_COUNTER_CS.SC_MULTI_CORE.MAKE_FULL_CONFIG._MAKE_VDJ_CONFIG.fork0.chnk0.main
2025-02-11 19:27:32 [runtime] (chunks_complete) ID.Single_Cell__3.SC_RNA_COUNTER_CS.COPY_CHEMISTRY_SPEC
2025-02-11 19:27:32 [runtime] (ready)           ID.Single_Cell__3.SC_RNA_COUNTER_CS.SC_MULTI_CORE.MULTI_CHEMISTRY_DETECTOR.DETECT_COUNT_CHEMISTRY
2025-02-11 19:27:32 [runtime] (run:local)       ID.Single_Cell__3.SC_RNA_COUNTER_CS.SC_MULTI_CORE.MULTI_CHEMISTRY_DETECTOR.DETECT_COUNT_CHEMISTRY.fork0.chnk0.main
2025-02-11 19:27:32 [runtime] (chunks_complete) ID.Single_Cell__3.SC_RNA_COUNTER_CS.SC_MULTI_CORE.MAKE_FULL_CONFIG._MAKE_VDJ_CONFIG
2025-02-11 19:27:32 [runtime] (ready)           ID.Single_Cell__3.SC_RNA_COUNTER_CS.SC_MULTI_CORE.MULTI_GEM_WELL_PROCESSOR.VDJ_B_GEM_WELL_PROCESSOR.SETUP_VDJ_DEMUX
2025-02-11 19:27:32 [runtime] (chunks_complete) ID.Single_Cell__3.SC_RNA_COUNTER_CS.SC_MULTI_CORE.MULTI_GEM_WELL_PROCESSOR.COUNT_GEM_WELL_PROCESSOR._BASIC_SC_RNA_COUNTER._MATRIX_COMPUTER.DISABLE_CORRECTION_FACTOR
2025-02-11 19:27:32 [runtime] (ready)           ID.Single_Cell__3.SC_RNA_COUNTER_CS.SC_MULTI_CORE.MULTI_GEM_WELL_PROCESSOR.VDJ_T_GD_GEM_WELL_PROCESSOR.MULTI_SETUP_CHUNKS
2025-02-11 19:27:32 [runtime] (ready)           ID.Single_Cell__3.SC_RNA_COUNTER_CS.SC_MULTI_CORE.MULTI_GEM_WELL_PROCESSOR.COUNT_GEM_WELL_PROCESSOR._BASIC_SC_RNA_COUNTER._MATRIX_COMPUTER.COMPUTE_CORRECTION_FACTOR
2025-02-11 19:27:32 [runtime] (ready)           ID.Single_Cell__3.SC_RNA_COUNTER_CS.SC_MULTI_CORE.MULTI_GEM_WELL_PROCESSOR.VDJ_B_GEM_WELL_PROCESSOR.MULTI_SETUP_CHUNKS
2025-02-11 19:27:32 [runtime] (ready)           ID.Single_Cell__3.SC_RNA_COUNTER_CS.SC_MULTI_CORE.MULTI_GEM_WELL_PROCESSOR.VDJ_T_GEM_WELL_PROCESSOR.MULTI_SETUP_CHUNKS
2025-02-11 19:27:32 [runtime] (ready)           ID.Single_Cell__3.SC_RNA_COUNTER_CS.SC_MULTI_CORE.MULTI_GEM_WELL_PROCESSOR.VDJ_T_GEM_WELL_PROCESSOR.SETUP_VDJ_DEMUX
2025-02-11 19:27:32 [runtime] (ready)           ID.Single_Cell__3.SC_RNA_COUNTER_CS.SC_MULTI_CORE.MULTI_GEM_WELL_PROCESSOR.VDJ_T_GD_GEM_WELL_PROCESSOR.SETUP_VDJ_DEMUX
2025-02-11 19:27:32 [runtime] (ready)           ID.Single_Cell__3.SC_RNA_COUNTER_CS.SC_MULTI_CORE.MULTI_GEM_WELL_PROCESSOR.VDJ_T_GEM_WELL_PROCESSOR.SC_VDJ_CONTIG_ASSEMBLER.MAKE_SHARD
2025-02-11 19:27:32 [runtime] (ready)           ID.Single_Cell__3.SC_RNA_COUNTER_CS.SC_MULTI_CORE.MULTI_GEM_WELL_PROCESSOR.VDJ_B_GEM_WELL_PROCESSOR.SC_VDJ_CONTIG_ASSEMBLER.MAKE_SHARD
2025-02-11 19:27:32 [runtime] (ready)           ID.Single_Cell__3.SC_RNA_COUNTER_CS.SC_MULTI_CORE.MULTI_GEM_WELL_PROCESSOR.VDJ_T_GD_GEM_WELL_PROCESSOR.SC_VDJ_CONTIG_ASSEMBLER.MAKE_SHARD
2025-02-11 19:27:32 [runtime] (ready)           ID.Single_Cell__3.SC_RNA_COUNTER_CS.SC_MULTI_CORE.MULTI_GEM_WELL_PROCESSOR.VDJ_B_GEM_WELL_PROCESSOR.SC_VDJ_CONTIG_ASSEMBLER.BARCODE_CORRECTION
2025-02-11 19:27:32 [runtime] (ready)           ID.Single_Cell__3.SC_RNA_COUNTER_CS.SC_MULTI_CORE.MULTI_GEM_WELL_PROCESSOR.VDJ_T_GD_GEM_WELL_PROCESSOR.SC_VDJ_CONTIG_ASSEMBLER.BARCODE_CORRECTION
2025-02-11 19:27:32 [runtime] (ready)           ID.Single_Cell__3.SC_RNA_COUNTER_CS.SC_MULTI_CORE.MULTI_GEM_WELL_PROCESSOR.VDJ_B_GEM_WELL_PROCESSOR.SC_VDJ_CONTIG_ASSEMBLER.RUST_BRIDGE
2025-02-11 19:27:32 [runtime] (ready)           ID.Single_Cell__3.SC_RNA_COUNTER_CS.SC_MULTI_CORE.MULTI_GEM_WELL_PROCESSOR.VDJ_T_GEM_WELL_PROCESSOR.SC_VDJ_CONTIG_ASSEMBLER.BARCODE_CORRECTION
2025-02-11 19:27:32 [runtime] (ready)           ID.Single_Cell__3.SC_RNA_COUNTER_CS.SC_MULTI_CORE.MULTI_GEM_WELL_PROCESSOR.VDJ_T_GD_GEM_WELL_PROCESSOR.SC_VDJ_CONTIG_ASSEMBLER.RUST_BRIDGE
2025-02-11 19:27:32 [runtime] (ready)           ID.Single_Cell__3.SC_RNA_COUNTER_CS.SC_MULTI_CORE.MULTI_GEM_WELL_PROCESSOR.VDJ_B_GEM_WELL_PROCESSOR.SC_VDJ_CONTIG_ASSEMBLER.ASSEMBLE_VDJ
2025-02-11 19:27:32 [runtime] (ready)           ID.Single_Cell__3.SC_RNA_COUNTER_CS.SC_MULTI_CORE.MULTI_GEM_WELL_PROCESSOR.VDJ_T_GEM_WELL_PROCESSOR.SC_VDJ_CONTIG_ASSEMBLER.RUST_BRIDGE
2025-02-11 19:27:32 [runtime] (ready)           ID.Single_Cell__3.SC_RNA_COUNTER_CS.SC_MULTI_CORE.MULTI_GEM_WELL_PROCESSOR.VDJ_T_GD_GEM_WELL_PROCESSOR.SC_VDJ_CONTIG_ASSEMBLER.ASSEMBLE_VDJ
2025-02-11 19:27:32 [runtime] (ready)           ID.Single_Cell__3.SC_RNA_COUNTER_CS.SC_MULTI_CORE.MULTI_GEM_WELL_PROCESSOR.VDJ_B_GEM_WELL_PROCESSOR.SC_VDJ_CONTIG_ASSEMBLER.MERGE_METRICS
2025-02-11 19:27:32 [runtime] (ready)           ID.Single_Cell__3.SC_RNA_COUNTER_CS.SC_MULTI_CORE.MULTI_GEM_WELL_PROCESSOR.VDJ_T_GEM_WELL_PROCESSOR.SC_VDJ_CONTIG_ASSEMBLER.ASSEMBLE_VDJ
2025-02-11 19:27:32 [runtime] (ready)           ID.Single_Cell__3.SC_RNA_COUNTER_CS.SC_MULTI_CORE.MULTI_GEM_WELL_PROCESSOR.VDJ_T_GD_GEM_WELL_PROCESSOR.SC_VDJ_CONTIG_ASSEMBLER.MERGE_METRICS
2025-02-11 19:27:32 [runtime] (ready)           ID.Single_Cell__3.SC_RNA_COUNTER_CS.SC_MULTI_CORE.MULTI_GEM_WELL_PROCESSOR.VDJ_T_GEM_WELL_PROCESSOR.SC_VDJ_CONTIG_ASSEMBLER.MERGE_METRICS
2025-02-11 19:27:38 [runtime] (chunks_complete) ID.Single_Cell__3.SC_RNA_COUNTER_CS.FULL_COUNT_INPUTS.WRITE_GENE_INDEX
2025-02-11 19:27:38 [runtime] (chunks_complete) ID.Single_Cell__3.SC_RNA_COUNTER_CS.WRITE_GENE_INDEX
2025-02-11 19:27:38 [runtime] (ready)           ID.Single_Cell__3.SC_RNA_COUNTER_CS.SC_MULTI_CORE.MULTI_GEM_WELL_PROCESSOR.COUNT_GEM_WELL_PROCESSOR.PARSE_TARGET_FEATURES
2025-02-11 19:27:38 [runtime] (run:local)       ID.Single_Cell__3.SC_RNA_COUNTER_CS.SC_MULTI_CORE.MULTI_GEM_WELL_PROCESSOR.COUNT_GEM_WELL_PROCESSOR.PARSE_TARGET_FEATURES.fork0.chnk0.main
2025-02-11 19:27:39 [runtime] (chunks_complete) ID.Single_Cell__3.SC_RNA_COUNTER_CS.SC_MULTI_CORE.MULTI_GEM_WELL_PROCESSOR.COUNT_GEM_WELL_PROCESSOR.PARSE_TARGET_FEATURES
2025-02-11 19:27:59 [runtime] (chunks_complete) ID.Single_Cell__3.SC_RNA_COUNTER_CS.SC_MULTI_CORE.MULTI_CHEMISTRY_DETECTOR.DETECT_COUNT_CHEMISTRY
2025-02-11 19:27:59 [runtime] (ready)           ID.Single_Cell__3.SC_RNA_COUNTER_CS.SC_MULTI_CORE.MULTI_CHEMISTRY_DETECTOR.CHECK_BARCODES_COMPATIBILITY
2025-02-11 19:27:59 [runtime] (run:local)       ID.Single_Cell__3.SC_RNA_COUNTER_CS.SC_MULTI_CORE.MULTI_CHEMISTRY_DETECTOR.CHECK_BARCODES_COMPATIBILITY.fork0.chnk0.main
2025-02-11 19:27:59 [runtime] (ready)           ID.Single_Cell__3.SC_RNA_COUNTER_CS.SC_MULTI_CORE.MULTI_GEM_WELL_PROCESSOR.COUNT_GEM_WELL_PROCESSOR.MULTI_SETUP_CHUNKS
2025-02-11 19:27:59 [runtime] (run:local)       ID.Single_Cell__3.SC_RNA_COUNTER_CS.SC_MULTI_CORE.MULTI_GEM_WELL_PROCESSOR.COUNT_GEM_WELL_PROCESSOR.MULTI_SETUP_CHUNKS.fork0.chnk0.main
2025-02-11 19:27:59 [runtime] (ready)           ID.Single_Cell__3.SC_RNA_COUNTER_CS.SC_MULTI_CORE.CREATE_MULTI_GRAPH
2025-02-11 19:27:59 [runtime] (ready)           ID.Single_Cell__3.SC_RNA_COUNTER_CS.SC_MULTI_CORE.MULTI_GEM_WELL_PROCESSOR.MAKE_VDJ_FILTER_SWITCH
2025-02-11 19:27:59 [runtime] (run:local)       ID.Single_Cell__3.SC_RNA_COUNTER_CS.SC_MULTI_CORE.MULTI_GEM_WELL_PROCESSOR.MAKE_VDJ_FILTER_SWITCH.fork0.chnk0.main
2025-02-11 19:27:59 [runtime] (chunks_complete) ID.Single_Cell__3.SC_RNA_COUNTER_CS.SC_MULTI_CORE.MULTI_GEM_WELL_PROCESSOR.COUNT_GEM_WELL_PROCESSOR.MULTI_SETUP_CHUNKS
2025-02-11 19:27:59 [runtime] (chunks_complete) ID.Single_Cell__3.SC_RNA_COUNTER_CS.SC_MULTI_CORE.MULTI_CHEMISTRY_DETECTOR.CHECK_BARCODES_COMPATIBILITY
2025-02-11 19:27:59 [runtime] (ready)           ID.Single_Cell__3.SC_RNA_COUNTER_CS.SC_MULTI_CORE.MULTI_GEM_WELL_PROCESSOR.COUNT_GEM_WELL_PROCESSOR._BASIC_SC_RNA_COUNTER._MATRIX_COMPUTER.MAKE_SHARD
2025-02-11 19:27:59 [runtime] (run:local)       ID.Single_Cell__3.SC_RNA_COUNTER_CS.SC_MULTI_CORE.MULTI_GEM_WELL_PROCESSOR.COUNT_GEM_WELL_PROCESSOR._BASIC_SC_RNA_COUNTER._MATRIX_COMPUTER.MAKE_SHARD.fork0.split
2025-02-11 19:27:59 [runtime] (chunks_complete) ID.Single_Cell__3.SC_RNA_COUNTER_CS.SC_MULTI_CORE.MULTI_GEM_WELL_PROCESSOR.MAKE_VDJ_FILTER_SWITCH
2025-02-11 19:28:01 [runtime] (split_complete)  ID.Single_Cell__3.SC_RNA_COUNTER_CS.SC_MULTI_CORE.MULTI_GEM_WELL_PROCESSOR.COUNT_GEM_WELL_PROCESSOR._BASIC_SC_RNA_COUNTER._MATRIX_COMPUTER.MAKE_SHARD
2025-02-11 19:28:01 [runtime] (run:local)       ID.Single_Cell__3.SC_RNA_COUNTER_CS.SC_MULTI_CORE.MULTI_GEM_WELL_PROCESSOR.COUNT_GEM_WELL_PROCESSOR._BASIC_SC_RNA_COUNTER._MATRIX_COMPUTER.MAKE_SHARD.fork0.chnk0.main
2025-02-11 19:28:01 [runtime] (run:local)       ID.Single_Cell__3.SC_RNA_COUNTER_CS.SC_MULTI_CORE.MULTI_GEM_WELL_PROCESSOR.COUNT_GEM_WELL_PROCESSOR._BASIC_SC_RNA_COUNTER._MATRIX_COMPUTER.MAKE_SHARD.fork0.chnk1.main
2025-02-11 19:34:02 [runtime] (update)          ID.Single_Cell__3.SC_RNA_COUNTER_CS.SC_MULTI_CORE.MULTI_GEM_WELL_PROCESSOR.COUNT_GEM_WELL_PROCESSOR._BASIC_SC_RNA_COUNTER._MATRIX_COMPUTER.MAKE_SHARD.fork0 chunks running (0/2 completed)
2025-02-11 19:40:04 [runtime] (update)          ID.Single_Cell__3.SC_RNA_COUNTER_CS.SC_MULTI_CORE.MULTI_GEM_WELL_PROCESSOR.COUNT_GEM_WELL_PROCESSOR._BASIC_SC_RNA_COUNTER._MATRIX_COMPUTER.MAKE_SHARD.fork0 chunks running (0/2 completed)
2025-02-11 19:46:02 [runtime] (update)          ID.Single_Cell__3.SC_RNA_COUNTER_CS.SC_MULTI_CORE.MULTI_GEM_WELL_PROCESSOR.COUNT_GEM_WELL_PROCESSOR._BASIC_SC_RNA_COUNTER._MATRIX_COMPUTER.MAKE_SHARD.fork0 chunks running (0/2 completed)
2025-02-11 19:52:04 [runtime] (update)          ID.Single_Cell__3.SC_RNA_COUNTER_CS.SC_MULTI_CORE.MULTI_GEM_WELL_PROCESSOR.COUNT_GEM_WELL_PROCESSOR._BASIC_SC_RNA_COUNTER._MATRIX_COMPUTER.MAKE_SHARD.fork0 chunks running (0/2 completed)
2025-02-11 19:58:04 [runtime] (update)          ID.Single_Cell__3.SC_RNA_COUNTER_CS.SC_MULTI_CORE.MULTI_GEM_WELL_PROCESSOR.COUNT_GEM_WELL_PROCESSOR._BASIC_SC_RNA_COUNTER._MATRIX_COMPUTER.MAKE_SHARD.fork0 chunks running (1/2 completed)
2025-02-11 20:04:05 [runtime] (update)          ID.Single_Cell__3.SC_RNA_COUNTER_CS.SC_MULTI_CORE.MULTI_GEM_WELL_PROCESSOR.COUNT_GEM_WELL_PROCESSOR._BASIC_SC_RNA_COUNTER._MATRIX_COMPUTER.MAKE_SHARD.fork0 chunks running (1/2 completed)
2025-02-11 20:07:01 [runtime] (chunks_complete) ID.Single_Cell__3.SC_RNA_COUNTER_CS.SC_MULTI_CORE.MULTI_GEM_WELL_PROCESSOR.COUNT_GEM_WELL_PROCESSOR._BASIC_SC_RNA_COUNTER._MATRIX_COMPUTER.MAKE_SHARD
2025-02-11 20:07:01 [runtime] (run:local)       ID.Single_Cell__3.SC_RNA_COUNTER_CS.SC_MULTI_CORE.MULTI_GEM_WELL_PROCESSOR.COUNT_GEM_WELL_PROCESSOR._BASIC_SC_RNA_COUNTER._MATRIX_COMPUTER.MAKE_SHARD.fork0.join
2025-02-11 20:07:05 [runtime] (join_complete)   ID.Single_Cell__3.SC_RNA_COUNTER_CS.SC_MULTI_CORE.MULTI_GEM_WELL_PROCESSOR.COUNT_GEM_WELL_PROCESSOR._BASIC_SC_RNA_COUNTER._MATRIX_COMPUTER.MAKE_SHARD
2025-02-11 20:07:05 [runtime] (ready)           ID.Single_Cell__3.SC_RNA_COUNTER_CS.SC_MULTI_CORE.MULTI_GEM_WELL_PROCESSOR.COUNT_GEM_WELL_PROCESSOR._BASIC_SC_RNA_COUNTER._MATRIX_COMPUTER.MAKE_CORRECTION_MAP
2025-02-11 20:07:05 [runtime] (run:local)       ID.Single_Cell__3.SC_RNA_COUNTER_CS.SC_MULTI_CORE.MULTI_GEM_WELL_PROCESSOR.COUNT_GEM_WELL_PROCESSOR._BASIC_SC_RNA_COUNTER._MATRIX_COMPUTER.MAKE_CORRECTION_MAP.fork0.split
2025-02-11 20:07:05 [runtime] (split_complete)  ID.Single_Cell__3.SC_RNA_COUNTER_CS.SC_MULTI_CORE.MULTI_GEM_WELL_PROCESSOR.COUNT_GEM_WELL_PROCESSOR._BASIC_SC_RNA_COUNTER._MATRIX_COMPUTER.MAKE_CORRECTION_MAP
2025-02-11 20:07:05 [runtime] (run:local)       ID.Single_Cell__3.SC_RNA_COUNTER_CS.SC_MULTI_CORE.MULTI_GEM_WELL_PROCESSOR.COUNT_GEM_WELL_PROCESSOR._BASIC_SC_RNA_COUNTER._MATRIX_COMPUTER.MAKE_CORRECTION_MAP.fork0.join
2025-02-11 20:07:05 [runtime] (join_complete)   ID.Single_Cell__3.SC_RNA_COUNTER_CS.SC_MULTI_CORE.MULTI_GEM_WELL_PROCESSOR.COUNT_GEM_WELL_PROCESSOR._BASIC_SC_RNA_COUNTER._MATRIX_COMPUTER.MAKE_CORRECTION_MAP
2025-02-11 20:07:05 [runtime] (ready)           ID.Single_Cell__3.SC_RNA_COUNTER_CS.SC_MULTI_CORE.MULTI_GEM_WELL_PROCESSOR.COUNT_GEM_WELL_PROCESSOR._BASIC_SC_RNA_COUNTER._MATRIX_COMPUTER.BARCODE_CORRECTION
2025-02-11 20:07:05 [runtime] (run:local)       ID.Single_Cell__3.SC_RNA_COUNTER_CS.SC_MULTI_CORE.MULTI_GEM_WELL_PROCESSOR.COUNT_GEM_WELL_PROCESSOR._BASIC_SC_RNA_COUNTER._MATRIX_COMPUTER.BARCODE_CORRECTION.fork0.split
2025-02-11 20:07:05 [runtime] (split_complete)  ID.Single_Cell__3.SC_RNA_COUNTER_CS.SC_MULTI_CORE.MULTI_GEM_WELL_PROCESSOR.COUNT_GEM_WELL_PROCESSOR._BASIC_SC_RNA_COUNTER._MATRIX_COMPUTER.BARCODE_CORRECTION
2025-02-11 20:07:05 [runtime] (run:local)       ID.Single_Cell__3.SC_RNA_COUNTER_CS.SC_MULTI_CORE.MULTI_GEM_WELL_PROCESSOR.COUNT_GEM_WELL_PROCESSOR._BASIC_SC_RNA_COUNTER._MATRIX_COMPUTER.BARCODE_CORRECTION.fork0.chnk00.main
2025-02-11 20:07:05 [runtime] (run:local)       ID.Single_Cell__3.SC_RNA_COUNTER_CS.SC_MULTI_CORE.MULTI_GEM_WELL_PROCESSOR.COUNT_GEM_WELL_PROCESSOR._BASIC_SC_RNA_COUNTER._MATRIX_COMPUTER.BARCODE_CORRECTION.fork0.chnk01.main
2025-02-11 20:07:05 [runtime] (run:local)       ID.Single_Cell__3.SC_RNA_COUNTER_CS.SC_MULTI_CORE.MULTI_GEM_WELL_PROCESSOR.COUNT_GEM_WELL_PROCESSOR._BASIC_SC_RNA_COUNTER._MATRIX_COMPUTER.BARCODE_CORRECTION.fork0.chnk02.main
2025-02-11 20:07:05 [runtime] (run:local)       ID.Single_Cell__3.SC_RNA_COUNTER_CS.SC_MULTI_CORE.MULTI_GEM_WELL_PROCESSOR.COUNT_GEM_WELL_PROCESSOR._BASIC_SC_RNA_COUNTER._MATRIX_COMPUTER.BARCODE_CORRECTION.fork0.chnk03.main
2025-02-11 20:07:05 [runtime] (run:local)       ID.Single_Cell__3.SC_RNA_COUNTER_CS.SC_MULTI_CORE.MULTI_GEM_WELL_PROCESSOR.COUNT_GEM_WELL_PROCESSOR._BASIC_SC_RNA_COUNTER._MATRIX_COMPUTER.BARCODE_CORRECTION.fork0.chnk04.main
2025-02-11 20:07:05 [runtime] (run:local)       ID.Single_Cell__3.SC_RNA_COUNTER_CS.SC_MULTI_CORE.MULTI_GEM_WELL_PROCESSOR.COUNT_GEM_WELL_PROCESSOR._BASIC_SC_RNA_COUNTER._MATRIX_COMPUTER.BARCODE_CORRECTION.fork0.chnk05.main
2025-02-11 20:07:05 [runtime] (run:local)       ID.Single_Cell__3.SC_RNA_COUNTER_CS.SC_MULTI_CORE.MULTI_GEM_WELL_PROCESSOR.COUNT_GEM_WELL_PROCESSOR._BASIC_SC_RNA_COUNTER._MATRIX_COMPUTER.BARCODE_CORRECTION.fork0.chnk06.main
2025-02-11 20:07:05 [runtime] (run:local)       ID.Single_Cell__3.SC_RNA_COUNTER_CS.SC_MULTI_CORE.MULTI_GEM_WELL_PROCESSOR.COUNT_GEM_WELL_PROCESSOR._BASIC_SC_RNA_COUNTER._MATRIX_COMPUTER.BARCODE_CORRECTION.fork0.chnk07.main
2025-02-11 20:07:05 [runtime] (run:local)       ID.Single_Cell__3.SC_RNA_COUNTER_CS.SC_MULTI_CORE.MULTI_GEM_WELL_PROCESSOR.COUNT_GEM_WELL_PROCESSOR._BASIC_SC_RNA_COUNTER._MATRIX_COMPUTER.BARCODE_CORRECTION.fork0.chnk08.main
2025-02-11 20:07:05 [runtime] (run:local)       ID.Single_Cell__3.SC_RNA_COUNTER_CS.SC_MULTI_CORE.MULTI_GEM_WELL_PROCESSOR.COUNT_GEM_WELL_PROCESSOR._BASIC_SC_RNA_COUNTER._MATRIX_COMPUTER.BARCODE_CORRECTION.fork0.chnk09.main
2025-02-11 20:07:05 [runtime] (run:local)       ID.Single_Cell__3.SC_RNA_COUNTER_CS.SC_MULTI_CORE.MULTI_GEM_WELL_PROCESSOR.COUNT_GEM_WELL_PROCESSOR._BASIC_SC_RNA_COUNTER._MATRIX_COMPUTER.BARCODE_CORRECTION.fork0.chnk10.main
2025-02-11 20:07:05 [runtime] (run:local)       ID.Single_Cell__3.SC_RNA_COUNTER_CS.SC_MULTI_CORE.MULTI_GEM_WELL_PROCESSOR.COUNT_GEM_WELL_PROCESSOR._BASIC_SC_RNA_COUNTER._MATRIX_COMPUTER.BARCODE_CORRECTION.fork0.chnk11.main
2025-02-11 20:07:05 [runtime] (run:local)       ID.Single_Cell__3.SC_RNA_COUNTER_CS.SC_MULTI_CORE.MULTI_GEM_WELL_PROCESSOR.COUNT_GEM_WELL_PROCESSOR._BASIC_SC_RNA_COUNTER._MATRIX_COMPUTER.BARCODE_CORRECTION.fork0.chnk12.main
2025-02-11 20:07:05 [runtime] (run:local)       ID.Single_Cell__3.SC_RNA_COUNTER_CS.SC_MULTI_CORE.MULTI_GEM_WELL_PROCESSOR.COUNT_GEM_WELL_PROCESSOR._BASIC_SC_RNA_COUNTER._MATRIX_COMPUTER.BARCODE_CORRECTION.fork0.chnk13.main
2025-02-11 20:07:05 [runtime] (run:local)       ID.Single_Cell__3.SC_RNA_COUNTER_CS.SC_MULTI_CORE.MULTI_GEM_WELL_PROCESSOR.COUNT_GEM_WELL_PROCESSOR._BASIC_SC_RNA_COUNTER._MATRIX_COMPUTER.BARCODE_CORRECTION.fork0.chnk14.main
2025-02-11 20:07:05 [runtime] (run:local)       ID.Single_Cell__3.SC_RNA_COUNTER_CS.SC_MULTI_CORE.MULTI_GEM_WELL_PROCESSOR.COUNT_GEM_WELL_PROCESSOR._BASIC_SC_RNA_COUNTER._MATRIX_COMPUTER.BARCODE_CORRECTION.fork0.chnk15.main
2025-02-11 20:07:05 [runtime] (run:local)       ID.Single_Cell__3.SC_RNA_COUNTER_CS.SC_MULTI_CORE.MULTI_GEM_WELL_PROCESSOR.COUNT_GEM_WELL_PROCESSOR._BASIC_SC_RNA_COUNTER._MATRIX_COMPUTER.BARCODE_CORRECTION.fork0.chnk16.main
2025-02-11 20:07:05 [runtime] (run:local)       ID.Single_Cell__3.SC_RNA_COUNTER_CS.SC_MULTI_CORE.MULTI_GEM_WELL_PROCESSOR.COUNT_GEM_WELL_PROCESSOR._BASIC_SC_RNA_COUNTER._MATRIX_COMPUTER.BARCODE_CORRECTION.fork0.chnk17.main
2025-02-11 20:07:05 [runtime] (run:local)       ID.Single_Cell__3.SC_RNA_COUNTER_CS.SC_MULTI_CORE.MULTI_GEM_WELL_PROCESSOR.COUNT_GEM_WELL_PROCESSOR._BASIC_SC_RNA_COUNTER._MATRIX_COMPUTER.BARCODE_CORRECTION.fork0.chnk18.main
2025-02-11 20:07:05 [runtime] (run:local)       ID.Single_Cell__3.SC_RNA_COUNTER_CS.SC_MULTI_CORE.MULTI_GEM_WELL_PROCESSOR.COUNT_GEM_WELL_PROCESSOR._BASIC_SC_RNA_COUNTER._MATRIX_COMPUTER.BARCODE_CORRECTION.fork0.chnk19.main
2025-02-11 20:07:05 [runtime] (run:local)       ID.Single_Cell__3.SC_RNA_COUNTER_CS.SC_MULTI_CORE.MULTI_GEM_WELL_PROCESSOR.COUNT_GEM_WELL_PROCESSOR._BASIC_SC_RNA_COUNTER._MATRIX_COMPUTER.BARCODE_CORRECTION.fork0.chnk20.main
2025-02-11 20:07:05 [runtime] (run:local)       ID.Single_Cell__3.SC_RNA_COUNTER_CS.SC_MULTI_CORE.MULTI_GEM_WELL_PROCESSOR.COUNT_GEM_WELL_PROCESSOR._BASIC_SC_RNA_COUNTER._MATRIX_COMPUTER.BARCODE_CORRECTION.fork0.chnk21.main
2025-02-11 20:07:05 [runtime] (run:local)       ID.Single_Cell__3.SC_RNA_COUNTER_CS.SC_MULTI_CORE.MULTI_GEM_WELL_PROCESSOR.COUNT_GEM_WELL_PROCESSOR._BASIC_SC_RNA_COUNTER._MATRIX_COMPUTER.BARCODE_CORRECTION.fork0.chnk22.main
2025-02-11 20:07:05 [runtime] (run:local)       ID.Single_Cell__3.SC_RNA_COUNTER_CS.SC_MULTI_CORE.MULTI_GEM_WELL_PROCESSOR.COUNT_GEM_WELL_PROCESSOR._BASIC_SC_RNA_COUNTER._MATRIX_COMPUTER.BARCODE_CORRECTION.fork0.chnk23.main
2025-02-11 20:07:05 [runtime] (run:local)       ID.Single_Cell__3.SC_RNA_COUNTER_CS.SC_MULTI_CORE.MULTI_GEM_WELL_PROCESSOR.COUNT_GEM_WELL_PROCESSOR._BASIC_SC_RNA_COUNTER._MATRIX_COMPUTER.BARCODE_CORRECTION.fork0.chnk24.main
2025-02-11 20:07:05 [runtime] (run:local)       ID.Single_Cell__3.SC_RNA_COUNTER_CS.SC_MULTI_CORE.MULTI_GEM_WELL_PROCESSOR.COUNT_GEM_WELL_PROCESSOR._BASIC_SC_RNA_COUNTER._MATRIX_COMPUTER.BARCODE_CORRECTION.fork0.chnk25.main
2025-02-11 20:07:05 [runtime] (run:local)       ID.Single_Cell__3.SC_RNA_COUNTER_CS.SC_MULTI_CORE.MULTI_GEM_WELL_PROCESSOR.COUNT_GEM_WELL_PROCESSOR._BASIC_SC_RNA_COUNTER._MATRIX_COMPUTER.BARCODE_CORRECTION.fork0.chnk26.main
2025-02-11 20:07:05 [runtime] (run:local)       ID.Single_Cell__3.SC_RNA_COUNTER_CS.SC_MULTI_CORE.MULTI_GEM_WELL_PROCESSOR.COUNT_GEM_WELL_PROCESSOR._BASIC_SC_RNA_COUNTER._MATRIX_COMPUTER.BARCODE_CORRECTION.fork0.chnk27.main
2025-02-11 20:07:05 [runtime] (run:local)       ID.Single_Cell__3.SC_RNA_COUNTER_CS.SC_MULTI_CORE.MULTI_GEM_WELL_PROCESSOR.COUNT_GEM_WELL_PROCESSOR._BASIC_SC_RNA_COUNTER._MATRIX_COMPUTER.BARCODE_CORRECTION.fork0.chnk28.main
2025-02-11 20:07:05 [runtime] (run:local)       ID.Single_Cell__3.SC_RNA_COUNTER_CS.SC_MULTI_CORE.MULTI_GEM_WELL_PROCESSOR.COUNT_GEM_WELL_PROCESSOR._BASIC_SC_RNA_COUNTER._MATRIX_COMPUTER.BARCODE_CORRECTION.fork0.chnk29.main
2025-02-11 20:07:05 [runtime] (run:local)       ID.Single_Cell__3.SC_RNA_COUNTER_CS.SC_MULTI_CORE.MULTI_GEM_WELL_PROCESSOR.COUNT_GEM_WELL_PROCESSOR._BASIC_SC_RNA_COUNTER._MATRIX_COMPUTER.BARCODE_CORRECTION.fork0.chnk30.main
2025-02-11 20:07:05 [runtime] (run:local)       ID.Single_Cell__3.SC_RNA_COUNTER_CS.SC_MULTI_CORE.MULTI_GEM_WELL_PROCESSOR.COUNT_GEM_WELL_PROCESSOR._BASIC_SC_RNA_COUNTER._MATRIX_COMPUTER.BARCODE_CORRECTION.fork0.chnk31.main
2025-02-11 20:07:05 [runtime] (run:local)       ID.Single_Cell__3.SC_RNA_COUNTER_CS.SC_MULTI_CORE.MULTI_GEM_WELL_PROCESSOR.COUNT_GEM_WELL_PROCESSOR._BASIC_SC_RNA_COUNTER._MATRIX_COMPUTER.BARCODE_CORRECTION.fork0.chnk32.main
2025-02-11 20:07:05 [runtime] (run:local)       ID.Single_Cell__3.SC_RNA_COUNTER_CS.SC_MULTI_CORE.MULTI_GEM_WELL_PROCESSOR.COUNT_GEM_WELL_PROCESSOR._BASIC_SC_RNA_COUNTER._MATRIX_COMPUTER.BARCODE_CORRECTION.fork0.chnk33.main
2025-02-11 20:07:05 [runtime] (run:local)       ID.Single_Cell__3.SC_RNA_COUNTER_CS.SC_MULTI_CORE.MULTI_GEM_WELL_PROCESSOR.COUNT_GEM_WELL_PROCESSOR._BASIC_SC_RNA_COUNTER._MATRIX_COMPUTER.BARCODE_CORRECTION.fork0.chnk34.main
2025-02-11 20:07:05 [runtime] (run:local)       ID.Single_Cell__3.SC_RNA_COUNTER_CS.SC_MULTI_CORE.MULTI_GEM_WELL_PROCESSOR.COUNT_GEM_WELL_PROCESSOR._BASIC_SC_RNA_COUNTER._MATRIX_COMPUTER.BARCODE_CORRECTION.fork0.chnk35.main
2025-02-11 20:07:05 [runtime] (run:local)       ID.Single_Cell__3.SC_RNA_COUNTER_CS.SC_MULTI_CORE.MULTI_GEM_WELL_PROCESSOR.COUNT_GEM_WELL_PROCESSOR._BASIC_SC_RNA_COUNTER._MATRIX_COMPUTER.BARCODE_CORRECTION.fork0.chnk36.main
2025-02-11 20:07:05 [runtime] (run:local)       ID.Single_Cell__3.SC_RNA_COUNTER_CS.SC_MULTI_CORE.MULTI_GEM_WELL_PROCESSOR.COUNT_GEM_WELL_PROCESSOR._BASIC_SC_RNA_COUNTER._MATRIX_COMPUTER.BARCODE_CORRECTION.fork0.chnk37.main
2025-02-11 20:07:05 [runtime] (run:local)       ID.Single_Cell__3.SC_RNA_COUNTER_CS.SC_MULTI_CORE.MULTI_GEM_WELL_PROCESSOR.COUNT_GEM_WELL_PROCESSOR._BASIC_SC_RNA_COUNTER._MATRIX_COMPUTER.BARCODE_CORRECTION.fork0.chnk38.main
2025-02-11 20:07:05 [runtime] (run:local)       ID.Single_Cell__3.SC_RNA_COUNTER_CS.SC_MULTI_CORE.MULTI_GEM_WELL_PROCESSOR.COUNT_GEM_WELL_PROCESSOR._BASIC_SC_RNA_COUNTER._MATRIX_COMPUTER.BARCODE_CORRECTION.fork0.chnk39.main
2025-02-11 20:07:05 [runtime] (run:local)       ID.Single_Cell__3.SC_RNA_COUNTER_CS.SC_MULTI_CORE.MULTI_GEM_WELL_PROCESSOR.COUNT_GEM_WELL_PROCESSOR._BASIC_SC_RNA_COUNTER._MATRIX_COMPUTER.BARCODE_CORRECTION.fork0.chnk40.main
2025-02-11 20:07:05 [runtime] (run:local)       ID.Single_Cell__3.SC_RNA_COUNTER_CS.SC_MULTI_CORE.MULTI_GEM_WELL_PROCESSOR.COUNT_GEM_WELL_PROCESSOR._BASIC_SC_RNA_COUNTER._MATRIX_COMPUTER.BARCODE_CORRECTION.fork0.chnk41.main
2025-02-11 20:07:05 [runtime] (run:local)       ID.Single_Cell__3.SC_RNA_COUNTER_CS.SC_MULTI_CORE.MULTI_GEM_WELL_PROCESSOR.COUNT_GEM_WELL_PROCESSOR._BASIC_SC_RNA_COUNTER._MATRIX_COMPUTER.BARCODE_CORRECTION.fork0.chnk42.main
2025-02-11 20:07:05 [runtime] (run:local)       ID.Single_Cell__3.SC_RNA_COUNTER_CS.SC_MULTI_CORE.MULTI_GEM_WELL_PROCESSOR.COUNT_GEM_WELL_PROCESSOR._BASIC_SC_RNA_COUNTER._MATRIX_COMPUTER.BARCODE_CORRECTION.fork0.chnk43.main
2025-02-11 20:07:05 [runtime] (run:local)       ID.Single_Cell__3.SC_RNA_COUNTER_CS.SC_MULTI_CORE.MULTI_GEM_WELL_PROCESSOR.COUNT_GEM_WELL_PROCESSOR._BASIC_SC_RNA_COUNTER._MATRIX_COMPUTER.BARCODE_CORRECTION.fork0.chnk44.main
2025-02-11 20:07:05 [runtime] (run:local)       ID.Single_Cell__3.SC_RNA_COUNTER_CS.SC_MULTI_CORE.MULTI_GEM_WELL_PROCESSOR.COUNT_GEM_WELL_PROCESSOR._BASIC_SC_RNA_COUNTER._MATRIX_COMPUTER.BARCODE_CORRECTION.fork0.chnk45.main
2025-02-11 20:07:05 [runtime] (run:local)       ID.Single_Cell__3.SC_RNA_COUNTER_CS.SC_MULTI_CORE.MULTI_GEM_WELL_PROCESSOR.COUNT_GEM_WELL_PROCESSOR._BASIC_SC_RNA_COUNTER._MATRIX_COMPUTER.BARCODE_CORRECTION.fork0.chnk46.main
2025-02-11 20:07:05 [runtime] (run:local)       ID.Single_Cell__3.SC_RNA_COUNTER_CS.SC_MULTI_CORE.MULTI_GEM_WELL_PROCESSOR.COUNT_GEM_WELL_PROCESSOR._BASIC_SC_RNA_COUNTER._MATRIX_COMPUTER.BARCODE_CORRECTION.fork0.chnk47.main
2025-02-11 20:07:05 [runtime] (run:local)       ID.Single_Cell__3.SC_RNA_COUNTER_CS.SC_MULTI_CORE.MULTI_GEM_WELL_PROCESSOR.COUNT_GEM_WELL_PROCESSOR._BASIC_SC_RNA_COUNTER._MATRIX_COMPUTER.BARCODE_CORRECTION.fork0.chnk48.main
2025-02-11 20:07:05 [runtime] (run:local)       ID.Single_Cell__3.SC_RNA_COUNTER_CS.SC_MULTI_CORE.MULTI_GEM_WELL_PROCESSOR.COUNT_GEM_WELL_PROCESSOR._BASIC_SC_RNA_COUNTER._MATRIX_COMPUTER.BARCODE_CORRECTION.fork0.chnk49.main
2025-02-11 20:07:05 [runtime] (run:local)       ID.Single_Cell__3.SC_RNA_COUNTER_CS.SC_MULTI_CORE.MULTI_GEM_WELL_PROCESSOR.COUNT_GEM_WELL_PROCESSOR._BASIC_SC_RNA_COUNTER._MATRIX_COMPUTER.BARCODE_CORRECTION.fork0.chnk50.main
2025-02-11 20:07:05 [runtime] (run:local)       ID.Single_Cell__3.SC_RNA_COUNTER_CS.SC_MULTI_CORE.MULTI_GEM_WELL_PROCESSOR.COUNT_GEM_WELL_PROCESSOR._BASIC_SC_RNA_COUNTER._MATRIX_COMPUTER.BARCODE_CORRECTION.fork0.chnk51.main
2025-02-11 20:07:05 [runtime] (run:local)       ID.Single_Cell__3.SC_RNA_COUNTER_CS.SC_MULTI_CORE.MULTI_GEM_WELL_PROCESSOR.COUNT_GEM_WELL_PROCESSOR._BASIC_SC_RNA_COUNTER._MATRIX_COMPUTER.BARCODE_CORRECTION.fork0.chnk52.main
2025-02-11 20:07:05 [runtime] (run:local)       ID.Single_Cell__3.SC_RNA_COUNTER_CS.SC_MULTI_CORE.MULTI_GEM_WELL_PROCESSOR.COUNT_GEM_WELL_PROCESSOR._BASIC_SC_RNA_COUNTER._MATRIX_COMPUTER.BARCODE_CORRECTION.fork0.chnk53.main
2025-02-11 20:07:05 [runtime] (run:local)       ID.Single_Cell__3.SC_RNA_COUNTER_CS.SC_MULTI_CORE.MULTI_GEM_WELL_PROCESSOR.COUNT_GEM_WELL_PROCESSOR._BASIC_SC_RNA_COUNTER._MATRIX_COMPUTER.BARCODE_CORRECTION.fork0.chnk54.main
2025-02-11 20:07:05 [runtime] (run:local)       ID.Single_Cell__3.SC_RNA_COUNTER_CS.SC_MULTI_CORE.MULTI_GEM_WELL_PROCESSOR.COUNT_GEM_WELL_PROCESSOR._BASIC_SC_RNA_COUNTER._MATRIX_COMPUTER.BARCODE_CORRECTION.fork0.chnk55.main
2025-02-11 20:07:05 [runtime] (run:local)       ID.Single_Cell__3.SC_RNA_COUNTER_CS.SC_MULTI_CORE.MULTI_GEM_WELL_PROCESSOR.COUNT_GEM_WELL_PROCESSOR._BASIC_SC_RNA_COUNTER._MATRIX_COMPUTER.BARCODE_CORRECTION.fork0.chnk56.main
2025-02-11 20:07:05 [runtime] (run:local)       ID.Single_Cell__3.SC_RNA_COUNTER_CS.SC_MULTI_CORE.MULTI_GEM_WELL_PROCESSOR.COUNT_GEM_WELL_PROCESSOR._BASIC_SC_RNA_COUNTER._MATRIX_COMPUTER.BARCODE_CORRECTION.fork0.chnk57.main
2025-02-11 20:07:05 [runtime] (run:local)       ID.Single_Cell__3.SC_RNA_COUNTER_CS.SC_MULTI_CORE.MULTI_GEM_WELL_PROCESSOR.COUNT_GEM_WELL_PROCESSOR._BASIC_SC_RNA_COUNTER._MATRIX_COMPUTER.BARCODE_CORRECTION.fork0.chnk58.main
2025-02-11 20:07:05 [runtime] (run:local)       ID.Single_Cell__3.SC_RNA_COUNTER_CS.SC_MULTI_CORE.MULTI_GEM_WELL_PROCESSOR.COUNT_GEM_WELL_PROCESSOR._BASIC_SC_RNA_COUNTER._MATRIX_COMPUTER.BARCODE_CORRECTION.fork0.chnk59.main
2025-02-11 20:07:05 [runtime] (run:local)       ID.Single_Cell__3.SC_RNA_COUNTER_CS.SC_MULTI_CORE.MULTI_GEM_WELL_PROCESSOR.COUNT_GEM_WELL_PROCESSOR._BASIC_SC_RNA_COUNTER._MATRIX_COMPUTER.BARCODE_CORRECTION.fork0.chnk60.main
2025-02-11 20:07:05 [runtime] (run:local)       ID.Single_Cell__3.SC_RNA_COUNTER_CS.SC_MULTI_CORE.MULTI_GEM_WELL_PROCESSOR.COUNT_GEM_WELL_PROCESSOR._BASIC_SC_RNA_COUNTER._MATRIX_COMPUTER.BARCODE_CORRECTION.fork0.chnk61.main
2025-02-11 20:07:05 [runtime] (run:local)       ID.Single_Cell__3.SC_RNA_COUNTER_CS.SC_MULTI_CORE.MULTI_GEM_WELL_PROCESSOR.COUNT_GEM_WELL_PROCESSOR._BASIC_SC_RNA_COUNTER._MATRIX_COMPUTER.BARCODE_CORRECTION.fork0.chnk62.main
2025-02-11 20:07:05 [runtime] (run:local)       ID.Single_Cell__3.SC_RNA_COUNTER_CS.SC_MULTI_CORE.MULTI_GEM_WELL_PROCESSOR.COUNT_GEM_WELL_PROCESSOR._BASIC_SC_RNA_COUNTER._MATRIX_COMPUTER.BARCODE_CORRECTION.fork0.chnk63.main
2025-02-11 20:07:05 [runtime] (run:local)       ID.Single_Cell__3.SC_RNA_COUNTER_CS.SC_MULTI_CORE.MULTI_GEM_WELL_PROCESSOR.COUNT_GEM_WELL_PROCESSOR._BASIC_SC_RNA_COUNTER._MATRIX_COMPUTER.BARCODE_CORRECTION.fork0.chnk64.main
2025-02-11 20:07:06 [runtime] (run:local)       ID.Single_Cell__3.SC_RNA_COUNTER_CS.SC_MULTI_CORE.MULTI_GEM_WELL_PROCESSOR.COUNT_GEM_WELL_PROCESSOR._BASIC_SC_RNA_COUNTER._MATRIX_COMPUTER.BARCODE_CORRECTION.fork0.chnk65.main
2025-02-11 20:07:06 [runtime] (run:local)       ID.Single_Cell__3.SC_RNA_COUNTER_CS.SC_MULTI_CORE.MULTI_GEM_WELL_PROCESSOR.COUNT_GEM_WELL_PROCESSOR._BASIC_SC_RNA_COUNTER._MATRIX_COMPUTER.BARCODE_CORRECTION.fork0.chnk66.main
2025-02-11 20:07:06 [runtime] (run:local)       ID.Single_Cell__3.SC_RNA_COUNTER_CS.SC_MULTI_CORE.MULTI_GEM_WELL_PROCESSOR.COUNT_GEM_WELL_PROCESSOR._BASIC_SC_RNA_COUNTER._MATRIX_COMPUTER.BARCODE_CORRECTION.fork0.chnk67.main
2025-02-11 20:07:06 [runtime] (run:local)       ID.Single_Cell__3.SC_RNA_COUNTER_CS.SC_MULTI_CORE.MULTI_GEM_WELL_PROCESSOR.COUNT_GEM_WELL_PROCESSOR._BASIC_SC_RNA_COUNTER._MATRIX_COMPUTER.BARCODE_CORRECTION.fork0.chnk68.main
2025-02-11 20:07:06 [runtime] (run:local)       ID.Single_Cell__3.SC_RNA_COUNTER_CS.SC_MULTI_CORE.MULTI_GEM_WELL_PROCESSOR.COUNT_GEM_WELL_PROCESSOR._BASIC_SC_RNA_COUNTER._MATRIX_COMPUTER.BARCODE_CORRECTION.fork0.chnk69.main
2025-02-11 20:07:06 [runtime] (run:local)       ID.Single_Cell__3.SC_RNA_COUNTER_CS.SC_MULTI_CORE.MULTI_GEM_WELL_PROCESSOR.COUNT_GEM_WELL_PROCESSOR._BASIC_SC_RNA_COUNTER._MATRIX_COMPUTER.BARCODE_CORRECTION.fork0.chnk70.main
2025-02-11 20:07:06 [runtime] (run:local)       ID.Single_Cell__3.SC_RNA_COUNTER_CS.SC_MULTI_CORE.MULTI_GEM_WELL_PROCESSOR.COUNT_GEM_WELL_PROCESSOR._BASIC_SC_RNA_COUNTER._MATRIX_COMPUTER.BARCODE_CORRECTION.fork0.chnk71.main
2025-02-11 20:07:06 [runtime] (run:local)       ID.Single_Cell__3.SC_RNA_COUNTER_CS.SC_MULTI_CORE.MULTI_GEM_WELL_PROCESSOR.COUNT_GEM_WELL_PROCESSOR._BASIC_SC_RNA_COUNTER._MATRIX_COMPUTER.BARCODE_CORRECTION.fork0.chnk72.main
2025-02-11 20:07:06 [runtime] (run:local)       ID.Single_Cell__3.SC_RNA_COUNTER_CS.SC_MULTI_CORE.MULTI_GEM_WELL_PROCESSOR.COUNT_GEM_WELL_PROCESSOR._BASIC_SC_RNA_COUNTER._MATRIX_COMPUTER.BARCODE_CORRECTION.fork0.chnk73.main
2025-02-11 20:07:06 [runtime] (run:local)       ID.Single_Cell__3.SC_RNA_COUNTER_CS.SC_MULTI_CORE.MULTI_GEM_WELL_PROCESSOR.COUNT_GEM_WELL_PROCESSOR._BASIC_SC_RNA_COUNTER._MATRIX_COMPUTER.BARCODE_CORRECTION.fork0.chnk74.main
2025-02-11 20:07:06 [runtime] (run:local)       ID.Single_Cell__3.SC_RNA_COUNTER_CS.SC_MULTI_CORE.MULTI_GEM_WELL_PROCESSOR.COUNT_GEM_WELL_PROCESSOR._BASIC_SC_RNA_COUNTER._MATRIX_COMPUTER.BARCODE_CORRECTION.fork0.chnk75.main
2025-02-11 20:07:06 [runtime] (run:local)       ID.Single_Cell__3.SC_RNA_COUNTER_CS.SC_MULTI_CORE.MULTI_GEM_WELL_PROCESSOR.COUNT_GEM_WELL_PROCESSOR._BASIC_SC_RNA_COUNTER._MATRIX_COMPUTER.BARCODE_CORRECTION.fork0.chnk76.main
2025-02-11 20:07:06 [runtime] (run:local)       ID.Single_Cell__3.SC_RNA_COUNTER_CS.SC_MULTI_CORE.MULTI_GEM_WELL_PROCESSOR.COUNT_GEM_WELL_PROCESSOR._BASIC_SC_RNA_COUNTER._MATRIX_COMPUTER.BARCODE_CORRECTION.fork0.chnk77.main
2025-02-11 20:07:06 [runtime] (run:local)       ID.Single_Cell__3.SC_RNA_COUNTER_CS.SC_MULTI_CORE.MULTI_GEM_WELL_PROCESSOR.COUNT_GEM_WELL_PROCESSOR._BASIC_SC_RNA_COUNTER._MATRIX_COMPUTER.BARCODE_CORRECTION.fork0.chnk78.main
2025-02-11 20:07:06 [runtime] (run:local)       ID.Single_Cell__3.SC_RNA_COUNTER_CS.SC_MULTI_CORE.MULTI_GEM_WELL_PROCESSOR.COUNT_GEM_WELL_PROCESSOR._BASIC_SC_RNA_COUNTER._MATRIX_COMPUTER.BARCODE_CORRECTION.fork0.chnk79.main
2025-02-11 20:07:06 [runtime] (run:local)       ID.Single_Cell__3.SC_RNA_COUNTER_CS.SC_MULTI_CORE.MULTI_GEM_WELL_PROCESSOR.COUNT_GEM_WELL_PROCESSOR._BASIC_SC_RNA_COUNTER._MATRIX_COMPUTER.BARCODE_CORRECTION.fork0.chnk80.main
2025-02-11 20:07:06 [runtime] (run:local)       ID.Single_Cell__3.SC_RNA_COUNTER_CS.SC_MULTI_CORE.MULTI_GEM_WELL_PROCESSOR.COUNT_GEM_WELL_PROCESSOR._BASIC_SC_RNA_COUNTER._MATRIX_COMPUTER.BARCODE_CORRECTION.fork0.chnk81.main
2025-02-11 20:07:06 [runtime] (run:local)       ID.Single_Cell__3.SC_RNA_COUNTER_CS.SC_MULTI_CORE.MULTI_GEM_WELL_PROCESSOR.COUNT_GEM_WELL_PROCESSOR._BASIC_SC_RNA_COUNTER._MATRIX_COMPUTER.BARCODE_CORRECTION.fork0.chnk82.main
2025-02-11 20:07:06 [runtime] (run:local)       ID.Single_Cell__3.SC_RNA_COUNTER_CS.SC_MULTI_CORE.MULTI_GEM_WELL_PROCESSOR.COUNT_GEM_WELL_PROCESSOR._BASIC_SC_RNA_COUNTER._MATRIX_COMPUTER.BARCODE_CORRECTION.fork0.chnk83.main
2025-02-11 20:07:06 [runtime] (run:local)       ID.Single_Cell__3.SC_RNA_COUNTER_CS.SC_MULTI_CORE.MULTI_GEM_WELL_PROCESSOR.COUNT_GEM_WELL_PROCESSOR._BASIC_SC_RNA_COUNTER._MATRIX_COMPUTER.BARCODE_CORRECTION.fork0.chnk84.main
2025-02-11 20:07:06 [runtime] (run:local)       ID.Single_Cell__3.SC_RNA_COUNTER_CS.SC_MULTI_CORE.MULTI_GEM_WELL_PROCESSOR.COUNT_GEM_WELL_PROCESSOR._BASIC_SC_RNA_COUNTER._MATRIX_COMPUTER.BARCODE_CORRECTION.fork0.chnk85.main
2025-02-11 20:07:06 [runtime] (run:local)       ID.Single_Cell__3.SC_RNA_COUNTER_CS.SC_MULTI_CORE.MULTI_GEM_WELL_PROCESSOR.COUNT_GEM_WELL_PROCESSOR._BASIC_SC_RNA_COUNTER._MATRIX_COMPUTER.BARCODE_CORRECTION.fork0.chnk86.main
2025-02-11 20:07:06 [runtime] (run:local)       ID.Single_Cell__3.SC_RNA_COUNTER_CS.SC_MULTI_CORE.MULTI_GEM_WELL_PROCESSOR.COUNT_GEM_WELL_PROCESSOR._BASIC_SC_RNA_COUNTER._MATRIX_COMPUTER.BARCODE_CORRECTION.fork0.chnk87.main
2025-02-11 20:09:57 [runtime] (chunks_complete) ID.Single_Cell__3.SC_RNA_COUNTER_CS.SC_MULTI_CORE.MULTI_GEM_WELL_PROCESSOR.COUNT_GEM_WELL_PROCESSOR._BASIC_SC_RNA_COUNTER._MATRIX_COMPUTER.BARCODE_CORRECTION
2025-02-11 20:09:57 [runtime] (run:local)       ID.Single_Cell__3.SC_RNA_COUNTER_CS.SC_MULTI_CORE.MULTI_GEM_WELL_PROCESSOR.COUNT_GEM_WELL_PROCESSOR._BASIC_SC_RNA_COUNTER._MATRIX_COMPUTER.BARCODE_CORRECTION.fork0.join
2025-02-11 20:09:58 [runtime] (join_complete)   ID.Single_Cell__3.SC_RNA_COUNTER_CS.SC_MULTI_CORE.MULTI_GEM_WELL_PROCESSOR.COUNT_GEM_WELL_PROCESSOR._BASIC_SC_RNA_COUNTER._MATRIX_COMPUTER.BARCODE_CORRECTION
2025-02-11 20:09:59 [runtime] (ready)           ID.Single_Cell__3.SC_RNA_COUNTER_CS.SC_MULTI_CORE.MULTI_GEM_WELL_PROCESSOR.COUNT_GEM_WELL_PROCESSOR._BASIC_SC_RNA_COUNTER._MATRIX_COMPUTER._SLFE_PARTIAL_FIRST_PASS.SUBSAMPLE_BARCODES
2025-02-11 20:09:59 [runtime] (ready)           ID.Single_Cell__3.SC_RNA_COUNTER_CS.SC_MULTI_CORE.MULTI_GEM_WELL_PROCESSOR.COUNT_GEM_WELL_PROCESSOR._BASIC_SC_RNA_COUNTER._MATRIX_COMPUTER.WRITE_BARCODE_INDEX
2025-02-11 20:09:59 [runtime] (run:local)       ID.Single_Cell__3.SC_RNA_COUNTER_CS.SC_MULTI_CORE.MULTI_GEM_WELL_PROCESSOR.COUNT_GEM_WELL_PROCESSOR._BASIC_SC_RNA_COUNTER._MATRIX_COMPUTER.WRITE_BARCODE_INDEX.fork0.chnk0.main
2025-02-11 20:09:59 [runtime] (ready)           ID.Single_Cell__3.SC_RNA_COUNTER_CS.SC_MULTI_CORE.MULTI_GEM_WELL_PROCESSOR.COUNT_GEM_WELL_PROCESSOR._BASIC_SC_RNA_COUNTER._MATRIX_COMPUTER._SLFE_PARTIAL_FIRST_PASS.INITIAL_ALIGN_AND_COUNT
2025-02-11 20:09:59 [runtime] (ready)           ID.Single_Cell__3.SC_RNA_COUNTER_CS.SC_MULTI_CORE.MULTI_GEM_WELL_PROCESSOR.COUNT_GEM_WELL_PROCESSOR._BASIC_SC_RNA_COUNTER._MATRIX_COMPUTER._SLFE_PARTIAL_FIRST_PASS.SET_TARGETED_UMI_FILTER
2025-02-11 20:09:59 [runtime] (ready)           ID.Single_Cell__3.SC_RNA_COUNTER_CS.SC_MULTI_CORE.MULTI_GEM_WELL_PROCESSOR.COUNT_GEM_WELL_PROCESSOR._BASIC_SC_RNA_COUNTER._MATRIX_COMPUTER.ALIGN_AND_COUNT
2025-02-11 20:09:59 [runtime] (run:local)       ID.Single_Cell__3.SC_RNA_COUNTER_CS.SC_MULTI_CORE.MULTI_GEM_WELL_PROCESSOR.COUNT_GEM_WELL_PROCESSOR._BASIC_SC_RNA_COUNTER._MATRIX_COMPUTER.ALIGN_AND_COUNT.fork0.split
2025-02-11 20:09:59 [runtime] (split_complete)  ID.Single_Cell__3.SC_RNA_COUNTER_CS.SC_MULTI_CORE.MULTI_GEM_WELL_PROCESSOR.COUNT_GEM_WELL_PROCESSOR._BASIC_SC_RNA_COUNTER._MATRIX_COMPUTER.ALIGN_AND_COUNT
2025-02-11 20:09:59 [runtime] (run:local)       ID.Single_Cell__3.SC_RNA_COUNTER_CS.SC_MULTI_CORE.MULTI_GEM_WELL_PROCESSOR.COUNT_GEM_WELL_PROCESSOR._BASIC_SC_RNA_COUNTER._MATRIX_COMPUTER.ALIGN_AND_COUNT.fork0.chnk00.main
2025-02-11 20:09:59 [runtime] (run:local)       ID.Single_Cell__3.SC_RNA_COUNTER_CS.SC_MULTI_CORE.MULTI_GEM_WELL_PROCESSOR.COUNT_GEM_WELL_PROCESSOR._BASIC_SC_RNA_COUNTER._MATRIX_COMPUTER.ALIGN_AND_COUNT.fork0.chnk01.main
2025-02-11 20:09:59 [runtime] (run:local)       ID.Single_Cell__3.SC_RNA_COUNTER_CS.SC_MULTI_CORE.MULTI_GEM_WELL_PROCESSOR.COUNT_GEM_WELL_PROCESSOR._BASIC_SC_RNA_COUNTER._MATRIX_COMPUTER.ALIGN_AND_COUNT.fork0.chnk02.main
2025-02-11 20:09:59 [runtime] (run:local)       ID.Single_Cell__3.SC_RNA_COUNTER_CS.SC_MULTI_CORE.MULTI_GEM_WELL_PROCESSOR.COUNT_GEM_WELL_PROCESSOR._BASIC_SC_RNA_COUNTER._MATRIX_COMPUTER.ALIGN_AND_COUNT.fork0.chnk03.main
2025-02-11 20:09:59 [runtime] (run:local)       ID.Single_Cell__3.SC_RNA_COUNTER_CS.SC_MULTI_CORE.MULTI_GEM_WELL_PROCESSOR.COUNT_GEM_WELL_PROCESSOR._BASIC_SC_RNA_COUNTER._MATRIX_COMPUTER.ALIGN_AND_COUNT.fork0.chnk04.main
2025-02-11 20:09:59 [runtime] (run:local)       ID.Single_Cell__3.SC_RNA_COUNTER_CS.SC_MULTI_CORE.MULTI_GEM_WELL_PROCESSOR.COUNT_GEM_WELL_PROCESSOR._BASIC_SC_RNA_COUNTER._MATRIX_COMPUTER.ALIGN_AND_COUNT.fork0.chnk05.main
2025-02-11 20:09:59 [runtime] (run:local)       ID.Single_Cell__3.SC_RNA_COUNTER_CS.SC_MULTI_CORE.MULTI_GEM_WELL_PROCESSOR.COUNT_GEM_WELL_PROCESSOR._BASIC_SC_RNA_COUNTER._MATRIX_COMPUTER.ALIGN_AND_COUNT.fork0.chnk06.main
2025-02-11 20:09:59 [runtime] (run:local)       ID.Single_Cell__3.SC_RNA_COUNTER_CS.SC_MULTI_CORE.MULTI_GEM_WELL_PROCESSOR.COUNT_GEM_WELL_PROCESSOR._BASIC_SC_RNA_COUNTER._MATRIX_COMPUTER.ALIGN_AND_COUNT.fork0.chnk07.main
2025-02-11 20:09:59 [runtime] (run:local)       ID.Single_Cell__3.SC_RNA_COUNTER_CS.SC_MULTI_CORE.MULTI_GEM_WELL_PROCESSOR.COUNT_GEM_WELL_PROCESSOR._BASIC_SC_RNA_COUNTER._MATRIX_COMPUTER.ALIGN_AND_COUNT.fork0.chnk08.main
2025-02-11 20:09:59 [runtime] (run:local)       ID.Single_Cell__3.SC_RNA_COUNTER_CS.SC_MULTI_CORE.MULTI_GEM_WELL_PROCESSOR.COUNT_GEM_WELL_PROCESSOR._BASIC_SC_RNA_COUNTER._MATRIX_COMPUTER.ALIGN_AND_COUNT.fork0.chnk09.main
2025-02-11 20:09:59 [runtime] (run:local)       ID.Single_Cell__3.SC_RNA_COUNTER_CS.SC_MULTI_CORE.MULTI_GEM_WELL_PROCESSOR.COUNT_GEM_WELL_PROCESSOR._BASIC_SC_RNA_COUNTER._MATRIX_COMPUTER.ALIGN_AND_COUNT.fork0.chnk10.main
2025-02-11 20:09:59 [runtime] (run:local)       ID.Single_Cell__3.SC_RNA_COUNTER_CS.SC_MULTI_CORE.MULTI_GEM_WELL_PROCESSOR.COUNT_GEM_WELL_PROCESSOR._BASIC_SC_RNA_COUNTER._MATRIX_COMPUTER.ALIGN_AND_COUNT.fork0.chnk11.main
2025-02-11 20:09:59 [runtime] (run:local)       ID.Single_Cell__3.SC_RNA_COUNTER_CS.SC_MULTI_CORE.MULTI_GEM_WELL_PROCESSOR.COUNT_GEM_WELL_PROCESSOR._BASIC_SC_RNA_COUNTER._MATRIX_COMPUTER.ALIGN_AND_COUNT.fork0.chnk12.main
2025-02-11 20:10:00 [runtime] (run:local)       ID.Single_Cell__3.SC_RNA_COUNTER_CS.SC_MULTI_CORE.MULTI_GEM_WELL_PROCESSOR.COUNT_GEM_WELL_PROCESSOR._BASIC_SC_RNA_COUNTER._MATRIX_COMPUTER.ALIGN_AND_COUNT.fork0.chnk13.main
2025-02-11 20:10:00 [runtime] (run:local)       ID.Single_Cell__3.SC_RNA_COUNTER_CS.SC_MULTI_CORE.MULTI_GEM_WELL_PROCESSOR.COUNT_GEM_WELL_PROCESSOR._BASIC_SC_RNA_COUNTER._MATRIX_COMPUTER.ALIGN_AND_COUNT.fork0.chnk14.main
2025-02-11 20:10:00 [runtime] (run:local)       ID.Single_Cell__3.SC_RNA_COUNTER_CS.SC_MULTI_CORE.MULTI_GEM_WELL_PROCESSOR.COUNT_GEM_WELL_PROCESSOR._BASIC_SC_RNA_COUNTER._MATRIX_COMPUTER.ALIGN_AND_COUNT.fork0.chnk15.main
2025-02-11 20:10:00 [runtime] (run:local)       ID.Single_Cell__3.SC_RNA_COUNTER_CS.SC_MULTI_CORE.MULTI_GEM_WELL_PROCESSOR.COUNT_GEM_WELL_PROCESSOR._BASIC_SC_RNA_COUNTER._MATRIX_COMPUTER.ALIGN_AND_COUNT.fork0.chnk16.main
2025-02-11 20:10:00 [runtime] (run:local)       ID.Single_Cell__3.SC_RNA_COUNTER_CS.SC_MULTI_CORE.MULTI_GEM_WELL_PROCESSOR.COUNT_GEM_WELL_PROCESSOR._BASIC_SC_RNA_COUNTER._MATRIX_COMPUTER.ALIGN_AND_COUNT.fork0.chnk17.main
2025-02-11 20:10:00 [runtime] (run:local)       ID.Single_Cell__3.SC_RNA_COUNTER_CS.SC_MULTI_CORE.MULTI_GEM_WELL_PROCESSOR.COUNT_GEM_WELL_PROCESSOR._BASIC_SC_RNA_COUNTER._MATRIX_COMPUTER.ALIGN_AND_COUNT.fork0.chnk18.main
2025-02-11 20:10:00 [runtime] (run:local)       ID.Single_Cell__3.SC_RNA_COUNTER_CS.SC_MULTI_CORE.MULTI_GEM_WELL_PROCESSOR.COUNT_GEM_WELL_PROCESSOR._BASIC_SC_RNA_COUNTER._MATRIX_COMPUTER.ALIGN_AND_COUNT.fork0.chnk19.main
2025-02-11 20:10:00 [runtime] (run:local)       ID.Single_Cell__3.SC_RNA_COUNTER_CS.SC_MULTI_CORE.MULTI_GEM_WELL_PROCESSOR.COUNT_GEM_WELL_PROCESSOR._BASIC_SC_RNA_COUNTER._MATRIX_COMPUTER.ALIGN_AND_COUNT.fork0.chnk20.main
2025-02-11 20:10:00 [runtime] (run:local)       ID.Single_Cell__3.SC_RNA_COUNTER_CS.SC_MULTI_CORE.MULTI_GEM_WELL_PROCESSOR.COUNT_GEM_WELL_PROCESSOR._BASIC_SC_RNA_COUNTER._MATRIX_COMPUTER.ALIGN_AND_COUNT.fork0.chnk21.main
2025-02-11 20:10:00 [runtime] (run:local)       ID.Single_Cell__3.SC_RNA_COUNTER_CS.SC_MULTI_CORE.MULTI_GEM_WELL_PROCESSOR.COUNT_GEM_WELL_PROCESSOR._BASIC_SC_RNA_COUNTER._MATRIX_COMPUTER.ALIGN_AND_COUNT.fork0.chnk22.main
2025-02-11 20:10:00 [runtime] (run:local)       ID.Single_Cell__3.SC_RNA_COUNTER_CS.SC_MULTI_CORE.MULTI_GEM_WELL_PROCESSOR.COUNT_GEM_WELL_PROCESSOR._BASIC_SC_RNA_COUNTER._MATRIX_COMPUTER.ALIGN_AND_COUNT.fork0.chnk23.main
2025-02-11 20:10:00 [runtime] (run:local)       ID.Single_Cell__3.SC_RNA_COUNTER_CS.SC_MULTI_CORE.MULTI_GEM_WELL_PROCESSOR.COUNT_GEM_WELL_PROCESSOR._BASIC_SC_RNA_COUNTER._MATRIX_COMPUTER.ALIGN_AND_COUNT.fork0.chnk24.main
2025-02-11 20:10:00 [runtime] (run:local)       ID.Single_Cell__3.SC_RNA_COUNTER_CS.SC_MULTI_CORE.MULTI_GEM_WELL_PROCESSOR.COUNT_GEM_WELL_PROCESSOR._BASIC_SC_RNA_COUNTER._MATRIX_COMPUTER.ALIGN_AND_COUNT.fork0.chnk25.main
2025-02-11 20:10:00 [runtime] (run:local)       ID.Single_Cell__3.SC_RNA_COUNTER_CS.SC_MULTI_CORE.MULTI_GEM_WELL_PROCESSOR.COUNT_GEM_WELL_PROCESSOR._BASIC_SC_RNA_COUNTER._MATRIX_COMPUTER.ALIGN_AND_COUNT.fork0.chnk26.main
2025-02-11 20:10:00 [runtime] (run:local)       ID.Single_Cell__3.SC_RNA_COUNTER_CS.SC_MULTI_CORE.MULTI_GEM_WELL_PROCESSOR.COUNT_GEM_WELL_PROCESSOR._BASIC_SC_RNA_COUNTER._MATRIX_COMPUTER.ALIGN_AND_COUNT.fork0.chnk27.main
2025-02-11 20:10:00 [runtime] (run:local)       ID.Single_Cell__3.SC_RNA_COUNTER_CS.SC_MULTI_CORE.MULTI_GEM_WELL_PROCESSOR.COUNT_GEM_WELL_PROCESSOR._BASIC_SC_RNA_COUNTER._MATRIX_COMPUTER.ALIGN_AND_COUNT.fork0.chnk28.main
2025-02-11 20:10:00 [runtime] (run:local)       ID.Single_Cell__3.SC_RNA_COUNTER_CS.SC_MULTI_CORE.MULTI_GEM_WELL_PROCESSOR.COUNT_GEM_WELL_PROCESSOR._BASIC_SC_RNA_COUNTER._MATRIX_COMPUTER.ALIGN_AND_COUNT.fork0.chnk29.main
2025-02-11 20:10:00 [runtime] (run:local)       ID.Single_Cell__3.SC_RNA_COUNTER_CS.SC_MULTI_CORE.MULTI_GEM_WELL_PROCESSOR.COUNT_GEM_WELL_PROCESSOR._BASIC_SC_RNA_COUNTER._MATRIX_COMPUTER.ALIGN_AND_COUNT.fork0.chnk30.main
2025-02-11 20:10:00 [runtime] (run:local)       ID.Single_Cell__3.SC_RNA_COUNTER_CS.SC_MULTI_CORE.MULTI_GEM_WELL_PROCESSOR.COUNT_GEM_WELL_PROCESSOR._BASIC_SC_RNA_COUNTER._MATRIX_COMPUTER.ALIGN_AND_COUNT.fork0.chnk31.main
2025-02-11 20:10:00 [runtime] (run:local)       ID.Single_Cell__3.SC_RNA_COUNTER_CS.SC_MULTI_CORE.MULTI_GEM_WELL_PROCESSOR.COUNT_GEM_WELL_PROCESSOR._BASIC_SC_RNA_COUNTER._MATRIX_COMPUTER.ALIGN_AND_COUNT.fork0.chnk32.main
2025-02-11 20:10:00 [runtime] (run:local)       ID.Single_Cell__3.SC_RNA_COUNTER_CS.SC_MULTI_CORE.MULTI_GEM_WELL_PROCESSOR.COUNT_GEM_WELL_PROCESSOR._BASIC_SC_RNA_COUNTER._MATRIX_COMPUTER.ALIGN_AND_COUNT.fork0.chnk33.main
2025-02-11 20:10:00 [runtime] (run:local)       ID.Single_Cell__3.SC_RNA_COUNTER_CS.SC_MULTI_CORE.MULTI_GEM_WELL_PROCESSOR.COUNT_GEM_WELL_PROCESSOR._BASIC_SC_RNA_COUNTER._MATRIX_COMPUTER.ALIGN_AND_COUNT.fork0.chnk34.main
2025-02-11 20:10:00 [runtime] (run:local)       ID.Single_Cell__3.SC_RNA_COUNTER_CS.SC_MULTI_CORE.MULTI_GEM_WELL_PROCESSOR.COUNT_GEM_WELL_PROCESSOR._BASIC_SC_RNA_COUNTER._MATRIX_COMPUTER.ALIGN_AND_COUNT.fork0.chnk35.main
2025-02-11 20:10:00 [runtime] (run:local)       ID.Single_Cell__3.SC_RNA_COUNTER_CS.SC_MULTI_CORE.MULTI_GEM_WELL_PROCESSOR.COUNT_GEM_WELL_PROCESSOR._BASIC_SC_RNA_COUNTER._MATRIX_COMPUTER.ALIGN_AND_COUNT.fork0.chnk36.main
2025-02-11 20:10:00 [runtime] (run:local)       ID.Single_Cell__3.SC_RNA_COUNTER_CS.SC_MULTI_CORE.MULTI_GEM_WELL_PROCESSOR.COUNT_GEM_WELL_PROCESSOR._BASIC_SC_RNA_COUNTER._MATRIX_COMPUTER.ALIGN_AND_COUNT.fork0.chnk37.main
2025-02-11 20:10:02 [runtime] (chunks_complete) ID.Single_Cell__3.SC_RNA_COUNTER_CS.SC_MULTI_CORE.MULTI_GEM_WELL_PROCESSOR.COUNT_GEM_WELL_PROCESSOR._BASIC_SC_RNA_COUNTER._MATRIX_COMPUTER.WRITE_BARCODE_INDEX
2025-02-11 20:15:24 [runtime] (update)          ID.Single_Cell__3.SC_RNA_COUNTER_CS.SC_MULTI_CORE.MULTI_GEM_WELL_PROCESSOR.COUNT_GEM_WELL_PROCESSOR._BASIC_SC_RNA_COUNTER._MATRIX_COMPUTER.ALIGN_AND_COUNT.fork0 chunks running (1/38 completed)
2025-02-11 20:21:15 [runtime] (update)          ID.Single_Cell__3.SC_RNA_COUNTER_CS.SC_MULTI_CORE.MULTI_GEM_WELL_PROCESSOR.COUNT_GEM_WELL_PROCESSOR._BASIC_SC_RNA_COUNTER._MATRIX_COMPUTER.ALIGN_AND_COUNT.fork0 chunks running (4/38 completed)
2025-02-11 20:26:59 [runtime] (update)          ID.Single_Cell__3.SC_RNA_COUNTER_CS.SC_MULTI_CORE.MULTI_GEM_WELL_PROCESSOR.COUNT_GEM_WELL_PROCESSOR._BASIC_SC_RNA_COUNTER._MATRIX_COMPUTER.ALIGN_AND_COUNT.fork0 chunks running (5/38 completed)
2025-02-11 20:33:01 [runtime] (update)          ID.Single_Cell__3.SC_RNA_COUNTER_CS.SC_MULTI_CORE.MULTI_GEM_WELL_PROCESSOR.COUNT_GEM_WELL_PROCESSOR._BASIC_SC_RNA_COUNTER._MATRIX_COMPUTER.ALIGN_AND_COUNT.fork0 chunks running (6/38 completed)
2025-02-11 20:38:09 [runtime] (update)          ID.Single_Cell__3.SC_RNA_COUNTER_CS.SC_MULTI_CORE.MULTI_GEM_WELL_PROCESSOR.COUNT_GEM_WELL_PROCESSOR._BASIC_SC_RNA_COUNTER._MATRIX_COMPUTER.ALIGN_AND_COUNT.fork0 chunks running (7/38 completed)
2025-02-11 20:44:12 [runtime] (update)          ID.Single_Cell__3.SC_RNA_COUNTER_CS.SC_MULTI_CORE.MULTI_GEM_WELL_PROCESSOR.COUNT_GEM_WELL_PROCESSOR._BASIC_SC_RNA_COUNTER._MATRIX_COMPUTER.ALIGN_AND_COUNT.fork0 chunks running (8/38 completed)
2025-02-11 20:49:36 [runtime] (update)          ID.Single_Cell__3.SC_RNA_COUNTER_CS.SC_MULTI_CORE.MULTI_GEM_WELL_PROCESSOR.COUNT_GEM_WELL_PROCESSOR._BASIC_SC_RNA_COUNTER._MATRIX_COMPUTER.ALIGN_AND_COUNT.fork0 chunks running (10/38 completed)
2025-02-11 20:55:39 [runtime] (update)          ID.Single_Cell__3.SC_RNA_COUNTER_CS.SC_MULTI_CORE.MULTI_GEM_WELL_PROCESSOR.COUNT_GEM_WELL_PROCESSOR._BASIC_SC_RNA_COUNTER._MATRIX_COMPUTER.ALIGN_AND_COUNT.fork0 chunks running (10/38 completed)
2025-02-11 21:00:48 [runtime] (update)          ID.Single_Cell__3.SC_RNA_COUNTER_CS.SC_MULTI_CORE.MULTI_GEM_WELL_PROCESSOR.COUNT_GEM_WELL_PROCESSOR._BASIC_SC_RNA_COUNTER._MATRIX_COMPUTER.ALIGN_AND_COUNT.fork0 chunks running (12/38 completed)
2025-02-11 21:06:39 [runtime] (update)          ID.Single_Cell__3.SC_RNA_COUNTER_CS.SC_MULTI_CORE.MULTI_GEM_WELL_PROCESSOR.COUNT_GEM_WELL_PROCESSOR._BASIC_SC_RNA_COUNTER._MATRIX_COMPUTER.ALIGN_AND_COUNT.fork0 chunks running (13/38 completed)
2025-02-11 21:12:42 [runtime] (update)          ID.Single_Cell__3.SC_RNA_COUNTER_CS.SC_MULTI_CORE.MULTI_GEM_WELL_PROCESSOR.COUNT_GEM_WELL_PROCESSOR._BASIC_SC_RNA_COUNTER._MATRIX_COMPUTER.ALIGN_AND_COUNT.fork0 chunks running (14/38 completed)
2025-02-11 21:18:38 [runtime] (update)          ID.Single_Cell__3.SC_RNA_COUNTER_CS.SC_MULTI_CORE.MULTI_GEM_WELL_PROCESSOR.COUNT_GEM_WELL_PROCESSOR._BASIC_SC_RNA_COUNTER._MATRIX_COMPUTER.ALIGN_AND_COUNT.fork0 chunks running (16/38 completed)
2025-02-11 21:24:40 [runtime] (update)          ID.Single_Cell__3.SC_RNA_COUNTER_CS.SC_MULTI_CORE.MULTI_GEM_WELL_PROCESSOR.COUNT_GEM_WELL_PROCESSOR._BASIC_SC_RNA_COUNTER._MATRIX_COMPUTER.ALIGN_AND_COUNT.fork0 chunks running (17/38 completed)
2025-02-11 21:29:53 [runtime] (update)          ID.Single_Cell__3.SC_RNA_COUNTER_CS.SC_MULTI_CORE.MULTI_GEM_WELL_PROCESSOR.COUNT_GEM_WELL_PROCESSOR._BASIC_SC_RNA_COUNTER._MATRIX_COMPUTER.ALIGN_AND_COUNT.fork0 chunks running (18/38 completed)
2025-02-11 21:34:56 [runtime] (update)          ID.Single_Cell__3.SC_RNA_COUNTER_CS.SC_MULTI_CORE.MULTI_GEM_WELL_PROCESSOR.COUNT_GEM_WELL_PROCESSOR._BASIC_SC_RNA_COUNTER._MATRIX_COMPUTER.ALIGN_AND_COUNT.fork0 chunks running (20/38 completed)
2025-02-11 21:41:00 [runtime] (update)          ID.Single_Cell__3.SC_RNA_COUNTER_CS.SC_MULTI_CORE.MULTI_GEM_WELL_PROCESSOR.COUNT_GEM_WELL_PROCESSOR._BASIC_SC_RNA_COUNTER._MATRIX_COMPUTER.ALIGN_AND_COUNT.fork0 chunks running (21/38 completed)
2025-02-11 21:46:08 [runtime] (update)          ID.Single_Cell__3.SC_RNA_COUNTER_CS.SC_MULTI_CORE.MULTI_GEM_WELL_PROCESSOR.COUNT_GEM_WELL_PROCESSOR._BASIC_SC_RNA_COUNTER._MATRIX_COMPUTER.ALIGN_AND_COUNT.fork0 chunks running (23/38 completed)
2025-02-11 21:52:11 [runtime] (update)          ID.Single_Cell__3.SC_RNA_COUNTER_CS.SC_MULTI_CORE.MULTI_GEM_WELL_PROCESSOR.COUNT_GEM_WELL_PROCESSOR._BASIC_SC_RNA_COUNTER._MATRIX_COMPUTER.ALIGN_AND_COUNT.fork0 chunks running (24/38 completed)
2025-02-11 21:59:00 [runtime] (update)          ID.Single_Cell__3.SC_RNA_COUNTER_CS.SC_MULTI_CORE.MULTI_GEM_WELL_PROCESSOR.COUNT_GEM_WELL_PROCESSOR._BASIC_SC_RNA_COUNTER._MATRIX_COMPUTER.ALIGN_AND_COUNT.fork0 chunks running (26/38 completed)
2025-02-11 22:04:03 [runtime] (update)          ID.Single_Cell__3.SC_RNA_COUNTER_CS.SC_MULTI_CORE.MULTI_GEM_WELL_PROCESSOR.COUNT_GEM_WELL_PROCESSOR._BASIC_SC_RNA_COUNTER._MATRIX_COMPUTER.ALIGN_AND_COUNT.fork0 chunks running (27/38 completed)
2025-02-11 22:09:40 [runtime] (update)          ID.Single_Cell__3.SC_RNA_COUNTER_CS.SC_MULTI_CORE.MULTI_GEM_WELL_PROCESSOR.COUNT_GEM_WELL_PROCESSOR._BASIC_SC_RNA_COUNTER._MATRIX_COMPUTER.ALIGN_AND_COUNT.fork0 chunks running (28/38 completed)
2025-02-11 22:15:38 [runtime] (update)          ID.Single_Cell__3.SC_RNA_COUNTER_CS.SC_MULTI_CORE.MULTI_GEM_WELL_PROCESSOR.COUNT_GEM_WELL_PROCESSOR._BASIC_SC_RNA_COUNTER._MATRIX_COMPUTER.ALIGN_AND_COUNT.fork0 chunks running (31/38 completed)
2025-02-11 22:21:44 [runtime] (update)          ID.Single_Cell__3.SC_RNA_COUNTER_CS.SC_MULTI_CORE.MULTI_GEM_WELL_PROCESSOR.COUNT_GEM_WELL_PROCESSOR._BASIC_SC_RNA_COUNTER._MATRIX_COMPUTER.ALIGN_AND_COUNT.fork0 chunks running (31/38 completed)
2025-02-11 22:27:39 [runtime] (update)          ID.Single_Cell__3.SC_RNA_COUNTER_CS.SC_MULTI_CORE.MULTI_GEM_WELL_PROCESSOR.COUNT_GEM_WELL_PROCESSOR._BASIC_SC_RNA_COUNTER._MATRIX_COMPUTER.ALIGN_AND_COUNT.fork0 chunks running (33/38 completed)
2025-02-11 22:32:41 [runtime] (update)          ID.Single_Cell__3.SC_RNA_COUNTER_CS.SC_MULTI_CORE.MULTI_GEM_WELL_PROCESSOR.COUNT_GEM_WELL_PROCESSOR._BASIC_SC_RNA_COUNTER._MATRIX_COMPUTER.ALIGN_AND_COUNT.fork0 chunks running (33/38 completed)
2025-02-11 22:38:21 [runtime] (update)          ID.Single_Cell__3.SC_RNA_COUNTER_CS.SC_MULTI_CORE.MULTI_GEM_WELL_PROCESSOR.COUNT_GEM_WELL_PROCESSOR._BASIC_SC_RNA_COUNTER._MATRIX_COMPUTER.ALIGN_AND_COUNT.fork0 chunks running (35/38 completed)
2025-02-11 22:44:24 [runtime] (update)          ID.Single_Cell__3.SC_RNA_COUNTER_CS.SC_MULTI_CORE.MULTI_GEM_WELL_PROCESSOR.COUNT_GEM_WELL_PROCESSOR._BASIC_SC_RNA_COUNTER._MATRIX_COMPUTER.ALIGN_AND_COUNT.fork0 chunks running (35/38 completed)
2025-02-11 22:50:33 [runtime] (update)          ID.Single_Cell__3.SC_RNA_COUNTER_CS.SC_MULTI_CORE.MULTI_GEM_WELL_PROCESSOR.COUNT_GEM_WELL_PROCESSOR._BASIC_SC_RNA_COUNTER._MATRIX_COMPUTER.ALIGN_AND_COUNT.fork0 chunks running (37/38 completed)
2025-02-11 22:56:32 [runtime] (update)          ID.Single_Cell__3.SC_RNA_COUNTER_CS.SC_MULTI_CORE.MULTI_GEM_WELL_PROCESSOR.COUNT_GEM_WELL_PROCESSOR._BASIC_SC_RNA_COUNTER._MATRIX_COMPUTER.ALIGN_AND_COUNT.fork0 chunks running (37/38 completed)
2025-02-11 23:00:10 [runtime] (chunks_complete) ID.Single_Cell__3.SC_RNA_COUNTER_CS.SC_MULTI_CORE.MULTI_GEM_WELL_PROCESSOR.COUNT_GEM_WELL_PROCESSOR._BASIC_SC_RNA_COUNTER._MATRIX_COMPUTER.ALIGN_AND_COUNT
2025-02-11 23:00:11 [runtime] (run:local)       ID.Single_Cell__3.SC_RNA_COUNTER_CS.SC_MULTI_CORE.MULTI_GEM_WELL_PROCESSOR.COUNT_GEM_WELL_PROCESSOR._BASIC_SC_RNA_COUNTER._MATRIX_COMPUTER.ALIGN_AND_COUNT.fork0.join
2025-02-11 23:00:14 [runtime] (join_complete)   ID.Single_Cell__3.SC_RNA_COUNTER_CS.SC_MULTI_CORE.MULTI_GEM_WELL_PROCESSOR.COUNT_GEM_WELL_PROCESSOR._BASIC_SC_RNA_COUNTER._MATRIX_COMPUTER.ALIGN_AND_COUNT
2025-02-11 23:00:17 [runtime] (ready)           ID.Single_Cell__3.SC_RNA_COUNTER_CS.SC_MULTI_CORE.MULTI_GEM_WELL_PROCESSOR.COUNT_GEM_WELL_PROCESSOR._BASIC_SC_RNA_COUNTER._MATRIX_COMPUTER.WRITE_BARCODE_SUMMARY
2025-02-11 23:00:17 [runtime] (run:local)       ID.Single_Cell__3.SC_RNA_COUNTER_CS.SC_MULTI_CORE.MULTI_GEM_WELL_PROCESSOR.COUNT_GEM_WELL_PROCESSOR._BASIC_SC_RNA_COUNTER._MATRIX_COMPUTER.WRITE_BARCODE_SUMMARY.fork0.chnk0.main
2025-02-11 23:00:17 [runtime] (ready)           ID.Single_Cell__3.SC_RNA_COUNTER_CS.SC_MULTI_CORE.MULTI_GEM_WELL_PROCESSOR.COUNT_GEM_WELL_PROCESSOR._BASIC_SC_RNA_COUNTER._MATRIX_COMPUTER.COLLATE_METRICS
2025-02-11 23:00:17 [runtime] (run:local)       ID.Single_Cell__3.SC_RNA_COUNTER_CS.SC_MULTI_CORE.MULTI_GEM_WELL_PROCESSOR.COUNT_GEM_WELL_PROCESSOR._BASIC_SC_RNA_COUNTER._MATRIX_COMPUTER.COLLATE_METRICS.fork0.split
2025-02-11 23:00:17 [runtime] (ready)           ID.Single_Cell__3.SC_RNA_COUNTER_CS.SC_MULTI_CORE.MULTI_GEM_WELL_PROCESSOR.COUNT_GEM_WELL_PROCESSOR._BASIC_SC_RNA_COUNTER._MATRIX_COMPUTER.WRITE_MATRIX_MARKET
2025-02-11 23:00:17 [runtime] (run:local)       ID.Single_Cell__3.SC_RNA_COUNTER_CS.SC_MULTI_CORE.MULTI_GEM_WELL_PROCESSOR.COUNT_GEM_WELL_PROCESSOR._BASIC_SC_RNA_COUNTER._MATRIX_COMPUTER.WRITE_MATRIX_MARKET.fork0.chnk0.main
2025-02-11 23:00:17 [runtime] (ready)           ID.Single_Cell__3.SC_RNA_COUNTER_CS.SC_MULTI_CORE.MULTI_GEM_WELL_PROCESSOR.COUNT_GEM_WELL_PROCESSOR._BASIC_SC_RNA_COUNTER._MATRIX_COMPUTER.WRITE_H5_MATRIX
2025-02-11 23:00:17 [runtime] (run:local)       ID.Single_Cell__3.SC_RNA_COUNTER_CS.SC_MULTI_CORE.MULTI_GEM_WELL_PROCESSOR.COUNT_GEM_WELL_PROCESSOR._BASIC_SC_RNA_COUNTER._MATRIX_COMPUTER.WRITE_H5_MATRIX.fork0.chnk0.main
2025-02-11 23:00:17 [runtime] (split_complete)  ID.Single_Cell__3.SC_RNA_COUNTER_CS.SC_MULTI_CORE.MULTI_GEM_WELL_PROCESSOR.COUNT_GEM_WELL_PROCESSOR._BASIC_SC_RNA_COUNTER._MATRIX_COMPUTER.COLLATE_METRICS
2025-02-11 23:00:17 [runtime] (run:local)       ID.Single_Cell__3.SC_RNA_COUNTER_CS.SC_MULTI_CORE.MULTI_GEM_WELL_PROCESSOR.COUNT_GEM_WELL_PROCESSOR._BASIC_SC_RNA_COUNTER._MATRIX_COMPUTER.COLLATE_METRICS.fork0.chnk0.main
2025-02-11 23:00:30 [runtime] (chunks_complete) ID.Single_Cell__3.SC_RNA_COUNTER_CS.SC_MULTI_CORE.MULTI_GEM_WELL_PROCESSOR.COUNT_GEM_WELL_PROCESSOR._BASIC_SC_RNA_COUNTER._MATRIX_COMPUTER.WRITE_BARCODE_SUMMARY
2025-02-11 23:00:36 [runtime] (chunks_complete) ID.Single_Cell__3.SC_RNA_COUNTER_CS.SC_MULTI_CORE.MULTI_GEM_WELL_PROCESSOR.COUNT_GEM_WELL_PROCESSOR._BASIC_SC_RNA_COUNTER._MATRIX_COMPUTER.COLLATE_METRICS
2025-02-11 23:00:36 [runtime] (run:local)       ID.Single_Cell__3.SC_RNA_COUNTER_CS.SC_MULTI_CORE.MULTI_GEM_WELL_PROCESSOR.COUNT_GEM_WELL_PROCESSOR._BASIC_SC_RNA_COUNTER._MATRIX_COMPUTER.COLLATE_METRICS.fork0.join
2025-02-11 23:00:36 [runtime] (join_complete)   ID.Single_Cell__3.SC_RNA_COUNTER_CS.SC_MULTI_CORE.MULTI_GEM_WELL_PROCESSOR.COUNT_GEM_WELL_PROCESSOR._BASIC_SC_RNA_COUNTER._MATRIX_COMPUTER.COLLATE_METRICS
2025-02-11 23:00:36 [runtime] (ready)           ID.Single_Cell__3.SC_RNA_COUNTER_CS.SC_MULTI_CORE.MULTI_GEM_WELL_PROCESSOR.COUNT_GEM_WELL_PROCESSOR._BASIC_SC_RNA_COUNTER._MATRIX_COMPUTER.MERGE_METRICS
2025-02-11 23:00:36 [runtime] (run:local)       ID.Single_Cell__3.SC_RNA_COUNTER_CS.SC_MULTI_CORE.MULTI_GEM_WELL_PROCESSOR.COUNT_GEM_WELL_PROCESSOR._BASIC_SC_RNA_COUNTER._MATRIX_COMPUTER.MERGE_METRICS.fork0.chnk0.main
2025-02-11 23:00:36 [runtime] (chunks_complete) ID.Single_Cell__3.SC_RNA_COUNTER_CS.SC_MULTI_CORE.MULTI_GEM_WELL_PROCESSOR.COUNT_GEM_WELL_PROCESSOR._BASIC_SC_RNA_COUNTER._MATRIX_COMPUTER.MERGE_METRICS
2025-02-11 23:01:47 [runtime] (chunks_complete) ID.Single_Cell__3.SC_RNA_COUNTER_CS.SC_MULTI_CORE.MULTI_GEM_WELL_PROCESSOR.COUNT_GEM_WELL_PROCESSOR._BASIC_SC_RNA_COUNTER._MATRIX_COMPUTER.WRITE_H5_MATRIX
2025-02-11 23:01:47 [runtime] (ready)           ID.Single_Cell__3.SC_RNA_COUNTER_CS.SC_MULTI_CORE.MULTI_GEM_WELL_PROCESSOR.COUNT_GEM_WELL_PROCESSOR._BASIC_SC_RNA_COUNTER.DISABLE_STAGES
2025-02-11 23:01:47 [runtime] (run:local)       ID.Single_Cell__3.SC_RNA_COUNTER_CS.SC_MULTI_CORE.MULTI_GEM_WELL_PROCESSOR.COUNT_GEM_WELL_PROCESSOR._BASIC_SC_RNA_COUNTER.DISABLE_STAGES.fork0.chnk0.main
2025-02-11 23:01:47 [runtime] (ready)           ID.Single_Cell__3.SC_RNA_COUNTER_CS.SC_MULTI_CORE.MULTI_GEM_WELL_PROCESSOR.COUNT_GEM_WELL_PROCESSOR._BASIC_SC_RNA_COUNTER.FILTER_BARCODES
2025-02-11 23:01:47 [runtime] (run:local)       ID.Single_Cell__3.SC_RNA_COUNTER_CS.SC_MULTI_CORE.MULTI_GEM_WELL_PROCESSOR.COUNT_GEM_WELL_PROCESSOR._BASIC_SC_RNA_COUNTER.FILTER_BARCODES.fork0.split
2025-02-11 23:02:00 [runtime] (chunks_complete) ID.Single_Cell__3.SC_RNA_COUNTER_CS.SC_MULTI_CORE.MULTI_GEM_WELL_PROCESSOR.COUNT_GEM_WELL_PROCESSOR._BASIC_SC_RNA_COUNTER._MATRIX_COMPUTER.WRITE_MATRIX_MARKET
2025-02-11 23:02:03 [runtime] (split_complete)  ID.Single_Cell__3.SC_RNA_COUNTER_CS.SC_MULTI_CORE.MULTI_GEM_WELL_PROCESSOR.COUNT_GEM_WELL_PROCESSOR._BASIC_SC_RNA_COUNTER.FILTER_BARCODES
2025-02-11 23:02:03 [runtime] (run:local)       ID.Single_Cell__3.SC_RNA_COUNTER_CS.SC_MULTI_CORE.MULTI_GEM_WELL_PROCESSOR.COUNT_GEM_WELL_PROCESSOR._BASIC_SC_RNA_COUNTER.FILTER_BARCODES.fork0.chnk0.main
2025-02-11 23:02:03 [runtime] (chunks_complete) ID.Single_Cell__3.SC_RNA_COUNTER_CS.SC_MULTI_CORE.MULTI_GEM_WELL_PROCESSOR.COUNT_GEM_WELL_PROCESSOR._BASIC_SC_RNA_COUNTER.DISABLE_STAGES
2025-02-11 23:02:03 [runtime] (ready)           ID.Single_Cell__3.SC_RNA_COUNTER_CS.SC_MULTI_CORE.MULTI_GEM_WELL_PROCESSOR.COUNT_GEM_WELL_PROCESSOR._BASIC_SC_RNA_COUNTER.WRITE_POS_BAM
2025-02-11 23:02:03 [runtime] (run:local)       ID.Single_Cell__3.SC_RNA_COUNTER_CS.SC_MULTI_CORE.MULTI_GEM_WELL_PROCESSOR.COUNT_GEM_WELL_PROCESSOR._BASIC_SC_RNA_COUNTER.WRITE_POS_BAM.fork0.split
2025-02-11 23:02:03 [runtime] (ready)           ID.Single_Cell__3.SC_RNA_COUNTER_CS.SC_MULTI_CORE.MULTI_GEM_WELL_PROCESSOR.COUNT_GEM_WELL_PROCESSOR._BASIC_SC_RNA_COUNTER._ASSIGN_TAGS.MULTIPLEXING_METHOD
2025-02-11 23:02:03 [runtime] (ready)           ID.Single_Cell__3.SC_RNA_COUNTER_CS.SC_MULTI_CORE.MULTI_GEM_WELL_PROCESSOR.COUNT_GEM_WELL_PROCESSOR._BASIC_SC_RNA_COUNTER._ASSIGN_TAGS.CALL_TAGS_OH
2025-02-11 23:02:04 [runtime] (split_complete)  ID.Single_Cell__3.SC_RNA_COUNTER_CS.SC_MULTI_CORE.MULTI_GEM_WELL_PROCESSOR.COUNT_GEM_WELL_PROCESSOR._BASIC_SC_RNA_COUNTER.WRITE_POS_BAM
2025-02-11 23:02:05 [runtime] (run:local)       ID.Single_Cell__3.SC_RNA_COUNTER_CS.SC_MULTI_CORE.MULTI_GEM_WELL_PROCESSOR.COUNT_GEM_WELL_PROCESSOR._BASIC_SC_RNA_COUNTER.WRITE_POS_BAM.fork0.chnk00.main
2025-02-11 23:02:05 [runtime] (run:local)       ID.Single_Cell__3.SC_RNA_COUNTER_CS.SC_MULTI_CORE.MULTI_GEM_WELL_PROCESSOR.COUNT_GEM_WELL_PROCESSOR._BASIC_SC_RNA_COUNTER.WRITE_POS_BAM.fork0.chnk01.main
2025-02-11 23:02:05 [runtime] (run:local)       ID.Single_Cell__3.SC_RNA_COUNTER_CS.SC_MULTI_CORE.MULTI_GEM_WELL_PROCESSOR.COUNT_GEM_WELL_PROCESSOR._BASIC_SC_RNA_COUNTER.WRITE_POS_BAM.fork0.chnk02.main
2025-02-11 23:02:05 [runtime] (run:local)       ID.Single_Cell__3.SC_RNA_COUNTER_CS.SC_MULTI_CORE.MULTI_GEM_WELL_PROCESSOR.COUNT_GEM_WELL_PROCESSOR._BASIC_SC_RNA_COUNTER.WRITE_POS_BAM.fork0.chnk03.main
2025-02-11 23:02:05 [runtime] (run:local)       ID.Single_Cell__3.SC_RNA_COUNTER_CS.SC_MULTI_CORE.MULTI_GEM_WELL_PROCESSOR.COUNT_GEM_WELL_PROCESSOR._BASIC_SC_RNA_COUNTER.WRITE_POS_BAM.fork0.chnk04.main
2025-02-11 23:02:05 [runtime] (run:local)       ID.Single_Cell__3.SC_RNA_COUNTER_CS.SC_MULTI_CORE.MULTI_GEM_WELL_PROCESSOR.COUNT_GEM_WELL_PROCESSOR._BASIC_SC_RNA_COUNTER.WRITE_POS_BAM.fork0.chnk05.main
2025-02-11 23:02:05 [runtime] (run:local)       ID.Single_Cell__3.SC_RNA_COUNTER_CS.SC_MULTI_CORE.MULTI_GEM_WELL_PROCESSOR.COUNT_GEM_WELL_PROCESSOR._BASIC_SC_RNA_COUNTER.WRITE_POS_BAM.fork0.chnk06.main
2025-02-11 23:02:05 [runtime] (run:local)       ID.Single_Cell__3.SC_RNA_COUNTER_CS.SC_MULTI_CORE.MULTI_GEM_WELL_PROCESSOR.COUNT_GEM_WELL_PROCESSOR._BASIC_SC_RNA_COUNTER.WRITE_POS_BAM.fork0.chnk07.main
2025-02-11 23:02:05 [runtime] (run:local)       ID.Single_Cell__3.SC_RNA_COUNTER_CS.SC_MULTI_CORE.MULTI_GEM_WELL_PROCESSOR.COUNT_GEM_WELL_PROCESSOR._BASIC_SC_RNA_COUNTER.WRITE_POS_BAM.fork0.chnk08.main
2025-02-11 23:02:05 [runtime] (run:local)       ID.Single_Cell__3.SC_RNA_COUNTER_CS.SC_MULTI_CORE.MULTI_GEM_WELL_PROCESSOR.COUNT_GEM_WELL_PROCESSOR._BASIC_SC_RNA_COUNTER.WRITE_POS_BAM.fork0.chnk09.main
2025-02-11 23:02:05 [runtime] (run:local)       ID.Single_Cell__3.SC_RNA_COUNTER_CS.SC_MULTI_CORE.MULTI_GEM_WELL_PROCESSOR.COUNT_GEM_WELL_PROCESSOR._BASIC_SC_RNA_COUNTER.WRITE_POS_BAM.fork0.chnk10.main
2025-02-11 23:02:05 [runtime] (run:local)       ID.Single_Cell__3.SC_RNA_COUNTER_CS.SC_MULTI_CORE.MULTI_GEM_WELL_PROCESSOR.COUNT_GEM_WELL_PROCESSOR._BASIC_SC_RNA_COUNTER.WRITE_POS_BAM.fork0.chnk11.main
2025-02-11 23:02:05 [runtime] (run:local)       ID.Single_Cell__3.SC_RNA_COUNTER_CS.SC_MULTI_CORE.MULTI_GEM_WELL_PROCESSOR.COUNT_GEM_WELL_PROCESSOR._BASIC_SC_RNA_COUNTER.WRITE_POS_BAM.fork0.chnk12.main
2025-02-11 23:02:05 [runtime] (run:local)       ID.Single_Cell__3.SC_RNA_COUNTER_CS.SC_MULTI_CORE.MULTI_GEM_WELL_PROCESSOR.COUNT_GEM_WELL_PROCESSOR._BASIC_SC_RNA_COUNTER.WRITE_POS_BAM.fork0.chnk13.main
2025-02-11 23:02:05 [runtime] (run:local)       ID.Single_Cell__3.SC_RNA_COUNTER_CS.SC_MULTI_CORE.MULTI_GEM_WELL_PROCESSOR.COUNT_GEM_WELL_PROCESSOR._BASIC_SC_RNA_COUNTER.WRITE_POS_BAM.fork0.chnk14.main
2025-02-11 23:02:05 [runtime] (run:local)       ID.Single_Cell__3.SC_RNA_COUNTER_CS.SC_MULTI_CORE.MULTI_GEM_WELL_PROCESSOR.COUNT_GEM_WELL_PROCESSOR._BASIC_SC_RNA_COUNTER.WRITE_POS_BAM.fork0.chnk15.main
2025-02-11 23:02:05 [runtime] (run:local)       ID.Single_Cell__3.SC_RNA_COUNTER_CS.SC_MULTI_CORE.MULTI_GEM_WELL_PROCESSOR.COUNT_GEM_WELL_PROCESSOR._BASIC_SC_RNA_COUNTER.WRITE_POS_BAM.fork0.chnk16.main
2025-02-11 23:02:05 [runtime] (run:local)       ID.Single_Cell__3.SC_RNA_COUNTER_CS.SC_MULTI_CORE.MULTI_GEM_WELL_PROCESSOR.COUNT_GEM_WELL_PROCESSOR._BASIC_SC_RNA_COUNTER.WRITE_POS_BAM.fork0.chnk17.main
2025-02-11 23:02:05 [runtime] (run:local)       ID.Single_Cell__3.SC_RNA_COUNTER_CS.SC_MULTI_CORE.MULTI_GEM_WELL_PROCESSOR.COUNT_GEM_WELL_PROCESSOR._BASIC_SC_RNA_COUNTER.WRITE_POS_BAM.fork0.chnk18.main
2025-02-11 23:02:05 [runtime] (run:local)       ID.Single_Cell__3.SC_RNA_COUNTER_CS.SC_MULTI_CORE.MULTI_GEM_WELL_PROCESSOR.COUNT_GEM_WELL_PROCESSOR._BASIC_SC_RNA_COUNTER.WRITE_POS_BAM.fork0.chnk19.main
2025-02-11 23:02:05 [runtime] (run:local)       ID.Single_Cell__3.SC_RNA_COUNTER_CS.SC_MULTI_CORE.MULTI_GEM_WELL_PROCESSOR.COUNT_GEM_WELL_PROCESSOR._BASIC_SC_RNA_COUNTER.WRITE_POS_BAM.fork0.chnk20.main
2025-02-11 23:02:05 [runtime] (run:local)       ID.Single_Cell__3.SC_RNA_COUNTER_CS.SC_MULTI_CORE.MULTI_GEM_WELL_PROCESSOR.COUNT_GEM_WELL_PROCESSOR._BASIC_SC_RNA_COUNTER.WRITE_POS_BAM.fork0.chnk21.main
2025-02-11 23:02:05 [runtime] (run:local)       ID.Single_Cell__3.SC_RNA_COUNTER_CS.SC_MULTI_CORE.MULTI_GEM_WELL_PROCESSOR.COUNT_GEM_WELL_PROCESSOR._BASIC_SC_RNA_COUNTER.WRITE_POS_BAM.fork0.chnk22.main
2025-02-11 23:02:05 [runtime] (run:local)       ID.Single_Cell__3.SC_RNA_COUNTER_CS.SC_MULTI_CORE.MULTI_GEM_WELL_PROCESSOR.COUNT_GEM_WELL_PROCESSOR._BASIC_SC_RNA_COUNTER.WRITE_POS_BAM.fork0.chnk23.main
2025-02-11 23:02:05 [runtime] (run:local)       ID.Single_Cell__3.SC_RNA_COUNTER_CS.SC_MULTI_CORE.MULTI_GEM_WELL_PROCESSOR.COUNT_GEM_WELL_PROCESSOR._BASIC_SC_RNA_COUNTER.WRITE_POS_BAM.fork0.chnk24.main
2025-02-11 23:02:05 [runtime] (run:local)       ID.Single_Cell__3.SC_RNA_COUNTER_CS.SC_MULTI_CORE.MULTI_GEM_WELL_PROCESSOR.COUNT_GEM_WELL_PROCESSOR._BASIC_SC_RNA_COUNTER.WRITE_POS_BAM.fork0.chnk25.main
2025-02-11 23:02:05 [runtime] (run:local)       ID.Single_Cell__3.SC_RNA_COUNTER_CS.SC_MULTI_CORE.MULTI_GEM_WELL_PROCESSOR.COUNT_GEM_WELL_PROCESSOR._BASIC_SC_RNA_COUNTER.WRITE_POS_BAM.fork0.chnk26.main
2025-02-11 23:02:05 [runtime] (run:local)       ID.Single_Cell__3.SC_RNA_COUNTER_CS.SC_MULTI_CORE.MULTI_GEM_WELL_PROCESSOR.COUNT_GEM_WELL_PROCESSOR._BASIC_SC_RNA_COUNTER.WRITE_POS_BAM.fork0.chnk27.main
2025-02-11 23:02:05 [runtime] (run:local)       ID.Single_Cell__3.SC_RNA_COUNTER_CS.SC_MULTI_CORE.MULTI_GEM_WELL_PROCESSOR.COUNT_GEM_WELL_PROCESSOR._BASIC_SC_RNA_COUNTER.WRITE_POS_BAM.fork0.chnk28.main
2025-02-11 23:02:05 [runtime] (run:local)       ID.Single_Cell__3.SC_RNA_COUNTER_CS.SC_MULTI_CORE.MULTI_GEM_WELL_PROCESSOR.COUNT_GEM_WELL_PROCESSOR._BASIC_SC_RNA_COUNTER.WRITE_POS_BAM.fork0.chnk29.main
2025-02-11 23:02:05 [runtime] (run:local)       ID.Single_Cell__3.SC_RNA_COUNTER_CS.SC_MULTI_CORE.MULTI_GEM_WELL_PROCESSOR.COUNT_GEM_WELL_PROCESSOR._BASIC_SC_RNA_COUNTER.WRITE_POS_BAM.fork0.chnk30.main
2025-02-11 23:02:05 [runtime] (run:local)       ID.Single_Cell__3.SC_RNA_COUNTER_CS.SC_MULTI_CORE.MULTI_GEM_WELL_PROCESSOR.COUNT_GEM_WELL_PROCESSOR._BASIC_SC_RNA_COUNTER.WRITE_POS_BAM.fork0.chnk31.main
2025-02-11 23:02:05 [runtime] (run:local)       ID.Single_Cell__3.SC_RNA_COUNTER_CS.SC_MULTI_CORE.MULTI_GEM_WELL_PROCESSOR.COUNT_GEM_WELL_PROCESSOR._BASIC_SC_RNA_COUNTER.WRITE_POS_BAM.fork0.chnk32.main
2025-02-11 23:02:05 [runtime] (run:local)       ID.Single_Cell__3.SC_RNA_COUNTER_CS.SC_MULTI_CORE.MULTI_GEM_WELL_PROCESSOR.COUNT_GEM_WELL_PROCESSOR._BASIC_SC_RNA_COUNTER.WRITE_POS_BAM.fork0.chnk33.main
2025-02-11 23:02:05 [runtime] (run:local)       ID.Single_Cell__3.SC_RNA_COUNTER_CS.SC_MULTI_CORE.MULTI_GEM_WELL_PROCESSOR.COUNT_GEM_WELL_PROCESSOR._BASIC_SC_RNA_COUNTER.WRITE_POS_BAM.fork0.chnk34.main
2025-02-11 23:02:05 [runtime] (run:local)       ID.Single_Cell__3.SC_RNA_COUNTER_CS.SC_MULTI_CORE.MULTI_GEM_WELL_PROCESSOR.COUNT_GEM_WELL_PROCESSOR._BASIC_SC_RNA_COUNTER.WRITE_POS_BAM.fork0.chnk35.main
2025-02-11 23:02:05 [runtime] (run:local)       ID.Single_Cell__3.SC_RNA_COUNTER_CS.SC_MULTI_CORE.MULTI_GEM_WELL_PROCESSOR.COUNT_GEM_WELL_PROCESSOR._BASIC_SC_RNA_COUNTER.WRITE_POS_BAM.fork0.chnk36.main
2025-02-11 23:02:05 [runtime] (run:local)       ID.Single_Cell__3.SC_RNA_COUNTER_CS.SC_MULTI_CORE.MULTI_GEM_WELL_PROCESSOR.COUNT_GEM_WELL_PROCESSOR._BASIC_SC_RNA_COUNTER.WRITE_POS_BAM.fork0.chnk37.main
2025-02-11 23:07:08 [runtime] (update)          ID.Single_Cell__3.SC_RNA_COUNTER_CS.SC_MULTI_CORE.MULTI_GEM_WELL_PROCESSOR.COUNT_GEM_WELL_PROCESSOR._BASIC_SC_RNA_COUNTER.WRITE_POS_BAM.fork0 chunks running (5/38 completed)
2025-02-11 23:08:05 [runtime] (update)          ID.Single_Cell__3.SC_RNA_COUNTER_CS.SC_MULTI_CORE.MULTI_GEM_WELL_PROCESSOR.COUNT_GEM_WELL_PROCESSOR._BASIC_SC_RNA_COUNTER.FILTER_BARCODES.fork0 chunks_running
2025-02-11 23:10:38 [runtime] (chunks_complete) ID.Single_Cell__3.SC_RNA_COUNTER_CS.SC_MULTI_CORE.MULTI_GEM_WELL_PROCESSOR.COUNT_GEM_WELL_PROCESSOR._BASIC_SC_RNA_COUNTER.FILTER_BARCODES
2025-02-11 23:10:38 [runtime] (run:local)       ID.Single_Cell__3.SC_RNA_COUNTER_CS.SC_MULTI_CORE.MULTI_GEM_WELL_PROCESSOR.COUNT_GEM_WELL_PROCESSOR._BASIC_SC_RNA_COUNTER.FILTER_BARCODES.fork0.join
2025-02-11 23:12:19 [runtime] (update)          ID.Single_Cell__3.SC_RNA_COUNTER_CS.SC_MULTI_CORE.MULTI_GEM_WELL_PROCESSOR.COUNT_GEM_WELL_PROCESSOR._BASIC_SC_RNA_COUNTER.WRITE_POS_BAM.fork0 chunks running (11/38 completed)
2025-02-11 23:17:55 [runtime] (update)          ID.Single_Cell__3.SC_RNA_COUNTER_CS.SC_MULTI_CORE.MULTI_GEM_WELL_PROCESSOR.COUNT_GEM_WELL_PROCESSOR._BASIC_SC_RNA_COUNTER.WRITE_POS_BAM.fork0 chunks running (19/38 completed)
2025-02-11 23:22:56 [runtime] (update)          ID.Single_Cell__3.SC_RNA_COUNTER_CS.SC_MULTI_CORE.MULTI_GEM_WELL_PROCESSOR.COUNT_GEM_WELL_PROCESSOR._BASIC_SC_RNA_COUNTER.WRITE_POS_BAM.fork0 chunks running (29/38 completed)
2025-02-11 23:26:54 [runtime] (update)          ID.Single_Cell__3.SC_RNA_COUNTER_CS.SC_MULTI_CORE.MULTI_GEM_WELL_PROCESSOR.COUNT_GEM_WELL_PROCESSOR._BASIC_SC_RNA_COUNTER.FILTER_BARCODES.fork0 join_running
2025-02-11 23:28:31 [runtime] (update)          ID.Single_Cell__3.SC_RNA_COUNTER_CS.SC_MULTI_CORE.MULTI_GEM_WELL_PROCESSOR.COUNT_GEM_WELL_PROCESSOR._BASIC_SC_RNA_COUNTER.WRITE_POS_BAM.fork0 chunks running (36/38 completed)
2025-02-11 23:28:38 [runtime] (chunks_complete) ID.Single_Cell__3.SC_RNA_COUNTER_CS.SC_MULTI_CORE.MULTI_GEM_WELL_PROCESSOR.COUNT_GEM_WELL_PROCESSOR._BASIC_SC_RNA_COUNTER.WRITE_POS_BAM
2025-02-11 23:28:39 [runtime] (run:local)       ID.Single_Cell__3.SC_RNA_COUNTER_CS.SC_MULTI_CORE.MULTI_GEM_WELL_PROCESSOR.COUNT_GEM_WELL_PROCESSOR._BASIC_SC_RNA_COUNTER.WRITE_POS_BAM.fork0.join
2025-02-11 23:28:58 [runtime] (join_complete)   ID.Single_Cell__3.SC_RNA_COUNTER_CS.SC_MULTI_CORE.MULTI_GEM_WELL_PROCESSOR.COUNT_GEM_WELL_PROCESSOR._BASIC_SC_RNA_COUNTER.FILTER_BARCODES
2025-02-11 23:28:58 [runtime] (ready)           ID.Single_Cell__3.SC_RNA_COUNTER_CS.SC_MULTI_CORE.MULTI_GEM_WELL_PROCESSOR.VDJ_T_GEM_WELL_PROCESSOR.LIB_VDJ_ANALYZER.SETUP_VDJ_ANALYSIS
2025-02-11 23:28:58 [runtime] (ready)           ID.Single_Cell__3.SC_RNA_COUNTER_CS.SC_MULTI_CORE.MULTI_GEM_WELL_PROCESSOR.COUNT_GEM_WELL_PROCESSOR._BASIC_SC_RNA_COUNTER._ASSIGN_TAGS.CALL_TAGS_RTL
2025-02-11 23:28:58 [runtime] (ready)           ID.Single_Cell__3.SC_RNA_COUNTER_CS.SC_MULTI_CORE.MULTI_GEM_WELL_PROCESSOR.COUNT_GEM_WELL_PROCESSOR._BASIC_SC_RNA_COUNTER.COLLATE_PROBE_METRICS
2025-02-11 23:28:58 [runtime] (ready)           ID.Single_Cell__3.SC_RNA_COUNTER_CS.SC_MULTI_CORE.MULTI_GEM_WELL_PROCESSOR.COUNT_GEM_WELL_PROCESSOR._BASIC_SC_RNA_COUNTER.INFER_GEM_WELL_THROUGHPUT
2025-02-11 23:28:58 [runtime] (run:local)       ID.Single_Cell__3.SC_RNA_COUNTER_CS.SC_MULTI_CORE.MULTI_GEM_WELL_PROCESSOR.COUNT_GEM_WELL_PROCESSOR._BASIC_SC_RNA_COUNTER.INFER_GEM_WELL_THROUGHPUT.fork0.chnk0.main
2025-02-11 23:28:58 [runtime] (ready)           ID.Single_Cell__3.SC_RNA_COUNTER_CS.SC_MULTI_CORE.MULTI_GEM_WELL_PROCESSOR.VDJ_B_GEM_WELL_PROCESSOR.LIB_VDJ_ANALYZER.SETUP_VDJ_ANALYSIS
2025-02-11 23:28:58 [runtime] (ready)           ID.Single_Cell__3.SC_RNA_COUNTER_CS.SC_MULTI_CORE.MULTI_GEM_WELL_PROCESSOR.COUNT_GEM_WELL_PROCESSOR._BASIC_SC_RNA_COUNTER.CHECK_CORRECTION_FACTOR
2025-02-11 23:28:58 [runtime] (run:local)       ID.Single_Cell__3.SC_RNA_COUNTER_CS.SC_MULTI_CORE.MULTI_GEM_WELL_PROCESSOR.COUNT_GEM_WELL_PROCESSOR._BASIC_SC_RNA_COUNTER.CHECK_CORRECTION_FACTOR.fork0.chnk0.main
2025-02-11 23:28:58 [runtime] (ready)           ID.Single_Cell__3.SC_RNA_COUNTER_CS.SC_MULTI_CORE.MULTI_GEM_WELL_PROCESSOR.VDJ_T_GD_GEM_WELL_PROCESSOR.LIB_VDJ_ANALYZER.SETUP_VDJ_ANALYSIS
2025-02-11 23:28:58 [runtime] (ready)           ID.Single_Cell__3.SC_RNA_COUNTER_CS.SC_MULTI_CORE.COUNT_ANALYZER.DISABLE_SECONDARY_ANALYSIS
2025-02-11 23:28:58 [runtime] (run:local)       ID.Single_Cell__3.SC_RNA_COUNTER_CS.SC_MULTI_CORE.COUNT_ANALYZER.DISABLE_SECONDARY_ANALYSIS.fork0.chnk0.main
2025-02-11 23:28:58 [runtime] (ready)           ID.Single_Cell__3.SC_RNA_COUNTER_CS.SC_MULTI_CORE.MULTI_GEM_WELL_PROCESSOR.COUNT_GEM_WELL_PROCESSOR._BASIC_SC_RNA_COUNTER._CELLS_REPORTER.WRITE_MOLECULE_INFO
2025-02-11 23:28:58 [runtime] (run:local)       ID.Single_Cell__3.SC_RNA_COUNTER_CS.SC_MULTI_CORE.MULTI_GEM_WELL_PROCESSOR.COUNT_GEM_WELL_PROCESSOR._BASIC_SC_RNA_COUNTER._CELLS_REPORTER.WRITE_MOLECULE_INFO.fork0.split
2025-02-11 23:28:58 [runtime] (ready)           ID.Single_Cell__3.SC_RNA_COUNTER_CS.SC_MULTI_CORE.MULTI_GEM_WELL_PROCESSOR.VDJ_B_GEM_WELL_PROCESSOR.LIB_VDJ_ANALYZER.VDJ_CALL_CELLS.ASM_CALL_CELLS
2025-02-11 23:28:58 [runtime] (ready)           ID.Single_Cell__3.SC_RNA_COUNTER_CS.SC_MULTI_CORE.MULTI_GEM_WELL_PROCESSOR.VDJ_T_GEM_WELL_PROCESSOR.LIB_VDJ_ANALYZER.VDJ_CALL_CELLS.ASM_CALL_CELLS
2025-02-11 23:28:58 [runtime] (ready)           ID.Single_Cell__3.SC_RNA_COUNTER_CS.SC_MULTI_CORE.MULTI_GEM_WELL_PROCESSOR.VDJ_B_GEM_WELL_PROCESSOR.LIB_VDJ_ANALYZER.VDJ_CALL_CELLS.HANDLE_GEX_CELLS
2025-02-11 23:28:58 [runtime] (ready)           ID.Single_Cell__3.SC_RNA_COUNTER_CS.SC_MULTI_CORE.MULTI_GEM_WELL_PROCESSOR.VDJ_T_GD_GEM_WELL_PROCESSOR.LIB_VDJ_ANALYZER.VDJ_CALL_CELLS.ASM_CALL_CELLS
2025-02-11 23:28:58 [runtime] (ready)           ID.Single_Cell__3.SC_RNA_COUNTER_CS.SC_MULTI_CORE.MULTI_GEM_WELL_PROCESSOR.VDJ_B_GEM_WELL_PROCESSOR.MERGE_PER_SAMPLE_ANNOTATIONS
2025-02-11 23:28:58 [runtime] (ready)           ID.Single_Cell__3.SC_RNA_COUNTER_CS.SC_MULTI_CORE.MULTI_GEM_WELL_PROCESSOR.VDJ_T_GEM_WELL_PROCESSOR.LIB_VDJ_ANALYZER.VDJ_CALL_CELLS.HANDLE_GEX_CELLS
2025-02-11 23:28:58 [runtime] (ready)           ID.Single_Cell__3.SC_RNA_COUNTER_CS.SC_MULTI_CORE.MULTI_GEM_WELL_PROCESSOR.VDJ_T_GD_GEM_WELL_PROCESSOR.LIB_VDJ_ANALYZER.VDJ_CALL_CELLS.HANDLE_GEX_CELLS
2025-02-11 23:28:58 [runtime] (split_complete)  ID.Single_Cell__3.SC_RNA_COUNTER_CS.SC_MULTI_CORE.MULTI_GEM_WELL_PROCESSOR.COUNT_GEM_WELL_PROCESSOR._BASIC_SC_RNA_COUNTER._CELLS_REPORTER.WRITE_MOLECULE_INFO
2025-02-11 23:28:58 [runtime] (run:local)       ID.Single_Cell__3.SC_RNA_COUNTER_CS.SC_MULTI_CORE.MULTI_GEM_WELL_PROCESSOR.COUNT_GEM_WELL_PROCESSOR._BASIC_SC_RNA_COUNTER._CELLS_REPORTER.WRITE_MOLECULE_INFO.fork0.join
2025-02-11 23:28:58 [runtime] (ready)           ID.Single_Cell__3.SC_RNA_COUNTER_CS.SC_MULTI_CORE.MULTI_GEM_WELL_PROCESSOR.VDJ_T_GD_GEM_WELL_PROCESSOR.MERGE_PER_SAMPLE_ANNOTATIONS
2025-02-11 23:28:58 [runtime] (ready)           ID.Single_Cell__3.SC_RNA_COUNTER_CS.SC_MULTI_CORE.MULTI_GEM_WELL_PROCESSOR.VDJ_B_GEM_WELL_PROCESSOR.LIB_VDJ_ANALYZER.SUBSET_ASSEMBLY_OUTS
2025-02-11 23:28:58 [runtime] (ready)           ID.Single_Cell__3.SC_RNA_COUNTER_CS.SC_MULTI_CORE.MULTI_GEM_WELL_PROCESSOR.VDJ_T_GEM_WELL_PROCESSOR.MERGE_PER_SAMPLE_ANNOTATIONS
2025-02-11 23:28:58 [runtime] (ready)           ID.Single_Cell__3.SC_RNA_COUNTER_CS.SC_MULTI_CORE.PICK_BEAM_ANALYZER
2025-02-11 23:28:58 [runtime] (ready)           ID.Single_Cell__3.SC_RNA_COUNTER_CS.SC_MULTI_CORE.MULTI_GEM_WELL_PROCESSOR.VDJ_T_GEM_WELL_PROCESSOR.LIB_VDJ_ANALYZER.SUBSET_ASSEMBLY_OUTS
2025-02-11 23:28:58 [runtime] (ready)           ID.Single_Cell__3.SC_RNA_COUNTER_CS.SC_MULTI_CORE.MULTI_GEM_WELL_PROCESSOR.VDJ_T_GD_GEM_WELL_PROCESSOR.LIB_VDJ_ANALYZER.SUBSET_ASSEMBLY_OUTS
2025-02-11 23:28:58 [runtime] (ready)           ID.Single_Cell__3.SC_RNA_COUNTER_CS.SC_MULTI_CORE.MULTI_GEM_WELL_PROCESSOR.VDJ_B_GEM_WELL_PROCESSOR.LIB_VDJ_ANALYZER.CLONOTYPE_ASSIGNER.RUN_ENCLONE
2025-02-11 23:28:59 [runtime] (ready)           ID.Single_Cell__3.SC_RNA_COUNTER_CS.SC_MULTI_CORE.MULTI_GEM_WELL_PROCESSOR.VDJ_T_GD_GEM_WELL_PROCESSOR.LIB_VDJ_ANALYZER.CLONOTYPE_ASSIGNER.RUN_ENCLONE
2025-02-11 23:28:59 [runtime] (ready)           ID.Single_Cell__3.SC_RNA_COUNTER_CS.SC_MULTI_CORE.MULTI_GEM_WELL_PROCESSOR.VDJ_T_GEM_WELL_PROCESSOR.LIB_VDJ_ANALYZER.CLONOTYPE_ASSIGNER.RUN_ENCLONE
2025-02-11 23:28:59 [runtime] (ready)           ID.Single_Cell__3.SC_RNA_COUNTER_CS.SC_MULTI_CORE.MULTI_GEM_WELL_PROCESSOR.VDJ_B_GEM_WELL_PROCESSOR.LIB_VDJ_ANALYZER.CLONOTYPE_ASSIGNER.FILL_CLONOTYPE_INFO
2025-02-11 23:28:59 [runtime] (ready)           ID.Single_Cell__3.SC_RNA_COUNTER_CS.SC_MULTI_CORE.MULTI_GEM_WELL_PROCESSOR.VDJ_B_GEM_WELL_PROCESSOR.LIB_VDJ_ANALYZER.CLONOTYPE_ASSIGNER.WRITE_CLONOTYPE_OUTS
2025-02-11 23:28:59 [runtime] (ready)           ID.Single_Cell__3.SC_RNA_COUNTER_CS.SC_MULTI_CORE.MULTI_GEM_WELL_PROCESSOR.VDJ_T_GD_GEM_WELL_PROCESSOR.LIB_VDJ_ANALYZER.CLONOTYPE_ASSIGNER.FILL_CLONOTYPE_INFO
2025-02-11 23:28:59 [runtime] (ready)           ID.Single_Cell__3.SC_RNA_COUNTER_CS.SC_MULTI_CORE.MULTI_GEM_WELL_PROCESSOR.VDJ_T_GD_GEM_WELL_PROCESSOR.LIB_VDJ_ANALYZER.CLONOTYPE_ASSIGNER.WRITE_CONSENSUS_TXT
2025-02-11 23:28:59 [runtime] (ready)           ID.Single_Cell__3.SC_RNA_COUNTER_CS.SC_MULTI_CORE.MULTI_GEM_WELL_PROCESSOR.VDJ_T_GEM_WELL_PROCESSOR.LIB_VDJ_ANALYZER.CLONOTYPE_ASSIGNER.WRITE_CLONOTYPE_OUTS
2025-02-11 23:28:59 [runtime] (ready)           ID.Single_Cell__3.SC_RNA_COUNTER_CS.SC_MULTI_CORE.MULTI_GEM_WELL_PROCESSOR.VDJ_B_GEM_WELL_PROCESSOR.LIB_VDJ_ANALYZER.CLONOTYPE_ASSIGNER.WRITE_CONSENSUS_TXT
2025-02-11 23:28:59 [runtime] (ready)           ID.Single_Cell__3.SC_RNA_COUNTER_CS.SC_MULTI_CORE.MULTI_GEM_WELL_PROCESSOR.VDJ_T_GD_GEM_WELL_PROCESSOR.LIB_VDJ_ANALYZER.CLONOTYPE_ASSIGNER.WRITE_CLONOTYPE_OUTS
2025-02-11 23:28:59 [runtime] (ready)           ID.Single_Cell__3.SC_RNA_COUNTER_CS.SC_MULTI_CORE.MULTI_GEM_WELL_PROCESSOR.VDJ_T_GEM_WELL_PROCESSOR.LIB_VDJ_ANALYZER.CLONOTYPE_ASSIGNER.WRITE_CONSENSUS_TXT
2025-02-11 23:28:59 [runtime] (ready)           ID.Single_Cell__3.SC_RNA_COUNTER_CS.SC_MULTI_CORE.MULTI_GEM_WELL_PROCESSOR.VDJ_T_GEM_WELL_PROCESSOR.LIB_VDJ_ANALYZER.CLONOTYPE_ASSIGNER.FILL_CLONOTYPE_INFO
2025-02-11 23:28:59 [runtime] (ready)           ID.Single_Cell__3.SC_RNA_COUNTER_CS.SC_MULTI_CORE.MULTI_GEM_WELL_PROCESSOR.VDJ_B_GEM_WELL_PROCESSOR.LIB_VDJ_ANALYZER.CLONOTYPE_ASSIGNER.WRITE_CONCAT_REF_OUTS
2025-02-11 23:28:59 [runtime] (ready)           ID.Single_Cell__3.SC_RNA_COUNTER_CS.SC_MULTI_CORE.MULTI_GEM_WELL_PROCESSOR.VDJ_B_GEM_WELL_PROCESSOR.LIB_VDJ_ANALYZER.CLONOTYPE_ASSIGNER.WRITE_CONSENSUS_BAM
2025-02-11 23:28:59 [runtime] (ready)           ID.Single_Cell__3.SC_RNA_COUNTER_CS.SC_MULTI_CORE.MULTI_GEM_WELL_PROCESSOR.VDJ_T_GD_GEM_WELL_PROCESSOR.LIB_VDJ_ANALYZER.CLONOTYPE_ASSIGNER.WRITE_CONCAT_REF_OUTS
2025-02-11 23:28:59 [runtime] (ready)           ID.Single_Cell__3.SC_RNA_COUNTER_CS.SC_MULTI_CORE.MULTI_GEM_WELL_PROCESSOR.VDJ_B_GEM_WELL_PROCESSOR.LIB_VDJ_ANALYZER.HANDLE_NO_CLONOTYPING
2025-02-11 23:28:59 [runtime] (ready)           ID.Single_Cell__3.SC_RNA_COUNTER_CS.SC_MULTI_CORE.MULTI_GEM_WELL_PROCESSOR.VDJ_T_GD_GEM_WELL_PROCESSOR.LIB_VDJ_ANALYZER.CLONOTYPE_ASSIGNER.WRITE_CONSENSUS_BAM
2025-02-11 23:28:59 [runtime] (ready)           ID.Single_Cell__3.SC_RNA_COUNTER_CS.SC_MULTI_CORE.MULTI_GEM_WELL_PROCESSOR.VDJ_T_GD_GEM_WELL_PROCESSOR.LIB_VDJ_ANALYZER.HANDLE_NO_CLONOTYPING
2025-02-11 23:28:59 [runtime] (ready)           ID.Single_Cell__3.SC_RNA_COUNTER_CS.SC_MULTI_CORE.MULTI_GEM_WELL_PROCESSOR.VDJ_T_GEM_WELL_PROCESSOR.LIB_VDJ_ANALYZER.HANDLE_NO_CLONOTYPING
2025-02-11 23:28:59 [runtime] (ready)           ID.Single_Cell__3.SC_RNA_COUNTER_CS.SC_MULTI_CORE.MULTI_GEM_WELL_PROCESSOR.VDJ_T_GEM_WELL_PROCESSOR.LIB_VDJ_ANALYZER.CLONOTYPE_ASSIGNER.WRITE_CONSENSUS_BAM
2025-02-11 23:28:59 [runtime] (ready)           ID.Single_Cell__3.SC_RNA_COUNTER_CS.SC_MULTI_CORE.MULTI_GEM_WELL_PROCESSOR.VDJ_T_GEM_WELL_PROCESSOR.LIB_VDJ_ANALYZER.CLONOTYPE_ASSIGNER.WRITE_CONCAT_REF_OUTS
2025-02-11 23:28:59 [runtime] (ready)           ID.Single_Cell__3.SC_RNA_COUNTER_CS.SC_MULTI_CORE.MULTI_GEM_WELL_PROCESSOR.VDJ_B_GEM_WELL_PROCESSOR.LIB_VDJ_ANALYZER.CLONOTYPE_ASSIGNER.CREATE_AIRR_TSV
2025-02-11 23:28:59 [runtime] (ready)           ID.Single_Cell__3.SC_RNA_COUNTER_CS.SC_MULTI_CORE.MULTI_GEM_WELL_PROCESSOR.VDJ_B_GEM_WELL_PROCESSOR.LIB_VDJ_ANALYZER.WRITE_ANN_CSV
2025-02-11 23:28:59 [runtime] (ready)           ID.Single_Cell__3.SC_RNA_COUNTER_CS.SC_MULTI_CORE.MULTI_GEM_WELL_PROCESSOR.VDJ_T_GD_GEM_WELL_PROCESSOR.LIB_VDJ_ANALYZER.WRITE_CONTIG_OUTS
2025-02-11 23:28:59 [runtime] (ready)           ID.Single_Cell__3.SC_RNA_COUNTER_CS.SC_MULTI_CORE.MULTI_GEM_WELL_PROCESSOR.VDJ_T_GD_GEM_WELL_PROCESSOR.LIB_VDJ_ANALYZER.SUMMARIZE_VDJ_FILTERS
2025-02-11 23:28:59 [runtime] (ready)           ID.Single_Cell__3.SC_RNA_COUNTER_CS.SC_MULTI_CORE.MULTI_GEM_WELL_PROCESSOR.VDJ_T_GD_GEM_WELL_PROCESSOR.LIB_VDJ_ANALYZER.CLONOTYPE_ASSIGNER.CREATE_AIRR_TSV
2025-02-11 23:28:59 [runtime] (ready)           ID.Single_Cell__3.SC_RNA_COUNTER_CS.SC_MULTI_CORE.MULTI_GEM_WELL_PROCESSOR.VDJ_T_GEM_WELL_PROCESSOR.LIB_VDJ_ANALYZER.WRITE_ANN_CSV
2025-02-11 23:28:59 [runtime] (ready)           ID.Single_Cell__3.SC_RNA_COUNTER_CS.SC_MULTI_CORE.MULTI_GEM_WELL_PROCESSOR.VDJ_B_GEM_WELL_PROCESSOR.LIB_VDJ_ANALYZER.SUMMARIZE_VDJ_FILTERS
2025-02-11 23:28:59 [runtime] (ready)           ID.Single_Cell__3.SC_RNA_COUNTER_CS.SC_MULTI_CORE.MULTI_GEM_WELL_PROCESSOR.VDJ_T_GEM_WELL_PROCESSOR.LIB_VDJ_ANALYZER.CLONOTYPE_ASSIGNER.CREATE_AIRR_TSV
2025-02-11 23:28:59 [runtime] (ready)           ID.Single_Cell__3.SC_RNA_COUNTER_CS.SC_MULTI_CORE.MULTI_GEM_WELL_PROCESSOR.VDJ_T_GEM_WELL_PROCESSOR.LIB_VDJ_ANALYZER.SUMMARIZE_VDJ_FILTERS
2025-02-11 23:28:59 [runtime] (ready)           ID.Single_Cell__3.SC_RNA_COUNTER_CS.SC_MULTI_CORE.MULTI_GEM_WELL_PROCESSOR.VDJ_B_GEM_WELL_PROCESSOR.LIB_VDJ_ANALYZER.WRITE_CONTIG_OUTS
2025-02-11 23:28:59 [runtime] (ready)           ID.Single_Cell__3.SC_RNA_COUNTER_CS.SC_MULTI_CORE.MULTI_GEM_WELL_PROCESSOR.VDJ_T_GEM_WELL_PROCESSOR.LIB_VDJ_ANALYZER.WRITE_CONTIG_OUTS
2025-02-11 23:28:59 [runtime] (ready)           ID.Single_Cell__3.SC_RNA_COUNTER_CS.SC_MULTI_CORE.MULTI_GEM_WELL_PROCESSOR.VDJ_T_GD_GEM_WELL_PROCESSOR.LIB_VDJ_ANALYZER.WRITE_ANN_CSV
2025-02-11 23:28:59 [runtime] (ready)           ID.Single_Cell__3.SC_RNA_COUNTER_CS.SC_MULTI_CORE.MULTI_GEM_WELL_PROCESSOR.VDJ_B_GEM_WELL_PROCESSOR.LIB_VDJ_ANALYZER.BEAM_ANALYZER.CREATE_BARCODE_CSV
2025-02-11 23:28:59 [runtime] (ready)           ID.Single_Cell__3.SC_RNA_COUNTER_CS.SC_MULTI_CORE.MULTI_GEM_WELL_PROCESSOR.VDJ_T_GEM_WELL_PROCESSOR.LIB_VDJ_ANALYZER.BEAM_ANALYZER.CREATE_BARCODE_CSV
2025-02-11 23:28:59 [runtime] (ready)           ID.Single_Cell__3.SC_RNA_COUNTER_CS.SC_MULTI_CORE.MULTI_GEM_WELL_PROCESSOR.VDJ_T_GD_GEM_WELL_PROCESSOR.LIB_VDJ_ANALYZER.REPORT_CONTIGS
2025-02-11 23:28:59 [runtime] (ready)           ID.Single_Cell__3.SC_RNA_COUNTER_CS.SC_MULTI_CORE.MULTI_GEM_WELL_PROCESSOR.VDJ_B_GEM_WELL_PROCESSOR.LIB_VDJ_ANALYZER.BEAM_ANALYZER.CALCULATE_ANTIGEN_SPECIFICITY
2025-02-11 23:28:59 [runtime] (ready)           ID.Single_Cell__3.SC_RNA_COUNTER_CS.SC_MULTI_CORE.MULTI_GEM_WELL_PROCESSOR.VDJ_T_GEM_WELL_PROCESSOR.LIB_VDJ_ANALYZER.BEAM_ANALYZER.CALCULATE_ANTIGEN_SPECIFICITY
2025-02-11 23:28:59 [runtime] (ready)           ID.Single_Cell__3.SC_RNA_COUNTER_CS.SC_MULTI_CORE.MULTI_GEM_WELL_PROCESSOR.VDJ_T_GD_GEM_WELL_PROCESSOR.LIB_VDJ_ANALYZER.BEAM_ANALYZER.COMPUTE_ANTIGEN_VDJ_METRICS
2025-02-11 23:28:59 [runtime] (ready)           ID.Single_Cell__3.SC_RNA_COUNTER_CS.SC_MULTI_CORE.MULTI_GEM_WELL_PROCESSOR.VDJ_T_GEM_WELL_PROCESSOR.LIB_VDJ_ANALYZER.BEAM_ANALYZER.COMPUTE_ANTIGEN_VDJ_METRICS
2025-02-11 23:28:59 [runtime] (ready)           ID.Single_Cell__3.SC_RNA_COUNTER_CS.SC_MULTI_CORE.MULTI_GEM_WELL_PROCESSOR.VDJ_T_GD_GEM_WELL_PROCESSOR.LIB_VDJ_ANALYZER.BEAM_ANALYZER.CREATE_BARCODE_CSV
2025-02-11 23:28:59 [runtime] (ready)           ID.Single_Cell__3.SC_RNA_COUNTER_CS.SC_MULTI_CORE.MULTI_GEM_WELL_PROCESSOR.VDJ_T_GD_GEM_WELL_PROCESSOR.LIB_VDJ_ANALYZER.BEAM_ANALYZER.CALCULATE_ANTIGEN_SPECIFICITY
2025-02-11 23:28:59 [runtime] (ready)           ID.Single_Cell__3.SC_RNA_COUNTER_CS.SC_MULTI_CORE.MULTI_GEM_WELL_PROCESSOR.VDJ_T_GEM_WELL_PROCESSOR.LIB_VDJ_ANALYZER.REPORT_CONTIGS
2025-02-11 23:28:59 [runtime] (ready)           ID.Single_Cell__3.SC_RNA_COUNTER_CS.SC_MULTI_CORE.MULTI_GEM_WELL_PROCESSOR.VDJ_B_GEM_WELL_PROCESSOR.LIB_VDJ_ANALYZER.VLOUPE_PREPROCESS
2025-02-11 23:28:59 [runtime] (ready)           ID.Single_Cell__3.SC_RNA_COUNTER_CS.SC_MULTI_CORE.MULTI_GEM_WELL_PROCESSOR.VDJ_B_GEM_WELL_PROCESSOR.LIB_VDJ_ANALYZER.REPORT_CONTIGS
2025-02-11 23:28:59 [runtime] (ready)           ID.Single_Cell__3.SC_RNA_COUNTER_CS.SC_MULTI_CORE.MULTI_GEM_WELL_PROCESSOR.VDJ_B_GEM_WELL_PROCESSOR.LIB_VDJ_ANALYZER.BEAM_ANALYZER.COMPUTE_ANTIGEN_VDJ_METRICS
2025-02-11 23:28:59 [runtime] (ready)           ID.Single_Cell__3.SC_RNA_COUNTER_CS.SC_MULTI_CORE.MULTI_GEM_WELL_PROCESSOR.VDJ_T_GEM_WELL_PROCESSOR.LIB_VDJ_ANALYZER.SUMMARIZE_VDJ_REPORTS
2025-02-11 23:28:59 [runtime] (ready)           ID.Single_Cell__3.SC_RNA_COUNTER_CS.SC_MULTI_CORE.MULTI_GEM_WELL_PROCESSOR.VDJ_T_GEM_WELL_PROCESSOR.LIB_VDJ_ANALYZER.VLOUPE_PREPROCESS
2025-02-11 23:28:59 [runtime] (ready)           ID.Single_Cell__3.SC_RNA_COUNTER_CS.SC_MULTI_CORE.MULTI_GEM_WELL_PROCESSOR.VDJ_T_GD_GEM_WELL_PROCESSOR.LIB_VDJ_ANALYZER.SUMMARIZE_VDJ_REPORTS
2025-02-11 23:28:59 [runtime] (ready)           ID.Single_Cell__3.SC_RNA_COUNTER_CS.SC_MULTI_CORE.MULTI_GEM_WELL_PROCESSOR.VDJ_T_GD_GEM_WELL_PROCESSOR.LIB_VDJ_ANALYZER.VLOUPE_PREPROCESS
2025-02-11 23:28:59 [runtime] (ready)           ID.Single_Cell__3.SC_RNA_COUNTER_CS.SC_MULTI_CORE.MULTI_GEM_WELL_PROCESSOR.VDJ_B_GEM_WELL_PROCESSOR.LIB_VDJ_ANALYZER.SUMMARIZE_VDJ_REPORTS
2025-02-11 23:28:59 [runtime] (ready)           ID.Single_Cell__3.SC_RNA_COUNTER_CS.SC_MULTI_CORE.MULTI_GEM_WELL_PROCESSOR.VDJ_T_GD_GEM_WELL_PROCESSOR.LIB_VDJ_ANALYZER.WRITE_CONTIG_PROTO
2025-02-11 23:28:59 [runtime] (ready)           ID.Single_Cell__3.SC_RNA_COUNTER_CS.SC_MULTI_CORE.MULTI_GEM_WELL_PROCESSOR.VDJ_T_GD_GEM_WELL_PROCESSOR.BUILD_PER_SAMPLE_VDJ_WS_CONTENTS
2025-02-11 23:28:59 [runtime] (ready)           ID.Single_Cell__3.SC_RNA_COUNTER_CS.SC_MULTI_CORE.MULTI_GEM_WELL_PROCESSOR.VDJ_T_GEM_WELL_PROCESSOR.LIB_VDJ_ANALYZER.WRITE_CONTIG_PROTO
2025-02-11 23:28:59 [runtime] (ready)           ID.Single_Cell__3.SC_RNA_COUNTER_CS.SC_MULTI_CORE.MULTI_GEM_WELL_PROCESSOR.VDJ_B_GEM_WELL_PROCESSOR.LIB_VDJ_ANALYZER.WRITE_CONTIG_PROTO
2025-02-11 23:28:59 [runtime] (ready)           ID.Single_Cell__3.SC_RNA_COUNTER_CS.SC_MULTI_CORE.MULTI_GEM_WELL_PROCESSOR.VDJ_B_GEM_WELL_PROCESSOR.BUILD_PER_SAMPLE_VDJ_WS_CONTENTS
2025-02-11 23:28:59 [runtime] (ready)           ID.Single_Cell__3.SC_RNA_COUNTER_CS.SC_MULTI_CORE.MULTI_GEM_WELL_PROCESSOR.VDJ_T_GEM_WELL_PROCESSOR.BUILD_PER_SAMPLE_VDJ_WS_CONTENTS
2025-02-11 23:29:01 [runtime] (chunks_complete) ID.Single_Cell__3.SC_RNA_COUNTER_CS.SC_MULTI_CORE.MULTI_GEM_WELL_PROCESSOR.COUNT_GEM_WELL_PROCESSOR._BASIC_SC_RNA_COUNTER.CHECK_CORRECTION_FACTOR
2025-02-11 23:29:03 [runtime] (chunks_complete) ID.Single_Cell__3.SC_RNA_COUNTER_CS.SC_MULTI_CORE.COUNT_ANALYZER.DISABLE_SECONDARY_ANALYSIS
2025-02-11 23:29:03 [runtime] (chunks_complete) ID.Single_Cell__3.SC_RNA_COUNTER_CS.SC_MULTI_CORE.MULTI_GEM_WELL_PROCESSOR.COUNT_GEM_WELL_PROCESSOR._BASIC_SC_RNA_COUNTER.INFER_GEM_WELL_THROUGHPUT
2025-02-11 23:29:03 [runtime] (ready)           ID.Single_Cell__3.SC_RNA_COUNTER_CS.SC_MULTI_CORE.MULTI_GEM_WELL_PROCESSOR.COUNT_GEM_WELL_PROCESSOR._BASIC_SC_RNA_COUNTER._ASSIGN_TAGS.CALL_TAGS_MARGINAL
2025-02-11 23:30:54 [runtime] (join_complete)   ID.Single_Cell__3.SC_RNA_COUNTER_CS.SC_MULTI_CORE.MULTI_GEM_WELL_PROCESSOR.COUNT_GEM_WELL_PROCESSOR._BASIC_SC_RNA_COUNTER._CELLS_REPORTER.WRITE_MOLECULE_INFO
2025-02-11 23:30:54 [runtime] (ready)           ID.Single_Cell__3.SC_RNA_COUNTER_CS.SC_MULTI_CORE.MULTI_GEM_WELL_PROCESSOR.COUNT_GEM_WELL_PROCESSOR._BASIC_SC_RNA_COUNTER._CELLS_REPORTER.SUBSAMPLE_READS
2025-02-11 23:30:54 [runtime] (run:local)       ID.Single_Cell__3.SC_RNA_COUNTER_CS.SC_MULTI_CORE.MULTI_GEM_WELL_PROCESSOR.COUNT_GEM_WELL_PROCESSOR._BASIC_SC_RNA_COUNTER._CELLS_REPORTER.SUBSAMPLE_READS.fork0.split
2025-02-11 23:30:54 [runtime] (ready)           ID.Single_Cell__3.SC_RNA_COUNTER_CS.SC_MULTI_CORE.MULTI_GEM_WELL_PROCESSOR.COUNT_GEM_WELL_PROCESSOR._BASIC_SC_RNA_COUNTER._ASSIGN_TAGS.CALL_TAGS_JIBES
2025-02-11 23:30:54 [runtime] (ready)           ID.Single_Cell__3.SC_RNA_COUNTER_CS.SC_MULTI_CORE.MULTI_GEM_WELL_PROCESSOR.COUNT_GEM_WELL_PROCESSOR._BASIC_SC_RNA_COUNTER._ASSIGN_TAGS.DETERMINE_SAMPLE_ASSIGNMENTS
2025-02-11 23:30:54 [runtime] (ready)           ID.Single_Cell__3.SC_RNA_COUNTER_CS.SC_MULTI_CORE.MULTI_GEM_WELL_PROCESSOR.COUNT_GEM_WELL_PROCESSOR._BASIC_SC_RNA_COUNTER.MULTI_WRITE_PER_SAMPLE_BAM
2025-02-11 23:30:54 [runtime] (ready)           ID.Single_Cell__3.SC_RNA_COUNTER_CS.SC_MULTI_CORE.MULTI_GEM_WELL_PROCESSOR.COUNT_GEM_WELL_PROCESSOR._BASIC_SC_RNA_COUNTER._ASSIGN_TAGS.COMPUTE_EXTRA_MULTIPLEXING_METRICS
2025-02-11 23:30:54 [runtime] (ready)           ID.Single_Cell__3.SC_RNA_COUNTER_CS.SC_MULTI_CORE.MULTI_GEM_WELL_PROCESSOR.COUNT_GEM_WELL_PROCESSOR._BASIC_SC_RNA_COUNTER.DEMUX_PROBE_BC_MATRIX
2025-02-11 23:30:54 [runtime] (ready)           ID.Single_Cell__3.SC_RNA_COUNTER_CS.SC_MULTI_CORE.MULTI_GEM_WELL_PROCESSOR.COUNT_GEM_WELL_PROCESSOR._BASIC_SC_RNA_COUNTER.MULTI_WRITE_PER_SAMPLE_MOLECULE_INFO
2025-02-11 23:30:54 [runtime] (ready)           ID.Single_Cell__3.SC_RNA_COUNTER_CS.SC_MULTI_CORE.MULTI_GEM_WELL_PROCESSOR.COUNT_GEM_WELL_PROCESSOR._BASIC_SC_RNA_COUNTER.MULTI_COLLATE_PER_SAMPLE_METRICS
2025-02-11 23:30:54 [runtime] (ready)           ID.Single_Cell__3.SC_RNA_COUNTER_CS.SC_MULTI_CORE.MULTI_GEM_WELL_PROCESSOR.COUNT_GEM_WELL_PROCESSOR._BASIC_SC_RNA_COUNTER._ASSIGN_TAGS.MERGE_METRICS
2025-02-11 23:30:54 [runtime] (ready)           ID.Single_Cell__3.SC_RNA_COUNTER_CS.SC_MULTI_CORE.STRUCTIFY_PER_SAMPLE_OUTS
2025-02-11 23:30:54 [runtime] (run:local)       ID.Single_Cell__3.SC_RNA_COUNTER_CS.SC_MULTI_CORE.STRUCTIFY_PER_SAMPLE_OUTS.fork0.chnk0.main
2025-02-11 23:30:54 [runtime] (ready)           ID.Single_Cell__3.SC_RNA_COUNTER_CS.SC_MULTI_CORE.MULTI_GEM_WELL_PROCESSOR.COUNT_GEM_WELL_PROCESSOR._BASIC_SC_RNA_COUNTER.MULTI_WRITE_PER_SAMPLE_MATRICES
2025-02-11 23:30:54 [runtime] (chunks_complete) ID.Single_Cell__3.SC_RNA_COUNTER_CS.SC_MULTI_CORE.STRUCTIFY_PER_SAMPLE_OUTS
2025-02-11 23:30:54 [runtime] (ready)           ID.Single_Cell__3.SC_RNA_COUNTER_CS.SC_MULTI_CORE.DISABLE_FEATURE_STAGES
2025-02-11 23:30:54 [runtime] (run:local)       ID.Single_Cell__3.SC_RNA_COUNTER_CS.SC_MULTI_CORE.DISABLE_FEATURE_STAGES.fork0.chnk0.main
2025-02-11 23:30:54 [runtime] (chunks_complete) ID.Single_Cell__3.SC_RNA_COUNTER_CS.SC_MULTI_CORE.DISABLE_FEATURE_STAGES
2025-02-11 23:30:54 [runtime] (ready)           ID.Single_Cell__3.SC_RNA_COUNTER_CS.SC_MULTI_CORE.COUNT_ANALYZER.SC_RNA_ANALYZER.ANALYZER_PREFLIGHT
2025-02-11 23:30:54 [runtime] (run:local)       ID.Single_Cell__3.SC_RNA_COUNTER_CS.SC_MULTI_CORE.COUNT_ANALYZER.SC_RNA_ANALYZER.ANALYZER_PREFLIGHT.fork0.chnk0.main
2025-02-11 23:30:54 [runtime] (ready)           ID.Single_Cell__3.SC_RNA_COUNTER_CS.SC_MULTI_CORE.COUNT_ANALYZER._ANTIGEN_ANALYZER.CALL_ANTIBODIES
2025-02-11 23:30:54 [runtime] (ready)           ID.Single_Cell__3.SC_RNA_COUNTER_CS.SC_MULTI_CORE.COUNT_ANALYZER._TARGETED_ANALYZER.DISABLE_TARGETED_STAGES
2025-02-11 23:30:54 [runtime] (ready)           ID.Single_Cell__3.SC_RNA_COUNTER_CS.SC_MULTI_CORE.COUNT_ANALYZER._ANTIGEN_ANALYZER.SUMMARIZE_ANTIBODY_ANALYSIS
2025-02-11 23:30:54 [runtime] (ready)           ID.Single_Cell__3.SC_RNA_COUNTER_CS.SC_MULTI_CORE.COUNT_ANALYZER._CRISPR_ANALYZER.CALL_PROTOSPACERS
2025-02-11 23:30:54 [runtime] (ready)           ID.Single_Cell__3.SC_RNA_COUNTER_CS.SC_MULTI_CORE.COUNT_ANALYZER._ANTIBODY_ANALYZER.CALL_ANTIBODIES
2025-02-11 23:30:54 [runtime] (ready)           ID.Single_Cell__3.SC_RNA_COUNTER_CS.SC_MULTI_CORE.COUNT_ANALYZER._ANTIBODY_ANALYZER.SUMMARIZE_ANTIBODY_ANALYSIS
2025-02-11 23:30:54 [runtime] (ready)           ID.Single_Cell__3.SC_RNA_COUNTER_CS.SC_MULTI_CORE.COUNT_ANALYZER._TARGETED_ANALYZER._RUN_GDNA_ANALYSIS.GET_GDNA_METRICS
2025-02-11 23:30:54 [runtime] (ready)           ID.Single_Cell__3.SC_RNA_COUNTER_CS.SC_MULTI_CORE.COUNT_ANALYZER._TARGETED_ANALYZER.SUBSAMPLE_OFF_TARGET_READS
2025-02-11 23:30:54 [runtime] (ready)           ID.Single_Cell__3.SC_RNA_COUNTER_CS.SC_MULTI_CORE.COUNT_ANALYZER._CRISPR_ANALYZER._PERTURBATIONS_BY_FEATURE
2025-02-11 23:30:54 [runtime] (ready)           ID.Single_Cell__3.SC_RNA_COUNTER_CS.SC_MULTI_CORE.COUNT_ANALYZER._CRISPR_ANALYZER._PERTURBATIONS_BY_TARGET
2025-02-11 23:30:54 [runtime] (ready)           ID.Single_Cell__3.SC_RNA_COUNTER_CS.SC_MULTI_CORE.COUNT_ANALYZER._TARGETED_ANALYZER.SUBSAMPLE_ON_TARGET_READS
2025-02-11 23:30:54 [runtime] (ready)           ID.Single_Cell__3.SC_RNA_COUNTER_CS.SC_MULTI_CORE.COUNT_ANALYZER._TARGETED_ANALYZER._RUN_GDNA_ANALYSIS.GET_GDNA_PLOT
2025-02-11 23:30:54 [runtime] (ready)           ID.Single_Cell__3.SC_RNA_COUNTER_CS.GET_AGGREGATE_BARCODES_OUT
2025-02-11 23:30:54 [runtime] (run:local)       ID.Single_Cell__3.SC_RNA_COUNTER_CS.GET_AGGREGATE_BARCODES_OUT.fork0.chnk0.main
2025-02-11 23:30:54 [runtime] (ready)           ID.Single_Cell__3.SC_RNA_COUNTER_CS.SC_MULTI_CORE.COUNT_ANALYZER._CRISPR_ANALYZER.SUMMARIZE_CRISPR_ANALYSIS
2025-02-11 23:30:54 [runtime] (ready)           ID.Single_Cell__3.SC_RNA_COUNTER_CS.SC_MULTI_CORE.COUNT_ANALYZER._TARGETED_ANALYZER._RUN_GDNA_ANALYSIS.MERGE_METRICS
2025-02-11 23:30:54 [runtime] (chunks_complete) ID.Single_Cell__3.SC_RNA_COUNTER_CS.GET_AGGREGATE_BARCODES_OUT
2025-02-11 23:30:55 [runtime] (chunks_complete) ID.Single_Cell__3.SC_RNA_COUNTER_CS.SC_MULTI_CORE.COUNT_ANALYZER.SC_RNA_ANALYZER.ANALYZER_PREFLIGHT
2025-02-11 23:30:55 [runtime] (ready)           ID.Single_Cell__3.SC_RNA_COUNTER_CS.SC_MULTI_CORE.COUNT_ANALYZER.SC_RNA_ANALYZER.PREPROCESS_MATRIX
2025-02-11 23:30:55 [runtime] (run:local)       ID.Single_Cell__3.SC_RNA_COUNTER_CS.SC_MULTI_CORE.COUNT_ANALYZER.SC_RNA_ANALYZER.PREPROCESS_MATRIX.fork0.split
2025-02-11 23:30:56 [runtime] (split_complete)  ID.Single_Cell__3.SC_RNA_COUNTER_CS.SC_MULTI_CORE.COUNT_ANALYZER.SC_RNA_ANALYZER.PREPROCESS_MATRIX
2025-02-11 23:30:56 [runtime] (run:local)       ID.Single_Cell__3.SC_RNA_COUNTER_CS.SC_MULTI_CORE.COUNT_ANALYZER.SC_RNA_ANALYZER.PREPROCESS_MATRIX.fork0.join
2025-02-11 23:30:59 [runtime] (split_complete)  ID.Single_Cell__3.SC_RNA_COUNTER_CS.SC_MULTI_CORE.MULTI_GEM_WELL_PROCESSOR.COUNT_GEM_WELL_PROCESSOR._BASIC_SC_RNA_COUNTER._CELLS_REPORTER.SUBSAMPLE_READS
2025-02-11 23:30:59 [runtime] (run:local)       ID.Single_Cell__3.SC_RNA_COUNTER_CS.SC_MULTI_CORE.MULTI_GEM_WELL_PROCESSOR.COUNT_GEM_WELL_PROCESSOR._BASIC_SC_RNA_COUNTER._CELLS_REPORTER.SUBSAMPLE_READS.fork0.chnk00.main
2025-02-11 23:30:59 [runtime] (run:local)       ID.Single_Cell__3.SC_RNA_COUNTER_CS.SC_MULTI_CORE.MULTI_GEM_WELL_PROCESSOR.COUNT_GEM_WELL_PROCESSOR._BASIC_SC_RNA_COUNTER._CELLS_REPORTER.SUBSAMPLE_READS.fork0.chnk01.main
2025-02-11 23:30:59 [runtime] (run:local)       ID.Single_Cell__3.SC_RNA_COUNTER_CS.SC_MULTI_CORE.MULTI_GEM_WELL_PROCESSOR.COUNT_GEM_WELL_PROCESSOR._BASIC_SC_RNA_COUNTER._CELLS_REPORTER.SUBSAMPLE_READS.fork0.chnk02.main
2025-02-11 23:30:59 [runtime] (run:local)       ID.Single_Cell__3.SC_RNA_COUNTER_CS.SC_MULTI_CORE.MULTI_GEM_WELL_PROCESSOR.COUNT_GEM_WELL_PROCESSOR._BASIC_SC_RNA_COUNTER._CELLS_REPORTER.SUBSAMPLE_READS.fork0.chnk03.main
2025-02-11 23:30:59 [runtime] (run:local)       ID.Single_Cell__3.SC_RNA_COUNTER_CS.SC_MULTI_CORE.MULTI_GEM_WELL_PROCESSOR.COUNT_GEM_WELL_PROCESSOR._BASIC_SC_RNA_COUNTER._CELLS_REPORTER.SUBSAMPLE_READS.fork0.chnk04.main
2025-02-11 23:30:59 [runtime] (run:local)       ID.Single_Cell__3.SC_RNA_COUNTER_CS.SC_MULTI_CORE.MULTI_GEM_WELL_PROCESSOR.COUNT_GEM_WELL_PROCESSOR._BASIC_SC_RNA_COUNTER._CELLS_REPORTER.SUBSAMPLE_READS.fork0.chnk05.main
2025-02-11 23:30:59 [runtime] (run:local)       ID.Single_Cell__3.SC_RNA_COUNTER_CS.SC_MULTI_CORE.MULTI_GEM_WELL_PROCESSOR.COUNT_GEM_WELL_PROCESSOR._BASIC_SC_RNA_COUNTER._CELLS_REPORTER.SUBSAMPLE_READS.fork0.chnk06.main
2025-02-11 23:30:59 [runtime] (run:local)       ID.Single_Cell__3.SC_RNA_COUNTER_CS.SC_MULTI_CORE.MULTI_GEM_WELL_PROCESSOR.COUNT_GEM_WELL_PROCESSOR._BASIC_SC_RNA_COUNTER._CELLS_REPORTER.SUBSAMPLE_READS.fork0.chnk07.main
2025-02-11 23:30:59 [runtime] (run:local)       ID.Single_Cell__3.SC_RNA_COUNTER_CS.SC_MULTI_CORE.MULTI_GEM_WELL_PROCESSOR.COUNT_GEM_WELL_PROCESSOR._BASIC_SC_RNA_COUNTER._CELLS_REPORTER.SUBSAMPLE_READS.fork0.chnk08.main
2025-02-11 23:30:59 [runtime] (run:local)       ID.Single_Cell__3.SC_RNA_COUNTER_CS.SC_MULTI_CORE.MULTI_GEM_WELL_PROCESSOR.COUNT_GEM_WELL_PROCESSOR._BASIC_SC_RNA_COUNTER._CELLS_REPORTER.SUBSAMPLE_READS.fork0.chnk09.main
2025-02-11 23:30:59 [runtime] (run:local)       ID.Single_Cell__3.SC_RNA_COUNTER_CS.SC_MULTI_CORE.MULTI_GEM_WELL_PROCESSOR.COUNT_GEM_WELL_PROCESSOR._BASIC_SC_RNA_COUNTER._CELLS_REPORTER.SUBSAMPLE_READS.fork0.chnk10.main
2025-02-11 23:30:59 [runtime] (run:local)       ID.Single_Cell__3.SC_RNA_COUNTER_CS.SC_MULTI_CORE.MULTI_GEM_WELL_PROCESSOR.COUNT_GEM_WELL_PROCESSOR._BASIC_SC_RNA_COUNTER._CELLS_REPORTER.SUBSAMPLE_READS.fork0.chnk11.main
2025-02-11 23:30:59 [runtime] (run:local)       ID.Single_Cell__3.SC_RNA_COUNTER_CS.SC_MULTI_CORE.MULTI_GEM_WELL_PROCESSOR.COUNT_GEM_WELL_PROCESSOR._BASIC_SC_RNA_COUNTER._CELLS_REPORTER.SUBSAMPLE_READS.fork0.chnk12.main
2025-02-11 23:30:59 [runtime] (run:local)       ID.Single_Cell__3.SC_RNA_COUNTER_CS.SC_MULTI_CORE.MULTI_GEM_WELL_PROCESSOR.COUNT_GEM_WELL_PROCESSOR._BASIC_SC_RNA_COUNTER._CELLS_REPORTER.SUBSAMPLE_READS.fork0.chnk13.main
2025-02-11 23:30:59 [runtime] (run:local)       ID.Single_Cell__3.SC_RNA_COUNTER_CS.SC_MULTI_CORE.MULTI_GEM_WELL_PROCESSOR.COUNT_GEM_WELL_PROCESSOR._BASIC_SC_RNA_COUNTER._CELLS_REPORTER.SUBSAMPLE_READS.fork0.chnk14.main
2025-02-11 23:30:59 [runtime] (run:local)       ID.Single_Cell__3.SC_RNA_COUNTER_CS.SC_MULTI_CORE.MULTI_GEM_WELL_PROCESSOR.COUNT_GEM_WELL_PROCESSOR._BASIC_SC_RNA_COUNTER._CELLS_REPORTER.SUBSAMPLE_READS.fork0.chnk15.main
2025-02-11 23:30:59 [runtime] (run:local)       ID.Single_Cell__3.SC_RNA_COUNTER_CS.SC_MULTI_CORE.MULTI_GEM_WELL_PROCESSOR.COUNT_GEM_WELL_PROCESSOR._BASIC_SC_RNA_COUNTER._CELLS_REPORTER.SUBSAMPLE_READS.fork0.chnk16.main
2025-02-11 23:30:59 [runtime] (run:local)       ID.Single_Cell__3.SC_RNA_COUNTER_CS.SC_MULTI_CORE.MULTI_GEM_WELL_PROCESSOR.COUNT_GEM_WELL_PROCESSOR._BASIC_SC_RNA_COUNTER._CELLS_REPORTER.SUBSAMPLE_READS.fork0.chnk17.main
2025-02-11 23:30:59 [runtime] (run:local)       ID.Single_Cell__3.SC_RNA_COUNTER_CS.SC_MULTI_CORE.MULTI_GEM_WELL_PROCESSOR.COUNT_GEM_WELL_PROCESSOR._BASIC_SC_RNA_COUNTER._CELLS_REPORTER.SUBSAMPLE_READS.fork0.chnk18.main
2025-02-11 23:30:59 [runtime] (run:local)       ID.Single_Cell__3.SC_RNA_COUNTER_CS.SC_MULTI_CORE.MULTI_GEM_WELL_PROCESSOR.COUNT_GEM_WELL_PROCESSOR._BASIC_SC_RNA_COUNTER._CELLS_REPORTER.SUBSAMPLE_READS.fork0.chnk19.main
2025-02-11 23:30:59 [runtime] (run:local)       ID.Single_Cell__3.SC_RNA_COUNTER_CS.SC_MULTI_CORE.MULTI_GEM_WELL_PROCESSOR.COUNT_GEM_WELL_PROCESSOR._BASIC_SC_RNA_COUNTER._CELLS_REPORTER.SUBSAMPLE_READS.fork0.chnk20.main
2025-02-11 23:30:59 [runtime] (run:local)       ID.Single_Cell__3.SC_RNA_COUNTER_CS.SC_MULTI_CORE.MULTI_GEM_WELL_PROCESSOR.COUNT_GEM_WELL_PROCESSOR._BASIC_SC_RNA_COUNTER._CELLS_REPORTER.SUBSAMPLE_READS.fork0.chnk21.main
2025-02-11 23:30:59 [runtime] (run:local)       ID.Single_Cell__3.SC_RNA_COUNTER_CS.SC_MULTI_CORE.MULTI_GEM_WELL_PROCESSOR.COUNT_GEM_WELL_PROCESSOR._BASIC_SC_RNA_COUNTER._CELLS_REPORTER.SUBSAMPLE_READS.fork0.chnk22.main
2025-02-11 23:30:59 [runtime] (run:local)       ID.Single_Cell__3.SC_RNA_COUNTER_CS.SC_MULTI_CORE.MULTI_GEM_WELL_PROCESSOR.COUNT_GEM_WELL_PROCESSOR._BASIC_SC_RNA_COUNTER._CELLS_REPORTER.SUBSAMPLE_READS.fork0.chnk23.main
2025-02-11 23:31:35 [runtime] (join_complete)   ID.Single_Cell__3.SC_RNA_COUNTER_CS.SC_MULTI_CORE.COUNT_ANALYZER.SC_RNA_ANALYZER.PREPROCESS_MATRIX
2025-02-11 23:31:35 [runtime] (ready)           ID.Single_Cell__3.SC_RNA_COUNTER_CS.SC_MULTI_CORE.COUNT_ANALYZER.SC_RNA_ANALYZER.RUN_MULTIGENOME_ANALYSIS
2025-02-11 23:31:35 [runtime] (run:local)       ID.Single_Cell__3.SC_RNA_COUNTER_CS.SC_MULTI_CORE.COUNT_ANALYZER.SC_RNA_ANALYZER.RUN_MULTIGENOME_ANALYSIS.fork0.split
2025-02-11 23:31:35 [runtime] (ready)           ID.Single_Cell__3.SC_RNA_COUNTER_CS.SC_MULTI_CORE.COUNT_ANALYZER.SC_RNA_ANALYZER.RUN_BATCH_CORRECTION_PCA.PCA_PREP
2025-02-11 23:31:35 [runtime] (ready)           ID.Single_Cell__3.SC_RNA_COUNTER_CS.SC_MULTI_CORE.COUNT_ANALYZER.SC_RNA_ANALYZER._ANTIBODY_ANALYZER.SUMMARIZE_ANTIBODY_ANALYSIS
2025-02-11 23:31:35 [runtime] (ready)           ID.Single_Cell__3.SC_RNA_COUNTER_CS.SC_MULTI_CORE.COUNT_ANALYZER.SC_RNA_ANALYZER._ANTIGEN_ANALYZER.SUMMARIZE_ANTIBODY_ANALYSIS
2025-02-11 23:31:35 [runtime] (ready)           ID.Single_Cell__3.SC_RNA_COUNTER_CS.SC_MULTI_CORE.COUNT_ANALYZER.SC_RNA_ANALYZER._ANTIGEN_ANALYZER.CALL_ANTIBODIES
2025-02-11 23:31:35 [runtime] (ready)           ID.Single_Cell__3.SC_RNA_COUNTER_CS.SC_MULTI_CORE.COUNT_ANALYZER.SC_RNA_ANALYZER.RUN_BATCH_CORRECTION_PCA.RUN_PCA2
2025-02-11 23:31:36 [runtime] (ready)           ID.Single_Cell__3.SC_RNA_COUNTER_CS.SC_MULTI_CORE.COUNT_ANALYZER.SC_RNA_ANALYZER._ANTIBODY_ANALYZER.CALL_ANTIBODIES
2025-02-11 23:31:36 [runtime] (ready)           ID.Single_Cell__3.SC_RNA_COUNTER_CS.SC_MULTI_CORE.COUNT_ANALYZER.SC_RNA_ANALYZER.RUN_BATCH_CORRECTION_PCA.POST_PCA
2025-02-11 23:31:36 [runtime] (ready)           ID.Single_Cell__3.SC_RNA_COUNTER_CS.SC_MULTI_CORE.COUNT_ANALYZER.SC_RNA_ANALYZER.CORRECT_CHEMISTRY_BATCH
2025-02-11 23:31:36 [runtime] (ready)           ID.Single_Cell__3.SC_RNA_COUNTER_CS.SC_MULTI_CORE.COUNT_ANALYZER.SC_RNA_ANALYZER.RUN_PCA
2025-02-11 23:31:36 [runtime] (run:local)       ID.Single_Cell__3.SC_RNA_COUNTER_CS.SC_MULTI_CORE.COUNT_ANALYZER.SC_RNA_ANALYZER.RUN_PCA.fork0.split
2025-02-11 23:34:42 [runtime] (update)          ID.Single_Cell__3.SC_RNA_COUNTER_CS.SC_MULTI_CORE.MULTI_GEM_WELL_PROCESSOR.COUNT_GEM_WELL_PROCESSOR._BASIC_SC_RNA_COUNTER.WRITE_POS_BAM.fork0 join_running
2025-02-11 23:36:35 [runtime] (update)          ID.Single_Cell__3.SC_RNA_COUNTER_CS.SC_MULTI_CORE.MULTI_GEM_WELL_PROCESSOR.COUNT_GEM_WELL_PROCESSOR._BASIC_SC_RNA_COUNTER._CELLS_REPORTER.SUBSAMPLE_READS.fork0 chunks running (13/24 completed)
2025-02-11 23:38:20 [runtime] (join_complete)   ID.Single_Cell__3.SC_RNA_COUNTER_CS.SC_MULTI_CORE.MULTI_GEM_WELL_PROCESSOR.COUNT_GEM_WELL_PROCESSOR._BASIC_SC_RNA_COUNTER.WRITE_POS_BAM
2025-02-11 23:38:26 [runtime] (split_complete)  ID.Single_Cell__3.SC_RNA_COUNTER_CS.SC_MULTI_CORE.COUNT_ANALYZER.SC_RNA_ANALYZER.RUN_MULTIGENOME_ANALYSIS
2025-02-11 23:38:26 [runtime] (run:local)       ID.Single_Cell__3.SC_RNA_COUNTER_CS.SC_MULTI_CORE.COUNT_ANALYZER.SC_RNA_ANALYZER.RUN_MULTIGENOME_ANALYSIS.fork0.join
2025-02-11 23:38:26 [runtime] (split_complete)  ID.Single_Cell__3.SC_RNA_COUNTER_CS.SC_MULTI_CORE.COUNT_ANALYZER.SC_RNA_ANALYZER.RUN_PCA
2025-02-11 23:38:26 [runtime] (run:local)       ID.Single_Cell__3.SC_RNA_COUNTER_CS.SC_MULTI_CORE.COUNT_ANALYZER.SC_RNA_ANALYZER.RUN_PCA.fork0.chnk0.main
2025-02-11 23:38:27 [runtime] (join_complete)   ID.Single_Cell__3.SC_RNA_COUNTER_CS.SC_MULTI_CORE.COUNT_ANALYZER.SC_RNA_ANALYZER.RUN_MULTIGENOME_ANALYSIS
2025-02-11 23:39:16 [runtime] (chunks_complete) ID.Single_Cell__3.SC_RNA_COUNTER_CS.SC_MULTI_CORE.MULTI_GEM_WELL_PROCESSOR.COUNT_GEM_WELL_PROCESSOR._BASIC_SC_RNA_COUNTER._CELLS_REPORTER.SUBSAMPLE_READS
2025-02-11 23:39:16 [runtime] (run:local)       ID.Single_Cell__3.SC_RNA_COUNTER_CS.SC_MULTI_CORE.MULTI_GEM_WELL_PROCESSOR.COUNT_GEM_WELL_PROCESSOR._BASIC_SC_RNA_COUNTER._CELLS_REPORTER.SUBSAMPLE_READS.fork0.join
2025-02-11 23:39:21 [runtime] (join_complete)   ID.Single_Cell__3.SC_RNA_COUNTER_CS.SC_MULTI_CORE.MULTI_GEM_WELL_PROCESSOR.COUNT_GEM_WELL_PROCESSOR._BASIC_SC_RNA_COUNTER._CELLS_REPORTER.SUBSAMPLE_READS
2025-02-11 23:39:21 [runtime] (ready)           ID.Single_Cell__3.SC_RNA_COUNTER_CS.SC_MULTI_CORE.MULTI_GEM_WELL_PROCESSOR.COUNT_GEM_WELL_PROCESSOR._BASIC_SC_RNA_COUNTER._CELLS_REPORTER.SUMMARIZE_BASIC_REPORTS
2025-02-11 23:39:21 [runtime] (run:local)       ID.Single_Cell__3.SC_RNA_COUNTER_CS.SC_MULTI_CORE.MULTI_GEM_WELL_PROCESSOR.COUNT_GEM_WELL_PROCESSOR._BASIC_SC_RNA_COUNTER._CELLS_REPORTER.SUMMARIZE_BASIC_REPORTS.fork0.split
2025-02-11 23:39:22 [runtime] (split_complete)  ID.Single_Cell__3.SC_RNA_COUNTER_CS.SC_MULTI_CORE.MULTI_GEM_WELL_PROCESSOR.COUNT_GEM_WELL_PROCESSOR._BASIC_SC_RNA_COUNTER._CELLS_REPORTER.SUMMARIZE_BASIC_REPORTS
2025-02-11 23:39:22 [runtime] (run:local)       ID.Single_Cell__3.SC_RNA_COUNTER_CS.SC_MULTI_CORE.MULTI_GEM_WELL_PROCESSOR.COUNT_GEM_WELL_PROCESSOR._BASIC_SC_RNA_COUNTER._CELLS_REPORTER.SUMMARIZE_BASIC_REPORTS.fork0.join
2025-02-11 23:39:55 [runtime] (chunks_complete) ID.Single_Cell__3.SC_RNA_COUNTER_CS.SC_MULTI_CORE.COUNT_ANALYZER.SC_RNA_ANALYZER.RUN_PCA
2025-02-11 23:39:55 [runtime] (run:local)       ID.Single_Cell__3.SC_RNA_COUNTER_CS.SC_MULTI_CORE.COUNT_ANALYZER.SC_RNA_ANALYZER.RUN_PCA.fork0.join
2025-02-11 23:39:55 [runtime] (join_complete)   ID.Single_Cell__3.SC_RNA_COUNTER_CS.SC_MULTI_CORE.MULTI_GEM_WELL_PROCESSOR.COUNT_GEM_WELL_PROCESSOR._BASIC_SC_RNA_COUNTER._CELLS_REPORTER.SUMMARIZE_BASIC_REPORTS
2025-02-11 23:39:55 [runtime] (ready)           ID.Single_Cell__3.SC_RNA_COUNTER_CS.SC_MULTI_CORE.MULTI_GEM_WELL_PROCESSOR.COUNT_GEM_WELL_PROCESSOR._BASIC_SC_RNA_COUNTER.MERGE_METRICS
2025-02-11 23:39:55 [runtime] (run:local)       ID.Single_Cell__3.SC_RNA_COUNTER_CS.SC_MULTI_CORE.MULTI_GEM_WELL_PROCESSOR.COUNT_GEM_WELL_PROCESSOR._BASIC_SC_RNA_COUNTER.MERGE_METRICS.fork0.chnk0.main
2025-02-11 23:39:55 [runtime] (join_complete)   ID.Single_Cell__3.SC_RNA_COUNTER_CS.SC_MULTI_CORE.COUNT_ANALYZER.SC_RNA_ANALYZER.RUN_PCA
2025-02-11 23:39:56 [runtime] (ready)           ID.Single_Cell__3.SC_RNA_COUNTER_CS.SC_MULTI_CORE.COUNT_ANALYZER.SC_RNA_ANALYZER.RUN_KMEANS
2025-02-11 23:39:56 [runtime] (run:local)       ID.Single_Cell__3.SC_RNA_COUNTER_CS.SC_MULTI_CORE.COUNT_ANALYZER.SC_RNA_ANALYZER.RUN_KMEANS.fork0.split
2025-02-11 23:39:56 [runtime] (ready)           ID.Single_Cell__3.SC_RNA_COUNTER_CS.SC_MULTI_CORE.COUNT_ANALYZER.SC_RNA_ANALYZER.RUN_UMAP
2025-02-11 23:39:56 [runtime] (run:local)       ID.Single_Cell__3.SC_RNA_COUNTER_CS.SC_MULTI_CORE.COUNT_ANALYZER.SC_RNA_ANALYZER.RUN_UMAP.fork0.split
2025-02-11 23:39:56 [runtime] (ready)           ID.Single_Cell__3.SC_RNA_COUNTER_CS.SC_MULTI_CORE.COUNT_ANALYZER.SC_RNA_ANALYZER.RUN_GRAPH_CLUSTERING
2025-02-11 23:39:56 [runtime] (run:local)       ID.Single_Cell__3.SC_RNA_COUNTER_CS.SC_MULTI_CORE.COUNT_ANALYZER.SC_RNA_ANALYZER.RUN_GRAPH_CLUSTERING.fork0.split
2025-02-11 23:39:56 [runtime] (chunks_complete) ID.Single_Cell__3.SC_RNA_COUNTER_CS.SC_MULTI_CORE.MULTI_GEM_WELL_PROCESSOR.COUNT_GEM_WELL_PROCESSOR._BASIC_SC_RNA_COUNTER.MERGE_METRICS
2025-02-11 23:39:56 [runtime] (ready)           ID.Single_Cell__3.SC_RNA_COUNTER_CS.SC_MULTI_CORE.COUNT_ANALYZER.SC_RNA_ANALYZER.RUN_TSNE
2025-02-11 23:39:56 [runtime] (run:local)       ID.Single_Cell__3.SC_RNA_COUNTER_CS.SC_MULTI_CORE.COUNT_ANALYZER.SC_RNA_ANALYZER.RUN_TSNE.fork0.split
2025-02-11 23:39:56 [runtime] (ready)           ID.Single_Cell__3.SC_RNA_COUNTER_CS.SC_MULTI_CORE.COUNT_ANALYZER._TARGETED_ANALYZER.CALCULATE_TARGETED_METRICS
2025-02-11 23:39:56 [runtime] (ready)           ID.Single_Cell__3.SC_RNA_COUNTER_CS.SC_MULTI_CORE.COUNT_ANALYZER._TARGETED_ANALYZER.MERGE_METRICS
2025-02-11 23:39:56 [runtime] (split_complete)  ID.Single_Cell__3.SC_RNA_COUNTER_CS.SC_MULTI_CORE.COUNT_ANALYZER.SC_RNA_ANALYZER.RUN_UMAP
2025-02-11 23:39:56 [runtime] (run:local)       ID.Single_Cell__3.SC_RNA_COUNTER_CS.SC_MULTI_CORE.COUNT_ANALYZER.SC_RNA_ANALYZER.RUN_UMAP.fork0.chnk0.main
2025-02-11 23:39:56 [runtime] (split_complete)  ID.Single_Cell__3.SC_RNA_COUNTER_CS.SC_MULTI_CORE.COUNT_ANALYZER.SC_RNA_ANALYZER.RUN_GRAPH_CLUSTERING
2025-02-11 23:39:56 [runtime] (run:local)       ID.Single_Cell__3.SC_RNA_COUNTER_CS.SC_MULTI_CORE.COUNT_ANALYZER.SC_RNA_ANALYZER.RUN_GRAPH_CLUSTERING.fork0.chnk0.main
2025-02-11 23:39:56 [runtime] (split_complete)  ID.Single_Cell__3.SC_RNA_COUNTER_CS.SC_MULTI_CORE.COUNT_ANALYZER.SC_RNA_ANALYZER.RUN_TSNE
2025-02-11 23:39:56 [runtime] (run:local)       ID.Single_Cell__3.SC_RNA_COUNTER_CS.SC_MULTI_CORE.COUNT_ANALYZER.SC_RNA_ANALYZER.RUN_TSNE.fork0.chnk0.main
2025-02-11 23:40:02 [runtime] (split_complete)  ID.Single_Cell__3.SC_RNA_COUNTER_CS.SC_MULTI_CORE.COUNT_ANALYZER.SC_RNA_ANALYZER.RUN_KMEANS
2025-02-11 23:40:02 [runtime] (run:local)       ID.Single_Cell__3.SC_RNA_COUNTER_CS.SC_MULTI_CORE.COUNT_ANALYZER.SC_RNA_ANALYZER.RUN_KMEANS.fork0.chnk0.main
2025-02-11 23:40:02 [runtime] (run:local)       ID.Single_Cell__3.SC_RNA_COUNTER_CS.SC_MULTI_CORE.COUNT_ANALYZER.SC_RNA_ANALYZER.RUN_KMEANS.fork0.chnk1.main
2025-02-11 23:40:02 [runtime] (run:local)       ID.Single_Cell__3.SC_RNA_COUNTER_CS.SC_MULTI_CORE.COUNT_ANALYZER.SC_RNA_ANALYZER.RUN_KMEANS.fork0.chnk2.main
2025-02-11 23:40:02 [runtime] (run:local)       ID.Single_Cell__3.SC_RNA_COUNTER_CS.SC_MULTI_CORE.COUNT_ANALYZER.SC_RNA_ANALYZER.RUN_KMEANS.fork0.chnk3.main
2025-02-11 23:40:02 [runtime] (run:local)       ID.Single_Cell__3.SC_RNA_COUNTER_CS.SC_MULTI_CORE.COUNT_ANALYZER.SC_RNA_ANALYZER.RUN_KMEANS.fork0.chnk4.main
2025-02-11 23:40:02 [runtime] (run:local)       ID.Single_Cell__3.SC_RNA_COUNTER_CS.SC_MULTI_CORE.COUNT_ANALYZER.SC_RNA_ANALYZER.RUN_KMEANS.fork0.chnk5.main
2025-02-11 23:40:02 [runtime] (run:local)       ID.Single_Cell__3.SC_RNA_COUNTER_CS.SC_MULTI_CORE.COUNT_ANALYZER.SC_RNA_ANALYZER.RUN_KMEANS.fork0.chnk6.main
2025-02-11 23:40:02 [runtime] (run:local)       ID.Single_Cell__3.SC_RNA_COUNTER_CS.SC_MULTI_CORE.COUNT_ANALYZER.SC_RNA_ANALYZER.RUN_KMEANS.fork0.chnk7.main
2025-02-11 23:40:02 [runtime] (run:local)       ID.Single_Cell__3.SC_RNA_COUNTER_CS.SC_MULTI_CORE.COUNT_ANALYZER.SC_RNA_ANALYZER.RUN_KMEANS.fork0.chnk8.main
2025-02-11 23:41:04 [runtime] (chunks_complete) ID.Single_Cell__3.SC_RNA_COUNTER_CS.SC_MULTI_CORE.COUNT_ANALYZER.SC_RNA_ANALYZER.RUN_UMAP
2025-02-11 23:41:04 [runtime] (run:local)       ID.Single_Cell__3.SC_RNA_COUNTER_CS.SC_MULTI_CORE.COUNT_ANALYZER.SC_RNA_ANALYZER.RUN_UMAP.fork0.join
2025-02-11 23:41:20 [runtime] (join_complete)   ID.Single_Cell__3.SC_RNA_COUNTER_CS.SC_MULTI_CORE.COUNT_ANALYZER.SC_RNA_ANALYZER.RUN_UMAP
2025-02-11 23:41:22 [runtime] (chunks_complete) ID.Single_Cell__3.SC_RNA_COUNTER_CS.SC_MULTI_CORE.COUNT_ANALYZER.SC_RNA_ANALYZER.RUN_KMEANS
2025-02-11 23:41:22 [runtime] (run:local)       ID.Single_Cell__3.SC_RNA_COUNTER_CS.SC_MULTI_CORE.COUNT_ANALYZER.SC_RNA_ANALYZER.RUN_KMEANS.fork0.join
2025-02-11 23:41:22 [runtime] (join_complete)   ID.Single_Cell__3.SC_RNA_COUNTER_CS.SC_MULTI_CORE.COUNT_ANALYZER.SC_RNA_ANALYZER.RUN_KMEANS
2025-02-11 23:42:18 [runtime] (chunks_complete) ID.Single_Cell__3.SC_RNA_COUNTER_CS.SC_MULTI_CORE.COUNT_ANALYZER.SC_RNA_ANALYZER.RUN_GRAPH_CLUSTERING
2025-02-11 23:42:18 [runtime] (run:local)       ID.Single_Cell__3.SC_RNA_COUNTER_CS.SC_MULTI_CORE.COUNT_ANALYZER.SC_RNA_ANALYZER.RUN_GRAPH_CLUSTERING.fork0.join
2025-02-11 23:42:18 [runtime] (join_complete)   ID.Single_Cell__3.SC_RNA_COUNTER_CS.SC_MULTI_CORE.COUNT_ANALYZER.SC_RNA_ANALYZER.RUN_GRAPH_CLUSTERING
2025-02-11 23:42:18 [runtime] (ready)           ID.Single_Cell__3.SC_RNA_COUNTER_CS.SC_MULTI_CORE.COUNT_ANALYZER.SC_RNA_ANALYZER.RUN_HIERARCHICAL_CLUSTERING
2025-02-11 23:42:18 [runtime] (ready)           ID.Single_Cell__3.SC_RNA_COUNTER_CS.SC_MULTI_CORE.COUNT_ANALYZER.SC_RNA_ANALYZER.COMBINE_CLUSTERING
2025-02-11 23:42:19 [runtime] (run:local)       ID.Single_Cell__3.SC_RNA_COUNTER_CS.SC_MULTI_CORE.COUNT_ANALYZER.SC_RNA_ANALYZER.COMBINE_CLUSTERING.fork0.chnk0.main
2025-02-11 23:42:19 [runtime] (chunks_complete) ID.Single_Cell__3.SC_RNA_COUNTER_CS.SC_MULTI_CORE.COUNT_ANALYZER.SC_RNA_ANALYZER.COMBINE_CLUSTERING
2025-02-11 23:42:19 [runtime] (ready)           ID.Single_Cell__3.SC_RNA_COUNTER_CS.SC_MULTI_CORE.COUNT_ANALYZER.SC_RNA_ANALYZER.RUN_DIFFERENTIAL_EXPRESSION
2025-02-11 23:42:19 [runtime] (run:local)       ID.Single_Cell__3.SC_RNA_COUNTER_CS.SC_MULTI_CORE.COUNT_ANALYZER.SC_RNA_ANALYZER.RUN_DIFFERENTIAL_EXPRESSION.fork0.split
2025-02-11 23:42:19 [runtime] (split_complete)  ID.Single_Cell__3.SC_RNA_COUNTER_CS.SC_MULTI_CORE.COUNT_ANALYZER.SC_RNA_ANALYZER.RUN_DIFFERENTIAL_EXPRESSION
2025-02-11 23:42:19 [runtime] (run:local)       ID.Single_Cell__3.SC_RNA_COUNTER_CS.SC_MULTI_CORE.COUNT_ANALYZER.SC_RNA_ANALYZER.RUN_DIFFERENTIAL_EXPRESSION.fork0.chnk00.main
2025-02-11 23:42:19 [runtime] (run:local)       ID.Single_Cell__3.SC_RNA_COUNTER_CS.SC_MULTI_CORE.COUNT_ANALYZER.SC_RNA_ANALYZER.RUN_DIFFERENTIAL_EXPRESSION.fork0.chnk01.main
2025-02-11 23:42:19 [runtime] (run:local)       ID.Single_Cell__3.SC_RNA_COUNTER_CS.SC_MULTI_CORE.COUNT_ANALYZER.SC_RNA_ANALYZER.RUN_DIFFERENTIAL_EXPRESSION.fork0.chnk02.main
2025-02-11 23:42:19 [runtime] (run:local)       ID.Single_Cell__3.SC_RNA_COUNTER_CS.SC_MULTI_CORE.COUNT_ANALYZER.SC_RNA_ANALYZER.RUN_DIFFERENTIAL_EXPRESSION.fork0.chnk03.main
2025-02-11 23:42:19 [runtime] (run:local)       ID.Single_Cell__3.SC_RNA_COUNTER_CS.SC_MULTI_CORE.COUNT_ANALYZER.SC_RNA_ANALYZER.RUN_DIFFERENTIAL_EXPRESSION.fork0.chnk04.main
2025-02-11 23:42:19 [runtime] (run:local)       ID.Single_Cell__3.SC_RNA_COUNTER_CS.SC_MULTI_CORE.COUNT_ANALYZER.SC_RNA_ANALYZER.RUN_DIFFERENTIAL_EXPRESSION.fork0.chnk05.main
2025-02-11 23:42:19 [runtime] (run:local)       ID.Single_Cell__3.SC_RNA_COUNTER_CS.SC_MULTI_CORE.COUNT_ANALYZER.SC_RNA_ANALYZER.RUN_DIFFERENTIAL_EXPRESSION.fork0.chnk06.main
2025-02-11 23:42:19 [runtime] (run:local)       ID.Single_Cell__3.SC_RNA_COUNTER_CS.SC_MULTI_CORE.COUNT_ANALYZER.SC_RNA_ANALYZER.RUN_DIFFERENTIAL_EXPRESSION.fork0.chnk07.main
2025-02-11 23:42:19 [runtime] (run:local)       ID.Single_Cell__3.SC_RNA_COUNTER_CS.SC_MULTI_CORE.COUNT_ANALYZER.SC_RNA_ANALYZER.RUN_DIFFERENTIAL_EXPRESSION.fork0.chnk08.main
2025-02-11 23:42:19 [runtime] (run:local)       ID.Single_Cell__3.SC_RNA_COUNTER_CS.SC_MULTI_CORE.COUNT_ANALYZER.SC_RNA_ANALYZER.RUN_DIFFERENTIAL_EXPRESSION.fork0.chnk09.main
2025-02-11 23:42:19 [runtime] (run:local)       ID.Single_Cell__3.SC_RNA_COUNTER_CS.SC_MULTI_CORE.COUNT_ANALYZER.SC_RNA_ANALYZER.RUN_DIFFERENTIAL_EXPRESSION.fork0.chnk10.main
2025-02-11 23:42:33 [runtime] (chunks_complete) ID.Single_Cell__3.SC_RNA_COUNTER_CS.SC_MULTI_CORE.COUNT_ANALYZER.SC_RNA_ANALYZER.RUN_TSNE
2025-02-11 23:42:33 [runtime] (run:local)       ID.Single_Cell__3.SC_RNA_COUNTER_CS.SC_MULTI_CORE.COUNT_ANALYZER.SC_RNA_ANALYZER.RUN_TSNE.fork0.join
2025-02-11 23:45:01 [runtime] (join_complete)   ID.Single_Cell__3.SC_RNA_COUNTER_CS.SC_MULTI_CORE.COUNT_ANALYZER.SC_RNA_ANALYZER.RUN_TSNE
2025-02-11 23:47:27 [runtime] (update)          ID.Single_Cell__3.SC_RNA_COUNTER_CS.SC_MULTI_CORE.COUNT_ANALYZER.SC_RNA_ANALYZER.RUN_DIFFERENTIAL_EXPRESSION.fork0 chunks running (9/11 completed)
2025-02-11 23:47:55 [runtime] (chunks_complete) ID.Single_Cell__3.SC_RNA_COUNTER_CS.SC_MULTI_CORE.COUNT_ANALYZER.SC_RNA_ANALYZER.RUN_DIFFERENTIAL_EXPRESSION
2025-02-11 23:47:55 [runtime] (run:local)       ID.Single_Cell__3.SC_RNA_COUNTER_CS.SC_MULTI_CORE.COUNT_ANALYZER.SC_RNA_ANALYZER.RUN_DIFFERENTIAL_EXPRESSION.fork0.join
2025-02-11 23:47:57 [runtime] (join_complete)   ID.Single_Cell__3.SC_RNA_COUNTER_CS.SC_MULTI_CORE.COUNT_ANALYZER.SC_RNA_ANALYZER.RUN_DIFFERENTIAL_EXPRESSION
2025-02-11 23:47:57 [runtime] (ready)           ID.Single_Cell__3.SC_RNA_COUNTER_CS.SC_MULTI_CORE.COUNT_ANALYZER.SC_RNA_ANALYZER.SUMMARIZE_ANALYSIS
2025-02-11 23:47:57 [runtime] (run:local)       ID.Single_Cell__3.SC_RNA_COUNTER_CS.SC_MULTI_CORE.COUNT_ANALYZER.SC_RNA_ANALYZER.SUMMARIZE_ANALYSIS.fork0.split
2025-02-11 23:47:57 [runtime] (split_complete)  ID.Single_Cell__3.SC_RNA_COUNTER_CS.SC_MULTI_CORE.COUNT_ANALYZER.SC_RNA_ANALYZER.SUMMARIZE_ANALYSIS
2025-02-11 23:47:57 [runtime] (run:local)       ID.Single_Cell__3.SC_RNA_COUNTER_CS.SC_MULTI_CORE.COUNT_ANALYZER.SC_RNA_ANALYZER.SUMMARIZE_ANALYSIS.fork0.chnk0.main
2025-02-11 23:47:58 [runtime] (chunks_complete) ID.Single_Cell__3.SC_RNA_COUNTER_CS.SC_MULTI_CORE.COUNT_ANALYZER.SC_RNA_ANALYZER.SUMMARIZE_ANALYSIS
2025-02-11 23:47:58 [runtime] (run:local)       ID.Single_Cell__3.SC_RNA_COUNTER_CS.SC_MULTI_CORE.COUNT_ANALYZER.SC_RNA_ANALYZER.SUMMARIZE_ANALYSIS.fork0.join
2025-02-11 23:47:58 [runtime] (join_complete)   ID.Single_Cell__3.SC_RNA_COUNTER_CS.SC_MULTI_CORE.COUNT_ANALYZER.SC_RNA_ANALYZER.SUMMARIZE_ANALYSIS
2025-02-11 23:47:58 [runtime] (ready)           ID.Single_Cell__3.SC_RNA_COUNTER_CS.SC_MULTI_CORE.MULTI_REPORTER.GENERATE_LIBRARY_PLOTS
2025-02-11 23:47:58 [runtime] (ready)           ID.Single_Cell__3.SC_RNA_COUNTER_CS.SC_MULTI_CORE.MULTI_REPORTER.SUMMARIZE_REPORTS
2025-02-11 23:47:58 [runtime] (run:local)       ID.Single_Cell__3.SC_RNA_COUNTER_CS.SC_MULTI_CORE.MULTI_REPORTER.SUMMARIZE_REPORTS.fork0.chnk0.main
2025-02-11 23:48:16 [runtime] (chunks_complete) ID.Single_Cell__3.SC_RNA_COUNTER_CS.SC_MULTI_CORE.MULTI_REPORTER.SUMMARIZE_REPORTS
2025-02-11 23:48:16 [runtime] (ready)           ID.Single_Cell__3.SC_RNA_COUNTER_CS.SC_MULTI_CORE.MULTI_REPORTER.CLOUPE_PREPROCESS
2025-02-11 23:48:16 [runtime] (run:local)       ID.Single_Cell__3.SC_RNA_COUNTER_CS.SC_MULTI_CORE.MULTI_REPORTER.CLOUPE_PREPROCESS.fork0.split
2025-02-11 23:48:17 [runtime] (split_complete)  ID.Single_Cell__3.SC_RNA_COUNTER_CS.SC_MULTI_CORE.MULTI_REPORTER.CLOUPE_PREPROCESS
2025-02-11 23:48:17 [runtime] (run:local)       ID.Single_Cell__3.SC_RNA_COUNTER_CS.SC_MULTI_CORE.MULTI_REPORTER.CLOUPE_PREPROCESS.fork0.join
2025-02-11 23:49:40 [runtime] (join_complete)   ID.Single_Cell__3.SC_RNA_COUNTER_CS.SC_MULTI_CORE.MULTI_REPORTER.CLOUPE_PREPROCESS
2025-02-11 23:49:40 [runtime] (ready)           ID.Single_Cell__3.SC_RNA_COUNTER_CS.SC_MULTI_CORE.MULTI_REPORTER.CHOOSE_CLOUPE
2025-02-11 23:49:40 [runtime] (run:local)       ID.Single_Cell__3.SC_RNA_COUNTER_CS.SC_MULTI_CORE.MULTI_REPORTER.CHOOSE_CLOUPE.fork0.chnk0.main
2025-02-11 23:49:40 [runtime] (chunks_complete) ID.Single_Cell__3.SC_RNA_COUNTER_CS.SC_MULTI_CORE.MULTI_REPORTER.CHOOSE_CLOUPE

Outputs:
- Run summary HTML:                         /storage/gge/Quique/Cells2SpineData/Pilot/single-cell/full_seq_join/Single_Cell__3/outs/outs/web_summary.html
- Run summary CSV:                          /storage/gge/Quique/Cells2SpineData/Pilot/single-cell/full_seq_join/Single_Cell__3/outs/outs/metrics_summary.csv
- BAM:                                      /storage/gge/Quique/Cells2SpineData/Pilot/single-cell/full_seq_join/Single_Cell__3/outs/outs/possorted_genome_bam.bam
- BAM BAI index:                            /storage/gge/Quique/Cells2SpineData/Pilot/single-cell/full_seq_join/Single_Cell__3/outs/outs/possorted_genome_bam.bam.bai
- BAM CSI index:                            null
- Filtered feature-barcode matrices MEX:    /storage/gge/Quique/Cells2SpineData/Pilot/single-cell/full_seq_join/Single_Cell__3/outs/outs/filtered_feature_bc_matrix
- Filtered feature-barcode matrices HDF5:   /storage/gge/Quique/Cells2SpineData/Pilot/single-cell/full_seq_join/Single_Cell__3/outs/outs/filtered_feature_bc_matrix.h5
- Unfiltered feature-barcode matrices MEX:  /storage/gge/Quique/Cells2SpineData/Pilot/single-cell/full_seq_join/Single_Cell__3/outs/outs/raw_feature_bc_matrix
- Unfiltered feature-barcode matrices HDF5: /storage/gge/Quique/Cells2SpineData/Pilot/single-cell/full_seq_join/Single_Cell__3/outs/outs/raw_feature_bc_matrix.h5
- Secondary analysis output CSV:            /storage/gge/Quique/Cells2SpineData/Pilot/single-cell/full_seq_join/Single_Cell__3/outs/outs/analysis
- Per-molecule read information:            /storage/gge/Quique/Cells2SpineData/Pilot/single-cell/full_seq_join/Single_Cell__3/outs/outs/molecule_info.h5
- CRISPR-specific analysis:                 null
- Antibody aggregate barcodes:              null
- Loupe Browser file:                       /storage/gge/Quique/Cells2SpineData/Pilot/single-cell/full_seq_join/Single_Cell__3/outs/outs/cloupe.cloupe
- Feature Reference:                        null
- Target Panel File:                        null
- Probe Set File:                           null

Waiting 6 seconds for UI to do final refresh.
Pipestance completed successfully!

2025-02-11 23:49:48 Shutting down.
Saving pipestance info to "/storage/gge/Quique/Cells2SpineData/Pilot/single-cell/full_seq_join/Single_Cell__3/outs/outs.mri.tgz"
Alignment process completed.
